sample_id	cluster_id	abundance	member_taxids	member_taxa	read_count
barcode13_120_filtered	2	0.005060	1076412	1076412||Bacillota|Negativicutes|Selenomonadales|Sporomusaceae|Pelosinus|Pelosinus defluvii	236.083651
barcode13_120_filtered	3	0.006057	29355;48256;396504	29355||Bacillota|Clostridia|Eubacteriales|Oscillospiraceae|Ruminiclostridium|Ruminiclostridium cellobioparum;48256||Bacillota|Clostridia|Eubacteriales|Oscillospiraceae|Ruminiclostridium|Ruminiclostridium hungatei;396504||Bacillota|Clostridia|Eubacteriales|Oscillospiraceae|Ruminiclostridium|Ruminiclostridium sufflavum	282.614966
barcode13_120_filtered	4	0.001594	1499;1521	1499||Bacillota|Clostridia|Eubacteriales|Oscillospiraceae|Ruminiclostridium|Ruminiclostridium josui;1521||Bacillota|Clostridia|Eubacteriales|Oscillospiraceae|Ruminiclostridium|Ruminiclostridium cellulolyticum	74.363436
barcode13_120_filtered	5	0.003374	84032	84032||Bacillota|Clostridia|Eubacteriales|Clostridiaceae|Clostridium|Clostridium thermosuccinogenes	157.404666
barcode13_120_filtered	7	0.000735	908809	908809||Bacillota|Clostridia|Eubacteriales|Clostridiaceae|Caloramator|Caloramator mitchellensis	34.293745
barcode13_120_filtered	9	0.001105	365349;380084	365349||Bacillota|Negativicutes|Selenomonadales|Sporomusaceae|Pelosinus|Pelosinus fermentans;380084||Bacillota|Negativicutes|Selenomonadales|Sporomusaceae|Pelosinus|Pelosinus propionicus	51.574303
barcode13_120_filtered	10	0.112170	659425	659425||Bacillota|Clostridia|Eubacteriales|Oscillospiraceae|Thermoclostridium|Thermoclostridium caenicola	5233.751941
barcode13_120_filtered	11	0.000928	2018669;3115649	2018669||Bacillota|Clostridia|Eubacteriales|Desulfitobacteriaceae|Desulfosporosinus|Desulfosporosinus fructosivorans;3115649||Bacillota|Clostridia|Eubacteriales|Desulfitobacteriaceae|Desulfosporosinus|Desulfosporosinus paludis	43.322588
barcode13_120_filtered	12	0.008770	288965	288965||Bacillota|Clostridia|Eubacteriales|Oscillospiraceae|Acetivibrio|Acetivibrio clariflavus	409.180083
barcode13_120_filtered	14	0.006601	394284	394284||Bacillota|Negativicutes|Selenomonadales|Sporomusaceae|Psychrosinus|Psychrosinus fermentans	307.982212
barcode13_120_filtered	16	0.003541	3375356	3375356||Bacillota|Clostridia|Eubacteriales|Desulfitobacteriaceae|Desulfitobacterium|Desulfitobacterium nosdiversum	165.228388
barcode13_120_filtered	18	0.001372	107709	107709||Verrucomicrobiota|Opitutia|Opitutales|Opitutaceae|Opitutus|Opitutus terrae	64.000000
barcode13_120_filtered	20	0.001925	112903;209080	112903||Bacillota|Negativicutes|Selenomonadales|Sporomusaceae|Propionispora|Propionispora vibrioides;209080||Bacillota|Negativicutes|Selenomonadales|Sporomusaceae|Propionispora|Propionispora hippei	89.818573
barcode13_120_filtered	22	0.002236	335605;386874;2303576;2904799;2908206;2908208;2992113	335605||Pseudomonadota|Alphaproteobacteria|Sphingomonadales|Sphingomonadaceae|Sphingomonas|Sphingomonas rosea;386874||Pseudomonadota|Alphaproteobacteria|Sphingomonadales|Sphingomonadaceae|Sphingomonas|Sphingomonas sediminicola;2303576||Pseudomonadota|Alphaproteobacteria|Sphingomonadales|Sphingomonadaceae|Sphingomonas|Sphingomonas mesophila;2904799||Pseudomonadota|Alphaproteobacteria|Sphingomonadales|Sphingomonadaceae|Sphingomonas|Sphingomonas cremea;2908206||Pseudomonadota|Alphaproteobacteria|Sphingomonadales|Sphingomonadaceae|Sphingomonas|Sphingomonas brevis;2908208||Pseudomonadota|Alphaproteobacteria|Sphingomonadales|Sphingomonadaceae|Sphingomonas|Sphingomonas alba;2992113||Pseudomonadota|Alphaproteobacteria|Sphingomonadales|Sphingomonadaceae|Sphingomonas|Sphingomonas arvum	104.334575
barcode13_120_filtered	23	0.000579	2590199;2918171;2922725;2925406	2590199||Myxococcota|Myxococcia|Myxococcales|Anaeromyxobacteraceae|Anaeromyxobacter|Anaeromyxobacter diazotrophicus;2918171||Myxococcota|Myxococcia|Myxococcales|Anaeromyxobacteraceae|Anaeromyxobacter|Anaeromyxobacter paludicola;2922725||Myxococcota|Myxococcia|Myxococcales|Anaeromyxobacteraceae|Anaeromyxobacter|Anaeromyxobacter soli;2925406||Myxococcota|Myxococcia|Myxococcales|Anaeromyxobacteraceae|Anaeromyxobacter|Anaeromyxobacter terrae	27.000000
barcode13_120_filtered	27	0.031634	70582;364039;391953;392597;413882;1547922;1597781;2315841;2732868;2742824;2824118;2944811;3119538	70582||Pseudomonadota|Betaproteobacteria|Burkholderiales||Aquabacterium|Aquabacterium citratiphilum;364039||Pseudomonadota|Betaproteobacteria|Burkholderiales|Sphaerotilaceae|Azohydromonas|Azohydromonas australica;391953||Pseudomonadota|Betaproteobacteria|Burkholderiales|Sphaerotilaceae|Aquincola|Aquincola tertiaricarbonis;392597||Pseudomonadota|Betaproteobacteria|Burkholderiales|Sphaerotilaceae|Piscinibacter|Piscinibacter aquaticus;413882||Pseudomonadota|Betaproteobacteria|Burkholderiales|Sphaerotilaceae|Caldimonas|Caldimonas brevitalea;1547922||Pseudomonadota|Betaproteobacteria|Burkholderiales|Sphaerotilaceae|Piscinibacter|Piscinibacter sakaiensis;1597781||Pseudomonadota|Betaproteobacteria|Burkholderiales||Eleftheria|Eleftheria terrae;2315841||Pseudomonadota|Betaproteobacteria|Burkholderiales|Sphaerotilaceae|Caldimonas|Caldimonas tepidiphila;2732868||Pseudomonadota|Betaproteobacteria|Burkholderiales|Sphaerotilaceae|Pseudaquabacterium|Pseudaquabacterium terrae;2742824||Pseudomonadota|Betaproteobacteria|Burkholderiales|Sphaerotilaceae|Piscinibacter|Piscinibacter koreensis;2824118||Pseudomonadota|Betaproteobacteria|Burkholderiales|Sphaerotilaceae|Ideonella|Ideonella alba;2944811||Pseudomonadota|Betaproteobacteria|Burkholderiales|Sphaerotilaceae|Caldimonas|Caldimonas mangrovi;3119538||Pseudomonadota|Betaproteobacteria|Burkholderiales|Sphaerotilaceae|Aquincola|Aquincola agrisoli	1475.994934
barcode13_120_filtered	34	0.013602	258515	258515||Bacillota|Clostridia|Eubacteriales|Oscillospiraceae|Acetanaerobacterium|Acetanaerobacterium elongatum	634.646290
barcode13_120_filtered	36	0.000772	96232;2708020	96232||Pseudomonadota|Gammaproteobacteria|Legionellales|Legionellaceae|Legionella|Legionella lytica;2708020||Pseudomonadota|Gammaproteobacteria|Legionellales|Legionellaceae|Legionella|Legionella antarctica	36.000000
barcode13_120_filtered	37	0.007979	192843;2527691;2596921;2793270;2987520;3386187	192843||Pseudomonadota|Betaproteobacteria|Burkholderiales|Comamonadaceae|Rhodoferax|Rhodoferax ferrireducens;2527691||Pseudomonadota|Betaproteobacteria|Burkholderiales|Comamonadaceae|Rhodoferax|Rhodoferax aquaticus;2596921||Pseudomonadota|Betaproteobacteria|Burkholderiales|Comamonadaceae|Caenimonas|Caenimonas sedimenti;2793270||Pseudomonadota|Betaproteobacteria|Burkholderiales|Comamonadaceae|Caenimonas|Caenimonas aquaedulcis;2987520||Pseudomonadota|Betaproteobacteria|Burkholderiales|Comamonadaceae|Acidovorax|Acidovorax benzenivorans;3386187||Pseudomonadota|Betaproteobacteria|Burkholderiales|Comamonadaceae|Candidatus Aalborgicola|Candidatus Aalborgicola defluviihabitans	372.306082
barcode13_120_filtered	38	0.000910	36854;49338	36854||Bacillota|Clostridia|Eubacteriales|Desulfitobacteriaceae|Desulfitobacterium|Desulfitobacterium dehalogenans;49338||Bacillota|Clostridia|Eubacteriales|Desulfitobacteriaceae|Desulfitobacterium|Desulfitobacterium hafniense	42.448998
barcode13_120_filtered	40	0.002464	1860101;1860102;2954386;2976531	1860101||Pseudomonadota|Betaproteobacteria|Rhodocyclales|Rhodocyclaceae|Propionivibrio|Candidatus Propionivibrio aalborgensis;1860102||Pseudomonadota|Betaproteobacteria|||Candidatus Accumulibacter|Candidatus Accumulibacter aalborgensis;2954386||Pseudomonadota|Betaproteobacteria|||Candidatus Accumulibacter|Candidatus Accumulibacter necessarius;2976531||Pseudomonadota|Betaproteobacteria|Rhodocyclales|Rhodocyclaceae|Propionivibrio|Propionivibrio soli	114.951841
barcode13_120_filtered	42	0.001093	45393;2588534	45393||Pseudomonadota|Betaproteobacteria|Nitrosomonadales|Methylophilaceae|Methylophilus|Methylophilus leisingeri;2588534||Pseudomonadota|Betaproteobacteria|Nitrosomonadales|Methylophilaceae|Methylophilus|Methylophilus medardicus	51.000000
barcode13_120_filtered	44	0.000600	1803913	1803913||Pseudomonadota|Gammaproteobacteria|Steroidobacterales|Steroidobacteraceae|Steroidobacter|Steroidobacter cummioxidans	27.994627
barcode13_120_filtered	45	0.003064	1379270;2732249	1379270||Gemmatimonadota|Gemmatimonadia|Gemmatimonadales|Gemmatimonadaceae|Gemmatimonas|Gemmatimonas phototrophica;2732249||Gemmatimonadota|Gemmatimonadia|Gemmatimonadales|Gemmatimonadaceae|Gemmatimonas|Gemmatimonas groenlandica	142.955461
barcode13_120_filtered	48	0.000750	38402;225084;2683714	38402||Bacillota|Erysipelotrichia|Erysipelotrichales|Erysipelotrichaceae|Erysipelothrix|Erysipelothrix tonsillarum;225084||Bacillota|Erysipelotrichia|Erysipelotrichales|Erysipelotrichaceae|Erysipelothrix|Erysipelothrix inopinata;2683714||Bacillota|Erysipelotrichia|Erysipelotrichales|Erysipelotrichaceae|Erysipelothrix|Erysipelothrix aquatica	35.000000
barcode13_120_filtered	49	0.000343	1236215	1236215||Bacillota|Clostridia|Eubacteriales|Peptococcaceae|Desulfovectis|Desulfovectis peckii	16.000000
barcode13_120_filtered	50	0.001822	1488331;1537567	1488331||Bacillota|Clostridia|Eubacteriales|Eubacteriales Family XII. Incertae Sedis|Fusibacter|Fusibacter bizertensis;1537567||Bacillota|Clostridia|Eubacteriales|Eubacteriales Family XII. Incertae Sedis|Fusibacter|Fusibacter fontis	85.000000
barcode13_120_filtered	52	0.003073	270498;626937;1805714;1816678;2763033	270498||Bacillota|Clostridia|Christensenellales|Christensenellaceae|Christensenella|Christensenella hongkongensis;626937||Bacillota|Clostridia|Christensenellales|Christensenellaceae|Christensenella|Christensenella minuta;1805714||Bacillota|Clostridia|Christensenellales|Christensenellaceae|Christensenella|Christensenella massiliensis;1816678||Bacillota|Clostridia|Christensenellales|Christensenellaceae|Christensenella|Christensenella timonensis;2763033||Bacillota|Clostridia|Christensenellales|Christensenellaceae|Christensenella|Christensenella tenuis	143.379256
barcode13_120_filtered	54	0.029458	1515;253314	1515||Bacillota|Clostridia|Eubacteriales|Oscillospiraceae|Acetivibrio|Acetivibrio thermocellus;253314||Bacillota|Clostridia|Eubacteriales|Oscillospiraceae|Acetivibrio|Acetivibrio straminisolvens	1374.475497
barcode13_120_filtered	55	0.023857	433293;1679721	433293||Bacillota|Clostridia|Lachnospirales|Lachnospiraceae|Anaerotaenia|Anaerotaenia torta;1679721||Bacillota|Clostridia|Lachnospirales|Lachnospiraceae|Herbinix|Herbinix luporum	1113.133264
barcode13_120_filtered	56	0.011200	1650661;1673721;1689270;2108523;2763052;2763053;2763059;2986526;3133171	1650661||Bacillota|Clostridia|Eubacteriales|Clostridiaceae|Clostridium|Clostridium phoceensis;1673721||Bacillota|Clostridia|Eubacteriales||Intestinimonas|Intestinimonas massiliensis (ex Afouda et al. 2020);1689270||Bacillota|Clostridia|Eubacteriales||Intestinimonas|Intestinimonas timonensis;2108523||Bacillota|Clostridia|Eubacteriales|Oscillospiraceae|Lawsonibacter|Lawsonibacter asaccharolyticus;2763052||Bacillota|Clostridia|Eubacteriales|Oscillospiraceae|Lawsonibacter|Lawsonibacter faecis;2763053||Bacillota|Clostridia|Eubacteriales|Oscillospiraceae|Lawsonibacter|Lawsonibacter hominis;2763059||Bacillota|Clostridia|Eubacteriales|Oscillospiraceae|Pseudoflavonifractor|Pseudoflavonifractor hominis;2986526||Bacillota|Clostridia|Eubacteriales|Oscillospiraceae|Lawsonibacter|Lawsonibacter celer;3133171||Bacillota|Clostridia|Eubacteriales|Oscillospiraceae|Pseudoflavonifractor|Pseudoflavonifractor intestinihominis	522.565815
barcode13_120_filtered	58	0.027532	2576756	2576756||Bacillota|Clostridia|Eubacteriales|Acutalibacteraceae|Caproicibacter|Caproicibacter fermentans	1284.617928
barcode13_120_filtered	60	0.000912	2763047;2981773	2763047||Bacillota|Clostridia|Eubacteriales||Flintibacter|Flintibacter faecis;2981773||Bacillota|Clostridia|Eubacteriales|Oscillospiraceae|Muriventricola|Muriventricola aceti	42.568322
barcode13_120_filtered	62	0.000600	2763677	2763677||Bacillota|Clostridia|Eubacteriales|Oscillospiraceae|Zongyangia|Zongyangia hominis	27.987080
barcode13_120_filtered	65	0.003618	351091;2763042	351091||Bacillota|Clostridia|Eubacteriales|Oscillospiraceae|Oscillibacter|Oscillibacter valericigenes;2763042||Bacillota|Clostridia|Eubacteriales|Oscillospiraceae|Dysosmobacter|Dysosmobacter segnis	168.830432
barcode13_120_filtered	66	0.001008	1147123	1147123||Bacillota|Clostridia|Eubacteriales|Clostridiaceae|Caloramator|Caloramator quimbayensis	47.009437
barcode13_120_filtered	68	0.000835	398199;2804028	398199||Bacillota|Clostridia|Eubacteriales|Clostridiaceae|Proteiniclasticum|Proteiniclasticum ruminis;2804028||Bacillota|Clostridia|Eubacteriales|Clostridiaceae|Proteiniclasticum|Proteiniclasticum sediminis	38.976623
barcode13_120_filtered	71	0.000343	286730;1965019	286730||Bacteroidota|Bacteroidia|Marinilabiliales|Marinilabiliaceae|Alkaliflexus|Alkaliflexus imshenetskii;1965019||Bacteroidota|Bacteroidia|Marinilabiliales|Marinilabiliaceae|Geofilum|Geofilum rhodophaeum	16.000000
barcode13_120_filtered	75	0.001650	12917;80878;553814;758826	12917||Pseudomonadota|Betaproteobacteria|Burkholderiales|Comamonadaceae|Acidovorax|Acidovorax facilis;80878||Pseudomonadota|Betaproteobacteria|Burkholderiales|Comamonadaceae|Acidovorax|Acidovorax temperans;553814||Pseudomonadota|Betaproteobacteria|Burkholderiales|Comamonadaceae|Acidovorax|Acidovorax carolinensis;758826||Pseudomonadota|Betaproteobacteria|Burkholderiales|Comamonadaceae|Acidovorax|Acidovorax radicis	77.003210
barcode13_120_filtered	76	0.000214	2594430	2594430||Bacteroidota|Flavobacteriia|Flavobacteriales|Flavobacteriaceae|Flavobacterium|Flavobacterium franklandianum	10.000000
barcode13_120_filtered	79	0.000472	65655	65655||Pseudomonadota|Betaproteobacteria|Burkholderiales|Comamonadaceae|Hydrogenophaga|Hydrogenophaga palleronii	22.000000
barcode13_120_filtered	80	0.000321	474960	474960||Bacillota|Clostridia|Eubacteriales|Oscillospiraceae|Hydrogenoanaerobacterium|Hydrogenoanaerobacterium saccharovorans	15.000000
barcode13_120_filtered	82	0.002272	985	985||Bacteroidota|Cytophagia|Cytophagales|Cytophagaceae|Cytophaga|Cytophaga hutchinsonii	106.000025
barcode13_120_filtered	83	0.000857	1794912	1794912||Bacillota|Negativicutes||Acetonemataceae|Anaerosporomusa|Anaerosporomusa subterranea	39.997457
barcode13_120_filtered	86	0.000984	1940525;2283627	1940525||Bacteroidota|Bacteroidia|Marinilabiliales|Marinifilaceae|Labilibaculum|Labilibaculum manganireducens;2283627||Bacteroidota|Bacteroidia|Marinilabiliales|Marinifilaceae|Ancylomarina|Ancylomarina euxinus	45.895854
barcode13_120_filtered	88	0.004828	1958780;2045012;2991836	1958780||Bacillota|Clostridia|Eubacteriales|Clostridiaceae|Clostridium|Clostridium merdae;2045012||Bacillota|Clostridia|Eubacteriales|Clostridiaceae|Clostridium|Clostridium minihomine;2991836||Bacillota|Clostridia|Eubacteriales|Oscillospiraceae|Faecalispora|Faecalispora anaeroviscerum	225.280169
barcode13_120_filtered	90	0.002139	44749	44749||Bacillota|Clostridia|Eubacteriales|Oscillospiraceae|Sporobacter|Sporobacter termitidis	99.822218
barcode13_120_filtered	92	0.000943	1855912	1855912||Acidobacteriota|Vicinamibacteria|Vicinamibacterales|Vicinamibacteraceae|Luteitalea|Luteitalea pratensis	44.000000
barcode13_120_filtered	97	0.003550	1550;1499683	1550||Bacillota|Clostridia|Eubacteriales|Clostridiaceae|Clostridium|Clostridium subterminale;1499683||Bacillota|Clostridia|Eubacteriales|Clostridiaceae|Clostridium|Clostridium culturomicium	165.645167
barcode13_120_filtered	99	0.000473	47671	47671||Pseudomonadota|Betaproteobacteria|Burkholderiales|Burkholderiaceae|Lautropia|Lautropia mirabilis	22.053573
barcode13_120_filtered	100	0.142209	1096341	1096341||Bacillota|Clostridia|Eubacteriales|Clostridiaceae|Fonticella|Fonticella tunisiensis	6635.318888
barcode13_120_filtered	104	0.000493	1716543	1716543||Bacillota|Clostridia|Eubacteriales|Clostridiaceae|Clostridium|Clostridium thermarum	23.002542
barcode13_120_filtered	105	0.055086	36849	36849||Bacillota|Clostridia|Eubacteriales|Clostridiaceae|Oxobacter|Oxobacter pfennigii	2570.244685
barcode13_120_filtered	106	0.001415	253239	253239||Bacillota|Clostridia|Eubacteriales|Oscillospiraceae|Ethanoligenens|Ethanoligenens harbinense	65.999997
barcode13_120_filtered	107	0.000236	1511	1511||Bacillota|Clostridia|Peptostreptococcales|Filifactoraceae|Acetoanaerobium|Acetoanaerobium sticklandii	11.000000
barcode13_120_filtered	108	0.001328	933068	933068||Fusobacteriota|Fusobacteriia|Fusobacteriales|Fusobacteriaceae|Ilyobacter|Ilyobacter delafieldii	61.986181
barcode13_120_filtered	109	0.002359	217159	217159||Bacillota|Clostridia|Eubacteriales|Clostridiaceae|Clostridium|Clostridium carboxidivorans	110.060758
barcode13_120_filtered	112	0.003432	2836848;3240932	2836848||Bacillota|Clostridia|Eubacteriales|Clostridiaceae|Clostridium|Clostridium aromativorans;3240932||Bacillota|Clostridia|Eubacteriales|Clostridiaceae|Clostridium|Clostridium moutaii	160.128283
barcode13_120_filtered	114	0.002250	392610;940136;1078469;1282858	392610||Pseudomonadota|Alphaproteobacteria|Sphingomonadales|Sphingorhabdaceae|Sphingorhabdus|Sphingorhabdus lacus;940136||Pseudomonadota|Alphaproteobacteria|Sphingomonadales|Sphingorhabdaceae|Sphingorhabdus|Sphingorhabdus wooponensis;1078469||Pseudomonadota|Alphaproteobacteria|Sphingomonadales|Sphingorhabdaceae|Sphingorhabdus|Sphingorhabdus planktonica;1282858||Pseudomonadota|Alphaproteobacteria|Sphingomonadales|Sphingorhabdaceae|Sphingorhabdus|Sphingorhabdus rigui	105.000000
barcode13_120_filtered	115	0.000880	2014610	2014610||Gemmatimonadota|Gemmatimonadia|Gemmatimonadales|Gemmatimonadaceae|Roseisolibacter|Roseisolibacter agri	41.044539
barcode13_120_filtered	120	0.023539	397260;529705;1632740;2305907;2698828;2873268;3103142;3163295	397260||Pseudomonadota|Alphaproteobacteria|Sphingomonadales|Sphingomonadaceae|Sphingomonas|Sphingomonas sanxanigenens;529705||Pseudomonadota|Alphaproteobacteria|Sphingomonadales|Sphingomonadaceae|Sphingomonas|Sphingomonas changbaiensis;1632740||Pseudomonadota|Alphaproteobacteria|Sphingomonadales|Sphingomonadaceae|Sphingomonas|Sphingomonas zeicaulis;2305907||Pseudomonadota|Alphaproteobacteria|Sphingomonadales|Sphingomonadaceae|Sphingomonas|Sphingomonas gilva;2698828||Pseudomonadota|Alphaproteobacteria|Sphingomonadales|Sphingomonadaceae|Sphingomonas|Sphingomonas lacunae;2873268||Pseudomonadota|Alphaproteobacteria|Sphingomonadales|Sphingomonadaceae|Hephaestia|Hephaestia mangrovi;3103142||Pseudomonadota|Alphaproteobacteria|Sphingomonadales|Sphingomonadaceae|Sphingomonas|Sphingomonas rustica;3163295||Pseudomonadota|Alphaproteobacteria|Sphingomonadales|Sphingomonadaceae|Sphingomonas|Sphingomonas plantiphila	1098.310454
barcode13_120_filtered	121	0.001350	2941510	2941510||Bacillota|Clostridia|Eubacteriales|Pumilibacteraceae|Pumilibacter|Pumilibacter muris	63.000000
barcode13_120_filtered	122	0.001265	1367462;2940653;3381661	1367462||Bacillota|Clostridia|Eubacteriales|Clostridiaceae|Clostridium|Clostridium swellfunianum;2940653||Bacillota|Clostridia|Eubacteriales|Clostridiaceae|Clostridium|Clostridium caldaquaticum;3381661||Bacillota|Clostridia|Eubacteriales|Clostridiaceae|Clostridium|Candidatus Clostridium stratigraminis	59.004729
barcode13_120_filtered	123	0.001236	2038680	2038680||Bacillota|Clostridia|Eubacteriales|Oscillospiraceae|Paludihabitans|Paludihabitans psychrotolerans	57.657081
barcode13_120_filtered	124	0.003933	2528036;2583234;2593021;2670345;2699202;2852097	2528036||Pseudomonadota|Alphaproteobacteria|Rhodobacterales|Paracoccaceae|Tabrizicola|Tabrizicola caldifontis;2583234||Pseudomonadota|Alphaproteobacteria|Rhodobacterales|Paracoccaceae|Paragemmobacter|Paragemmobacter kunshanensis;2593021||Pseudomonadota|Alphaproteobacteria|Rhodobacterales|Paracoccaceae|Tabrizicola|Tabrizicola flagellatus;2670345||Pseudomonadota|Alphaproteobacteria|Rhodobacterales|Paracoccaceae|Tabrizicola|Tabrizicola thermarum;2699202||Pseudomonadota|Alphaproteobacteria|Rhodobacterales|Paracoccaceae|Stagnihabitans|Stagnihabitans tardus;2852097||Pseudomonadota|Alphaproteobacteria|Rhodobacterales|Paracoccaceae|Paragemmobacter|Paragemmobacter amnigenus	183.506737
barcode13_120_filtered	125	0.014207	320502	320502||Bacillota|Clostridia|Eubacteriales|Oscillospiraceae|Acetivibrio|Acetivibrio alkalicellulosi	662.907079
barcode13_120_filtered	126	0.000813	1503981;2054628	1503981||Pseudomonadota|Alphaproteobacteria|Sphingomonadales|Erythrobacteraceae|Alteraurantiacibacter|Alteraurantiacibacter buctensis;2054628||Pseudomonadota|Alphaproteobacteria|Sphingomonadales|Erythrobacteraceae|Alteraurantiacibacter|Alteraurantiacibacter palmitatis	37.945224
barcode13_120_filtered	127	0.000930	1428345;2184016;2766473;2911368	1428345||Pseudomonadota|Alphaproteobacteria|Acetobacterales|Roseomonadaceae|Falsiroseomonas|Falsiroseomonas wooponensis;2184016||Pseudomonadota|Alphaproteobacteria|Acetobacterales|Roseomonadaceae|Falsiroseomonas|Falsiroseomonas bella;2766473||Pseudomonadota|Alphaproteobacteria|Acetobacterales|Roseomonadaceae|Falsiroseomonas|Falsiroseomonas oryzae;2911368||Pseudomonadota|Alphaproteobacteria|Acetobacterales|Roseomonadaceae|Falsiroseomonas|Falsiroseomonas oryziterrae	43.398383
barcode13_120_filtered	131	0.000753	1870986	1870986||Bacillota|Clostridia|Eubacteriales||Colidextribacter|Colidextribacter massiliensis	35.155913
barcode13_120_filtered	132	0.000472	2607497	2607497||Actinomycetota|Actinomycetes|Micrococcales|Cellulomonadaceae|Actinotalea|Actinotalea subterranea	22.000000
barcode13_120_filtered	134	0.001934	173676;1778672;2871811;3056842	173676||Pseudomonadota|Alphaproteobacteria|Sphingomonadales|Sphingomonadaceae|Novosphingobium|Novosphingobium hassiacum;1778672||Pseudomonadota|Alphaproteobacteria|Sphingomonadales|Sphingomonadaceae|Novosphingobium|Novosphingobium flavum;2871811||Pseudomonadota|Alphaproteobacteria|Sphingomonadales|Sphingomonadaceae|Novosphingobium|Novosphingobium percolationis;3056842||Pseudomonadota|Alphaproteobacteria|Sphingomonadales|Sphingomonadaceae|Novosphingobium|Novosphingobium pituita	90.218885
barcode13_120_filtered	137	0.003322	29353;35830	29353||Bacillota|Clostridia|Eubacteriales|Oscillospiraceae|Acetivibrio|Acetivibrio aldrichii;35830||Bacillota|Clostridia|Eubacteriales|Oscillospiraceae|Acetivibrio|Acetivibrio cellulolyticus	154.999535
barcode13_120_filtered	139	0.004636	33052;173675;574956;651663;2871171	33052||Pseudomonadota|Alphaproteobacteria|Sphingomonadales|Sphingopyxidaceae|Sphingopyxis|Sphingopyxis terrae;173675||Pseudomonadota|Alphaproteobacteria|Sphingomonadales|Sphingopyxidaceae|Sphingopyxis|Sphingopyxis witflariensis;574956||Pseudomonadota|Alphaproteobacteria|Sphingomonadales|Sphingomonadaceae|Novosphingobium|Novosphingobium soli;651663||Pseudomonadota|Alphaproteobacteria|Sphingomonadales|Sphingopyxidaceae|Sphingopyxis|Sphingopyxis bauzanensis;2871171||Pseudomonadota|Alphaproteobacteria|Sphingomonadales|Sphingopyxidaceae|Sphingopyxis|Sphingopyxis jiangsuensis	216.312681
barcode13_120_filtered	143	0.002014	879969	879969||Bacteroidota|Bacteroidia|Bacteroidales|Porphyromonadaceae|Macellibacteroides|Macellibacteroides fermentans	93.982635
barcode13_120_filtered	144	0.000279	2655001	2655001||Bacillota|Clostridia|Eubacteriales|Eubacteriaceae|Alkalibaculum|Alkalibaculum sporogenes	12.999874
barcode13_120_filtered	145	0.001526	112729;568790	112729||Bacillota|Clostridia|Eubacteriales|Clostridiaceae|Caloramator|Caloramator viterbiensis;568790||Bacillota|Clostridia|Eubacteriales|Clostridiaceae|Caloramator|Caloramator boliviensis	71.199503
barcode13_120_filtered	148	0.004147	1495	1495||Bacillota|Clostridia|Eubacteriales|Clostridiaceae|Clostridium|Clostridium cylindrosporum	193.513638
barcode13_120_filtered	149	0.011660	1112;35811;198312;1161202;1532023;2509361;2969984;2987523;3019556;3127706	1112||Pseudomonadota|Alphaproteobacteria|Sphingomonadales|Erythrobacteraceae|Erythrobacter|Erythrobacter neustonensis;35811||Pseudomonadota|Alphaproteobacteria|Sphingomonadales|Erythrobacteraceae|Erythrobacter|Erythrobacter ramosus;198312||Pseudomonadota|Alphaproteobacteria|Sphingomonadales|Erythrobacteraceae|Erythrobacter|Erythrobacter sanguineus;1161202||Pseudomonadota|Alphaproteobacteria|Sphingomonadales|Erythrobacteraceae|Erythrobacter|Erythrobacter colymbi;1532023||Pseudomonadota|Alphaproteobacteria|Sphingomonadales|Erythrobacteraceae|Qipengyuania|Qipengyuania sediminis;2509361||Pseudomonadota|Alphaproteobacteria|Sphingomonadales|Erythrobacteraceae|Qipengyuania|Qipengyuania thermophila;2969984||Pseudomonadota|Alphaproteobacteria|Sphingomonadales|Erythrobacteraceae|Parerythrobacter|Parerythrobacter lacustris;2987523||Pseudomonadota|Alphaproteobacteria|Sphingomonadales|Erythrobacteraceae|Erythrobacter|Erythrobacter fulvus;3019556||Pseudomonadota|Alphaproteobacteria|Sphingomonadales|Erythrobacteraceae|Erythrobacter|Erythrobacter oryzae;3127706||Pseudomonadota|Alphaproteobacteria|Sphingomonadales|Erythrobacteraceae|Parerythrobacter|Parerythrobacter aurantius	544.053102
barcode13_120_filtered	150	0.002853	1439888;1981098;2672568;2675220	1439888||Pseudomonadota|Alphaproteobacteria|Sphingomonadales|Sphingosinicellaceae|Sandarakinorhabdus|Sandarakinorhabdus fusca;1981098||Pseudomonadota|Alphaproteobacteria|Sphingomonadales|Sphingosinicellaceae|Sandarakinorhabdus|Sandarakinorhabdus cyanobacteriorum;2672568||Pseudomonadota|Alphaproteobacteria|Sphingomonadales|Sphingosinicellaceae|Sandarakinorhabdus|Sandarakinorhabdus rubra;2675220||Pseudomonadota|Alphaproteobacteria|Sphingomonadales|Sphingosinicellaceae|Sandarakinorhabdus|Sandarakinorhabdus oryzae	133.121244
barcode13_120_filtered	151	0.000772	2675059;2675060	2675059||Pseudomonadota|Gammaproteobacteria|Lysobacterales|Lysobacteraceae|Lysobacter|Lysobacter helvus;2675060||Pseudomonadota|Gammaproteobacteria|Lysobacterales|Lysobacteraceae|Lysobacter|Lysobacter xanthus	36.000000
barcode13_120_filtered	153	0.006059	433286;1727145;2696063	433286||Bacillota|Clostridia|Lachnospirales|Lachnospiraceae|Anaerocolumna|Anaerocolumna cellulosilytica;1727145||Bacillota|Clostridia|Lachnospirales|Lachnospiraceae|Anaerocolumna|Anaerocolumna chitinilytica;2696063||Bacillota|Clostridia|Lachnospirales|Lachnospiraceae|Anaerocolumna|Anaerocolumna sedimenticola	282.696986
barcode13_120_filtered	154	0.000324	1841868	1841868||Bacillota|Clostridia|Eubacteriales|Oscillospiraceae|Provencibacterium|Provencibacterium massiliense	15.118591
barcode13_120_filtered	155	0.000932	1460355;2320861;2707068;2771430;2938948	1460355||Pseudomonadota|Alphaproteobacteria|Sphingomonadales|Sphingomonadaceae|Sphingomonas|Sphingomonas mohensis;2320861||Pseudomonadota|Alphaproteobacteria|Sphingomonadales|Sphingomonadaceae|Sphingomonas|Sphingomonas cavernae;2707068||Pseudomonadota|Alphaproteobacteria|Sphingomonadales|Sphingomonadaceae|Sphingomonas|Sphingomonas montis;2771430||Pseudomonadota|Alphaproteobacteria|Sphingomonadales|Sphingomicrobiaceae|Allosphingosinicella|Allosphingosinicella flava;2938948||Pseudomonadota|Alphaproteobacteria|Sphingomonadales|Sphingomonadaceae|Sphingomonas|Sphingomonas glaciei	43.490673
barcode13_120_filtered	158	0.001220	2175090;2559804;2741495;2782540;2949094;3096161	2175090||Pseudomonadota|Alphaproteobacteria|Sphingomonadales|Sphingomonadaceae|Sphingomonas|Sphingomonas pokkalii;2559804||Pseudomonadota|Alphaproteobacteria|Sphingomonadales|Sphingomonadaceae|Sphingomonas|Sphingomonas flavalba;2741495||Pseudomonadota|Alphaproteobacteria|Sphingomonadales|Sphingomonadaceae|Sphingomonas|Sphingomonas hominis;2782540||Pseudomonadota|Alphaproteobacteria|Sphingomonadales|Sphingomonadaceae|Sphingomonas|Sphingomonas beigongshangi;2949094||Pseudomonadota|Alphaproteobacteria|Sphingomonadales|Sphingomonadaceae|Sphingomonas|Sphingomonas liriopis;3096161||Pseudomonadota|Alphaproteobacteria|Sphingomonadales|Sphingomonadaceae|Parasphingomonas|Parasphingomonas zepuensis	56.901669
barcode13_120_filtered	159	0.000408	2835040;2984948	2835040||Pseudomonadota|Alphaproteobacteria|Acetobacterales|Roseomonadaceae|Roseococcus|Roseococcus pinisoli;2984948||Pseudomonadota|Alphaproteobacteria|Acetobacterales|Acetobacteraceae|Sabulicella|Sabulicella glaciei	19.030107
barcode13_120_filtered	160	0.001479	410839;2994654	410839||Pseudomonadota|Alphaproteobacteria|Hyphomicrobiales|Kaistiaceae|Kaistia|Kaistia geumhonensis;2994654||Pseudomonadota|Alphaproteobacteria|Hyphomicrobiales|Kaistiaceae|Kaistia|Kaistia nematophila	69.000000
barcode13_120_filtered	162	0.000432	2897707	2897707||Bacillota|Clostridia|Eubacteriales|Oscillospiraceae|Merdimmobilis|Merdimmobilis hominis	20.134780
barcode13_120_filtered	169	0.000557	1960156	1960156||Abditibacteriota|Abditibacteriia|Abditibacteriales|Abditibacteriaceae|Abditibacterium|Abditibacterium utsteinense	26.000000
barcode13_120_filtered	170	0.002113	484882;940141;2786951	484882||Pseudomonadota|Alphaproteobacteria|Acetobacterales|Roseomonadaceae|Falsiroseomonas|Falsiroseomonas stagni;940141||Pseudomonadota|Alphaproteobacteria|Acetobacterales|Roseomonadaceae|Falsiroseomonas|Falsiroseomonas riguiloci;2786951||Pseudomonadota|Alphaproteobacteria|Acetobacterales|Roseomonadaceae|Falsiroseomonas|Falsiroseomonas ponticola	98.601955
barcode13_120_filtered	171	0.000533	2759707;2913411	2759707||Pseudomonadota|Alphaproteobacteria|Sphingomonadales|Sphingosinicellaceae|Sandaracinobacteroides|Sandaracinobacteroides saxicola;2913411||Pseudomonadota|Alphaproteobacteria|Sphingomonadales|Sphingosinicellaceae|Sandaracinobacteroides|Sandaracinobacteroides sayramensis	24.878756
barcode13_120_filtered	177	0.001736	433287	433287||Bacillota|Clostridia|Lachnospirales|Anaerotignaceae|Anaerotignum|Anaerotignum aminivorans	81.000000
barcode13_120_filtered	180	0.000814	408174;443610;665118;2917991	408174||Pseudomonadota|Alphaproteobacteria|Hyphomicrobiales|Devosiaceae|Devosia|Devosia insulae;443610||Pseudomonadota|Alphaproteobacteria|Hyphomicrobiales|Devosiaceae|Devosia|Devosia geojensis;665118||Pseudomonadota|Alphaproteobacteria|Hyphomicrobiales|Devosiaceae|Devosia|Devosia enhydra;2917991||Pseudomonadota|Alphaproteobacteria|Hyphomicrobiales|Devosiaceae|Devosia|Devosia lacusdianchii	38.000000
barcode13_120_filtered	181	0.004608	52692	52692||Bacillota|Clostridia|Eubacteriales|Eubacteriaceae|Acetobacterium|Acetobacterium malicum	215.000190
barcode13_120_filtered	184	0.010797	295419;687525;1123067;2585369;2817372	295419||Pseudomonadota|Alphaproteobacteria|Rhodobacterales|Roseobacteraceae|Rubellimicrobium|Rubellimicrobium thermophilum;687525||Pseudomonadota|Alphaproteobacteria|Rhodobacterales|Roseobacteraceae|Rubellimicrobium|Rubellimicrobium roseum;1123067||Pseudomonadota|Alphaproteobacteria|Rhodobacterales|Roseobacteraceae|Rubellimicrobium|Rubellimicrobium mesophilum;2585369||Pseudomonadota|Alphaproteobacteria|Rhodobacterales|Roseobacteraceae|Rubellimicrobium|Rubellimicrobium rubrum;2817372||Pseudomonadota|Alphaproteobacteria|Rhodobacterales|Roseobacteraceae|Rubellimicrobium|Rubellimicrobium arenae	503.780781
barcode13_120_filtered	189	0.000450	1658620	1658620||Rhodothermota|Rhodothermia|Rhodothermales|Rubricoccaceae|Rubrivirga|Rubrivirga profundi	21.000000
barcode13_120_filtered	190	0.002509	937251	937251||Bacillota|Clostridia|Eubacteriales|Clostridiaceae|Youngiibacter|Youngiibacter multivorans	117.056614
barcode13_120_filtered	192	0.001527	1244894;1538021;1550728;1664572	1244894||Pseudomonadota|Alphaproteobacteria|Sphingomonadales|Sphingomonadaceae|Sphingomonas|Sphingomonas fonticola;1538021||Pseudomonadota|Alphaproteobacteria|Sphingomonadales|Sphingomonadaceae|Novosphingobium|Novosphingobium tardum;1550728||Pseudomonadota|Alphaproteobacteria|Sphingomonadales|Blastomonadaceae|Blastomonas|Blastomonas fulva;1664572||Pseudomonadota|Alphaproteobacteria|Sphingomonadales|Sphingomonadaceae|Sphingomonas|Sphingomonas piscinae	71.232367
barcode13_120_filtered	195	0.038198	195105;875041;909926;933059;1445661;2030009;2185115;2305252;2494374;2709381;2710650;2909234	195105||Pseudomonadota|Alphaproteobacteria|Rhodobacterales|Paracoccaceae|Haematobacter|Haematobacter massiliensis;875041||Pseudomonadota|Alphaproteobacteria|Rhodobacterales|Paracoccaceae|Neogemmobacter|Neogemmobacter tilapiae;909926||Pseudomonadota|Alphaproteobacteria|Rhodobacterales|Paracoccaceae|Tabrizicola|Tabrizicola aquatica;933059||Pseudomonadota|Alphaproteobacteria|Rhodobacterales|Paracoccaceae|Gemmobacter|Gemmobacter aquatilis;1445661||Pseudomonadota|Alphaproteobacteria|Rhodobacterales|Paracoccaceae|Aliigemmobacter|Aliigemmobacter aestuarii;2030009||Pseudomonadota|Alphaproteobacteria|Rhodobacterales|Paracoccaceae|Pseudotabrizicola|Pseudotabrizicola formosa;2185115||Pseudomonadota|Alphaproteobacteria|Rhodobacterales|Paracoccaceae|Tabrizicola|Tabrizicola soli;2305252||Pseudomonadota|Alphaproteobacteria|Rhodobacterales|Paracoccaceae|Pseudotabrizicola|Pseudotabrizicola alkalilacus;2494374||Pseudomonadota|Alphaproteobacteria|Rhodobacterales|Paracoccaceae|Tabrizicola|Tabrizicola piscis;2709381||Pseudomonadota|Alphaproteobacteria|Rhodobacterales|Paracoccaceae|Pseudotabrizicola|Pseudotabrizicola algicola;2710650||Pseudomonadota|Alphaproteobacteria|Rhodobacterales|Paracoccaceae|Tabrizicola|Tabrizicola oligotrophica;2909234||Pseudomonadota|Alphaproteobacteria|Rhodobacterales|Paracoccaceae|Aliitabrizicola|Alitabrizicola rongguiensis	1782.282786
barcode13_120_filtered	196	0.179979	2496273	2496273||Bacillota|Clostridia|Caldicoprobacterales|Xylanivirgaceae|Xylanivirga|Xylanivirga thermophila	8397.643532
barcode13_120_filtered	197	0.000331	95159	95159||Bacillota|Clostridia|Eubacteriales|Clostridiaceae|Caloramator|Caloramator coolhaasii	15.462895
barcode13_120_filtered	198	0.000243	1527	1527||Bacillota|Clostridia|Lachnospirales|Lachnospiraceae|Anaerocolumna|Anaerocolumna aminovalerica	11.341722
barcode13_120_filtered	199	0.000644	1549638	1549638||Pseudomonadota|Betaproteobacteria|Burkholderiales|Burkholderiaceae|Quisquiliibacterium|Quisquiliibacterium transsilvanicum	30.046097
barcode13_120_filtered	203	0.000919	1297424	1297424||Bacillota|Clostridia|Eubacteriales|Oscillospiraceae|Anaerobacterium|Anaerobacterium chartisolvens	42.901544
barcode13_120_filtered	205	0.004910	1462919;2755051	1462919||Bacillota|Clostridia|Lachnospirales|Lachnospiraceae|Mobilitalea|Mobilitalea sibirica;2755051||Bacillota|Clostridia|Lachnospirales|Lachnospiraceae|Variimorphobacter|Variimorphobacter saccharofermentans	229.091973
barcode13_120_filtered	206	0.000279	3036359	3036359||Bacteroidota|Sphingobacteriia|Sphingobacteriales|Aurantibacillaceae|Aurantibacillus|Aurantibacillus circumpalustris	13.000000
barcode13_120_filtered	207	0.003384	203699	203699||Pseudomonadota|Betaproteobacteria|Burkholderiales|Alcaligenaceae|Derxia|Derxia gummosa	157.900165
barcode13_120_filtered	208	0.001886	74312;74313;657642;2813778	74312||Pseudomonadota|Alphaproteobacteria|Caulobacterales|Caulobacteraceae|Brevundimonas|Brevundimonas variabilis;74313||Pseudomonadota|Alphaproteobacteria|Caulobacterales|Caulobacteraceae|Brevundimonas|Brevundimonas subvibrioides;657642||Pseudomonadota|Alphaproteobacteria|Caulobacterales|Caulobacteraceae|Brevundimonas|Brevundimonas olei;2813778||Pseudomonadota|Alphaproteobacteria|Caulobacterales|Caulobacteraceae|Brevundimonas|Brevundimonas fontaquae	88.004627
barcode13_120_filtered	209	0.000881	185300	185300||Bacteroidota|Bacteroidia|Bacteroidales|Paludibacteraceae|Paludibacter|Paludibacter propionicigenes	41.104146
barcode13_120_filtered	210	0.002379	758823	758823||Candidatus Melainabacteria|Vampirovibriophyceae|Vampirovibrionales||Vampirovibrio|Vampirovibrio chlorellavorus	111.001981
barcode13_120_filtered	213	0.001436	1604902	1604902||Bacillota|Clostridia|Eubacteriales|Clostridiaceae|Clostridium|Clostridium omnivorum	66.984181
barcode13_120_filtered	216	0.018409	642589	642589||Bacillota|Clostridia|Eubacteriales|Acutalibacteraceae|Caproiciproducens|Caproiciproducens galactitolivorans	858.939794
barcode13_120_filtered	217	0.000514	1005039	1005039||Armatimonadota|Fimbriimonadia|Fimbriimonadales|Fimbriimonadaceae|Fimbriimonas|Fimbriimonas ginsengisoli	24.000000
barcode13_120_filtered	219	0.002743	2010828	2010828||Bacteroidota|Bacteroidia|Marinilabiliales|Prolixibacteraceae|Aquipluma|Aquipluma nitroreducens	128.007604
barcode13_120_filtered	222	0.000474	913099	913099||Bacillota|Tissierellia|||Sedimentibacter|Sedimentibacter acidaminivorans	22.094982
barcode13_120_filtered	224	0.003343	1944642	1944642||Bacillota|Clostridia|Eubacteriales|Oscillospiraceae|Marasmitruncus|Marasmitruncus massiliensis	155.999975
barcode13_120_filtered	225	0.001305	130788	130788||Bacillota|Tissierellia|||Sedimentibacter|Sedimentibacter saalensis	60.905018
barcode13_120_filtered	226	0.000879	1141888	1141888||Pseudomonadota|Alphaproteobacteria|Sphingomonadales|Sphingomonadaceae|Sphingomonas|Sphingomonas difficilis	40.996507
barcode13_120_filtered	232	0.057697	2507161	2507161||Bacillota|Tissierellia|Tissierellales|Acidilutibacteraceae|Acidilutibacter|Acidilutibacter cellobiosedens	2692.066198
barcode13_120_filtered	233	0.001084	655338	655338||Bacillota|Clostridia|Eubacteriales|Clostridiaceae|Fervidicella|Fervidicella metallireducens	50.574889
barcode13_120_filtered	243	0.000386	1157315;3350403	1157315||Bacillota|Clostridia|Eubacteriales|Clostridiaceae|Clostridium|Clostridium kogasense;3350403||Bacillota|Clostridia|Eubacteriales|Clostridiaceae|Clostridium|Clostridium caseinilyticum	18.000000
barcode13_120_filtered	244	0.000691	220343	220343||Pseudomonadota|Alphaproteobacteria|Rhodobacterales|Paracoccaceae|Gemmobacter|Gemmobacter nectariphilus	32.258277
barcode13_120_filtered	245	0.000279	373043	373043||Pseudomonadota|Alphaproteobacteria|Acetobacterales|Acetobacteraceae|Paeniroseomonas|Paeniroseomonas aquatica	13.000000
barcode13_120_filtered	246	0.000343	36845	36845||Bacillota|Clostridia|Eubacteriales|Clostridiaceae|Clostridium|Clostridium intestinale	16.000000
barcode13_120_filtered	248	0.000364	1337094	1337094||Bacillota|Clostridia|Eubacteriales|Oscillospiraceae|Ercella|Ercella succinigenes	17.000001
barcode13_120_filtered	254	0.000750	1348470	1348470||Pseudomonadota|Alphaproteobacteria|Hyphomonadales|Hyphomonadaceae|Asprobacter|Asprobacter aquaticus	35.000029
barcode13_120_filtered	255	0.001886	2820301	2820301||Bacillota|Clostridia|Eubacteriales|Acutalibacteraceae|Caproiciproducens|Caproiciproducens faecalis	88.001314
barcode13_120_filtered	257	0.000391	2307010	2307010||Bacillota|Clostridia|Lachnospirales|Lachnospiraceae|Candidatus Galacturonatibacter|Candidatus Galacturonatibacter soehngenii	18.242241
barcode14_120_filtered	2	0.006409	1076412	1076412||Bacillota|Negativicutes|Selenomonadales|Sporomusaceae|Pelosinus|Pelosinus defluvii	299.546933
barcode14_120_filtered	3	0.008625	29355;48256;396504	29355||Bacillota|Clostridia|Eubacteriales|Oscillospiraceae|Ruminiclostridium|Ruminiclostridium cellobioparum;48256||Bacillota|Clostridia|Eubacteriales|Oscillospiraceae|Ruminiclostridium|Ruminiclostridium hungatei;396504||Bacillota|Clostridia|Eubacteriales|Oscillospiraceae|Ruminiclostridium|Ruminiclostridium sufflavum	403.124627
barcode14_120_filtered	4	0.001581	1499;1521	1499||Bacillota|Clostridia|Eubacteriales|Oscillospiraceae|Ruminiclostridium|Ruminiclostridium josui;1521||Bacillota|Clostridia|Eubacteriales|Oscillospiraceae|Ruminiclostridium|Ruminiclostridium cellulolyticum	73.884343
barcode14_120_filtered	5	0.005668	84032	84032||Bacillota|Clostridia|Eubacteriales|Clostridiaceae|Clostridium|Clostridium thermosuccinogenes	264.908371
barcode14_120_filtered	7	0.000341	908809	908809||Bacillota|Clostridia|Eubacteriales|Clostridiaceae|Caloramator|Caloramator mitchellensis	15.932204
barcode14_120_filtered	9	0.000467	365349;380084	365349||Bacillota|Negativicutes|Selenomonadales|Sporomusaceae|Pelosinus|Pelosinus fermentans;380084||Bacillota|Negativicutes|Selenomonadales|Sporomusaceae|Pelosinus|Pelosinus propionicus	21.831057
barcode14_120_filtered	10	0.055610	659425	659425||Bacillota|Clostridia|Eubacteriales|Oscillospiraceae|Thermoclostridium|Thermoclostridium caenicola	2599.190780
barcode14_120_filtered	11	0.000810	2018669;3115649	2018669||Bacillota|Clostridia|Eubacteriales|Desulfitobacteriaceae|Desulfosporosinus|Desulfosporosinus fructosivorans;3115649||Bacillota|Clostridia|Eubacteriales|Desulfitobacteriaceae|Desulfosporosinus|Desulfosporosinus paludis	37.850651
barcode14_120_filtered	12	0.003783	288965	288965||Bacillota|Clostridia|Eubacteriales|Oscillospiraceae|Acetivibrio|Acetivibrio clariflavus	176.798179
barcode14_120_filtered	14	0.012579	394284	394284||Bacillota|Negativicutes|Selenomonadales|Sporomusaceae|Psychrosinus|Psychrosinus fermentans	587.929158
barcode14_120_filtered	16	0.003494	3375356	3375356||Bacillota|Clostridia|Eubacteriales|Desulfitobacteriaceae|Desulfitobacterium|Desulfitobacterium nosdiversum	163.317789
barcode14_120_filtered	18	0.002439	107709	107709||Verrucomicrobiota|Opitutia|Opitutales|Opitutaceae|Opitutus|Opitutus terrae	114.000000
barcode14_120_filtered	20	0.001962	112903;209080	112903||Bacillota|Negativicutes|Selenomonadales|Sporomusaceae|Propionispora|Propionispora vibrioides;209080||Bacillota|Negativicutes|Selenomonadales|Sporomusaceae|Propionispora|Propionispora hippei	91.692839
barcode14_120_filtered	22	0.003855	335605;386874;2303576;2904799;2908206;2908208;2992113	335605||Pseudomonadota|Alphaproteobacteria|Sphingomonadales|Sphingomonadaceae|Sphingomonas|Sphingomonas rosea;386874||Pseudomonadota|Alphaproteobacteria|Sphingomonadales|Sphingomonadaceae|Sphingomonas|Sphingomonas sediminicola;2303576||Pseudomonadota|Alphaproteobacteria|Sphingomonadales|Sphingomonadaceae|Sphingomonas|Sphingomonas mesophila;2904799||Pseudomonadota|Alphaproteobacteria|Sphingomonadales|Sphingomonadaceae|Sphingomonas|Sphingomonas cremea;2908206||Pseudomonadota|Alphaproteobacteria|Sphingomonadales|Sphingomonadaceae|Sphingomonas|Sphingomonas brevis;2908208||Pseudomonadota|Alphaproteobacteria|Sphingomonadales|Sphingomonadaceae|Sphingomonas|Sphingomonas alba;2992113||Pseudomonadota|Alphaproteobacteria|Sphingomonadales|Sphingomonadaceae|Sphingomonas|Sphingomonas arvum	180.204855
barcode14_120_filtered	23	0.000663	2590199;2918171;2922725;2925406	2590199||Myxococcota|Myxococcia|Myxococcales|Anaeromyxobacteraceae|Anaeromyxobacter|Anaeromyxobacter diazotrophicus;2918171||Myxococcota|Myxococcia|Myxococcales|Anaeromyxobacteraceae|Anaeromyxobacter|Anaeromyxobacter paludicola;2922725||Myxococcota|Myxococcia|Myxococcales|Anaeromyxobacteraceae|Anaeromyxobacter|Anaeromyxobacter soli;2925406||Myxococcota|Myxococcia|Myxococcales|Anaeromyxobacteraceae|Anaeromyxobacter|Anaeromyxobacter terrae	31.000000
barcode14_120_filtered	24	0.000342	1203471	1203471||Thermodesulfobacteriota|Desulfuromonadia|Geobacterales|Geobacteraceae|Geotalea|Geotalea daltonii	16.000000
barcode14_120_filtered	27	0.033993	70582;364039;391953;392597;413882;1547922;1597781;2315841;2732868;2742824;2824118;2944811;3119538	70582||Pseudomonadota|Betaproteobacteria|Burkholderiales||Aquabacterium|Aquabacterium citratiphilum;364039||Pseudomonadota|Betaproteobacteria|Burkholderiales|Sphaerotilaceae|Azohydromonas|Azohydromonas australica;391953||Pseudomonadota|Betaproteobacteria|Burkholderiales|Sphaerotilaceae|Aquincola|Aquincola tertiaricarbonis;392597||Pseudomonadota|Betaproteobacteria|Burkholderiales|Sphaerotilaceae|Piscinibacter|Piscinibacter aquaticus;413882||Pseudomonadota|Betaproteobacteria|Burkholderiales|Sphaerotilaceae|Caldimonas|Caldimonas brevitalea;1547922||Pseudomonadota|Betaproteobacteria|Burkholderiales|Sphaerotilaceae|Piscinibacter|Piscinibacter sakaiensis;1597781||Pseudomonadota|Betaproteobacteria|Burkholderiales||Eleftheria|Eleftheria terrae;2315841||Pseudomonadota|Betaproteobacteria|Burkholderiales|Sphaerotilaceae|Caldimonas|Caldimonas tepidiphila;2732868||Pseudomonadota|Betaproteobacteria|Burkholderiales|Sphaerotilaceae|Pseudaquabacterium|Pseudaquabacterium terrae;2742824||Pseudomonadota|Betaproteobacteria|Burkholderiales|Sphaerotilaceae|Piscinibacter|Piscinibacter koreensis;2824118||Pseudomonadota|Betaproteobacteria|Burkholderiales|Sphaerotilaceae|Ideonella|Ideonella alba;2944811||Pseudomonadota|Betaproteobacteria|Burkholderiales|Sphaerotilaceae|Caldimonas|Caldimonas mangrovi;3119538||Pseudomonadota|Betaproteobacteria|Burkholderiales|Sphaerotilaceae|Aquincola|Aquincola agrisoli	1588.818083
barcode14_120_filtered	31	0.000449	2066483	2066483|||Candidatus Babeliae|Candidatus Babeliales|Candidatus Chromulinivoraceae|Candidatus Chromulinivorax|Candidatus Chromulinivorax destructor	21.000000
barcode14_120_filtered	34	0.016713	258515	258515||Bacillota|Clostridia|Eubacteriales|Oscillospiraceae|Acetanaerobacterium|Acetanaerobacterium elongatum	781.142652
barcode14_120_filtered	36	0.000984	96232;2708020	96232||Pseudomonadota|Gammaproteobacteria|Legionellales|Legionellaceae|Legionella|Legionella lytica;2708020||Pseudomonadota|Gammaproteobacteria|Legionellales|Legionellaceae|Legionella|Legionella antarctica	46.000000
barcode14_120_filtered	37	0.011382	192843;2527691;2596921;2793270;2987520;3386187	192843||Pseudomonadota|Betaproteobacteria|Burkholderiales|Comamonadaceae|Rhodoferax|Rhodoferax ferrireducens;2527691||Pseudomonadota|Betaproteobacteria|Burkholderiales|Comamonadaceae|Rhodoferax|Rhodoferax aquaticus;2596921||Pseudomonadota|Betaproteobacteria|Burkholderiales|Comamonadaceae|Caenimonas|Caenimonas sedimenti;2793270||Pseudomonadota|Betaproteobacteria|Burkholderiales|Comamonadaceae|Caenimonas|Caenimonas aquaedulcis;2987520||Pseudomonadota|Betaproteobacteria|Burkholderiales|Comamonadaceae|Acidovorax|Acidovorax benzenivorans;3386187||Pseudomonadota|Betaproteobacteria|Burkholderiales|Comamonadaceae|Candidatus Aalborgicola|Candidatus Aalborgicola defluviihabitans	531.998533
barcode14_120_filtered	38	0.001045	36854;49338	36854||Bacillota|Clostridia|Eubacteriales|Desulfitobacteriaceae|Desulfitobacterium|Desulfitobacterium dehalogenans;49338||Bacillota|Clostridia|Eubacteriales|Desulfitobacteriaceae|Desulfitobacterium|Desulfitobacterium hafniense	48.831560
barcode14_120_filtered	40	0.003380	1860101;1860102;2954386;2976531	1860101||Pseudomonadota|Betaproteobacteria|Rhodocyclales|Rhodocyclaceae|Propionivibrio|Candidatus Propionivibrio aalborgensis;1860102||Pseudomonadota|Betaproteobacteria|||Candidatus Accumulibacter|Candidatus Accumulibacter aalborgensis;2954386||Pseudomonadota|Betaproteobacteria|||Candidatus Accumulibacter|Candidatus Accumulibacter necessarius;2976531||Pseudomonadota|Betaproteobacteria|Rhodocyclales|Rhodocyclaceae|Propionivibrio|Propionivibrio soli	158.000271
barcode14_120_filtered	42	0.001198	45393;2588534	45393||Pseudomonadota|Betaproteobacteria|Nitrosomonadales|Methylophilaceae|Methylophilus|Methylophilus leisingeri;2588534||Pseudomonadota|Betaproteobacteria|Nitrosomonadales|Methylophilaceae|Methylophilus|Methylophilus medardicus	56.000000
barcode14_120_filtered	44	0.001155	1803913	1803913||Pseudomonadota|Gammaproteobacteria|Steroidobacterales|Steroidobacteraceae|Steroidobacter|Steroidobacter cummioxidans	54.000000
barcode14_120_filtered	45	0.004883	1379270;2732249	1379270||Gemmatimonadota|Gemmatimonadia|Gemmatimonadales|Gemmatimonadaceae|Gemmatimonas|Gemmatimonas phototrophica;2732249||Gemmatimonadota|Gemmatimonadia|Gemmatimonadales|Gemmatimonadaceae|Gemmatimonas|Gemmatimonas groenlandica	228.227837
barcode14_120_filtered	48	0.002033	38402;225084;2683714	38402||Bacillota|Erysipelotrichia|Erysipelotrichales|Erysipelotrichaceae|Erysipelothrix|Erysipelothrix tonsillarum;225084||Bacillota|Erysipelotrichia|Erysipelotrichales|Erysipelotrichaceae|Erysipelothrix|Erysipelothrix inopinata;2683714||Bacillota|Erysipelotrichia|Erysipelotrichales|Erysipelotrichaceae|Erysipelothrix|Erysipelothrix aquatica	95.000422
barcode14_120_filtered	49	0.001091	1236215	1236215||Bacillota|Clostridia|Eubacteriales|Peptococcaceae|Desulfovectis|Desulfovectis peckii	51.000000
barcode14_120_filtered	50	0.002736	1488331;1537567	1488331||Bacillota|Clostridia|Eubacteriales|Eubacteriales Family XII. Incertae Sedis|Fusibacter|Fusibacter bizertensis;1537567||Bacillota|Clostridia|Eubacteriales|Eubacteriales Family XII. Incertae Sedis|Fusibacter|Fusibacter fontis	127.863412
barcode14_120_filtered	52	0.001488	270498;626937;1805714;1816678;2763033	270498||Bacillota|Clostridia|Christensenellales|Christensenellaceae|Christensenella|Christensenella hongkongensis;626937||Bacillota|Clostridia|Christensenellales|Christensenellaceae|Christensenella|Christensenella minuta;1805714||Bacillota|Clostridia|Christensenellales|Christensenellaceae|Christensenella|Christensenella massiliensis;1816678||Bacillota|Clostridia|Christensenellales|Christensenellaceae|Christensenella|Christensenella timonensis;2763033||Bacillota|Clostridia|Christensenellales|Christensenellaceae|Christensenella|Christensenella tenuis	69.562839
barcode14_120_filtered	54	0.065720	1515;253314	1515||Bacillota|Clostridia|Eubacteriales|Oscillospiraceae|Acetivibrio|Acetivibrio thermocellus;253314||Bacillota|Clostridia|Eubacteriales|Oscillospiraceae|Acetivibrio|Acetivibrio straminisolvens	3071.730276
barcode14_120_filtered	55	0.023044	433293;1679721	433293||Bacillota|Clostridia|Lachnospirales|Lachnospiraceae|Anaerotaenia|Anaerotaenia torta;1679721||Bacillota|Clostridia|Lachnospirales|Lachnospiraceae|Herbinix|Herbinix luporum	1077.082409
barcode14_120_filtered	56	0.009331	1650661;1673721;1689270;2108523;2763052;2763053;2763059;2986526;3133171	1650661||Bacillota|Clostridia|Eubacteriales|Clostridiaceae|Clostridium|Clostridium phoceensis;1673721||Bacillota|Clostridia|Eubacteriales||Intestinimonas|Intestinimonas massiliensis (ex Afouda et al. 2020);1689270||Bacillota|Clostridia|Eubacteriales||Intestinimonas|Intestinimonas timonensis;2108523||Bacillota|Clostridia|Eubacteriales|Oscillospiraceae|Lawsonibacter|Lawsonibacter asaccharolyticus;2763052||Bacillota|Clostridia|Eubacteriales|Oscillospiraceae|Lawsonibacter|Lawsonibacter faecis;2763053||Bacillota|Clostridia|Eubacteriales|Oscillospiraceae|Lawsonibacter|Lawsonibacter hominis;2763059||Bacillota|Clostridia|Eubacteriales|Oscillospiraceae|Pseudoflavonifractor|Pseudoflavonifractor hominis;2986526||Bacillota|Clostridia|Eubacteriales|Oscillospiraceae|Lawsonibacter|Lawsonibacter celer;3133171||Bacillota|Clostridia|Eubacteriales|Oscillospiraceae|Pseudoflavonifractor|Pseudoflavonifractor intestinihominis	436.140101
barcode14_120_filtered	58	0.031375	2576756	2576756||Bacillota|Clostridia|Eubacteriales|Acutalibacteraceae|Caproicibacter|Caproicibacter fermentans	1466.464998
barcode14_120_filtered	60	0.001760	2763047;2981773	2763047||Bacillota|Clostridia|Eubacteriales||Flintibacter|Flintibacter faecis;2981773||Bacillota|Clostridia|Eubacteriales|Oscillospiraceae|Muriventricola|Muriventricola aceti	82.276058
barcode14_120_filtered	61	0.000449	2530451;2764187;2780087;2801330	2530451||Pseudomonadota|Betaproteobacteria|Burkholderiales|Comamonadaceae|Ramlibacter|Ramlibacter humi;2764187||Pseudomonadota|Betaproteobacteria|Burkholderiales|Comamonadaceae|Ramlibacter|Ramlibacter cellulosilyticus;2780087||Pseudomonadota|Betaproteobacteria|Burkholderiales|Comamonadaceae|Ramlibacter|Ramlibacter pallidus;2801330||Pseudomonadota|Betaproteobacteria|Burkholderiales|Comamonadaceae|Ramlibacter|Ramlibacter aurantiacus	20.999986
barcode14_120_filtered	62	0.000599	2763677	2763677||Bacillota|Clostridia|Eubacteriales|Oscillospiraceae|Zongyangia|Zongyangia hominis	27.990716
barcode14_120_filtered	65	0.002589	351091;2763042	351091||Bacillota|Clostridia|Eubacteriales|Oscillospiraceae|Oscillibacter|Oscillibacter valericigenes;2763042||Bacillota|Clostridia|Eubacteriales|Oscillospiraceae|Dysosmobacter|Dysosmobacter segnis	121.000000
barcode14_120_filtered	66	0.000806	1147123	1147123||Bacillota|Clostridia|Eubacteriales|Clostridiaceae|Caloramator|Caloramator quimbayensis	37.659318
barcode14_120_filtered	71	0.000620	286730;1965019	286730||Bacteroidota|Bacteroidia|Marinilabiliales|Marinilabiliaceae|Alkaliflexus|Alkaliflexus imshenetskii;1965019||Bacteroidota|Bacteroidia|Marinilabiliales|Marinilabiliaceae|Geofilum|Geofilum rhodophaeum	28.990834
barcode14_120_filtered	75	0.002546	12917;80878;553814;758826	12917||Pseudomonadota|Betaproteobacteria|Burkholderiales|Comamonadaceae|Acidovorax|Acidovorax facilis;80878||Pseudomonadota|Betaproteobacteria|Burkholderiales|Comamonadaceae|Acidovorax|Acidovorax temperans;553814||Pseudomonadota|Betaproteobacteria|Burkholderiales|Comamonadaceae|Acidovorax|Acidovorax carolinensis;758826||Pseudomonadota|Betaproteobacteria|Burkholderiales|Comamonadaceae|Acidovorax|Acidovorax radicis	119.001645
barcode14_120_filtered	76	0.000235	2594430	2594430||Bacteroidota|Flavobacteriia|Flavobacteriales|Flavobacteriaceae|Flavobacterium|Flavobacterium franklandianum	11.000000
barcode14_120_filtered	78	0.000920	1804990;2963406;2994971	1804990||Actinomycetota|Actinomycetes|Micrococcales|Microbacteriaceae|Microcella|Microcella flavibacter;2963406||Actinomycetota|Actinomycetes|Micrococcales|Microbacteriaceae|Microcella|Microcella humidisoli;2994971||Actinomycetota|Actinomycetes|Micrococcales|Microbacteriaceae|Microcella|Microcella daejeonensis	43.000000
barcode14_120_filtered	79	0.000685	65655	65655||Pseudomonadota|Betaproteobacteria|Burkholderiales|Comamonadaceae|Hydrogenophaga|Hydrogenophaga palleronii	32.000145
barcode14_120_filtered	80	0.000578	474960	474960||Bacillota|Clostridia|Eubacteriales|Oscillospiraceae|Hydrogenoanaerobacterium|Hydrogenoanaerobacterium saccharovorans	27.000000
barcode14_120_filtered	82	0.002460	985	985||Bacteroidota|Cytophagia|Cytophagales|Cytophagaceae|Cytophaga|Cytophaga hutchinsonii	115.000112
barcode14_120_filtered	83	0.000685	1794912	1794912||Bacillota|Negativicutes||Acetonemataceae|Anaerosporomusa|Anaerosporomusa subterranea	32.000013
barcode14_120_filtered	86	0.001571	1940525;2283627	1940525||Bacteroidota|Bacteroidia|Marinilabiliales|Marinifilaceae|Labilibaculum|Labilibaculum manganireducens;2283627||Bacteroidota|Bacteroidia|Marinilabiliales|Marinifilaceae|Ancylomarina|Ancylomarina euxinus	73.444922
barcode14_120_filtered	88	0.007688	1958780;2045012;2991836	1958780||Bacillota|Clostridia|Eubacteriales|Clostridiaceae|Clostridium|Clostridium merdae;2045012||Bacillota|Clostridia|Eubacteriales|Clostridiaceae|Clostridium|Clostridium minihomine;2991836||Bacillota|Clostridia|Eubacteriales|Oscillospiraceae|Faecalispora|Faecalispora anaeroviscerum	359.350124
barcode14_120_filtered	90	0.001674	44749	44749||Bacillota|Clostridia|Eubacteriales|Oscillospiraceae|Sporobacter|Sporobacter termitidis	78.230966
barcode14_120_filtered	92	0.001220	1855912	1855912||Acidobacteriota|Vicinamibacteria|Vicinamibacterales|Vicinamibacteraceae|Luteitalea|Luteitalea pratensis	57.000000
barcode14_120_filtered	97	0.020358	1550;1499683	1550||Bacillota|Clostridia|Eubacteriales|Clostridiaceae|Clostridium|Clostridium subterminale;1499683||Bacillota|Clostridia|Eubacteriales|Clostridiaceae|Clostridium|Clostridium culturomicium	951.544752
barcode14_120_filtered	98	0.000342	185243	185243||Actinomycetota|Actinomycetes|Propionibacteriales|Nocardioidaceae|Propionicimonas|Propionicimonas paludicola	16.000000
barcode14_120_filtered	99	0.000523	47671	47671||Pseudomonadota|Betaproteobacteria|Burkholderiales|Burkholderiaceae|Lautropia|Lautropia mirabilis	24.437292
barcode14_120_filtered	100	0.089107	1096341	1096341||Bacillota|Clostridia|Eubacteriales|Clostridiaceae|Fonticella|Fonticella tunisiensis	4164.847252
barcode14_120_filtered	103	0.000449	2835041	2835041||Bdellovibrionota|Bdellovibrionia|Bdellovibrionales|Pseudobdellovibrionaceae|Bdellovibrio|Bdellovibrio reynosensis	21.000000
barcode14_120_filtered	104	0.000427	1716543	1716543||Bacillota|Clostridia|Eubacteriales|Clostridiaceae|Clostridium|Clostridium thermarum	19.944932
barcode14_120_filtered	105	0.049748	36849	36849||Bacillota|Clostridia|Eubacteriales|Clostridiaceae|Oxobacter|Oxobacter pfennigii	2325.207586
barcode14_120_filtered	106	0.002032	253239	253239||Bacillota|Clostridia|Eubacteriales|Oscillospiraceae|Ethanoligenens|Ethanoligenens harbinense	94.984475
barcode14_120_filtered	108	0.001990	933068	933068||Fusobacteriota|Fusobacteriia|Fusobacteriales|Fusobacteriaceae|Ilyobacter|Ilyobacter delafieldii	93.000839
barcode14_120_filtered	109	0.007463	217159	217159||Bacillota|Clostridia|Eubacteriales|Clostridiaceae|Clostridium|Clostridium carboxidivorans	348.801130
barcode14_120_filtered	112	0.003402	2836848;3240932	2836848||Bacillota|Clostridia|Eubacteriales|Clostridiaceae|Clostridium|Clostridium aromativorans;3240932||Bacillota|Clostridia|Eubacteriales|Clostridiaceae|Clostridium|Clostridium moutaii	159.000000
barcode14_120_filtered	113	0.000456	219748;1054297	219748||Bacillota|Clostridia|Eubacteriales|Clostridiaceae|Clostridium|Clostridium tunisiense;1054297||Bacillota|Clostridia|Eubacteriales|Clostridiaceae|Clostridium|Clostridium punense	21.327874
barcode14_120_filtered	114	0.007911	392610;940136;1078469;1282858	392610||Pseudomonadota|Alphaproteobacteria|Sphingomonadales|Sphingorhabdaceae|Sphingorhabdus|Sphingorhabdus lacus;940136||Pseudomonadota|Alphaproteobacteria|Sphingomonadales|Sphingorhabdaceae|Sphingorhabdus|Sphingorhabdus wooponensis;1078469||Pseudomonadota|Alphaproteobacteria|Sphingomonadales|Sphingorhabdaceae|Sphingorhabdus|Sphingorhabdus planktonica;1282858||Pseudomonadota|Alphaproteobacteria|Sphingomonadales|Sphingorhabdaceae|Sphingorhabdus|Sphingorhabdus rigui	369.782764
barcode14_120_filtered	115	0.001471	2014610	2014610||Gemmatimonadota|Gemmatimonadia|Gemmatimonadales|Gemmatimonadaceae|Roseisolibacter|Roseisolibacter agri	68.771848
barcode14_120_filtered	118	0.000509	100176	100176||Bacillota|Clostridia|Eubacteriales|Oscillospiraceae|Papillibacter|Papillibacter cinnamivorans	23.790051
barcode14_120_filtered	120	0.032039	397260;529705;1632740;2305907;2698828;2873268;3103142;3163295	397260||Pseudomonadota|Alphaproteobacteria|Sphingomonadales|Sphingomonadaceae|Sphingomonas|Sphingomonas sanxanigenens;529705||Pseudomonadota|Alphaproteobacteria|Sphingomonadales|Sphingomonadaceae|Sphingomonas|Sphingomonas changbaiensis;1632740||Pseudomonadota|Alphaproteobacteria|Sphingomonadales|Sphingomonadaceae|Sphingomonas|Sphingomonas zeicaulis;2305907||Pseudomonadota|Alphaproteobacteria|Sphingomonadales|Sphingomonadaceae|Sphingomonas|Sphingomonas gilva;2698828||Pseudomonadota|Alphaproteobacteria|Sphingomonadales|Sphingomonadaceae|Sphingomonas|Sphingomonas lacunae;2873268||Pseudomonadota|Alphaproteobacteria|Sphingomonadales|Sphingomonadaceae|Hephaestia|Hephaestia mangrovi;3103142||Pseudomonadota|Alphaproteobacteria|Sphingomonadales|Sphingomonadaceae|Sphingomonas|Sphingomonas rustica;3163295||Pseudomonadota|Alphaproteobacteria|Sphingomonadales|Sphingomonadaceae|Sphingomonas|Sphingomonas plantiphila	1497.481225
barcode14_120_filtered	121	0.001113	2941510	2941510||Bacillota|Clostridia|Eubacteriales|Pumilibacteraceae|Pumilibacter|Pumilibacter muris	52.000000
barcode14_120_filtered	122	0.001755	1367462;2940653;3381661	1367462||Bacillota|Clostridia|Eubacteriales|Clostridiaceae|Clostridium|Clostridium swellfunianum;2940653||Bacillota|Clostridia|Eubacteriales|Clostridiaceae|Clostridium|Clostridium caldaquaticum;3381661||Bacillota|Clostridia|Eubacteriales|Clostridiaceae|Clostridium|Candidatus Clostridium stratigraminis	82.021060
barcode14_120_filtered	123	0.001006	2038680	2038680||Bacillota|Clostridia|Eubacteriales|Oscillospiraceae|Paludihabitans|Paludihabitans psychrotolerans	47.000000
barcode14_120_filtered	124	0.005260	2528036;2583234;2593021;2670345;2699202;2852097	2528036||Pseudomonadota|Alphaproteobacteria|Rhodobacterales|Paracoccaceae|Tabrizicola|Tabrizicola caldifontis;2583234||Pseudomonadota|Alphaproteobacteria|Rhodobacterales|Paracoccaceae|Paragemmobacter|Paragemmobacter kunshanensis;2593021||Pseudomonadota|Alphaproteobacteria|Rhodobacterales|Paracoccaceae|Tabrizicola|Tabrizicola flagellatus;2670345||Pseudomonadota|Alphaproteobacteria|Rhodobacterales|Paracoccaceae|Tabrizicola|Tabrizicola thermarum;2699202||Pseudomonadota|Alphaproteobacteria|Rhodobacterales|Paracoccaceae|Stagnihabitans|Stagnihabitans tardus;2852097||Pseudomonadota|Alphaproteobacteria|Rhodobacterales|Paracoccaceae|Paragemmobacter|Paragemmobacter amnigenus	245.836404
barcode14_120_filtered	125	0.022580	320502	320502||Bacillota|Clostridia|Eubacteriales|Oscillospiraceae|Acetivibrio|Acetivibrio alkalicellulosi	1055.409590
barcode14_120_filtered	126	0.001948	1503981;2054628	1503981||Pseudomonadota|Alphaproteobacteria|Sphingomonadales|Erythrobacteraceae|Alteraurantiacibacter|Alteraurantiacibacter buctensis;2054628||Pseudomonadota|Alphaproteobacteria|Sphingomonadales|Erythrobacteraceae|Alteraurantiacibacter|Alteraurantiacibacter palmitatis	91.064117
barcode14_120_filtered	127	0.001720	1428345;2184016;2766473;2911368	1428345||Pseudomonadota|Alphaproteobacteria|Acetobacterales|Roseomonadaceae|Falsiroseomonas|Falsiroseomonas wooponensis;2184016||Pseudomonadota|Alphaproteobacteria|Acetobacterales|Roseomonadaceae|Falsiroseomonas|Falsiroseomonas bella;2766473||Pseudomonadota|Alphaproteobacteria|Acetobacterales|Roseomonadaceae|Falsiroseomonas|Falsiroseomonas oryzae;2911368||Pseudomonadota|Alphaproteobacteria|Acetobacterales|Roseomonadaceae|Falsiroseomonas|Falsiroseomonas oryziterrae	80.375045
barcode14_120_filtered	132	0.001070	2607497	2607497||Actinomycetota|Actinomycetes|Micrococcales|Cellulomonadaceae|Actinotalea|Actinotalea subterranea	50.000000
barcode14_120_filtered	133	0.000235	55583	55583||Bacillota|Clostridia|Eubacteriales|Desulfitobacteriaceae|Dehalobacter|Dehalobacter restrictus	11.000000
barcode14_120_filtered	134	0.004008	173676;1778672;2871811;3056842	173676||Pseudomonadota|Alphaproteobacteria|Sphingomonadales|Sphingomonadaceae|Novosphingobium|Novosphingobium hassiacum;1778672||Pseudomonadota|Alphaproteobacteria|Sphingomonadales|Sphingomonadaceae|Novosphingobium|Novosphingobium flavum;2871811||Pseudomonadota|Alphaproteobacteria|Sphingomonadales|Sphingomonadaceae|Novosphingobium|Novosphingobium percolationis;3056842||Pseudomonadota|Alphaproteobacteria|Sphingomonadales|Sphingomonadaceae|Novosphingobium|Novosphingobium pituita	187.324970
barcode14_120_filtered	135	0.000235	1427356	1427356||Pseudomonadota|Alphaproteobacteria|Hyphomicrobiales|Hyphomicrobiaceae|Hyphomicrobium|Hyphomicrobium nitrativorans	11.000000
barcode14_120_filtered	137	0.004231	29353;35830	29353||Bacillota|Clostridia|Eubacteriales|Oscillospiraceae|Acetivibrio|Acetivibrio aldrichii;35830||Bacillota|Clostridia|Eubacteriales|Oscillospiraceae|Acetivibrio|Acetivibrio cellulolyticus	197.751981
barcode14_120_filtered	139	0.009777	33052;173675;574956;651663;2871171	33052||Pseudomonadota|Alphaproteobacteria|Sphingomonadales|Sphingopyxidaceae|Sphingopyxis|Sphingopyxis terrae;173675||Pseudomonadota|Alphaproteobacteria|Sphingomonadales|Sphingopyxidaceae|Sphingopyxis|Sphingopyxis witflariensis;574956||Pseudomonadota|Alphaproteobacteria|Sphingomonadales|Sphingomonadaceae|Novosphingobium|Novosphingobium soli;651663||Pseudomonadota|Alphaproteobacteria|Sphingomonadales|Sphingopyxidaceae|Sphingopyxis|Sphingopyxis bauzanensis;2871171||Pseudomonadota|Alphaproteobacteria|Sphingomonadales|Sphingopyxidaceae|Sphingopyxis|Sphingopyxis jiangsuensis	456.954647
barcode14_120_filtered	143	0.000963	879969	879969||Bacteroidota|Bacteroidia|Bacteroidales|Porphyromonadaceae|Macellibacteroides|Macellibacteroides fermentans	45.000000
barcode14_120_filtered	144	0.000813	2655001	2655001||Bacillota|Clostridia|Eubacteriales|Eubacteriaceae|Alkalibaculum|Alkalibaculum sporogenes	38.000000
barcode14_120_filtered	145	0.000721	112729;568790	112729||Bacillota|Clostridia|Eubacteriales|Clostridiaceae|Caloramator|Caloramator viterbiensis;568790||Bacillota|Clostridia|Eubacteriales|Clostridiaceae|Caloramator|Caloramator boliviensis	33.708000
barcode14_120_filtered	148	0.001781	1495	1495||Bacillota|Clostridia|Eubacteriales|Clostridiaceae|Clostridium|Clostridium cylindrosporum	83.232143
barcode14_120_filtered	149	0.023251	1112;35811;198312;1161202;1532023;2509361;2969984;2987523;3019556;3127706	1112||Pseudomonadota|Alphaproteobacteria|Sphingomonadales|Erythrobacteraceae|Erythrobacter|Erythrobacter neustonensis;35811||Pseudomonadota|Alphaproteobacteria|Sphingomonadales|Erythrobacteraceae|Erythrobacter|Erythrobacter ramosus;198312||Pseudomonadota|Alphaproteobacteria|Sphingomonadales|Erythrobacteraceae|Erythrobacter|Erythrobacter sanguineus;1161202||Pseudomonadota|Alphaproteobacteria|Sphingomonadales|Erythrobacteraceae|Erythrobacter|Erythrobacter colymbi;1532023||Pseudomonadota|Alphaproteobacteria|Sphingomonadales|Erythrobacteraceae|Qipengyuania|Qipengyuania sediminis;2509361||Pseudomonadota|Alphaproteobacteria|Sphingomonadales|Erythrobacteraceae|Qipengyuania|Qipengyuania thermophila;2969984||Pseudomonadota|Alphaproteobacteria|Sphingomonadales|Erythrobacteraceae|Parerythrobacter|Parerythrobacter lacustris;2987523||Pseudomonadota|Alphaproteobacteria|Sphingomonadales|Erythrobacteraceae|Erythrobacter|Erythrobacter fulvus;3019556||Pseudomonadota|Alphaproteobacteria|Sphingomonadales|Erythrobacteraceae|Erythrobacter|Erythrobacter oryzae;3127706||Pseudomonadota|Alphaproteobacteria|Sphingomonadales|Erythrobacteraceae|Parerythrobacter|Parerythrobacter aurantius	1086.756016
barcode14_120_filtered	150	0.007831	1439888;1981098;2672568;2675220	1439888||Pseudomonadota|Alphaproteobacteria|Sphingomonadales|Sphingosinicellaceae|Sandarakinorhabdus|Sandarakinorhabdus fusca;1981098||Pseudomonadota|Alphaproteobacteria|Sphingomonadales|Sphingosinicellaceae|Sandarakinorhabdus|Sandarakinorhabdus cyanobacteriorum;2672568||Pseudomonadota|Alphaproteobacteria|Sphingomonadales|Sphingosinicellaceae|Sandarakinorhabdus|Sandarakinorhabdus rubra;2675220||Pseudomonadota|Alphaproteobacteria|Sphingomonadales|Sphingosinicellaceae|Sandarakinorhabdus|Sandarakinorhabdus oryzae	365.999719
barcode14_120_filtered	151	0.001177	2675059;2675060	2675059||Pseudomonadota|Gammaproteobacteria|Lysobacterales|Lysobacteraceae|Lysobacter|Lysobacter helvus;2675060||Pseudomonadota|Gammaproteobacteria|Lysobacterales|Lysobacteraceae|Lysobacter|Lysobacter xanthus	55.000000
barcode14_120_filtered	153	0.007826	433286;1727145;2696063	433286||Bacillota|Clostridia|Lachnospirales|Lachnospiraceae|Anaerocolumna|Anaerocolumna cellulosilytica;1727145||Bacillota|Clostridia|Lachnospirales|Lachnospiraceae|Anaerocolumna|Anaerocolumna chitinilytica;2696063||Bacillota|Clostridia|Lachnospirales|Lachnospiraceae|Anaerocolumna|Anaerocolumna sedimenticola	365.769944
barcode14_120_filtered	154	0.000285	1841868	1841868||Bacillota|Clostridia|Eubacteriales|Oscillospiraceae|Provencibacterium|Provencibacterium massiliense	13.319714
barcode14_120_filtered	155	0.002086	1460355;2320861;2707068;2771430;2938948	1460355||Pseudomonadota|Alphaproteobacteria|Sphingomonadales|Sphingomonadaceae|Sphingomonas|Sphingomonas mohensis;2320861||Pseudomonadota|Alphaproteobacteria|Sphingomonadales|Sphingomonadaceae|Sphingomonas|Sphingomonas cavernae;2707068||Pseudomonadota|Alphaproteobacteria|Sphingomonadales|Sphingomonadaceae|Sphingomonas|Sphingomonas montis;2771430||Pseudomonadota|Alphaproteobacteria|Sphingomonadales|Sphingomicrobiaceae|Allosphingosinicella|Allosphingosinicella flava;2938948||Pseudomonadota|Alphaproteobacteria|Sphingomonadales|Sphingomonadaceae|Sphingomonas|Sphingomonas glaciei	97.496004
barcode14_120_filtered	158	0.002034	2175090;2559804;2741495;2782540;2949094;3096161	2175090||Pseudomonadota|Alphaproteobacteria|Sphingomonadales|Sphingomonadaceae|Sphingomonas|Sphingomonas pokkalii;2559804||Pseudomonadota|Alphaproteobacteria|Sphingomonadales|Sphingomonadaceae|Sphingomonas|Sphingomonas flavalba;2741495||Pseudomonadota|Alphaproteobacteria|Sphingomonadales|Sphingomonadaceae|Sphingomonas|Sphingomonas hominis;2782540||Pseudomonadota|Alphaproteobacteria|Sphingomonadales|Sphingomonadaceae|Sphingomonas|Sphingomonas beigongshangi;2949094||Pseudomonadota|Alphaproteobacteria|Sphingomonadales|Sphingomonadaceae|Sphingomonas|Sphingomonas liriopis;3096161||Pseudomonadota|Alphaproteobacteria|Sphingomonadales|Sphingomonadaceae|Parasphingomonas|Parasphingomonas zepuensis	95.072320
barcode14_120_filtered	159	0.001466	2835040;2984948	2835040||Pseudomonadota|Alphaproteobacteria|Acetobacterales|Roseomonadaceae|Roseococcus|Roseococcus pinisoli;2984948||Pseudomonadota|Alphaproteobacteria|Acetobacterales|Acetobacteraceae|Sabulicella|Sabulicella glaciei	68.535055
barcode14_120_filtered	160	0.000979	410839;2994654	410839||Pseudomonadota|Alphaproteobacteria|Hyphomicrobiales|Kaistiaceae|Kaistia|Kaistia geumhonensis;2994654||Pseudomonadota|Alphaproteobacteria|Hyphomicrobiales|Kaistiaceae|Kaistia|Kaistia nematophila	45.742535
barcode14_120_filtered	162	0.000357	2897707	2897707||Bacillota|Clostridia|Eubacteriales|Oscillospiraceae|Merdimmobilis|Merdimmobilis hominis	16.695019
barcode14_120_filtered	163	0.000364	147266	147266||Pseudomonadota|Alphaproteobacteria|Hyphomicrobiales|Rhizobiaceae|Agrobacterium|Agrobacterium albertimagni	17.000000
barcode14_120_filtered	169	0.000685	1960156	1960156||Abditibacteriota|Abditibacteriia|Abditibacteriales|Abditibacteriaceae|Abditibacterium|Abditibacterium utsteinense	32.000000
barcode14_120_filtered	170	0.002599	484882;940141;2786951	484882||Pseudomonadota|Alphaproteobacteria|Acetobacterales|Roseomonadaceae|Falsiroseomonas|Falsiroseomonas stagni;940141||Pseudomonadota|Alphaproteobacteria|Acetobacterales|Roseomonadaceae|Falsiroseomonas|Falsiroseomonas riguiloci;2786951||Pseudomonadota|Alphaproteobacteria|Acetobacterales|Roseomonadaceae|Falsiroseomonas|Falsiroseomonas ponticola	121.462545
barcode14_120_filtered	171	0.001305	2759707;2913411	2759707||Pseudomonadota|Alphaproteobacteria|Sphingomonadales|Sphingosinicellaceae|Sandaracinobacteroides|Sandaracinobacteroides saxicola;2913411||Pseudomonadota|Alphaproteobacteria|Sphingomonadales|Sphingosinicellaceae|Sandaracinobacteroides|Sandaracinobacteroides sayramensis	61.000272
barcode14_120_filtered	177	0.005683	433287	433287||Bacillota|Clostridia|Lachnospirales|Anaerotignaceae|Anaerotignum|Anaerotignum aminivorans	265.629769
barcode14_120_filtered	180	0.001262	408174;443610;665118;2917991	408174||Pseudomonadota|Alphaproteobacteria|Hyphomicrobiales|Devosiaceae|Devosia|Devosia insulae;443610||Pseudomonadota|Alphaproteobacteria|Hyphomicrobiales|Devosiaceae|Devosia|Devosia geojensis;665118||Pseudomonadota|Alphaproteobacteria|Hyphomicrobiales|Devosiaceae|Devosia|Devosia enhydra;2917991||Pseudomonadota|Alphaproteobacteria|Hyphomicrobiales|Devosiaceae|Devosia|Devosia lacusdianchii	58.992546
barcode14_120_filtered	181	0.006996	52692	52692||Bacillota|Clostridia|Eubacteriales|Eubacteriaceae|Acetobacterium|Acetobacterium malicum	327.000000
barcode14_120_filtered	182	0.001262	1549748	1549748||Pseudomonadota|Alphaproteobacteria|Rhodospirillales|Kiloniellaceae|Kiloniella|Kiloniella litopenaei	58.994821
barcode14_120_filtered	184	0.028718	295419;687525;1123067;2585369;2817372	295419||Pseudomonadota|Alphaproteobacteria|Rhodobacterales|Roseobacteraceae|Rubellimicrobium|Rubellimicrobium thermophilum;687525||Pseudomonadota|Alphaproteobacteria|Rhodobacterales|Roseobacteraceae|Rubellimicrobium|Rubellimicrobium roseum;1123067||Pseudomonadota|Alphaproteobacteria|Rhodobacterales|Roseobacteraceae|Rubellimicrobium|Rubellimicrobium mesophilum;2585369||Pseudomonadota|Alphaproteobacteria|Rhodobacterales|Roseobacteraceae|Rubellimicrobium|Rubellimicrobium rubrum;2817372||Pseudomonadota|Alphaproteobacteria|Rhodobacterales|Roseobacteraceae|Rubellimicrobium|Rubellimicrobium arenae	1342.281663
barcode14_120_filtered	189	0.000792	1658620	1658620||Rhodothermota|Rhodothermia|Rhodothermales|Rubricoccaceae|Rubrivirga|Rubrivirga profundi	37.000000
barcode14_120_filtered	190	0.004750	937251	937251||Bacillota|Clostridia|Eubacteriales|Clostridiaceae|Youngiibacter|Youngiibacter multivorans	222.019140
barcode14_120_filtered	192	0.002377	1244894;1538021;1550728;1664572	1244894||Pseudomonadota|Alphaproteobacteria|Sphingomonadales|Sphingomonadaceae|Sphingomonas|Sphingomonas fonticola;1538021||Pseudomonadota|Alphaproteobacteria|Sphingomonadales|Sphingomonadaceae|Novosphingobium|Novosphingobium tardum;1550728||Pseudomonadota|Alphaproteobacteria|Sphingomonadales|Blastomonadaceae|Blastomonas|Blastomonas fulva;1664572||Pseudomonadota|Alphaproteobacteria|Sphingomonadales|Sphingomonadaceae|Sphingomonas|Sphingomonas piscinae	111.108368
barcode14_120_filtered	195	0.054959	195105;875041;909926;933059;1445661;2030009;2185115;2305252;2494374;2709381;2710650;2909234	195105||Pseudomonadota|Alphaproteobacteria|Rhodobacterales|Paracoccaceae|Haematobacter|Haematobacter massiliensis;875041||Pseudomonadota|Alphaproteobacteria|Rhodobacterales|Paracoccaceae|Neogemmobacter|Neogemmobacter tilapiae;909926||Pseudomonadota|Alphaproteobacteria|Rhodobacterales|Paracoccaceae|Tabrizicola|Tabrizicola aquatica;933059||Pseudomonadota|Alphaproteobacteria|Rhodobacterales|Paracoccaceae|Gemmobacter|Gemmobacter aquatilis;1445661||Pseudomonadota|Alphaproteobacteria|Rhodobacterales|Paracoccaceae|Aliigemmobacter|Aliigemmobacter aestuarii;2030009||Pseudomonadota|Alphaproteobacteria|Rhodobacterales|Paracoccaceae|Pseudotabrizicola|Pseudotabrizicola formosa;2185115||Pseudomonadota|Alphaproteobacteria|Rhodobacterales|Paracoccaceae|Tabrizicola|Tabrizicola soli;2305252||Pseudomonadota|Alphaproteobacteria|Rhodobacterales|Paracoccaceae|Pseudotabrizicola|Pseudotabrizicola alkalilacus;2494374||Pseudomonadota|Alphaproteobacteria|Rhodobacterales|Paracoccaceae|Tabrizicola|Tabrizicola piscis;2709381||Pseudomonadota|Alphaproteobacteria|Rhodobacterales|Paracoccaceae|Pseudotabrizicola|Pseudotabrizicola algicola;2710650||Pseudomonadota|Alphaproteobacteria|Rhodobacterales|Paracoccaceae|Tabrizicola|Tabrizicola oligotrophica;2909234||Pseudomonadota|Alphaproteobacteria|Rhodobacterales|Paracoccaceae|Aliitabrizicola|Alitabrizicola rongguiensis	2568.803429
barcode14_120_filtered	196	0.078802	2496273	2496273||Bacillota|Clostridia|Caldicoprobacterales|Xylanivirgaceae|Xylanivirga|Xylanivirga thermophila	3683.210684
barcode14_120_filtered	198	0.000221	1527	1527||Bacillota|Clostridia|Lachnospirales|Lachnospiraceae|Anaerocolumna|Anaerocolumna aminovalerica	10.323411
barcode14_120_filtered	199	0.001403	1549638	1549638||Pseudomonadota|Betaproteobacteria|Burkholderiales|Burkholderiaceae|Quisquiliibacterium|Quisquiliibacterium transsilvanicum	65.561641
barcode14_120_filtered	203	0.000972	1297424	1297424||Bacillota|Clostridia|Eubacteriales|Oscillospiraceae|Anaerobacterium|Anaerobacterium chartisolvens	45.446549
barcode14_120_filtered	205	0.004681	1462919;2755051	1462919||Bacillota|Clostridia|Lachnospirales|Lachnospiraceae|Mobilitalea|Mobilitalea sibirica;2755051||Bacillota|Clostridia|Lachnospirales|Lachnospiraceae|Variimorphobacter|Variimorphobacter saccharofermentans	218.788522
barcode14_120_filtered	206	0.000257	3036359	3036359||Bacteroidota|Sphingobacteriia|Sphingobacteriales|Aurantibacillaceae|Aurantibacillus|Aurantibacillus circumpalustris	12.000000
barcode14_120_filtered	207	0.006508	203699	203699||Pseudomonadota|Betaproteobacteria|Burkholderiales|Alcaligenaceae|Derxia|Derxia gummosa	304.185818
barcode14_120_filtered	208	0.003701	74312;74313;657642;2813778	74312||Pseudomonadota|Alphaproteobacteria|Caulobacterales|Caulobacteraceae|Brevundimonas|Brevundimonas variabilis;74313||Pseudomonadota|Alphaproteobacteria|Caulobacterales|Caulobacteraceae|Brevundimonas|Brevundimonas subvibrioides;657642||Pseudomonadota|Alphaproteobacteria|Caulobacterales|Caulobacteraceae|Brevundimonas|Brevundimonas olei;2813778||Pseudomonadota|Alphaproteobacteria|Caulobacterales|Caulobacteraceae|Brevundimonas|Brevundimonas fontaquae	173.000000
barcode14_120_filtered	209	0.001274	185300	185300||Bacteroidota|Bacteroidia|Bacteroidales|Paludibacteraceae|Paludibacter|Paludibacter propionicigenes	59.555238
barcode14_120_filtered	210	0.003616	758823	758823||Candidatus Melainabacteria|Vampirovibriophyceae|Vampirovibrionales||Vampirovibrio|Vampirovibrio chlorellavorus	169.000039
barcode14_120_filtered	211	0.000497	48935;1305696	48935||Pseudomonadota|Alphaproteobacteria|Sphingomonadales|Sphingomonadaceae|Novosphingobium|Novosphingobium aromaticivorans;1305696||Pseudomonadota|Alphaproteobacteria|Sphingomonadales|Sphingomonadaceae|Novosphingobium|Novosphingobium arabidopsis	23.209534
barcode14_120_filtered	212	0.000278	1678841	1678841||Bacteroidota|Bacteroidia|Bacteroidales|Lentimicrobiaceae|Lentimicrobium|Lentimicrobium saccharophilum	13.000000
barcode14_120_filtered	213	0.002208	1604902	1604902||Bacillota|Clostridia|Eubacteriales|Clostridiaceae|Clostridium|Clostridium omnivorum	103.214901
barcode14_120_filtered	216	0.027579	642589	642589||Bacillota|Clostridia|Eubacteriales|Acutalibacteraceae|Caproiciproducens|Caproiciproducens galactitolivorans	1289.064236
barcode14_120_filtered	217	0.000428	1005039	1005039||Armatimonadota|Fimbriimonadia|Fimbriimonadales|Fimbriimonadaceae|Fimbriimonas|Fimbriimonas ginsengisoli	20.000000
barcode14_120_filtered	219	0.001712	2010828	2010828||Bacteroidota|Bacteroidia|Marinilabiliales|Prolixibacteraceae|Aquipluma|Aquipluma nitroreducens	79.999888
barcode14_120_filtered	221	0.000257	288966	288966||Bacillota|Clostridia|Lutisporales|Lutisporaceae|Lutispora|Lutispora thermophila	12.000000
barcode14_120_filtered	222	0.003122	913099	913099||Bacillota|Tissierellia|||Sedimentibacter|Sedimentibacter acidaminivorans	145.911775
barcode14_120_filtered	224	0.003252	1944642	1944642||Bacillota|Clostridia|Eubacteriales|Oscillospiraceae|Marasmitruncus|Marasmitruncus massiliensis	151.989384
barcode14_120_filtered	225	0.000644	130788	130788||Bacillota|Tissierellia|||Sedimentibacter|Sedimentibacter saalensis	30.088196
barcode14_120_filtered	226	0.001819	1141888	1141888||Pseudomonadota|Alphaproteobacteria|Sphingomonadales|Sphingomonadaceae|Sphingomonas|Sphingomonas difficilis	84.999425
barcode14_120_filtered	232	0.057304	2507161	2507161||Bacillota|Tissierellia|Tissierellales|Acidilutibacteraceae|Acidilutibacter|Acidilutibacter cellobiosedens	2678.387621
barcode14_120_filtered	233	0.000298	655338	655338||Bacillota|Clostridia|Eubacteriales|Clostridiaceae|Fervidicella|Fervidicella metallireducens	13.920883
barcode14_120_filtered	236	0.000440	1958944;2547397	1958944||Pseudomonadota|Alphaproteobacteria|Rhodobacterales|Paracoccaceae|Puniceibacterium|Puniceibacterium confluentis;2547397||Pseudomonadota|Alphaproteobacteria|Rhodobacterales|Paracoccaceae|Antarcticimicrobium|Antarcticimicrobium luteum	20.547181
barcode14_120_filtered	237	0.000235	2763654	2763654||Bacillota|Clostridia|Christensenellales|Christensenellaceae|Luoshenia|Luoshenia tenuis	11.000000
barcode14_120_filtered	240	0.000428	2884263	2884263||Actinomycetota|Acidimicrobiia|Acidimicrobiales|Iamiaceae|Dermatobacter|Dermatobacter hominis	19.999778
barcode14_120_filtered	243	0.000214	1157315;3350403	1157315||Bacillota|Clostridia|Eubacteriales|Clostridiaceae|Clostridium|Clostridium kogasense;3350403||Bacillota|Clostridia|Eubacteriales|Clostridiaceae|Clostridium|Clostridium caseinilyticum	10.000000
barcode14_120_filtered	244	0.001976	220343	220343||Pseudomonadota|Alphaproteobacteria|Rhodobacterales|Paracoccaceae|Gemmobacter|Gemmobacter nectariphilus	92.357961
barcode14_120_filtered	245	0.000642	373043	373043||Pseudomonadota|Alphaproteobacteria|Acetobacterales|Acetobacteraceae|Paeniroseomonas|Paeniroseomonas aquatica	30.000000
barcode14_120_filtered	246	0.000578	36845	36845||Bacillota|Clostridia|Eubacteriales|Clostridiaceae|Clostridium|Clostridium intestinale	27.000000
barcode14_120_filtered	248	0.000449	1337094	1337094||Bacillota|Clostridia|Eubacteriales|Oscillospiraceae|Ercella|Ercella succinigenes	21.000000
barcode14_120_filtered	253	0.000561	2771361	2771361||Pseudomonadota|Alphaproteobacteria|Acetobacterales|Roseomonadaceae|Roseococcus|Roseococcus microcysteis	26.214889
barcode14_120_filtered	254	0.001540	1348470	1348470||Pseudomonadota|Alphaproteobacteria|Hyphomonadales|Hyphomonadaceae|Asprobacter|Asprobacter aquaticus	72.000000
barcode14_120_filtered	255	0.001969	2820301	2820301||Bacillota|Clostridia|Eubacteriales|Acutalibacteraceae|Caproiciproducens|Caproiciproducens faecalis	92.022447
barcode14_120_filtered	257	0.000392	2307010	2307010||Bacillota|Clostridia|Lachnospirales|Lachnospiraceae|Candidatus Galacturonatibacter|Candidatus Galacturonatibacter soehngenii	18.330048
barcode15_120_filtered	2	0.005159	1076412	1076412||Bacillota|Negativicutes|Selenomonadales|Sporomusaceae|Pelosinus|Pelosinus defluvii	241.490197
barcode15_120_filtered	3	0.008650	29355;48256;396504	29355||Bacillota|Clostridia|Eubacteriales|Oscillospiraceae|Ruminiclostridium|Ruminiclostridium cellobioparum;48256||Bacillota|Clostridia|Eubacteriales|Oscillospiraceae|Ruminiclostridium|Ruminiclostridium hungatei;396504||Bacillota|Clostridia|Eubacteriales|Oscillospiraceae|Ruminiclostridium|Ruminiclostridium sufflavum	404.904470
barcode15_120_filtered	4	0.002360	1499;1521	1499||Bacillota|Clostridia|Eubacteriales|Oscillospiraceae|Ruminiclostridium|Ruminiclostridium josui;1521||Bacillota|Clostridia|Eubacteriales|Oscillospiraceae|Ruminiclostridium|Ruminiclostridium cellulolyticum	110.476039
barcode15_120_filtered	5	0.004400	84032	84032||Bacillota|Clostridia|Eubacteriales|Clostridiaceae|Clostridium|Clostridium thermosuccinogenes	205.961102
barcode15_120_filtered	7	0.000384	908809	908809||Bacillota|Clostridia|Eubacteriales|Clostridiaceae|Caloramator|Caloramator mitchellensis	17.976016
barcode15_120_filtered	9	0.000959	365349;380084	365349||Bacillota|Negativicutes|Selenomonadales|Sporomusaceae|Pelosinus|Pelosinus fermentans;380084||Bacillota|Negativicutes|Selenomonadales|Sporomusaceae|Pelosinus|Pelosinus propionicus	44.889386
barcode15_120_filtered	10	0.030651	659425	659425||Bacillota|Clostridia|Eubacteriales|Oscillospiraceae|Thermoclostridium|Thermoclostridium caenicola	1434.789891
barcode15_120_filtered	11	0.000449	2018669;3115649	2018669||Bacillota|Clostridia|Eubacteriales|Desulfitobacteriaceae|Desulfosporosinus|Desulfosporosinus fructosivorans;3115649||Bacillota|Clostridia|Eubacteriales|Desulfitobacteriaceae|Desulfosporosinus|Desulfosporosinus paludis	21.007242
barcode15_120_filtered	12	0.004122	288965	288965||Bacillota|Clostridia|Eubacteriales|Oscillospiraceae|Acetivibrio|Acetivibrio clariflavus	192.949984
barcode15_120_filtered	14	0.012584	394284	394284||Bacillota|Negativicutes|Selenomonadales|Sporomusaceae|Psychrosinus|Psychrosinus fermentans	589.055440
barcode15_120_filtered	16	0.001983	3375356	3375356||Bacillota|Clostridia|Eubacteriales|Desulfitobacteriaceae|Desulfitobacterium|Desulfitobacterium nosdiversum	92.806765
barcode15_120_filtered	18	0.001752	107709	107709||Verrucomicrobiota|Opitutia|Opitutales|Opitutaceae|Opitutus|Opitutus terrae	82.000000
barcode15_120_filtered	20	0.002206	112903;209080	112903||Bacillota|Negativicutes|Selenomonadales|Sporomusaceae|Propionispora|Propionispora vibrioides;209080||Bacillota|Negativicutes|Selenomonadales|Sporomusaceae|Propionispora|Propionispora hippei	103.247027
barcode15_120_filtered	22	0.003602	335605;386874;2303576;2904799;2908206;2908208;2992113	335605||Pseudomonadota|Alphaproteobacteria|Sphingomonadales|Sphingomonadaceae|Sphingomonas|Sphingomonas rosea;386874||Pseudomonadota|Alphaproteobacteria|Sphingomonadales|Sphingomonadaceae|Sphingomonas|Sphingomonas sediminicola;2303576||Pseudomonadota|Alphaproteobacteria|Sphingomonadales|Sphingomonadaceae|Sphingomonas|Sphingomonas mesophila;2904799||Pseudomonadota|Alphaproteobacteria|Sphingomonadales|Sphingomonadaceae|Sphingomonas|Sphingomonas cremea;2908206||Pseudomonadota|Alphaproteobacteria|Sphingomonadales|Sphingomonadaceae|Sphingomonas|Sphingomonas brevis;2908208||Pseudomonadota|Alphaproteobacteria|Sphingomonadales|Sphingomonadaceae|Sphingomonas|Sphingomonas alba;2992113||Pseudomonadota|Alphaproteobacteria|Sphingomonadales|Sphingomonadaceae|Sphingomonas|Sphingomonas arvum	168.597728
barcode15_120_filtered	23	0.001282	2590199;2918171;2922725;2925406	2590199||Myxococcota|Myxococcia|Myxococcales|Anaeromyxobacteraceae|Anaeromyxobacter|Anaeromyxobacter diazotrophicus;2918171||Myxococcota|Myxococcia|Myxococcales|Anaeromyxobacteraceae|Anaeromyxobacter|Anaeromyxobacter paludicola;2922725||Myxococcota|Myxococcia|Myxococcales|Anaeromyxobacteraceae|Anaeromyxobacter|Anaeromyxobacter soli;2925406||Myxococcota|Myxococcia|Myxococcales|Anaeromyxobacteraceae|Anaeromyxobacter|Anaeromyxobacter terrae	60.000000
barcode15_120_filtered	27	0.043910	70582;364039;391953;392597;413882;1547922;1597781;2315841;2732868;2742824;2824118;2944811;3119538	70582||Pseudomonadota|Betaproteobacteria|Burkholderiales||Aquabacterium|Aquabacterium citratiphilum;364039||Pseudomonadota|Betaproteobacteria|Burkholderiales|Sphaerotilaceae|Azohydromonas|Azohydromonas australica;391953||Pseudomonadota|Betaproteobacteria|Burkholderiales|Sphaerotilaceae|Aquincola|Aquincola tertiaricarbonis;392597||Pseudomonadota|Betaproteobacteria|Burkholderiales|Sphaerotilaceae|Piscinibacter|Piscinibacter aquaticus;413882||Pseudomonadota|Betaproteobacteria|Burkholderiales|Sphaerotilaceae|Caldimonas|Caldimonas brevitalea;1547922||Pseudomonadota|Betaproteobacteria|Burkholderiales|Sphaerotilaceae|Piscinibacter|Piscinibacter sakaiensis;1597781||Pseudomonadota|Betaproteobacteria|Burkholderiales||Eleftheria|Eleftheria terrae;2315841||Pseudomonadota|Betaproteobacteria|Burkholderiales|Sphaerotilaceae|Caldimonas|Caldimonas tepidiphila;2732868||Pseudomonadota|Betaproteobacteria|Burkholderiales|Sphaerotilaceae|Pseudaquabacterium|Pseudaquabacterium terrae;2742824||Pseudomonadota|Betaproteobacteria|Burkholderiales|Sphaerotilaceae|Piscinibacter|Piscinibacter koreensis;2824118||Pseudomonadota|Betaproteobacteria|Burkholderiales|Sphaerotilaceae|Ideonella|Ideonella alba;2944811||Pseudomonadota|Betaproteobacteria|Burkholderiales|Sphaerotilaceae|Caldimonas|Caldimonas mangrovi;3119538||Pseudomonadota|Betaproteobacteria|Burkholderiales|Sphaerotilaceae|Aquincola|Aquincola agrisoli	2055.454629
barcode15_120_filtered	31	0.000235	2066483	2066483|||Candidatus Babeliae|Candidatus Babeliales|Candidatus Chromulinivoraceae|Candidatus Chromulinivorax|Candidatus Chromulinivorax destructor	10.999999
barcode15_120_filtered	34	0.020240	258515	258515||Bacillota|Clostridia|Eubacteriales|Oscillospiraceae|Acetanaerobacterium|Acetanaerobacterium elongatum	947.471960
barcode15_120_filtered	36	0.001025	96232;2708020	96232||Pseudomonadota|Gammaproteobacteria|Legionellales|Legionellaceae|Legionella|Legionella lytica;2708020||Pseudomonadota|Gammaproteobacteria|Legionellales|Legionellaceae|Legionella|Legionella antarctica	48.000000
barcode15_120_filtered	37	0.007691	192843;2527691;2596921;2793270;2987520;3386187	192843||Pseudomonadota|Betaproteobacteria|Burkholderiales|Comamonadaceae|Rhodoferax|Rhodoferax ferrireducens;2527691||Pseudomonadota|Betaproteobacteria|Burkholderiales|Comamonadaceae|Rhodoferax|Rhodoferax aquaticus;2596921||Pseudomonadota|Betaproteobacteria|Burkholderiales|Comamonadaceae|Caenimonas|Caenimonas sedimenti;2793270||Pseudomonadota|Betaproteobacteria|Burkholderiales|Comamonadaceae|Caenimonas|Caenimonas aquaedulcis;2987520||Pseudomonadota|Betaproteobacteria|Burkholderiales|Comamonadaceae|Acidovorax|Acidovorax benzenivorans;3386187||Pseudomonadota|Betaproteobacteria|Burkholderiales|Comamonadaceae|Candidatus Aalborgicola|Candidatus Aalborgicola defluviihabitans	360.004056
barcode15_120_filtered	38	0.001115	36854;49338	36854||Bacillota|Clostridia|Eubacteriales|Desulfitobacteriaceae|Desulfitobacterium|Desulfitobacterium dehalogenans;49338||Bacillota|Clostridia|Eubacteriales|Desulfitobacteriaceae|Desulfitobacterium|Desulfitobacterium hafniense	52.185993
barcode15_120_filtered	39	0.000385	673862	673862|||Candidatus Babeliae|Candidatus Babeliales|Candidatus Babeliaceae|Candidatus Babela|Candidatus Babela massiliensis	18.000001
barcode15_120_filtered	40	0.002756	1860101;1860102;2954386;2976531	1860101||Pseudomonadota|Betaproteobacteria|Rhodocyclales|Rhodocyclaceae|Propionivibrio|Candidatus Propionivibrio aalborgensis;1860102||Pseudomonadota|Betaproteobacteria|||Candidatus Accumulibacter|Candidatus Accumulibacter aalborgensis;2954386||Pseudomonadota|Betaproteobacteria|||Candidatus Accumulibacter|Candidatus Accumulibacter necessarius;2976531||Pseudomonadota|Betaproteobacteria|Rhodocyclales|Rhodocyclaceae|Propionivibrio|Propionivibrio soli	129.000000
barcode15_120_filtered	42	0.001260	45393;2588534	45393||Pseudomonadota|Betaproteobacteria|Nitrosomonadales|Methylophilaceae|Methylophilus|Methylophilus leisingeri;2588534||Pseudomonadota|Betaproteobacteria|Nitrosomonadales|Methylophilaceae|Methylophilus|Methylophilus medardicus	59.000000
barcode15_120_filtered	44	0.000919	1803913	1803913||Pseudomonadota|Gammaproteobacteria|Steroidobacterales|Steroidobacteraceae|Steroidobacter|Steroidobacter cummioxidans	43.000000
barcode15_120_filtered	45	0.004997	1379270;2732249	1379270||Gemmatimonadota|Gemmatimonadia|Gemmatimonadales|Gemmatimonadaceae|Gemmatimonas|Gemmatimonas phototrophica;2732249||Gemmatimonadota|Gemmatimonadia|Gemmatimonadales|Gemmatimonadaceae|Gemmatimonas|Gemmatimonas groenlandica	233.906303
barcode15_120_filtered	48	0.002542	38402;225084;2683714	38402||Bacillota|Erysipelotrichia|Erysipelotrichales|Erysipelotrichaceae|Erysipelothrix|Erysipelothrix tonsillarum;225084||Bacillota|Erysipelotrichia|Erysipelotrichales|Erysipelotrichaceae|Erysipelothrix|Erysipelothrix inopinata;2683714||Bacillota|Erysipelotrichia|Erysipelotrichales|Erysipelotrichaceae|Erysipelothrix|Erysipelothrix aquatica	119.000000
barcode15_120_filtered	49	0.001068	1236215	1236215||Bacillota|Clostridia|Eubacteriales|Peptococcaceae|Desulfovectis|Desulfovectis peckii	50.000000
barcode15_120_filtered	50	0.001414	1488331;1537567	1488331||Bacillota|Clostridia|Eubacteriales|Eubacteriales Family XII. Incertae Sedis|Fusibacter|Fusibacter bizertensis;1537567||Bacillota|Clostridia|Eubacteriales|Eubacteriales Family XII. Incertae Sedis|Fusibacter|Fusibacter fontis	66.178263
barcode15_120_filtered	52	0.001879	270498;626937;1805714;1816678;2763033	270498||Bacillota|Clostridia|Christensenellales|Christensenellaceae|Christensenella|Christensenella hongkongensis;626937||Bacillota|Clostridia|Christensenellales|Christensenellaceae|Christensenella|Christensenella minuta;1805714||Bacillota|Clostridia|Christensenellales|Christensenellaceae|Christensenella|Christensenella massiliensis;1816678||Bacillota|Clostridia|Christensenellales|Christensenellaceae|Christensenella|Christensenella timonensis;2763033||Bacillota|Clostridia|Christensenellales|Christensenellaceae|Christensenella|Christensenella tenuis	87.973355
barcode15_120_filtered	54	0.083649	1515;253314	1515||Bacillota|Clostridia|Eubacteriales|Oscillospiraceae|Acetivibrio|Acetivibrio thermocellus;253314||Bacillota|Clostridia|Eubacteriales|Oscillospiraceae|Acetivibrio|Acetivibrio straminisolvens	3915.703335
barcode15_120_filtered	55	0.025888	433293;1679721	433293||Bacillota|Clostridia|Lachnospirales|Lachnospiraceae|Anaerotaenia|Anaerotaenia torta;1679721||Bacillota|Clostridia|Lachnospirales|Lachnospiraceae|Herbinix|Herbinix luporum	1211.852608
barcode15_120_filtered	56	0.013132	1650661;1673721;1689270;2108523;2763052;2763053;2763059;2986526;3133171	1650661||Bacillota|Clostridia|Eubacteriales|Clostridiaceae|Clostridium|Clostridium phoceensis;1673721||Bacillota|Clostridia|Eubacteriales||Intestinimonas|Intestinimonas massiliensis (ex Afouda et al. 2020);1689270||Bacillota|Clostridia|Eubacteriales||Intestinimonas|Intestinimonas timonensis;2108523||Bacillota|Clostridia|Eubacteriales|Oscillospiraceae|Lawsonibacter|Lawsonibacter asaccharolyticus;2763052||Bacillota|Clostridia|Eubacteriales|Oscillospiraceae|Lawsonibacter|Lawsonibacter faecis;2763053||Bacillota|Clostridia|Eubacteriales|Oscillospiraceae|Lawsonibacter|Lawsonibacter hominis;2763059||Bacillota|Clostridia|Eubacteriales|Oscillospiraceae|Pseudoflavonifractor|Pseudoflavonifractor hominis;2986526||Bacillota|Clostridia|Eubacteriales|Oscillospiraceae|Lawsonibacter|Lawsonibacter celer;3133171||Bacillota|Clostridia|Eubacteriales|Oscillospiraceae|Pseudoflavonifractor|Pseudoflavonifractor intestinihominis	614.739881
barcode15_120_filtered	58	0.029585	2576756	2576756||Bacillota|Clostridia|Eubacteriales|Acutalibacteraceae|Caproicibacter|Caproicibacter fermentans	1384.923134
barcode15_120_filtered	60	0.001582	2763047;2981773	2763047||Bacillota|Clostridia|Eubacteriales||Flintibacter|Flintibacter faecis;2981773||Bacillota|Clostridia|Eubacteriales|Oscillospiraceae|Muriventricola|Muriventricola aceti	74.034300
barcode15_120_filtered	61	0.000940	2530451;2764187;2780087;2801330	2530451||Pseudomonadota|Betaproteobacteria|Burkholderiales|Comamonadaceae|Ramlibacter|Ramlibacter humi;2764187||Pseudomonadota|Betaproteobacteria|Burkholderiales|Comamonadaceae|Ramlibacter|Ramlibacter cellulosilyticus;2780087||Pseudomonadota|Betaproteobacteria|Burkholderiales|Comamonadaceae|Ramlibacter|Ramlibacter pallidus;2801330||Pseudomonadota|Betaproteobacteria|Burkholderiales|Comamonadaceae|Ramlibacter|Ramlibacter aurantiacus	43.995944
barcode15_120_filtered	62	0.000570	2763677	2763677||Bacillota|Clostridia|Eubacteriales|Oscillospiraceae|Zongyangia|Zongyangia hominis	26.662512
barcode15_120_filtered	65	0.003007	351091;2763042	351091||Bacillota|Clostridia|Eubacteriales|Oscillospiraceae|Oscillibacter|Oscillibacter valericigenes;2763042||Bacillota|Clostridia|Eubacteriales|Oscillospiraceae|Dysosmobacter|Dysosmobacter segnis	140.739867
barcode15_120_filtered	66	0.000965	1147123	1147123||Bacillota|Clostridia|Eubacteriales|Clostridiaceae|Caloramator|Caloramator quimbayensis	45.170754
barcode15_120_filtered	70	0.000342	1852363	1852363||Bacillota|Clostridia|Eubacteriales|Beduinellaceae|Beduinella|Beduinella massiliensis	16.000000
barcode15_120_filtered	71	0.000577	286730;1965019	286730||Bacteroidota|Bacteroidia|Marinilabiliales|Marinilabiliaceae|Alkaliflexus|Alkaliflexus imshenetskii;1965019||Bacteroidota|Bacteroidia|Marinilabiliales|Marinilabiliaceae|Geofilum|Geofilum rhodophaeum	27.031708
barcode15_120_filtered	75	0.002038	12917;80878;553814;758826	12917||Pseudomonadota|Betaproteobacteria|Burkholderiales|Comamonadaceae|Acidovorax|Acidovorax facilis;80878||Pseudomonadota|Betaproteobacteria|Burkholderiales|Comamonadaceae|Acidovorax|Acidovorax temperans;553814||Pseudomonadota|Betaproteobacteria|Burkholderiales|Comamonadaceae|Acidovorax|Acidovorax carolinensis;758826||Pseudomonadota|Betaproteobacteria|Burkholderiales|Comamonadaceae|Acidovorax|Acidovorax radicis	95.383083
barcode15_120_filtered	78	0.000876	1804990;2963406;2994971	1804990||Actinomycetota|Actinomycetes|Micrococcales|Microbacteriaceae|Microcella|Microcella flavibacter;2963406||Actinomycetota|Actinomycetes|Micrococcales|Microbacteriaceae|Microcella|Microcella humidisoli;2994971||Actinomycetota|Actinomycetes|Micrococcales|Microbacteriaceae|Microcella|Microcella daejeonensis	40.998208
barcode15_120_filtered	79	0.000748	65655	65655||Pseudomonadota|Betaproteobacteria|Burkholderiales|Comamonadaceae|Hydrogenophaga|Hydrogenophaga palleronii	35.000000
barcode15_120_filtered	80	0.000427	474960	474960||Bacillota|Clostridia|Eubacteriales|Oscillospiraceae|Hydrogenoanaerobacterium|Hydrogenoanaerobacterium saccharovorans	20.000000
barcode15_120_filtered	82	0.002991	985	985||Bacteroidota|Cytophagia|Cytophagales|Cytophagaceae|Cytophaga|Cytophaga hutchinsonii	140.000000
barcode15_120_filtered	83	0.000989	1794912	1794912||Bacillota|Negativicutes||Acetonemataceae|Anaerosporomusa|Anaerosporomusa subterranea	46.315661
barcode15_120_filtered	86	0.001976	1940525;2283627	1940525||Bacteroidota|Bacteroidia|Marinilabiliales|Marinifilaceae|Labilibaculum|Labilibaculum manganireducens;2283627||Bacteroidota|Bacteroidia|Marinilabiliales|Marinifilaceae|Ancylomarina|Ancylomarina euxinus	92.516130
barcode15_120_filtered	88	0.006440	1958780;2045012;2991836	1958780||Bacillota|Clostridia|Eubacteriales|Clostridiaceae|Clostridium|Clostridium merdae;2045012||Bacillota|Clostridia|Eubacteriales|Clostridiaceae|Clostridium|Clostridium minihomine;2991836||Bacillota|Clostridia|Eubacteriales|Oscillospiraceae|Faecalispora|Faecalispora anaeroviscerum	301.474670
barcode15_120_filtered	90	0.001480	44749	44749||Bacillota|Clostridia|Eubacteriales|Oscillospiraceae|Sporobacter|Sporobacter termitidis	69.257037
barcode15_120_filtered	92	0.001453	1855912	1855912||Acidobacteriota|Vicinamibacteria|Vicinamibacterales|Vicinamibacteraceae|Luteitalea|Luteitalea pratensis	68.000000
barcode15_120_filtered	97	0.008770	1550;1499683	1550||Bacillota|Clostridia|Eubacteriales|Clostridiaceae|Clostridium|Clostridium subterminale;1499683||Bacillota|Clostridia|Eubacteriales|Clostridiaceae|Clostridium|Clostridium culturomicium	410.544870
barcode15_120_filtered	98	0.000214	185243	185243||Actinomycetota|Actinomycetes|Propionibacteriales|Nocardioidaceae|Propionicimonas|Propionicimonas paludicola	10.000000
barcode15_120_filtered	99	0.001068	47671	47671||Pseudomonadota|Betaproteobacteria|Burkholderiales|Burkholderiaceae|Lautropia|Lautropia mirabilis	49.997587
barcode15_120_filtered	100	0.110967	1096341	1096341||Bacillota|Clostridia|Eubacteriales|Clostridiaceae|Fonticella|Fonticella tunisiensis	5194.489347
barcode15_120_filtered	104	0.000966	1716543	1716543||Bacillota|Clostridia|Eubacteriales|Clostridiaceae|Clostridium|Clostridium thermarum	45.221764
barcode15_120_filtered	105	0.064205	36849	36849||Bacillota|Clostridia|Eubacteriales|Clostridiaceae|Oxobacter|Oxobacter pfennigii	3005.487059
barcode15_120_filtered	106	0.002457	253239	253239||Bacillota|Clostridia|Eubacteriales|Oscillospiraceae|Ethanoligenens|Ethanoligenens harbinense	114.995809
barcode15_120_filtered	107	0.000479	1511	1511||Bacillota|Clostridia|Peptostreptococcales|Filifactoraceae|Acetoanaerobium|Acetoanaerobium sticklandii	22.428810
barcode15_120_filtered	108	0.001154	933068	933068||Fusobacteriota|Fusobacteriia|Fusobacteriales|Fusobacteriaceae|Ilyobacter|Ilyobacter delafieldii	53.999980
barcode15_120_filtered	109	0.004347	217159	217159||Bacillota|Clostridia|Eubacteriales|Clostridiaceae|Clostridium|Clostridium carboxidivorans	203.468200
barcode15_120_filtered	112	0.002692	2836848;3240932	2836848||Bacillota|Clostridia|Eubacteriales|Clostridiaceae|Clostridium|Clostridium aromativorans;3240932||Bacillota|Clostridia|Eubacteriales|Clostridiaceae|Clostridium|Clostridium moutaii	126.000000
barcode15_120_filtered	113	0.000403	219748;1054297	219748||Bacillota|Clostridia|Eubacteriales|Clostridiaceae|Clostridium|Clostridium tunisiense;1054297||Bacillota|Clostridia|Eubacteriales|Clostridiaceae|Clostridium|Clostridium punense	18.885013
barcode15_120_filtered	114	0.003952	392610;940136;1078469;1282858	392610||Pseudomonadota|Alphaproteobacteria|Sphingomonadales|Sphingorhabdaceae|Sphingorhabdus|Sphingorhabdus lacus;940136||Pseudomonadota|Alphaproteobacteria|Sphingomonadales|Sphingorhabdaceae|Sphingorhabdus|Sphingorhabdus wooponensis;1078469||Pseudomonadota|Alphaproteobacteria|Sphingomonadales|Sphingorhabdaceae|Sphingorhabdus|Sphingorhabdus planktonica;1282858||Pseudomonadota|Alphaproteobacteria|Sphingomonadales|Sphingorhabdaceae|Sphingorhabdus|Sphingorhabdus rigui	184.991473
barcode15_120_filtered	115	0.001796	2014610	2014610||Gemmatimonadota|Gemmatimonadia|Gemmatimonadales|Gemmatimonadaceae|Roseisolibacter|Roseisolibacter agri	84.093497
barcode15_120_filtered	118	0.001044	100176	100176||Bacillota|Clostridia|Eubacteriales|Oscillospiraceae|Papillibacter|Papillibacter cinnamivorans	48.886513
barcode15_120_filtered	120	0.029503	397260;529705;1632740;2305907;2698828;2873268;3103142;3163295	397260||Pseudomonadota|Alphaproteobacteria|Sphingomonadales|Sphingomonadaceae|Sphingomonas|Sphingomonas sanxanigenens;529705||Pseudomonadota|Alphaproteobacteria|Sphingomonadales|Sphingomonadaceae|Sphingomonas|Sphingomonas changbaiensis;1632740||Pseudomonadota|Alphaproteobacteria|Sphingomonadales|Sphingomonadaceae|Sphingomonas|Sphingomonas zeicaulis;2305907||Pseudomonadota|Alphaproteobacteria|Sphingomonadales|Sphingomonadaceae|Sphingomonas|Sphingomonas gilva;2698828||Pseudomonadota|Alphaproteobacteria|Sphingomonadales|Sphingomonadaceae|Sphingomonas|Sphingomonas lacunae;2873268||Pseudomonadota|Alphaproteobacteria|Sphingomonadales|Sphingomonadaceae|Hephaestia|Hephaestia mangrovi;3103142||Pseudomonadota|Alphaproteobacteria|Sphingomonadales|Sphingomonadaceae|Sphingomonas|Sphingomonas rustica;3163295||Pseudomonadota|Alphaproteobacteria|Sphingomonadales|Sphingomonadaceae|Sphingomonas|Sphingomonas plantiphila	1381.073207
barcode15_120_filtered	121	0.002136	2941510	2941510||Bacillota|Clostridia|Eubacteriales|Pumilibacteraceae|Pumilibacter|Pumilibacter muris	99.999971
barcode15_120_filtered	122	0.001730	1367462;2940653;3381661	1367462||Bacillota|Clostridia|Eubacteriales|Clostridiaceae|Clostridium|Clostridium swellfunianum;2940653||Bacillota|Clostridia|Eubacteriales|Clostridiaceae|Clostridium|Clostridium caldaquaticum;3381661||Bacillota|Clostridia|Eubacteriales|Clostridiaceae|Clostridium|Candidatus Clostridium stratigraminis	80.997992
barcode15_120_filtered	123	0.001403	2038680	2038680||Bacillota|Clostridia|Eubacteriales|Oscillospiraceae|Paludihabitans|Paludihabitans psychrotolerans	65.684545
barcode15_120_filtered	124	0.008978	2528036;2583234;2593021;2670345;2699202;2852097	2528036||Pseudomonadota|Alphaproteobacteria|Rhodobacterales|Paracoccaceae|Tabrizicola|Tabrizicola caldifontis;2583234||Pseudomonadota|Alphaproteobacteria|Rhodobacterales|Paracoccaceae|Paragemmobacter|Paragemmobacter kunshanensis;2593021||Pseudomonadota|Alphaproteobacteria|Rhodobacterales|Paracoccaceae|Tabrizicola|Tabrizicola flagellatus;2670345||Pseudomonadota|Alphaproteobacteria|Rhodobacterales|Paracoccaceae|Tabrizicola|Tabrizicola thermarum;2699202||Pseudomonadota|Alphaproteobacteria|Rhodobacterales|Paracoccaceae|Stagnihabitans|Stagnihabitans tardus;2852097||Pseudomonadota|Alphaproteobacteria|Rhodobacterales|Paracoccaceae|Paragemmobacter|Paragemmobacter amnigenus	420.258988
barcode15_120_filtered	125	0.031762	320502	320502||Bacillota|Clostridia|Eubacteriales|Oscillospiraceae|Acetivibrio|Acetivibrio alkalicellulosi	1486.824111
barcode15_120_filtered	126	0.001709	1503981;2054628	1503981||Pseudomonadota|Alphaproteobacteria|Sphingomonadales|Erythrobacteraceae|Alteraurantiacibacter|Alteraurantiacibacter buctensis;2054628||Pseudomonadota|Alphaproteobacteria|Sphingomonadales|Erythrobacteraceae|Alteraurantiacibacter|Alteraurantiacibacter palmitatis	79.990067
barcode15_120_filtered	127	0.002147	1428345;2184016;2766473;2911368	1428345||Pseudomonadota|Alphaproteobacteria|Acetobacterales|Roseomonadaceae|Falsiroseomonas|Falsiroseomonas wooponensis;2184016||Pseudomonadota|Alphaproteobacteria|Acetobacterales|Roseomonadaceae|Falsiroseomonas|Falsiroseomonas bella;2766473||Pseudomonadota|Alphaproteobacteria|Acetobacterales|Roseomonadaceae|Falsiroseomonas|Falsiroseomonas oryzae;2911368||Pseudomonadota|Alphaproteobacteria|Acetobacterales|Roseomonadaceae|Falsiroseomonas|Falsiroseomonas oryziterrae	100.511562
barcode15_120_filtered	131	0.000369	1870986	1870986||Bacillota|Clostridia|Eubacteriales||Colidextribacter|Colidextribacter massiliensis	17.255216
barcode15_120_filtered	132	0.001004	2607497	2607497||Actinomycetota|Actinomycetes|Micrococcales|Cellulomonadaceae|Actinotalea|Actinotalea subterranea	47.000000
barcode15_120_filtered	134	0.002760	173676;1778672;2871811;3056842	173676||Pseudomonadota|Alphaproteobacteria|Sphingomonadales|Sphingomonadaceae|Novosphingobium|Novosphingobium hassiacum;1778672||Pseudomonadota|Alphaproteobacteria|Sphingomonadales|Sphingomonadaceae|Novosphingobium|Novosphingobium flavum;2871811||Pseudomonadota|Alphaproteobacteria|Sphingomonadales|Sphingomonadaceae|Novosphingobium|Novosphingobium percolationis;3056842||Pseudomonadota|Alphaproteobacteria|Sphingomonadales|Sphingomonadaceae|Novosphingobium|Novosphingobium pituita	129.215259
barcode15_120_filtered	135	0.000491	1427356	1427356||Pseudomonadota|Alphaproteobacteria|Hyphomicrobiales|Hyphomicrobiaceae|Hyphomicrobium|Hyphomicrobium nitrativorans	23.000000
barcode15_120_filtered	137	0.004533	29353;35830	29353||Bacillota|Clostridia|Eubacteriales|Oscillospiraceae|Acetivibrio|Acetivibrio aldrichii;35830||Bacillota|Clostridia|Eubacteriales|Oscillospiraceae|Acetivibrio|Acetivibrio cellulolyticus	212.204688
barcode15_120_filtered	139	0.006357	33052;173675;574956;651663;2871171	33052||Pseudomonadota|Alphaproteobacteria|Sphingomonadales|Sphingopyxidaceae|Sphingopyxis|Sphingopyxis terrae;173675||Pseudomonadota|Alphaproteobacteria|Sphingomonadales|Sphingopyxidaceae|Sphingopyxis|Sphingopyxis witflariensis;574956||Pseudomonadota|Alphaproteobacteria|Sphingomonadales|Sphingomonadaceae|Novosphingobium|Novosphingobium soli;651663||Pseudomonadota|Alphaproteobacteria|Sphingomonadales|Sphingopyxidaceae|Sphingopyxis|Sphingopyxis bauzanensis;2871171||Pseudomonadota|Alphaproteobacteria|Sphingomonadales|Sphingopyxidaceae|Sphingopyxis|Sphingopyxis jiangsuensis	297.558818
barcode15_120_filtered	143	0.003184	879969	879969||Bacteroidota|Bacteroidia|Bacteroidales|Porphyromonadaceae|Macellibacteroides|Macellibacteroides fermentans	149.034585
barcode15_120_filtered	144	0.000641	2655001	2655001||Bacillota|Clostridia|Eubacteriales|Eubacteriaceae|Alkalibaculum|Alkalibaculum sporogenes	29.999775
barcode15_120_filtered	145	0.000901	112729;568790	112729||Bacillota|Clostridia|Eubacteriales|Clostridiaceae|Caloramator|Caloramator viterbiensis;568790||Bacillota|Clostridia|Eubacteriales|Clostridiaceae|Caloramator|Caloramator boliviensis	42.180769
barcode15_120_filtered	148	0.002108	1495	1495||Bacillota|Clostridia|Eubacteriales|Clostridiaceae|Clostridium|Clostridium cylindrosporum	98.657540
barcode15_120_filtered	149	0.021899	1112;35811;198312;1161202;1532023;2509361;2969984;2987523;3019556;3127706	1112||Pseudomonadota|Alphaproteobacteria|Sphingomonadales|Erythrobacteraceae|Erythrobacter|Erythrobacter neustonensis;35811||Pseudomonadota|Alphaproteobacteria|Sphingomonadales|Erythrobacteraceae|Erythrobacter|Erythrobacter ramosus;198312||Pseudomonadota|Alphaproteobacteria|Sphingomonadales|Erythrobacteraceae|Erythrobacter|Erythrobacter sanguineus;1161202||Pseudomonadota|Alphaproteobacteria|Sphingomonadales|Erythrobacteraceae|Erythrobacter|Erythrobacter colymbi;1532023||Pseudomonadota|Alphaproteobacteria|Sphingomonadales|Erythrobacteraceae|Qipengyuania|Qipengyuania sediminis;2509361||Pseudomonadota|Alphaproteobacteria|Sphingomonadales|Erythrobacteraceae|Qipengyuania|Qipengyuania thermophila;2969984||Pseudomonadota|Alphaproteobacteria|Sphingomonadales|Erythrobacteraceae|Parerythrobacter|Parerythrobacter lacustris;2987523||Pseudomonadota|Alphaproteobacteria|Sphingomonadales|Erythrobacteraceae|Erythrobacter|Erythrobacter fulvus;3019556||Pseudomonadota|Alphaproteobacteria|Sphingomonadales|Erythrobacteraceae|Erythrobacter|Erythrobacter oryzae;3127706||Pseudomonadota|Alphaproteobacteria|Sphingomonadales|Erythrobacteraceae|Parerythrobacter|Parerythrobacter aurantius	1025.131815
barcode15_120_filtered	150	0.006709	1439888;1981098;2672568;2675220	1439888||Pseudomonadota|Alphaproteobacteria|Sphingomonadales|Sphingosinicellaceae|Sandarakinorhabdus|Sandarakinorhabdus fusca;1981098||Pseudomonadota|Alphaproteobacteria|Sphingomonadales|Sphingosinicellaceae|Sandarakinorhabdus|Sandarakinorhabdus cyanobacteriorum;2672568||Pseudomonadota|Alphaproteobacteria|Sphingomonadales|Sphingosinicellaceae|Sandarakinorhabdus|Sandarakinorhabdus rubra;2675220||Pseudomonadota|Alphaproteobacteria|Sphingomonadales|Sphingosinicellaceae|Sandarakinorhabdus|Sandarakinorhabdus oryzae	314.041398
barcode15_120_filtered	151	0.001196	2675059;2675060	2675059||Pseudomonadota|Gammaproteobacteria|Lysobacterales|Lysobacteraceae|Lysobacter|Lysobacter helvus;2675060||Pseudomonadota|Gammaproteobacteria|Lysobacterales|Lysobacteraceae|Lysobacter|Lysobacter xanthus	56.000000
barcode15_120_filtered	153	0.004493	433286;1727145;2696063	433286||Bacillota|Clostridia|Lachnospirales|Lachnospiraceae|Anaerocolumna|Anaerocolumna cellulosilytica;1727145||Bacillota|Clostridia|Lachnospirales|Lachnospiraceae|Anaerocolumna|Anaerocolumna chitinilytica;2696063||Bacillota|Clostridia|Lachnospirales|Lachnospiraceae|Anaerocolumna|Anaerocolumna sedimenticola	210.298868
barcode15_120_filtered	154	0.000375	1841868	1841868||Bacillota|Clostridia|Eubacteriales|Oscillospiraceae|Provencibacterium|Provencibacterium massiliense	17.547278
barcode15_120_filtered	155	0.001146	1460355;2320861;2707068;2771430;2938948	1460355||Pseudomonadota|Alphaproteobacteria|Sphingomonadales|Sphingomonadaceae|Sphingomonas|Sphingomonas mohensis;2320861||Pseudomonadota|Alphaproteobacteria|Sphingomonadales|Sphingomonadaceae|Sphingomonas|Sphingomonas cavernae;2707068||Pseudomonadota|Alphaproteobacteria|Sphingomonadales|Sphingomonadaceae|Sphingomonas|Sphingomonas montis;2771430||Pseudomonadota|Alphaproteobacteria|Sphingomonadales|Sphingomicrobiaceae|Allosphingosinicella|Allosphingosinicella flava;2938948||Pseudomonadota|Alphaproteobacteria|Sphingomonadales|Sphingomonadaceae|Sphingomonas|Sphingomonas glaciei	53.665185
barcode15_120_filtered	158	0.002400	2175090;2559804;2741495;2782540;2949094;3096161	2175090||Pseudomonadota|Alphaproteobacteria|Sphingomonadales|Sphingomonadaceae|Sphingomonas|Sphingomonas pokkalii;2559804||Pseudomonadota|Alphaproteobacteria|Sphingomonadales|Sphingomonadaceae|Sphingomonas|Sphingomonas flavalba;2741495||Pseudomonadota|Alphaproteobacteria|Sphingomonadales|Sphingomonadaceae|Sphingomonas|Sphingomonas hominis;2782540||Pseudomonadota|Alphaproteobacteria|Sphingomonadales|Sphingomonadaceae|Sphingomonas|Sphingomonas beigongshangi;2949094||Pseudomonadota|Alphaproteobacteria|Sphingomonadales|Sphingomonadaceae|Sphingomonas|Sphingomonas liriopis;3096161||Pseudomonadota|Alphaproteobacteria|Sphingomonadales|Sphingomonadaceae|Parasphingomonas|Parasphingomonas zepuensis	112.333455
barcode15_120_filtered	159	0.001855	2835040;2984948	2835040||Pseudomonadota|Alphaproteobacteria|Acetobacterales|Roseomonadaceae|Roseococcus|Roseococcus pinisoli;2984948||Pseudomonadota|Alphaproteobacteria|Acetobacterales|Acetobacteraceae|Sabulicella|Sabulicella glaciei	86.835628
barcode15_120_filtered	160	0.001193	410839;2994654	410839||Pseudomonadota|Alphaproteobacteria|Hyphomicrobiales|Kaistiaceae|Kaistia|Kaistia geumhonensis;2994654||Pseudomonadota|Alphaproteobacteria|Hyphomicrobiales|Kaistiaceae|Kaistia|Kaistia nematophila	55.856770
barcode15_120_filtered	162	0.000470	2897707	2897707||Bacillota|Clostridia|Eubacteriales|Oscillospiraceae|Merdimmobilis|Merdimmobilis hominis	22.007391
barcode15_120_filtered	163	0.000769	147266	147266||Pseudomonadota|Alphaproteobacteria|Hyphomicrobiales|Rhizobiaceae|Agrobacterium|Agrobacterium albertimagni	35.999996
barcode15_120_filtered	169	0.000278	1960156	1960156||Abditibacteriota|Abditibacteriia|Abditibacteriales|Abditibacteriaceae|Abditibacterium|Abditibacterium utsteinense	13.000000
barcode15_120_filtered	170	0.002820	484882;940141;2786951	484882||Pseudomonadota|Alphaproteobacteria|Acetobacterales|Roseomonadaceae|Falsiroseomonas|Falsiroseomonas stagni;940141||Pseudomonadota|Alphaproteobacteria|Acetobacterales|Roseomonadaceae|Falsiroseomonas|Falsiroseomonas riguiloci;2786951||Pseudomonadota|Alphaproteobacteria|Acetobacterales|Roseomonadaceae|Falsiroseomonas|Falsiroseomonas ponticola	131.995567
barcode15_120_filtered	171	0.001545	2759707;2913411	2759707||Pseudomonadota|Alphaproteobacteria|Sphingomonadales|Sphingosinicellaceae|Sandaracinobacteroides|Sandaracinobacteroides saxicola;2913411||Pseudomonadota|Alphaproteobacteria|Sphingomonadales|Sphingosinicellaceae|Sandaracinobacteroides|Sandaracinobacteroides sayramensis	72.325661
barcode15_120_filtered	177	0.004739	433287	433287||Bacillota|Clostridia|Lachnospirales|Anaerotignaceae|Anaerotignum|Anaerotignum aminivorans	221.836325
barcode15_120_filtered	180	0.001412	408174;443610;665118;2917991	408174||Pseudomonadota|Alphaproteobacteria|Hyphomicrobiales|Devosiaceae|Devosia|Devosia insulae;443610||Pseudomonadota|Alphaproteobacteria|Hyphomicrobiales|Devosiaceae|Devosia|Devosia geojensis;665118||Pseudomonadota|Alphaproteobacteria|Hyphomicrobiales|Devosiaceae|Devosia|Devosia enhydra;2917991||Pseudomonadota|Alphaproteobacteria|Hyphomicrobiales|Devosiaceae|Devosia|Devosia lacusdianchii	66.099422
barcode15_120_filtered	181	0.004168	52692	52692||Bacillota|Clostridia|Eubacteriales|Eubacteriaceae|Acetobacterium|Acetobacterium malicum	195.087875
barcode15_120_filtered	182	0.001046	1549748	1549748||Pseudomonadota|Alphaproteobacteria|Rhodospirillales|Kiloniellaceae|Kiloniella|Kiloniella litopenaei	48.969856
barcode15_120_filtered	184	0.021597	295419;687525;1123067;2585369;2817372	295419||Pseudomonadota|Alphaproteobacteria|Rhodobacterales|Roseobacteraceae|Rubellimicrobium|Rubellimicrobium thermophilum;687525||Pseudomonadota|Alphaproteobacteria|Rhodobacterales|Roseobacteraceae|Rubellimicrobium|Rubellimicrobium roseum;1123067||Pseudomonadota|Alphaproteobacteria|Rhodobacterales|Roseobacteraceae|Rubellimicrobium|Rubellimicrobium mesophilum;2585369||Pseudomonadota|Alphaproteobacteria|Rhodobacterales|Roseobacteraceae|Rubellimicrobium|Rubellimicrobium rubrum;2817372||Pseudomonadota|Alphaproteobacteria|Rhodobacterales|Roseobacteraceae|Rubellimicrobium|Rubellimicrobium arenae	1010.996628
barcode15_120_filtered	189	0.000726	1658620	1658620||Rhodothermota|Rhodothermia|Rhodothermales|Rubricoccaceae|Rubrivirga|Rubrivirga profundi	33.994067
barcode15_120_filtered	190	0.003189	937251	937251||Bacillota|Clostridia|Eubacteriales|Clostridiaceae|Youngiibacter|Youngiibacter multivorans	149.283443
barcode15_120_filtered	192	0.002000	1244894;1538021;1550728;1664572	1244894||Pseudomonadota|Alphaproteobacteria|Sphingomonadales|Sphingomonadaceae|Sphingomonas|Sphingomonas fonticola;1538021||Pseudomonadota|Alphaproteobacteria|Sphingomonadales|Sphingomonadaceae|Novosphingobium|Novosphingobium tardum;1550728||Pseudomonadota|Alphaproteobacteria|Sphingomonadales|Blastomonadaceae|Blastomonas|Blastomonas fulva;1664572||Pseudomonadota|Alphaproteobacteria|Sphingomonadales|Sphingomonadaceae|Sphingomonas|Sphingomonas piscinae	93.626118
barcode15_120_filtered	195	0.063502	195105;875041;909926;933059;1445661;2030009;2185115;2305252;2494374;2709381;2710650;2909234	195105||Pseudomonadota|Alphaproteobacteria|Rhodobacterales|Paracoccaceae|Haematobacter|Haematobacter massiliensis;875041||Pseudomonadota|Alphaproteobacteria|Rhodobacterales|Paracoccaceae|Neogemmobacter|Neogemmobacter tilapiae;909926||Pseudomonadota|Alphaproteobacteria|Rhodobacterales|Paracoccaceae|Tabrizicola|Tabrizicola aquatica;933059||Pseudomonadota|Alphaproteobacteria|Rhodobacterales|Paracoccaceae|Gemmobacter|Gemmobacter aquatilis;1445661||Pseudomonadota|Alphaproteobacteria|Rhodobacterales|Paracoccaceae|Aliigemmobacter|Aliigemmobacter aestuarii;2030009||Pseudomonadota|Alphaproteobacteria|Rhodobacterales|Paracoccaceae|Pseudotabrizicola|Pseudotabrizicola formosa;2185115||Pseudomonadota|Alphaproteobacteria|Rhodobacterales|Paracoccaceae|Tabrizicola|Tabrizicola soli;2305252||Pseudomonadota|Alphaproteobacteria|Rhodobacterales|Paracoccaceae|Pseudotabrizicola|Pseudotabrizicola alkalilacus;2494374||Pseudomonadota|Alphaproteobacteria|Rhodobacterales|Paracoccaceae|Tabrizicola|Tabrizicola piscis;2709381||Pseudomonadota|Alphaproteobacteria|Rhodobacterales|Paracoccaceae|Pseudotabrizicola|Pseudotabrizicola algicola;2710650||Pseudomonadota|Alphaproteobacteria|Rhodobacterales|Paracoccaceae|Tabrizicola|Tabrizicola oligotrophica;2909234||Pseudomonadota|Alphaproteobacteria|Rhodobacterales|Paracoccaceae|Aliitabrizicola|Alitabrizicola rongguiensis	2972.595711
barcode15_120_filtered	196	0.064007	2496273	2496273||Bacillota|Clostridia|Caldicoprobacterales|Xylanivirgaceae|Xylanivirga|Xylanivirga thermophila	2996.222154
barcode15_120_filtered	197	0.000432	95159	95159||Bacillota|Clostridia|Eubacteriales|Clostridiaceae|Caloramator|Caloramator coolhaasii	20.218710
barcode15_120_filtered	198	0.000324	1527	1527||Bacillota|Clostridia|Lachnospirales|Lachnospiraceae|Anaerocolumna|Anaerocolumna aminovalerica	15.172464
barcode15_120_filtered	199	0.001174	1549638	1549638||Pseudomonadota|Betaproteobacteria|Burkholderiales|Burkholderiaceae|Quisquiliibacterium|Quisquiliibacterium transsilvanicum	54.949850
barcode15_120_filtered	203	0.001018	1297424	1297424||Bacillota|Clostridia|Eubacteriales|Oscillospiraceae|Anaerobacterium|Anaerobacterium chartisolvens	47.671987
barcode15_120_filtered	205	0.003655	1462919;2755051	1462919||Bacillota|Clostridia|Lachnospirales|Lachnospiraceae|Mobilitalea|Mobilitalea sibirica;2755051||Bacillota|Clostridia|Lachnospirales|Lachnospiraceae|Variimorphobacter|Variimorphobacter saccharofermentans	171.078983
barcode15_120_filtered	206	0.000320	3036359	3036359||Bacteroidota|Sphingobacteriia|Sphingobacteriales|Aurantibacillaceae|Aurantibacillus|Aurantibacillus circumpalustris	15.000000
barcode15_120_filtered	207	0.006068	203699	203699||Pseudomonadota|Betaproteobacteria|Burkholderiales|Alcaligenaceae|Derxia|Derxia gummosa	284.042521
barcode15_120_filtered	208	0.005383	74312;74313;657642;2813778	74312||Pseudomonadota|Alphaproteobacteria|Caulobacterales|Caulobacteraceae|Brevundimonas|Brevundimonas variabilis;74313||Pseudomonadota|Alphaproteobacteria|Caulobacterales|Caulobacteraceae|Brevundimonas|Brevundimonas subvibrioides;657642||Pseudomonadota|Alphaproteobacteria|Caulobacterales|Caulobacteraceae|Brevundimonas|Brevundimonas olei;2813778||Pseudomonadota|Alphaproteobacteria|Caulobacterales|Caulobacteraceae|Brevundimonas|Brevundimonas fontaquae	251.999999
barcode15_120_filtered	209	0.001034	185300	185300||Bacteroidota|Bacteroidia|Bacteroidales|Paludibacteraceae|Paludibacter|Paludibacter propionicigenes	48.417578
barcode15_120_filtered	210	0.002948	758823	758823||Candidatus Melainabacteria|Vampirovibriophyceae|Vampirovibrionales||Vampirovibrio|Vampirovibrio chlorellavorus	138.000000
barcode15_120_filtered	211	0.000529	48935;1305696	48935||Pseudomonadota|Alphaproteobacteria|Sphingomonadales|Sphingomonadaceae|Novosphingobium|Novosphingobium aromaticivorans;1305696||Pseudomonadota|Alphaproteobacteria|Sphingomonadales|Sphingomonadaceae|Novosphingobium|Novosphingobium arabidopsis	24.785267
barcode15_120_filtered	213	0.001770	1604902	1604902||Bacillota|Clostridia|Eubacteriales|Clostridiaceae|Clostridium|Clostridium omnivorum	82.833850
barcode15_120_filtered	216	0.026026	642589	642589||Bacillota|Clostridia|Eubacteriales|Acutalibacteraceae|Caproiciproducens|Caproiciproducens galactitolivorans	1218.324050
barcode15_120_filtered	217	0.000726	1005039	1005039||Armatimonadota|Fimbriimonadia|Fimbriimonadales|Fimbriimonadaceae|Fimbriimonas|Fimbriimonas ginsengisoli	34.000000
barcode15_120_filtered	219	0.001474	2010828	2010828||Bacteroidota|Bacteroidia|Marinilabiliales|Prolixibacteraceae|Aquipluma|Aquipluma nitroreducens	69.000000
barcode15_120_filtered	222	0.002786	913099	913099||Bacillota|Tissierellia|||Sedimentibacter|Sedimentibacter acidaminivorans	130.403730
barcode15_120_filtered	224	0.003078	1944642	1944642||Bacillota|Clostridia|Eubacteriales|Oscillospiraceae|Marasmitruncus|Marasmitruncus massiliensis	144.087831
barcode15_120_filtered	225	0.000825	130788	130788||Bacillota|Tissierellia|||Sedimentibacter|Sedimentibacter saalensis	38.596270
barcode15_120_filtered	226	0.001404	1141888	1141888||Pseudomonadota|Alphaproteobacteria|Sphingomonadales|Sphingomonadaceae|Sphingomonas|Sphingomonas difficilis	65.720004
barcode15_120_filtered	232	0.050823	2507161	2507161||Bacillota|Tissierellia|Tissierellales|Acidilutibacteraceae|Acidilutibacter|Acidilutibacter cellobiosedens	2379.056399
barcode15_120_filtered	233	0.000579	655338	655338||Bacillota|Clostridia|Eubacteriales|Clostridiaceae|Fervidicella|Fervidicella metallireducens	27.123430
barcode15_120_filtered	240	0.000620	2884263	2884263||Actinomycetota|Acidimicrobiia|Acidimicrobiales|Iamiaceae|Dermatobacter|Dermatobacter hominis	29.000000
barcode15_120_filtered	243	0.000373	1157315;3350403	1157315||Bacillota|Clostridia|Eubacteriales|Clostridiaceae|Clostridium|Clostridium kogasense;3350403||Bacillota|Clostridia|Eubacteriales|Clostridiaceae|Clostridium|Clostridium caseinilyticum	17.461606
barcode15_120_filtered	244	0.001391	220343	220343||Pseudomonadota|Alphaproteobacteria|Rhodobacterales|Paracoccaceae|Gemmobacter|Gemmobacter nectariphilus	65.094626
barcode15_120_filtered	245	0.000577	373043	373043||Pseudomonadota|Alphaproteobacteria|Acetobacterales|Acetobacteraceae|Paeniroseomonas|Paeniroseomonas aquatica	27.000000
barcode15_120_filtered	246	0.000278	36845	36845||Bacillota|Clostridia|Eubacteriales|Clostridiaceae|Clostridium|Clostridium intestinale	13.000000
barcode15_120_filtered	253	0.000750	2771361	2771361||Pseudomonadota|Alphaproteobacteria|Acetobacterales|Roseomonadaceae|Roseococcus|Roseococcus microcysteis	35.097829
barcode15_120_filtered	254	0.001346	1348470	1348470||Pseudomonadota|Alphaproteobacteria|Hyphomonadales|Hyphomonadaceae|Asprobacter|Asprobacter aquaticus	63.000000
barcode15_120_filtered	255	0.002094	2820301	2820301||Bacillota|Clostridia|Eubacteriales|Acutalibacteraceae|Caproiciproducens|Caproiciproducens faecalis	98.000000
barcode15_120_filtered	257	0.000309	2307010	2307010||Bacillota|Clostridia|Lachnospirales|Lachnospiraceae|Candidatus Galacturonatibacter|Candidatus Galacturonatibacter soehngenii	14.442377
barcode16_120_filtered	1	0.000625	233055	233055||Bacillota|Clostridia|Eubacteriales|Desulfitobacteriaceae|Desulfitobacterium|Desulfitobacterium dichloroeliminans	29.000000
barcode16_120_filtered	2	0.006393	1076412	1076412||Bacillota|Negativicutes|Selenomonadales|Sporomusaceae|Pelosinus|Pelosinus defluvii	296.713733
barcode16_120_filtered	3	0.039510	29355;48256;396504	29355||Bacillota|Clostridia|Eubacteriales|Oscillospiraceae|Ruminiclostridium|Ruminiclostridium cellobioparum;48256||Bacillota|Clostridia|Eubacteriales|Oscillospiraceae|Ruminiclostridium|Ruminiclostridium hungatei;396504||Bacillota|Clostridia|Eubacteriales|Oscillospiraceae|Ruminiclostridium|Ruminiclostridium sufflavum	1833.857811
barcode16_120_filtered	4	0.023354	1499;1521	1499||Bacillota|Clostridia|Eubacteriales|Oscillospiraceae|Ruminiclostridium|Ruminiclostridium josui;1521||Bacillota|Clostridia|Eubacteriales|Oscillospiraceae|Ruminiclostridium|Ruminiclostridium cellulolyticum	1083.995623
barcode16_120_filtered	5	0.000368	84032	84032||Bacillota|Clostridia|Eubacteriales|Clostridiaceae|Clostridium|Clostridium thermosuccinogenes	17.097509
barcode16_120_filtered	6	0.000763	59610	59610||Bacillota|Clostridia|Eubacteriales|Peptococcaceae|Desulforamulus|Desulforamulus reducens	35.400911
barcode16_120_filtered	9	0.001246	365349;380084	365349||Bacillota|Negativicutes|Selenomonadales|Sporomusaceae|Pelosinus|Pelosinus fermentans;380084||Bacillota|Negativicutes|Selenomonadales|Sporomusaceae|Pelosinus|Pelosinus propionicus	57.813300
barcode16_120_filtered	10	0.003024	659425	659425||Bacillota|Clostridia|Eubacteriales|Oscillospiraceae|Thermoclostridium|Thermoclostridium caenicola	140.370353
barcode16_120_filtered	11	0.000488	2018669;3115649	2018669||Bacillota|Clostridia|Eubacteriales|Desulfitobacteriaceae|Desulfosporosinus|Desulfosporosinus fructosivorans;3115649||Bacillota|Clostridia|Eubacteriales|Desulfitobacteriaceae|Desulfosporosinus|Desulfosporosinus paludis	22.672757
barcode16_120_filtered	12	0.002726	288965	288965||Bacillota|Clostridia|Eubacteriales|Oscillospiraceae|Acetivibrio|Acetivibrio clariflavus	126.547989
barcode16_120_filtered	13	0.001659	1032527	1032527||Verrucomicrobiota|Pedosphaerae|Pedosphaerales|Pedosphaeraceae|Pedosphaera|Pedosphaera parvula	77.000000
barcode16_120_filtered	14	0.012733	394284	394284||Bacillota|Negativicutes|Selenomonadales|Sporomusaceae|Psychrosinus|Psychrosinus fermentans	591.003216
barcode16_120_filtered	16	0.000979	3375356	3375356||Bacillota|Clostridia|Eubacteriales|Desulfitobacteriaceae|Desulfitobacterium|Desulfitobacterium nosdiversum	45.420581
barcode16_120_filtered	17	0.004375	2763673	2763673||Bacillota|Clostridia|Eubacteriales|Oscillospiraceae|Yanshouia|Yanshouia hominis	203.052910
barcode16_120_filtered	18	0.001527	107709	107709||Verrucomicrobiota|Opitutia|Opitutales|Opitutaceae|Opitutus|Opitutus terrae	70.853998
barcode16_120_filtered	19	0.004180	342666	342666||Bacillota|Clostridia|Eubacteriales|Gracilibacteraceae|Gracilibacter|Gracilibacter thermotolerans	194.013461
barcode16_120_filtered	20	0.002216	112903;209080	112903||Bacillota|Negativicutes|Selenomonadales|Sporomusaceae|Propionispora|Propionispora vibrioides;209080||Bacillota|Negativicutes|Selenomonadales|Sporomusaceae|Propionispora|Propionispora hippei	102.838025
barcode16_120_filtered	22	0.005390	335605;386874;2303576;2904799;2908206;2908208;2992113	335605||Pseudomonadota|Alphaproteobacteria|Sphingomonadales|Sphingomonadaceae|Sphingomonas|Sphingomonas rosea;386874||Pseudomonadota|Alphaproteobacteria|Sphingomonadales|Sphingomonadaceae|Sphingomonas|Sphingomonas sediminicola;2303576||Pseudomonadota|Alphaproteobacteria|Sphingomonadales|Sphingomonadaceae|Sphingomonas|Sphingomonas mesophila;2904799||Pseudomonadota|Alphaproteobacteria|Sphingomonadales|Sphingomonadaceae|Sphingomonas|Sphingomonas cremea;2908206||Pseudomonadota|Alphaproteobacteria|Sphingomonadales|Sphingomonadaceae|Sphingomonas|Sphingomonas brevis;2908208||Pseudomonadota|Alphaproteobacteria|Sphingomonadales|Sphingomonadaceae|Sphingomonas|Sphingomonas alba;2992113||Pseudomonadota|Alphaproteobacteria|Sphingomonadales|Sphingomonadaceae|Sphingomonas|Sphingomonas arvum	250.196590
barcode16_120_filtered	23	0.005752	2590199;2918171;2922725;2925406	2590199||Myxococcota|Myxococcia|Myxococcales|Anaeromyxobacteraceae|Anaeromyxobacter|Anaeromyxobacter diazotrophicus;2918171||Myxococcota|Myxococcia|Myxococcales|Anaeromyxobacteraceae|Anaeromyxobacter|Anaeromyxobacter paludicola;2922725||Myxococcota|Myxococcia|Myxococcales|Anaeromyxobacteraceae|Anaeromyxobacter|Anaeromyxobacter soli;2925406||Myxococcota|Myxococcia|Myxococcales|Anaeromyxobacteraceae|Anaeromyxobacter|Anaeromyxobacter terrae	266.980896
barcode16_120_filtered	24	0.000366	1203471	1203471||Thermodesulfobacteriota|Desulfuromonadia|Geobacterales|Geobacteraceae|Geotalea|Geotalea daltonii	17.000000
barcode16_120_filtered	25	0.000408	1514105	1514105||Bacillota|Erysipelotrichia|Erysipelotrichales|Erysipelotrichaceae|Erysipelothrix|Erysipelothrix larvae	18.928874
barcode16_120_filtered	26	0.005545	3046382;3046383	3046382||Bacillota|Clostridia|Eubacteriales|Aristaeellaceae|Aristaeella|Aristaeella hokkaidonensis;3046383||Bacillota|Clostridia|Eubacteriales|Aristaeellaceae|Aristaeella|Aristaeella lactis	257.372878
barcode16_120_filtered	27	0.027904	70582;364039;391953;392597;413882;1547922;1597781;2315841;2732868;2742824;2824118;2944811;3119538	70582||Pseudomonadota|Betaproteobacteria|Burkholderiales||Aquabacterium|Aquabacterium citratiphilum;364039||Pseudomonadota|Betaproteobacteria|Burkholderiales|Sphaerotilaceae|Azohydromonas|Azohydromonas australica;391953||Pseudomonadota|Betaproteobacteria|Burkholderiales|Sphaerotilaceae|Aquincola|Aquincola tertiaricarbonis;392597||Pseudomonadota|Betaproteobacteria|Burkholderiales|Sphaerotilaceae|Piscinibacter|Piscinibacter aquaticus;413882||Pseudomonadota|Betaproteobacteria|Burkholderiales|Sphaerotilaceae|Caldimonas|Caldimonas brevitalea;1547922||Pseudomonadota|Betaproteobacteria|Burkholderiales|Sphaerotilaceae|Piscinibacter|Piscinibacter sakaiensis;1597781||Pseudomonadota|Betaproteobacteria|Burkholderiales||Eleftheria|Eleftheria terrae;2315841||Pseudomonadota|Betaproteobacteria|Burkholderiales|Sphaerotilaceae|Caldimonas|Caldimonas tepidiphila;2732868||Pseudomonadota|Betaproteobacteria|Burkholderiales|Sphaerotilaceae|Pseudaquabacterium|Pseudaquabacterium terrae;2742824||Pseudomonadota|Betaproteobacteria|Burkholderiales|Sphaerotilaceae|Piscinibacter|Piscinibacter koreensis;2824118||Pseudomonadota|Betaproteobacteria|Burkholderiales|Sphaerotilaceae|Ideonella|Ideonella alba;2944811||Pseudomonadota|Betaproteobacteria|Burkholderiales|Sphaerotilaceae|Caldimonas|Caldimonas mangrovi;3119538||Pseudomonadota|Betaproteobacteria|Burkholderiales|Sphaerotilaceae|Aquincola|Aquincola agrisoli	1295.143655
barcode16_120_filtered	28	0.004862	47679;112901;204936	47679||Bacillota|Negativicutes|Selenomonadales|Sporomusaceae|Sporomusa|Sporomusa sphaeroides;112901||Bacillota|Negativicutes|Selenomonadales|Sporomusaceae|Sporomusa|Sporomusa malonica;204936||Bacillota|Negativicutes|Selenomonadales|Sporomusaceae|Sporomusa|Sporomusa aerivorans	225.657033
barcode16_120_filtered	30	0.000353	1470354	1470354||Bacillota|Clostridia|Eubacteriales||Candidatus Soleaferrea|Candidatus Soleaferrea massiliensis	16.392327
barcode16_120_filtered	31	0.000488	2066483	2066483|||Candidatus Babeliae|Candidatus Babeliales|Candidatus Chromulinivoraceae|Candidatus Chromulinivorax|Candidatus Chromulinivorax destructor	22.645929
barcode16_120_filtered	34	0.007662	258515	258515||Bacillota|Clostridia|Eubacteriales|Oscillospiraceae|Acetanaerobacterium|Acetanaerobacterium elongatum	355.613046
barcode16_120_filtered	36	0.000862	96232;2708020	96232||Pseudomonadota|Gammaproteobacteria|Legionellales|Legionellaceae|Legionella|Legionella lytica;2708020||Pseudomonadota|Gammaproteobacteria|Legionellales|Legionellaceae|Legionella|Legionella antarctica	40.000000
barcode16_120_filtered	37	0.009586	192843;2527691;2596921;2793270;2987520;3386187	192843||Pseudomonadota|Betaproteobacteria|Burkholderiales|Comamonadaceae|Rhodoferax|Rhodoferax ferrireducens;2527691||Pseudomonadota|Betaproteobacteria|Burkholderiales|Comamonadaceae|Rhodoferax|Rhodoferax aquaticus;2596921||Pseudomonadota|Betaproteobacteria|Burkholderiales|Comamonadaceae|Caenimonas|Caenimonas sedimenti;2793270||Pseudomonadota|Betaproteobacteria|Burkholderiales|Comamonadaceae|Caenimonas|Caenimonas aquaedulcis;2987520||Pseudomonadota|Betaproteobacteria|Burkholderiales|Comamonadaceae|Acidovorax|Acidovorax benzenivorans;3386187||Pseudomonadota|Betaproteobacteria|Burkholderiales|Comamonadaceae|Candidatus Aalborgicola|Candidatus Aalborgicola defluviihabitans	444.919196
barcode16_120_filtered	38	0.002499	36854;49338	36854||Bacillota|Clostridia|Eubacteriales|Desulfitobacteriaceae|Desulfitobacterium|Desulfitobacterium dehalogenans;49338||Bacillota|Clostridia|Eubacteriales|Desulfitobacteriaceae|Desulfitobacterium|Desulfitobacterium hafniense	115.985244
barcode16_120_filtered	39	0.000546	673862	673862|||Candidatus Babeliae|Candidatus Babeliales|Candidatus Babeliaceae|Candidatus Babela|Candidatus Babela massiliensis	25.354071
barcode16_120_filtered	40	0.004649	1860101;1860102;2954386;2976531	1860101||Pseudomonadota|Betaproteobacteria|Rhodocyclales|Rhodocyclaceae|Propionivibrio|Candidatus Propionivibrio aalborgensis;1860102||Pseudomonadota|Betaproteobacteria|||Candidatus Accumulibacter|Candidatus Accumulibacter aalborgensis;2954386||Pseudomonadota|Betaproteobacteria|||Candidatus Accumulibacter|Candidatus Accumulibacter necessarius;2976531||Pseudomonadota|Betaproteobacteria|Rhodocyclales|Rhodocyclaceae|Propionivibrio|Propionivibrio soli	215.792273
barcode16_120_filtered	41	0.000472	3073143	3073143||Bacillota|Clostridia|Eubacteriales|Oscillospiraceae|Bengtsoniella|Bengtsoniella intestinalis	21.889816
barcode16_120_filtered	42	0.000905	45393;2588534	45393||Pseudomonadota|Betaproteobacteria|Nitrosomonadales|Methylophilaceae|Methylophilus|Methylophilus leisingeri;2588534||Pseudomonadota|Betaproteobacteria|Nitrosomonadales|Methylophilaceae|Methylophilus|Methylophilus medardicus	42.000000
barcode16_120_filtered	43	0.004007	2725268	2725268||Mycoplasmatota|Mollicutes|Candidatus Izemoplasmatales|Hujiaoplasmataceae|Hujiaoplasma|Hujiaoplasma nucleasis	185.994611
barcode16_120_filtered	44	0.001357	1803913	1803913||Pseudomonadota|Gammaproteobacteria|Steroidobacterales|Steroidobacteraceae|Steroidobacter|Steroidobacter cummioxidans	63.000000
barcode16_120_filtered	45	0.002734	1379270;2732249	1379270||Gemmatimonadota|Gemmatimonadia|Gemmatimonadales|Gemmatimonadaceae|Gemmatimonas|Gemmatimonas phototrophica;2732249||Gemmatimonadota|Gemmatimonadia|Gemmatimonadales|Gemmatimonadaceae|Gemmatimonas|Gemmatimonas groenlandica	126.895336
barcode16_120_filtered	48	0.022259	38402;225084;2683714	38402||Bacillota|Erysipelotrichia|Erysipelotrichales|Erysipelotrichaceae|Erysipelothrix|Erysipelothrix tonsillarum;225084||Bacillota|Erysipelotrichia|Erysipelotrichales|Erysipelotrichaceae|Erysipelothrix|Erysipelothrix inopinata;2683714||Bacillota|Erysipelotrichia|Erysipelotrichales|Erysipelotrichaceae|Erysipelothrix|Erysipelothrix aquatica	1033.131316
barcode16_120_filtered	50	0.009875	1488331;1537567	1488331||Bacillota|Clostridia|Eubacteriales|Eubacteriales Family XII. Incertae Sedis|Fusibacter|Fusibacter bizertensis;1537567||Bacillota|Clostridia|Eubacteriales|Eubacteriales Family XII. Incertae Sedis|Fusibacter|Fusibacter fontis	458.360175
barcode16_120_filtered	52	0.010752	270498;626937;1805714;1816678;2763033	270498||Bacillota|Clostridia|Christensenellales|Christensenellaceae|Christensenella|Christensenella hongkongensis;626937||Bacillota|Clostridia|Christensenellales|Christensenellaceae|Christensenella|Christensenella minuta;1805714||Bacillota|Clostridia|Christensenellales|Christensenellaceae|Christensenella|Christensenella massiliensis;1816678||Bacillota|Clostridia|Christensenellales|Christensenellaceae|Christensenella|Christensenella timonensis;2763033||Bacillota|Clostridia|Christensenellales|Christensenellaceae|Christensenella|Christensenella tenuis	499.050582
barcode16_120_filtered	54	0.019686	1515;253314	1515||Bacillota|Clostridia|Eubacteriales|Oscillospiraceae|Acetivibrio|Acetivibrio thermocellus;253314||Bacillota|Clostridia|Eubacteriales|Oscillospiraceae|Acetivibrio|Acetivibrio straminisolvens	913.713132
barcode16_120_filtered	55	0.023692	433293;1679721	433293||Bacillota|Clostridia|Lachnospirales|Lachnospiraceae|Anaerotaenia|Anaerotaenia torta;1679721||Bacillota|Clostridia|Lachnospirales|Lachnospiraceae|Herbinix|Herbinix luporum	1099.671867
barcode16_120_filtered	56	0.022481	1650661;1673721;1689270;2108523;2763052;2763053;2763059;2986526;3133171	1650661||Bacillota|Clostridia|Eubacteriales|Clostridiaceae|Clostridium|Clostridium phoceensis;1673721||Bacillota|Clostridia|Eubacteriales||Intestinimonas|Intestinimonas massiliensis (ex Afouda et al. 2020);1689270||Bacillota|Clostridia|Eubacteriales||Intestinimonas|Intestinimonas timonensis;2108523||Bacillota|Clostridia|Eubacteriales|Oscillospiraceae|Lawsonibacter|Lawsonibacter asaccharolyticus;2763052||Bacillota|Clostridia|Eubacteriales|Oscillospiraceae|Lawsonibacter|Lawsonibacter faecis;2763053||Bacillota|Clostridia|Eubacteriales|Oscillospiraceae|Lawsonibacter|Lawsonibacter hominis;2763059||Bacillota|Clostridia|Eubacteriales|Oscillospiraceae|Pseudoflavonifractor|Pseudoflavonifractor hominis;2986526||Bacillota|Clostridia|Eubacteriales|Oscillospiraceae|Lawsonibacter|Lawsonibacter celer;3133171||Bacillota|Clostridia|Eubacteriales|Oscillospiraceae|Pseudoflavonifractor|Pseudoflavonifractor intestinihominis	1043.439936
barcode16_120_filtered	57	0.002909	33953;2818044;3408580	33953||Bacillota|Clostridia|Eubacteriales|Clostridiaceae|Clostridium|Clostridium aminobutyricum;2818044||Bacillota|Clostridia|Peptostreptococcales|Anaerovoracaceae|Sinanaerobacter|Sinanaerobacter chloroacetimidivorans;3408580||Bacillota|Clostridia|Peptostreptococcales|Anaerovoracaceae|Anoxybacterium|Anoxybacterium hadale	135.002305
barcode16_120_filtered	59	0.006182	2941519	2941519||Bacillota|Clostridia|Eubacteriales|Oscillospiraceae|Vermiculatibacterium|Vermiculatibacterium agrestimuris	286.929958
barcode16_120_filtered	60	0.001545	2763047;2981773	2763047||Bacillota|Clostridia|Eubacteriales||Flintibacter|Flintibacter faecis;2981773||Bacillota|Clostridia|Eubacteriales|Oscillospiraceae|Muriventricola|Muriventricola aceti	71.703819
barcode16_120_filtered	61	0.001765	2530451;2764187;2780087;2801330	2530451||Pseudomonadota|Betaproteobacteria|Burkholderiales|Comamonadaceae|Ramlibacter|Ramlibacter humi;2764187||Pseudomonadota|Betaproteobacteria|Burkholderiales|Comamonadaceae|Ramlibacter|Ramlibacter cellulosilyticus;2780087||Pseudomonadota|Betaproteobacteria|Burkholderiales|Comamonadaceae|Ramlibacter|Ramlibacter pallidus;2801330||Pseudomonadota|Betaproteobacteria|Burkholderiales|Comamonadaceae|Ramlibacter|Ramlibacter aurantiacus	81.917234
barcode16_120_filtered	65	0.009265	351091;2763042	351091||Bacillota|Clostridia|Eubacteriales|Oscillospiraceae|Oscillibacter|Oscillibacter valericigenes;2763042||Bacillota|Clostridia|Eubacteriales|Oscillospiraceae|Dysosmobacter|Dysosmobacter segnis	430.021584
barcode16_120_filtered	66	0.000431	1147123	1147123||Bacillota|Clostridia|Eubacteriales|Clostridiaceae|Caloramator|Caloramator quimbayensis	19.998689
barcode16_120_filtered	67	0.000349	2714355;3376993	2714355||Bacillota|Clostridia|Eubacteriales|Oscillospiraceae|Vescimonas|Vescimonas coprocola;3376993||Bacillota|Clostridia|Eubacteriales|Oscillospiraceae|Vescimonas|Vescimonas sanitatis	16.192137
barcode16_120_filtered	68	0.002945	398199;2804028	398199||Bacillota|Clostridia|Eubacteriales|Clostridiaceae|Proteiniclasticum|Proteiniclasticum ruminis;2804028||Bacillota|Clostridia|Eubacteriales|Clostridiaceae|Proteiniclasticum|Proteiniclasticum sediminis	136.676313
barcode16_120_filtered	70	0.046151	1852363	1852363||Bacillota|Clostridia|Eubacteriales|Beduinellaceae|Beduinella|Beduinella massiliensis	2142.081630
barcode16_120_filtered	71	0.000722	286730;1965019	286730||Bacteroidota|Bacteroidia|Marinilabiliales|Marinilabiliaceae|Alkaliflexus|Alkaliflexus imshenetskii;1965019||Bacteroidota|Bacteroidia|Marinilabiliales|Marinilabiliaceae|Geofilum|Geofilum rhodophaeum	33.513011
barcode16_120_filtered	72	0.000575	2086583	2086583||Bacillota|Clostridia|Eubacteriales|Acutalibacteraceae|Pseudoruminococcus|Pseudoruminococcus massiliensis	26.669863
barcode16_120_filtered	73	0.000366	2763058	2763058||Bacteroidota|Bacteroidia|Bacteroidales|Tannerellaceae|Parabacteroides|Parabacteroides segnis	17.000000
barcode16_120_filtered	75	0.001705	12917;80878;553814;758826	12917||Pseudomonadota|Betaproteobacteria|Burkholderiales|Comamonadaceae|Acidovorax|Acidovorax facilis;80878||Pseudomonadota|Betaproteobacteria|Burkholderiales|Comamonadaceae|Acidovorax|Acidovorax temperans;553814||Pseudomonadota|Betaproteobacteria|Burkholderiales|Comamonadaceae|Acidovorax|Acidovorax carolinensis;758826||Pseudomonadota|Betaproteobacteria|Burkholderiales|Comamonadaceae|Acidovorax|Acidovorax radicis	79.154978
barcode16_120_filtered	76	0.000259	2594430	2594430||Bacteroidota|Flavobacteriia|Flavobacteriales|Flavobacteriaceae|Flavobacterium|Flavobacterium franklandianum	12.000000
barcode16_120_filtered	78	0.000407	1804990;2963406;2994971	1804990||Actinomycetota|Actinomycetes|Micrococcales|Microbacteriaceae|Microcella|Microcella flavibacter;2963406||Actinomycetota|Actinomycetes|Micrococcales|Microbacteriaceae|Microcella|Microcella humidisoli;2994971||Actinomycetota|Actinomycetes|Micrococcales|Microbacteriaceae|Microcella|Microcella daejeonensis	18.871790
barcode16_120_filtered	79	0.000733	65655	65655||Pseudomonadota|Betaproteobacteria|Burkholderiales|Comamonadaceae|Hydrogenophaga|Hydrogenophaga palleronii	33.999364
barcode16_120_filtered	80	0.000883	474960	474960||Bacillota|Clostridia|Eubacteriales|Oscillospiraceae|Hydrogenoanaerobacterium|Hydrogenoanaerobacterium saccharovorans	40.999989
barcode16_120_filtered	81	0.000579	319644	319644||Bacillota|Clostridia|Eubacteriales|Oscillospiraceae|Saccharofermentans|Saccharofermentans acetigenes	26.854478
barcode16_120_filtered	82	0.001702	985	985||Bacteroidota|Cytophagia|Cytophagales|Cytophagaceae|Cytophaga|Cytophaga hutchinsonii	79.000000
barcode16_120_filtered	83	0.011741	1794912	1794912||Bacillota|Negativicutes||Acetonemataceae|Anaerosporomusa|Anaerosporomusa subterranea	544.971037
barcode16_120_filtered	86	0.005945	1940525;2283627	1940525||Bacteroidota|Bacteroidia|Marinilabiliales|Marinifilaceae|Labilibaculum|Labilibaculum manganireducens;2283627||Bacteroidota|Bacteroidia|Marinilabiliales|Marinifilaceae|Ancylomarina|Ancylomarina euxinus	275.915124
barcode16_120_filtered	88	0.000384	1958780;2045012;2991836	1958780||Bacillota|Clostridia|Eubacteriales|Clostridiaceae|Clostridium|Clostridium merdae;2045012||Bacillota|Clostridia|Eubacteriales|Clostridiaceae|Clostridium|Clostridium minihomine;2991836||Bacillota|Clostridia|Eubacteriales|Oscillospiraceae|Faecalispora|Faecalispora anaeroviscerum	17.810714
barcode16_120_filtered	89	0.001207	2904245	2904245||Bacteroidota|Cytophagia|Cytophagales|Fulvivirgaceae|Fulvivirga|Fulvivirga ulvae	56.000000
barcode16_120_filtered	90	0.008021	44749	44749||Bacillota|Clostridia|Eubacteriales|Oscillospiraceae|Sporobacter|Sporobacter termitidis	372.276044
barcode16_120_filtered	92	0.000991	1855912	1855912||Acidobacteriota|Vicinamibacteria|Vicinamibacterales|Vicinamibacteraceae|Luteitalea|Luteitalea pratensis	46.000000
barcode16_120_filtered	93	0.000463	1121298;1325933	1121298||Bacillota|Clostridia|Eubacteriales|Clostridiaceae|Clostridium|Clostridium amylolyticum;1325933||Bacillota|Clostridia|Eubacteriales|Clostridiaceae|Clostridium|Clostridium polynesiense	21.490905
barcode16_120_filtered	95	0.001724	2059302	2059302||Bacteroidota|Cytophagia|Cytophagales|Fulvivirgaceae|Pseudochryseolinea|Pseudochryseolinea flava	80.000000
barcode16_120_filtered	96	0.000474	2885357	2885357||Bacillota|Clostridia|Eubacteriales|Oscillospiraceae|Hominenteromicrobium|Hominenteromicrobium mulieris	22.017202
barcode16_120_filtered	98	0.000646	185243	185243||Actinomycetota|Actinomycetes|Propionibacteriales|Nocardioidaceae|Propionicimonas|Propionicimonas paludicola	30.000000
barcode16_120_filtered	99	0.000521	47671	47671||Pseudomonadota|Betaproteobacteria|Burkholderiales|Burkholderiaceae|Lautropia|Lautropia mirabilis	24.183183
barcode16_120_filtered	100	0.056958	1096341	1096341||Bacillota|Clostridia|Eubacteriales|Clostridiaceae|Fonticella|Fonticella tunisiensis	2643.726332
barcode16_120_filtered	101	0.000302	1776382	1776382||Bacillota|Clostridia|Eubacteriales|Oscillospiraceae|Neglectibacter|Neglectibacter timonensis	14.001022
barcode16_120_filtered	102	0.002101	2508949	2508949||Bacillota|Clostridia|Christensenellales|Christensenellaceae|Candidatus Borkfalkia|Candidatus Borkfalkia ceftriaxoniphila	97.531487
barcode16_120_filtered	103	0.000905	2835041	2835041||Bdellovibrionota|Bdellovibrionia|Bdellovibrionales|Pseudobdellovibrionaceae|Bdellovibrio|Bdellovibrio reynosensis	42.000000
barcode16_120_filtered	104	0.000476	1716543	1716543||Bacillota|Clostridia|Eubacteriales|Clostridiaceae|Clostridium|Clostridium thermarum	22.115005
barcode16_120_filtered	105	0.010871	36849	36849||Bacillota|Clostridia|Eubacteriales|Clostridiaceae|Oxobacter|Oxobacter pfennigii	504.593138
barcode16_120_filtered	107	0.001099	1511	1511||Bacillota|Clostridia|Peptostreptococcales|Filifactoraceae|Acetoanaerobium|Acetoanaerobium sticklandii	51.000000
barcode16_120_filtered	108	0.000448	933068	933068||Fusobacteriota|Fusobacteriia|Fusobacteriales|Fusobacteriaceae|Ilyobacter|Ilyobacter delafieldii	20.814281
barcode16_120_filtered	110	0.001129	1468449	1468449||Bacillota|Erysipelotrichia|Erysipelotrichales|Erysipelotrichaceae|Holdemania|Holdemania massiliensis	52.418503
barcode16_120_filtered	113	0.000346	219748;1054297	219748||Bacillota|Clostridia|Eubacteriales|Clostridiaceae|Clostridium|Clostridium tunisiense;1054297||Bacillota|Clostridia|Eubacteriales|Clostridiaceae|Clostridium|Clostridium punense	16.051580
barcode16_120_filtered	114	0.001594	392610;940136;1078469;1282858	392610||Pseudomonadota|Alphaproteobacteria|Sphingomonadales|Sphingorhabdaceae|Sphingorhabdus|Sphingorhabdus lacus;940136||Pseudomonadota|Alphaproteobacteria|Sphingomonadales|Sphingorhabdaceae|Sphingorhabdus|Sphingorhabdus wooponensis;1078469||Pseudomonadota|Alphaproteobacteria|Sphingomonadales|Sphingorhabdaceae|Sphingorhabdus|Sphingorhabdus planktonica;1282858||Pseudomonadota|Alphaproteobacteria|Sphingomonadales|Sphingorhabdaceae|Sphingorhabdus|Sphingorhabdus rigui	74.000000
barcode16_120_filtered	115	0.002189	2014610	2014610||Gemmatimonadota|Gemmatimonadia|Gemmatimonadales|Gemmatimonadaceae|Roseisolibacter|Roseisolibacter agri	101.589387
barcode16_120_filtered	117	0.002801	1332188	1332188||Candidatus Saccharimonadota|Candidatus Saccharimonadia|Candidatus Saccharimonadales|Candidatus Saccharimonadaceae|Candidatus Saccharimonas|Candidatus Saccharimonas aalborgensis	130.017199
barcode16_120_filtered	118	0.014304	100176	100176||Bacillota|Clostridia|Eubacteriales|Oscillospiraceae|Papillibacter|Papillibacter cinnamivorans	663.921832
barcode16_120_filtered	120	0.046510	397260;529705;1632740;2305907;2698828;2873268;3103142;3163295	397260||Pseudomonadota|Alphaproteobacteria|Sphingomonadales|Sphingomonadaceae|Sphingomonas|Sphingomonas sanxanigenens;529705||Pseudomonadota|Alphaproteobacteria|Sphingomonadales|Sphingomonadaceae|Sphingomonas|Sphingomonas changbaiensis;1632740||Pseudomonadota|Alphaproteobacteria|Sphingomonadales|Sphingomonadaceae|Sphingomonas|Sphingomonas zeicaulis;2305907||Pseudomonadota|Alphaproteobacteria|Sphingomonadales|Sphingomonadaceae|Sphingomonas|Sphingomonas gilva;2698828||Pseudomonadota|Alphaproteobacteria|Sphingomonadales|Sphingomonadaceae|Sphingomonas|Sphingomonas lacunae;2873268||Pseudomonadota|Alphaproteobacteria|Sphingomonadales|Sphingomonadaceae|Hephaestia|Hephaestia mangrovi;3103142||Pseudomonadota|Alphaproteobacteria|Sphingomonadales|Sphingomonadaceae|Sphingomonas|Sphingomonas rustica;3163295||Pseudomonadota|Alphaproteobacteria|Sphingomonadales|Sphingomonadaceae|Sphingomonas|Sphingomonas plantiphila	2158.775109
barcode16_120_filtered	121	0.007897	2941510	2941510||Bacillota|Clostridia|Eubacteriales|Pumilibacteraceae|Pumilibacter|Pumilibacter muris	366.538510
barcode16_120_filtered	122	0.000485	1367462;2940653;3381661	1367462||Bacillota|Clostridia|Eubacteriales|Clostridiaceae|Clostridium|Clostridium swellfunianum;2940653||Bacillota|Clostridia|Eubacteriales|Clostridiaceae|Clostridium|Clostridium caldaquaticum;3381661||Bacillota|Clostridia|Eubacteriales|Clostridiaceae|Clostridium|Candidatus Clostridium stratigraminis	22.527836
barcode16_120_filtered	123	0.000926	2038680	2038680||Bacillota|Clostridia|Eubacteriales|Oscillospiraceae|Paludihabitans|Paludihabitans psychrotolerans	42.999998
barcode16_120_filtered	124	0.009078	2528036;2583234;2593021;2670345;2699202;2852097	2528036||Pseudomonadota|Alphaproteobacteria|Rhodobacterales|Paracoccaceae|Tabrizicola|Tabrizicola caldifontis;2583234||Pseudomonadota|Alphaproteobacteria|Rhodobacterales|Paracoccaceae|Paragemmobacter|Paragemmobacter kunshanensis;2593021||Pseudomonadota|Alphaproteobacteria|Rhodobacterales|Paracoccaceae|Tabrizicola|Tabrizicola flagellatus;2670345||Pseudomonadota|Alphaproteobacteria|Rhodobacterales|Paracoccaceae|Tabrizicola|Tabrizicola thermarum;2699202||Pseudomonadota|Alphaproteobacteria|Rhodobacterales|Paracoccaceae|Stagnihabitans|Stagnihabitans tardus;2852097||Pseudomonadota|Alphaproteobacteria|Rhodobacterales|Paracoccaceae|Paragemmobacter|Paragemmobacter amnigenus	421.377149
barcode16_120_filtered	125	0.005141	320502	320502||Bacillota|Clostridia|Eubacteriales|Oscillospiraceae|Acetivibrio|Acetivibrio alkalicellulosi	238.622625
barcode16_120_filtered	126	0.001120	1503981;2054628	1503981||Pseudomonadota|Alphaproteobacteria|Sphingomonadales|Erythrobacteraceae|Alteraurantiacibacter|Alteraurantiacibacter buctensis;2054628||Pseudomonadota|Alphaproteobacteria|Sphingomonadales|Erythrobacteraceae|Alteraurantiacibacter|Alteraurantiacibacter palmitatis	52.000006
barcode16_120_filtered	127	0.001363	1428345;2184016;2766473;2911368	1428345||Pseudomonadota|Alphaproteobacteria|Acetobacterales|Roseomonadaceae|Falsiroseomonas|Falsiroseomonas wooponensis;2184016||Pseudomonadota|Alphaproteobacteria|Acetobacterales|Roseomonadaceae|Falsiroseomonas|Falsiroseomonas bella;2766473||Pseudomonadota|Alphaproteobacteria|Acetobacterales|Roseomonadaceae|Falsiroseomonas|Falsiroseomonas oryzae;2911368||Pseudomonadota|Alphaproteobacteria|Acetobacterales|Roseomonadaceae|Falsiroseomonas|Falsiroseomonas oryziterrae	63.254816
barcode16_120_filtered	128	0.001727	118967	118967||Bacillota|Erysipelotrichia|Erysipelotrichales|Erysipelotrichaceae|Anaerorhabdus|Anaerorhabdus furcosa	80.174900
barcode16_120_filtered	130	0.000815	1516126	1516126||Bacteroidota|Bacteroidia|Bacteroidales|Dysgonomonadaceae|Dysgonomonas|Dysgonomonas termitidis	37.807012
barcode16_120_filtered	131	0.001106	1870986	1870986||Bacillota|Clostridia|Eubacteriales||Colidextribacter|Colidextribacter massiliensis	51.317938
barcode16_120_filtered	132	0.000539	2607497	2607497||Actinomycetota|Actinomycetes|Micrococcales|Cellulomonadaceae|Actinotalea|Actinotalea subterranea	25.000000
barcode16_120_filtered	133	0.000926	55583	55583||Bacillota|Clostridia|Eubacteriales|Desulfitobacteriaceae|Dehalobacter|Dehalobacter restrictus	43.000000
barcode16_120_filtered	134	0.001796	173676;1778672;2871811;3056842	173676||Pseudomonadota|Alphaproteobacteria|Sphingomonadales|Sphingomonadaceae|Novosphingobium|Novosphingobium hassiacum;1778672||Pseudomonadota|Alphaproteobacteria|Sphingomonadales|Sphingomonadaceae|Novosphingobium|Novosphingobium flavum;2871811||Pseudomonadota|Alphaproteobacteria|Sphingomonadales|Sphingomonadaceae|Novosphingobium|Novosphingobium percolationis;3056842||Pseudomonadota|Alphaproteobacteria|Sphingomonadales|Sphingomonadaceae|Novosphingobium|Novosphingobium pituita	83.384085
barcode16_120_filtered	135	0.001077	1427356	1427356||Pseudomonadota|Alphaproteobacteria|Hyphomicrobiales|Hyphomicrobiaceae|Hyphomicrobium|Hyphomicrobium nitrativorans	50.000000
barcode16_120_filtered	136	0.000400	1384639	1384639||Acidobacteriota|Blastocatellia|Blastocatellales|Blastocatellaceae|Aridibacter|Aridibacter kavangonensis	18.548772
barcode16_120_filtered	137	0.005165	29353;35830	29353||Bacillota|Clostridia|Eubacteriales|Oscillospiraceae|Acetivibrio|Acetivibrio aldrichii;35830||Bacillota|Clostridia|Eubacteriales|Oscillospiraceae|Acetivibrio|Acetivibrio cellulolyticus	239.740392
barcode16_120_filtered	139	0.005015	33052;173675;574956;651663;2871171	33052||Pseudomonadota|Alphaproteobacteria|Sphingomonadales|Sphingopyxidaceae|Sphingopyxis|Sphingopyxis terrae;173675||Pseudomonadota|Alphaproteobacteria|Sphingomonadales|Sphingopyxidaceae|Sphingopyxis|Sphingopyxis witflariensis;574956||Pseudomonadota|Alphaproteobacteria|Sphingomonadales|Sphingomonadaceae|Novosphingobium|Novosphingobium soli;651663||Pseudomonadota|Alphaproteobacteria|Sphingomonadales|Sphingopyxidaceae|Sphingopyxis|Sphingopyxis bauzanensis;2871171||Pseudomonadota|Alphaproteobacteria|Sphingomonadales|Sphingopyxidaceae|Sphingopyxis|Sphingopyxis jiangsuensis	232.773131
barcode16_120_filtered	141	0.001323	501571	501571||Bacillota|Clostridia|Eubacteriales|Butyricicoccaceae|Butyricicoccus|Butyricicoccus pullicaecorum	61.396834
barcode16_120_filtered	143	0.029111	879969	879969||Bacteroidota|Bacteroidia|Bacteroidales|Porphyromonadaceae|Macellibacteroides|Macellibacteroides fermentans	1351.194239
barcode16_120_filtered	144	0.000368	2655001	2655001||Bacillota|Clostridia|Eubacteriales|Eubacteriaceae|Alkalibaculum|Alkalibaculum sporogenes	17.067122
barcode16_120_filtered	145	0.000642	112729;568790	112729||Bacillota|Clostridia|Eubacteriales|Clostridiaceae|Caloramator|Caloramator viterbiensis;568790||Bacillota|Clostridia|Eubacteriales|Clostridiaceae|Caloramator|Caloramator boliviensis	29.815322
barcode16_120_filtered	146	0.000279	884684	884684||Bacillota|Clostridia|Eubacteriales|Oscillospiraceae|Mageeibacillus|Mageeibacillus indolicus	12.957198
barcode16_120_filtered	148	0.004198	1495	1495||Bacillota|Clostridia|Eubacteriales|Clostridiaceae|Clostridium|Clostridium cylindrosporum	194.847474
barcode16_120_filtered	149	0.021831	1112;35811;198312;1161202;1532023;2509361;2969984;2987523;3019556;3127706	1112||Pseudomonadota|Alphaproteobacteria|Sphingomonadales|Erythrobacteraceae|Erythrobacter|Erythrobacter neustonensis;35811||Pseudomonadota|Alphaproteobacteria|Sphingomonadales|Erythrobacteraceae|Erythrobacter|Erythrobacter ramosus;198312||Pseudomonadota|Alphaproteobacteria|Sphingomonadales|Erythrobacteraceae|Erythrobacter|Erythrobacter sanguineus;1161202||Pseudomonadota|Alphaproteobacteria|Sphingomonadales|Erythrobacteraceae|Erythrobacter|Erythrobacter colymbi;1532023||Pseudomonadota|Alphaproteobacteria|Sphingomonadales|Erythrobacteraceae|Qipengyuania|Qipengyuania sediminis;2509361||Pseudomonadota|Alphaproteobacteria|Sphingomonadales|Erythrobacteraceae|Qipengyuania|Qipengyuania thermophila;2969984||Pseudomonadota|Alphaproteobacteria|Sphingomonadales|Erythrobacteraceae|Parerythrobacter|Parerythrobacter lacustris;2987523||Pseudomonadota|Alphaproteobacteria|Sphingomonadales|Erythrobacteraceae|Erythrobacter|Erythrobacter fulvus;3019556||Pseudomonadota|Alphaproteobacteria|Sphingomonadales|Erythrobacteraceae|Erythrobacter|Erythrobacter oryzae;3127706||Pseudomonadota|Alphaproteobacteria|Sphingomonadales|Erythrobacteraceae|Parerythrobacter|Parerythrobacter aurantius	1013.301042
barcode16_120_filtered	150	0.003813	1439888;1981098;2672568;2675220	1439888||Pseudomonadota|Alphaproteobacteria|Sphingomonadales|Sphingosinicellaceae|Sandarakinorhabdus|Sandarakinorhabdus fusca;1981098||Pseudomonadota|Alphaproteobacteria|Sphingomonadales|Sphingosinicellaceae|Sandarakinorhabdus|Sandarakinorhabdus cyanobacteriorum;2672568||Pseudomonadota|Alphaproteobacteria|Sphingomonadales|Sphingosinicellaceae|Sandarakinorhabdus|Sandarakinorhabdus rubra;2675220||Pseudomonadota|Alphaproteobacteria|Sphingomonadales|Sphingosinicellaceae|Sandarakinorhabdus|Sandarakinorhabdus oryzae	177.000112
barcode16_120_filtered	151	0.001099	2675059;2675060	2675059||Pseudomonadota|Gammaproteobacteria|Lysobacterales|Lysobacteraceae|Lysobacter|Lysobacter helvus;2675060||Pseudomonadota|Gammaproteobacteria|Lysobacterales|Lysobacteraceae|Lysobacter|Lysobacter xanthus	51.000000
barcode16_120_filtered	152	0.000794	1673717	1673717||Bacillota|Clostridia|Eubacteriales|Acutalibacteraceae|Anaeromassilibacillus|Anaeromassilibacillus senegalensis	36.839044
barcode16_120_filtered	153	0.000891	433286;1727145;2696063	433286||Bacillota|Clostridia|Lachnospirales|Lachnospiraceae|Anaerocolumna|Anaerocolumna cellulosilytica;1727145||Bacillota|Clostridia|Lachnospirales|Lachnospiraceae|Anaerocolumna|Anaerocolumna chitinilytica;2696063||Bacillota|Clostridia|Lachnospirales|Lachnospiraceae|Anaerocolumna|Anaerocolumna sedimenticola	41.334543
barcode16_120_filtered	154	0.001040	1841868	1841868||Bacillota|Clostridia|Eubacteriales|Oscillospiraceae|Provencibacterium|Provencibacterium massiliense	48.285772
barcode16_120_filtered	155	0.002592	1460355;2320861;2707068;2771430;2938948	1460355||Pseudomonadota|Alphaproteobacteria|Sphingomonadales|Sphingomonadaceae|Sphingomonas|Sphingomonas mohensis;2320861||Pseudomonadota|Alphaproteobacteria|Sphingomonadales|Sphingomonadaceae|Sphingomonas|Sphingomonas cavernae;2707068||Pseudomonadota|Alphaproteobacteria|Sphingomonadales|Sphingomonadaceae|Sphingomonas|Sphingomonas montis;2771430||Pseudomonadota|Alphaproteobacteria|Sphingomonadales|Sphingomicrobiaceae|Allosphingosinicella|Allosphingosinicella flava;2938948||Pseudomonadota|Alphaproteobacteria|Sphingomonadales|Sphingomonadaceae|Sphingomonas|Sphingomonas glaciei	120.290274
barcode16_120_filtered	158	0.002366	2175090;2559804;2741495;2782540;2949094;3096161	2175090||Pseudomonadota|Alphaproteobacteria|Sphingomonadales|Sphingomonadaceae|Sphingomonas|Sphingomonas pokkalii;2559804||Pseudomonadota|Alphaproteobacteria|Sphingomonadales|Sphingomonadaceae|Sphingomonas|Sphingomonas flavalba;2741495||Pseudomonadota|Alphaproteobacteria|Sphingomonadales|Sphingomonadaceae|Sphingomonas|Sphingomonas hominis;2782540||Pseudomonadota|Alphaproteobacteria|Sphingomonadales|Sphingomonadaceae|Sphingomonas|Sphingomonas beigongshangi;2949094||Pseudomonadota|Alphaproteobacteria|Sphingomonadales|Sphingomonadaceae|Sphingomonas|Sphingomonas liriopis;3096161||Pseudomonadota|Alphaproteobacteria|Sphingomonadales|Sphingomonadaceae|Parasphingomonas|Parasphingomonas zepuensis	109.798926
barcode16_120_filtered	159	0.001121	2835040;2984948	2835040||Pseudomonadota|Alphaproteobacteria|Acetobacterales|Roseomonadaceae|Roseococcus|Roseococcus pinisoli;2984948||Pseudomonadota|Alphaproteobacteria|Acetobacterales|Acetobacteraceae|Sabulicella|Sabulicella glaciei	52.054372
barcode16_120_filtered	160	0.000956	410839;2994654	410839||Pseudomonadota|Alphaproteobacteria|Hyphomicrobiales|Kaistiaceae|Kaistia|Kaistia geumhonensis;2994654||Pseudomonadota|Alphaproteobacteria|Hyphomicrobiales|Kaistiaceae|Kaistia|Kaistia nematophila	44.383209
barcode16_120_filtered	163	0.000496	147266	147266||Pseudomonadota|Alphaproteobacteria|Hyphomicrobiales|Rhizobiaceae|Agrobacterium|Agrobacterium albertimagni	23.000000
barcode16_120_filtered	169	0.002348	1960156	1960156||Abditibacteriota|Abditibacteriia|Abditibacteriales|Abditibacteriaceae|Abditibacterium|Abditibacterium utsteinense	109.000000
barcode16_120_filtered	170	0.001137	484882;940141;2786951	484882||Pseudomonadota|Alphaproteobacteria|Acetobacterales|Roseomonadaceae|Falsiroseomonas|Falsiroseomonas stagni;940141||Pseudomonadota|Alphaproteobacteria|Acetobacterales|Roseomonadaceae|Falsiroseomonas|Falsiroseomonas riguiloci;2786951||Pseudomonadota|Alphaproteobacteria|Acetobacterales|Roseomonadaceae|Falsiroseomonas|Falsiroseomonas ponticola	52.764031
barcode16_120_filtered	171	0.001476	2759707;2913411	2759707||Pseudomonadota|Alphaproteobacteria|Sphingomonadales|Sphingosinicellaceae|Sandaracinobacteroides|Sandaracinobacteroides saxicola;2913411||Pseudomonadota|Alphaproteobacteria|Sphingomonadales|Sphingosinicellaceae|Sandaracinobacteroides|Sandaracinobacteroides sayramensis	68.506844
barcode16_120_filtered	175	0.000409	912;340268	912||Pseudomonadota|Alphaproteobacteria|Hyphomicrobiales|Nitrobacteraceae|Nitrobacter|Nitrobacter hamburgensis;340268||Pseudomonadota|Alphaproteobacteria|Hyphomicrobiales|Nitrobacteraceae|Tardiphaga|Tardiphaga alba	19.000000
barcode16_120_filtered	177	0.001790	433287	433287||Bacillota|Clostridia|Lachnospirales|Anaerotignaceae|Anaerotignum|Anaerotignum aminivorans	83.063741
barcode16_120_filtered	180	0.001120	408174;443610;665118;2917991	408174||Pseudomonadota|Alphaproteobacteria|Hyphomicrobiales|Devosiaceae|Devosia|Devosia insulae;443610||Pseudomonadota|Alphaproteobacteria|Hyphomicrobiales|Devosiaceae|Devosia|Devosia geojensis;665118||Pseudomonadota|Alphaproteobacteria|Hyphomicrobiales|Devosiaceae|Devosia|Devosia enhydra;2917991||Pseudomonadota|Alphaproteobacteria|Hyphomicrobiales|Devosiaceae|Devosia|Devosia lacusdianchii	52.001155
barcode16_120_filtered	181	0.006488	52692	52692||Bacillota|Clostridia|Eubacteriales|Eubacteriaceae|Acetobacterium|Acetobacterium malicum	301.144392
barcode16_120_filtered	182	0.001531	1549748	1549748||Pseudomonadota|Alphaproteobacteria|Rhodospirillales|Kiloniellaceae|Kiloniella|Kiloniella litopenaei	71.063737
barcode16_120_filtered	183	0.000452	1310417	1310417||Bacteroidota|Chitinophagia|Chitinophagales|Chitinophagaceae|Ferruginibacter|Ferruginibacter paludis	21.000000
barcode16_120_filtered	184	0.007346	295419;687525;1123067;2585369;2817372	295419||Pseudomonadota|Alphaproteobacteria|Rhodobacterales|Roseobacteraceae|Rubellimicrobium|Rubellimicrobium thermophilum;687525||Pseudomonadota|Alphaproteobacteria|Rhodobacterales|Roseobacteraceae|Rubellimicrobium|Rubellimicrobium roseum;1123067||Pseudomonadota|Alphaproteobacteria|Rhodobacterales|Roseobacteraceae|Rubellimicrobium|Rubellimicrobium mesophilum;2585369||Pseudomonadota|Alphaproteobacteria|Rhodobacterales|Roseobacteraceae|Rubellimicrobium|Rubellimicrobium rubrum;2817372||Pseudomonadota|Alphaproteobacteria|Rhodobacterales|Roseobacteraceae|Rubellimicrobium|Rubellimicrobium arenae	340.973884
barcode16_120_filtered	186	0.001092	35825	35825||Bacillota|Clostridia|Eubacteriales|Oscillospiraceae|Pseudobacteroides|Pseudobacteroides cellulosolvens	50.695107
barcode16_120_filtered	190	0.025839	937251	937251||Bacillota|Clostridia|Eubacteriales|Clostridiaceae|Youngiibacter|Youngiibacter multivorans	1199.330207
barcode16_120_filtered	192	0.001856	1244894;1538021;1550728;1664572	1244894||Pseudomonadota|Alphaproteobacteria|Sphingomonadales|Sphingomonadaceae|Sphingomonas|Sphingomonas fonticola;1538021||Pseudomonadota|Alphaproteobacteria|Sphingomonadales|Sphingomonadaceae|Novosphingobium|Novosphingobium tardum;1550728||Pseudomonadota|Alphaproteobacteria|Sphingomonadales|Blastomonadaceae|Blastomonas|Blastomonas fulva;1664572||Pseudomonadota|Alphaproteobacteria|Sphingomonadales|Sphingomonadaceae|Sphingomonas|Sphingomonas piscinae	86.168216
barcode16_120_filtered	194	0.000863	29345	29345||Bacillota|Tissierellia|||Sedimentibacter|Sedimentibacter hydroxybenzoicus	40.034442
barcode16_120_filtered	195	0.045050	195105;875041;909926;933059;1445661;2030009;2185115;2305252;2494374;2709381;2710650;2909234	195105||Pseudomonadota|Alphaproteobacteria|Rhodobacterales|Paracoccaceae|Haematobacter|Haematobacter massiliensis;875041||Pseudomonadota|Alphaproteobacteria|Rhodobacterales|Paracoccaceae|Neogemmobacter|Neogemmobacter tilapiae;909926||Pseudomonadota|Alphaproteobacteria|Rhodobacterales|Paracoccaceae|Tabrizicola|Tabrizicola aquatica;933059||Pseudomonadota|Alphaproteobacteria|Rhodobacterales|Paracoccaceae|Gemmobacter|Gemmobacter aquatilis;1445661||Pseudomonadota|Alphaproteobacteria|Rhodobacterales|Paracoccaceae|Aliigemmobacter|Aliigemmobacter aestuarii;2030009||Pseudomonadota|Alphaproteobacteria|Rhodobacterales|Paracoccaceae|Pseudotabrizicola|Pseudotabrizicola formosa;2185115||Pseudomonadota|Alphaproteobacteria|Rhodobacterales|Paracoccaceae|Tabrizicola|Tabrizicola soli;2305252||Pseudomonadota|Alphaproteobacteria|Rhodobacterales|Paracoccaceae|Pseudotabrizicola|Pseudotabrizicola alkalilacus;2494374||Pseudomonadota|Alphaproteobacteria|Rhodobacterales|Paracoccaceae|Tabrizicola|Tabrizicola piscis;2709381||Pseudomonadota|Alphaproteobacteria|Rhodobacterales|Paracoccaceae|Pseudotabrizicola|Pseudotabrizicola algicola;2710650||Pseudomonadota|Alphaproteobacteria|Rhodobacterales|Paracoccaceae|Tabrizicola|Tabrizicola oligotrophica;2909234||Pseudomonadota|Alphaproteobacteria|Rhodobacterales|Paracoccaceae|Aliitabrizicola|Alitabrizicola rongguiensis	2091.000957
barcode16_120_filtered	196	0.036254	2496273	2496273||Bacillota|Clostridia|Caldicoprobacterales|Xylanivirgaceae|Xylanivirga|Xylanivirga thermophila	1682.745988
barcode16_120_filtered	197	0.000399	95159	95159||Bacillota|Clostridia|Eubacteriales|Clostridiaceae|Caloramator|Caloramator coolhaasii	18.528249
barcode16_120_filtered	199	0.000727	1549638	1549638||Pseudomonadota|Betaproteobacteria|Burkholderiales|Burkholderiaceae|Quisquiliibacterium|Quisquiliibacterium transsilvanicum	33.760529
barcode16_120_filtered	200	0.000410	2780922	2780922||Bacillota|Clostridia|Eubacteriales|Oscillospiraceae|Solibaculum|Solibaculum mannosilyticum	19.008719
barcode16_120_filtered	201	0.000452	111831	111831||Pseudomonadota|Alphaproteobacteria|Rhodospirillales|Rhodospirillaceae|Defluviicoccus|Defluviicoccus vanus	21.000000
barcode16_120_filtered	203	0.001026	1297424	1297424||Bacillota|Clostridia|Eubacteriales|Oscillospiraceae|Anaerobacterium|Anaerobacterium chartisolvens	47.627406
barcode16_120_filtered	205	0.002454	1462919;2755051	1462919||Bacillota|Clostridia|Lachnospirales|Lachnospiraceae|Mobilitalea|Mobilitalea sibirica;2755051||Bacillota|Clostridia|Lachnospirales|Lachnospiraceae|Variimorphobacter|Variimorphobacter saccharofermentans	113.885416
barcode16_120_filtered	207	0.003264	203699	203699||Pseudomonadota|Betaproteobacteria|Burkholderiales|Alcaligenaceae|Derxia|Derxia gummosa	151.512991
barcode16_120_filtered	208	0.000754	74312;74313;657642;2813778	74312||Pseudomonadota|Alphaproteobacteria|Caulobacterales|Caulobacteraceae|Brevundimonas|Brevundimonas variabilis;74313||Pseudomonadota|Alphaproteobacteria|Caulobacterales|Caulobacteraceae|Brevundimonas|Brevundimonas subvibrioides;657642||Pseudomonadota|Alphaproteobacteria|Caulobacterales|Caulobacteraceae|Brevundimonas|Brevundimonas olei;2813778||Pseudomonadota|Alphaproteobacteria|Caulobacterales|Caulobacteraceae|Brevundimonas|Brevundimonas fontaquae	35.000000
barcode16_120_filtered	209	0.011971	185300	185300||Bacteroidota|Bacteroidia|Bacteroidales|Paludibacteraceae|Paludibacter|Paludibacter propionicigenes	555.634737
barcode16_120_filtered	210	0.001594	758823	758823||Candidatus Melainabacteria|Vampirovibriophyceae|Vampirovibrionales||Vampirovibrio|Vampirovibrio chlorellavorus	74.000000
barcode16_120_filtered	211	0.002859	48935;1305696	48935||Pseudomonadota|Alphaproteobacteria|Sphingomonadales|Sphingomonadaceae|Novosphingobium|Novosphingobium aromaticivorans;1305696||Pseudomonadota|Alphaproteobacteria|Sphingomonadales|Sphingomonadaceae|Novosphingobium|Novosphingobium arabidopsis	132.703503
barcode16_120_filtered	212	0.002328	1678841	1678841||Bacteroidota|Bacteroidia|Bacteroidales|Lentimicrobiaceae|Lentimicrobium|Lentimicrobium saccharophilum	108.034866
barcode16_120_filtered	213	0.001841	1604902	1604902||Bacillota|Clostridia|Eubacteriales|Clostridiaceae|Clostridium|Clostridium omnivorum	85.442626
barcode16_120_filtered	216	0.002945	642589	642589||Bacillota|Clostridia|Eubacteriales|Acutalibacteraceae|Caproiciproducens|Caproiciproducens galactitolivorans	136.677999
barcode16_120_filtered	217	0.001293	1005039	1005039||Armatimonadota|Fimbriimonadia|Fimbriimonadales|Fimbriimonadaceae|Fimbriimonas|Fimbriimonas ginsengisoli	60.000000
barcode16_120_filtered	219	0.027113	2010828	2010828||Bacteroidota|Bacteroidia|Marinilabiliales|Prolixibacteraceae|Aquipluma|Aquipluma nitroreducens	1258.450106
barcode16_120_filtered	220	0.000452	121428;365341;1395957	121428||Pseudomonadota|Alphaproteobacteria|Sphingomonadales|Sphingobiaceae|Sphingobium|Sphingobium xenophagum;365341||Pseudomonadota|Alphaproteobacteria|Sphingomonadales|Sphingobiaceae|Sphingobium|Sphingobium aromaticiconvertens;1395957||Pseudomonadota|Alphaproteobacteria|Sphingomonadales|Sphingobiaceae|Sphingobium|Sphingobium endophyticum	21.000001
barcode16_120_filtered	221	0.073169	288966	288966||Bacillota|Clostridia|Lutisporales|Lutisporaceae|Lutispora|Lutispora thermophila	3396.118545
barcode16_120_filtered	222	0.013700	913099	913099||Bacillota|Tissierellia|||Sedimentibacter|Sedimentibacter acidaminivorans	635.866837
barcode16_120_filtered	223	0.000215	261934	261934||Pseudomonadota|Alphaproteobacteria|Hyphomicrobiales|Pleomorphomonadaceae|Pleomorphomonas|Pleomorphomonas oryzae	10.000005
barcode16_120_filtered	224	0.001702	1944642	1944642||Bacillota|Clostridia|Eubacteriales|Oscillospiraceae|Marasmitruncus|Marasmitruncus massiliensis	78.999741
barcode16_120_filtered	225	0.013720	130788	130788||Bacillota|Tissierellia|||Sedimentibacter|Sedimentibacter saalensis	636.790713
barcode16_120_filtered	226	0.000383	1141888	1141888||Pseudomonadota|Alphaproteobacteria|Sphingomonadales|Sphingomonadaceae|Sphingomonas|Sphingomonas difficilis	17.757793
barcode16_120_filtered	228	0.000259	1796619	1796619||Bacillota|Clostridia|Eubacteriales|Eubacteriaceae|Irregularibacter|Irregularibacter muris	12.000000
barcode16_120_filtered	232	0.005191	2507161	2507161||Bacillota|Tissierellia|Tissierellales|Acidilutibacteraceae|Acidilutibacter|Acidilutibacter cellobiosedens	240.945228
barcode16_120_filtered	233	0.000512	655338	655338||Bacillota|Clostridia|Eubacteriales|Clostridiaceae|Fervidicella|Fervidicella metallireducens	23.758165
barcode16_120_filtered	235	0.000280	360412	360412||Chloroflexota|Anaerolineae|Anaerolineales|Anaerolineaceae|Longilinea|Longilinea arvoryzae	13.000000
barcode16_120_filtered	236	0.000409	1958944;2547397	1958944||Pseudomonadota|Alphaproteobacteria|Rhodobacterales|Paracoccaceae|Puniceibacterium|Puniceibacterium confluentis;2547397||Pseudomonadota|Alphaproteobacteria|Rhodobacterales|Paracoccaceae|Antarcticimicrobium|Antarcticimicrobium luteum	18.986228
barcode16_120_filtered	237	0.002600	2763654	2763654||Bacillota|Clostridia|Christensenellales|Christensenellaceae|Luoshenia|Luoshenia tenuis	120.683124
barcode16_120_filtered	238	0.000646	1473598	1473598||Acidobacteriota|Terriglobia|Bryobacterales|Bryobacteraceae|Paludibaculum|Paludibaculum fermentans	30.000000
barcode16_120_filtered	239	0.000366	1639882	1639882||Gemmatimonadota|Longimicrobiia|Longimicrobiales|Longimicrobiaceae|Longimicrobium|Longimicrobium terrae	17.000000
barcode16_120_filtered	240	0.000431	2884263	2884263||Actinomycetota|Acidimicrobiia|Acidimicrobiales|Iamiaceae|Dermatobacter|Dermatobacter hominis	20.000000
barcode16_120_filtered	248	0.000840	1337094	1337094||Bacillota|Clostridia|Eubacteriales|Oscillospiraceae|Ercella|Ercella succinigenes	39.000000
barcode16_120_filtered	252	0.001942	3133167	3133167||Bacillota|Clostridia|Eubacteriales|Oscillospiraceae|Faecousia|Faecousia intestinalis	90.128391
barcode16_120_filtered	253	0.000515	2771361	2771361||Pseudomonadota|Alphaproteobacteria|Acetobacterales|Roseomonadaceae|Roseococcus|Roseococcus microcysteis	23.926781
barcode16_120_filtered	254	0.001013	1348470	1348470||Pseudomonadota|Alphaproteobacteria|Hyphomonadales|Hyphomonadaceae|Asprobacter|Asprobacter aquaticus	46.997414
barcode16_120_filtered	255	0.000280	2820301	2820301||Bacillota|Clostridia|Eubacteriales|Acutalibacteraceae|Caproiciproducens|Caproiciproducens faecalis	13.000000
barcode17_120_filtered	1	0.000941	233055	233055||Bacillota|Clostridia|Eubacteriales|Desulfitobacteriaceae|Desulfitobacterium|Desulfitobacterium dichloroeliminans	44.000000
barcode17_120_filtered	2	0.004051	1076412	1076412||Bacillota|Negativicutes|Selenomonadales|Sporomusaceae|Pelosinus|Pelosinus defluvii	189.406911
barcode17_120_filtered	3	0.025529	29355;48256;396504	29355||Bacillota|Clostridia|Eubacteriales|Oscillospiraceae|Ruminiclostridium|Ruminiclostridium cellobioparum;48256||Bacillota|Clostridia|Eubacteriales|Oscillospiraceae|Ruminiclostridium|Ruminiclostridium hungatei;396504||Bacillota|Clostridia|Eubacteriales|Oscillospiraceae|Ruminiclostridium|Ruminiclostridium sufflavum	1193.516364
barcode17_120_filtered	4	0.012444	1499;1521	1499||Bacillota|Clostridia|Eubacteriales|Oscillospiraceae|Ruminiclostridium|Ruminiclostridium josui;1521||Bacillota|Clostridia|Eubacteriales|Oscillospiraceae|Ruminiclostridium|Ruminiclostridium cellulolyticum	581.780307
barcode17_120_filtered	5	0.000373	84032	84032||Bacillota|Clostridia|Eubacteriales|Clostridiaceae|Clostridium|Clostridium thermosuccinogenes	17.438144
barcode17_120_filtered	6	0.000489	59610	59610||Bacillota|Clostridia|Eubacteriales|Peptococcaceae|Desulforamulus|Desulforamulus reducens	22.860678
barcode17_120_filtered	9	0.001129	365349;380084	365349||Bacillota|Negativicutes|Selenomonadales|Sporomusaceae|Pelosinus|Pelosinus fermentans;380084||Bacillota|Negativicutes|Selenomonadales|Sporomusaceae|Pelosinus|Pelosinus propionicus	52.775300
barcode17_120_filtered	10	0.003321	659425	659425||Bacillota|Clostridia|Eubacteriales|Oscillospiraceae|Thermoclostridium|Thermoclostridium caenicola	155.246342
barcode17_120_filtered	12	0.001764	288965	288965||Bacillota|Clostridia|Eubacteriales|Oscillospiraceae|Acetivibrio|Acetivibrio clariflavus	82.450158
barcode17_120_filtered	13	0.001155	1032527	1032527||Verrucomicrobiota|Pedosphaerae|Pedosphaerales|Pedosphaeraceae|Pedosphaera|Pedosphaera parvula	54.000000
barcode17_120_filtered	14	0.009992	394284	394284||Bacillota|Negativicutes|Selenomonadales|Sporomusaceae|Psychrosinus|Psychrosinus fermentans	467.143599
barcode17_120_filtered	16	0.000501	3375356	3375356||Bacillota|Clostridia|Eubacteriales|Desulfitobacteriaceae|Desulfitobacterium|Desulfitobacterium nosdiversum	23.442956
barcode17_120_filtered	17	0.004984	2763673	2763673||Bacillota|Clostridia|Eubacteriales|Oscillospiraceae|Yanshouia|Yanshouia hominis	233.000571
barcode17_120_filtered	18	0.001075	107709	107709||Verrucomicrobiota|Opitutia|Opitutales|Opitutaceae|Opitutus|Opitutus terrae	50.261016
barcode17_120_filtered	19	0.002054	342666	342666||Bacillota|Clostridia|Eubacteriales|Gracilibacteraceae|Gracilibacter|Gracilibacter thermotolerans	96.013956
barcode17_120_filtered	20	0.001960	112903;209080	112903||Bacillota|Negativicutes|Selenomonadales|Sporomusaceae|Propionispora|Propionispora vibrioides;209080||Bacillota|Negativicutes|Selenomonadales|Sporomusaceae|Propionispora|Propionispora hippei	91.651960
barcode17_120_filtered	22	0.005655	335605;386874;2303576;2904799;2908206;2908208;2992113	335605||Pseudomonadota|Alphaproteobacteria|Sphingomonadales|Sphingomonadaceae|Sphingomonas|Sphingomonas rosea;386874||Pseudomonadota|Alphaproteobacteria|Sphingomonadales|Sphingomonadaceae|Sphingomonas|Sphingomonas sediminicola;2303576||Pseudomonadota|Alphaproteobacteria|Sphingomonadales|Sphingomonadaceae|Sphingomonas|Sphingomonas mesophila;2904799||Pseudomonadota|Alphaproteobacteria|Sphingomonadales|Sphingomonadaceae|Sphingomonas|Sphingomonas cremea;2908206||Pseudomonadota|Alphaproteobacteria|Sphingomonadales|Sphingomonadaceae|Sphingomonas|Sphingomonas brevis;2908208||Pseudomonadota|Alphaproteobacteria|Sphingomonadales|Sphingomonadaceae|Sphingomonas|Sphingomonas alba;2992113||Pseudomonadota|Alphaproteobacteria|Sphingomonadales|Sphingomonadaceae|Sphingomonas|Sphingomonas arvum	264.357220
barcode17_120_filtered	23	0.006331	2590199;2918171;2922725;2925406	2590199||Myxococcota|Myxococcia|Myxococcales|Anaeromyxobacteraceae|Anaeromyxobacter|Anaeromyxobacter diazotrophicus;2918171||Myxococcota|Myxococcia|Myxococcales|Anaeromyxobacteraceae|Anaeromyxobacter|Anaeromyxobacter paludicola;2922725||Myxococcota|Myxococcia|Myxococcales|Anaeromyxobacteraceae|Anaeromyxobacter|Anaeromyxobacter soli;2925406||Myxococcota|Myxococcia|Myxococcales|Anaeromyxobacteraceae|Anaeromyxobacter|Anaeromyxobacter terrae	296.000000
barcode17_120_filtered	24	0.000513	1203471	1203471||Thermodesulfobacteriota|Desulfuromonadia|Geobacterales|Geobacteraceae|Geotalea|Geotalea daltonii	24.000000
barcode17_120_filtered	25	0.000316	1514105	1514105||Bacillota|Erysipelotrichia|Erysipelotrichales|Erysipelotrichaceae|Erysipelothrix|Erysipelothrix larvae	14.782371
barcode17_120_filtered	26	0.014573	3046382;3046383	3046382||Bacillota|Clostridia|Eubacteriales|Aristaeellaceae|Aristaeella|Aristaeella hokkaidonensis;3046383||Bacillota|Clostridia|Eubacteriales|Aristaeellaceae|Aristaeella|Aristaeella lactis	681.280061
barcode17_120_filtered	27	0.029472	70582;364039;391953;392597;413882;1547922;1597781;2315841;2732868;2742824;2824118;2944811;3119538	70582||Pseudomonadota|Betaproteobacteria|Burkholderiales||Aquabacterium|Aquabacterium citratiphilum;364039||Pseudomonadota|Betaproteobacteria|Burkholderiales|Sphaerotilaceae|Azohydromonas|Azohydromonas australica;391953||Pseudomonadota|Betaproteobacteria|Burkholderiales|Sphaerotilaceae|Aquincola|Aquincola tertiaricarbonis;392597||Pseudomonadota|Betaproteobacteria|Burkholderiales|Sphaerotilaceae|Piscinibacter|Piscinibacter aquaticus;413882||Pseudomonadota|Betaproteobacteria|Burkholderiales|Sphaerotilaceae|Caldimonas|Caldimonas brevitalea;1547922||Pseudomonadota|Betaproteobacteria|Burkholderiales|Sphaerotilaceae|Piscinibacter|Piscinibacter sakaiensis;1597781||Pseudomonadota|Betaproteobacteria|Burkholderiales||Eleftheria|Eleftheria terrae;2315841||Pseudomonadota|Betaproteobacteria|Burkholderiales|Sphaerotilaceae|Caldimonas|Caldimonas tepidiphila;2732868||Pseudomonadota|Betaproteobacteria|Burkholderiales|Sphaerotilaceae|Pseudaquabacterium|Pseudaquabacterium terrae;2742824||Pseudomonadota|Betaproteobacteria|Burkholderiales|Sphaerotilaceae|Piscinibacter|Piscinibacter koreensis;2824118||Pseudomonadota|Betaproteobacteria|Burkholderiales|Sphaerotilaceae|Ideonella|Ideonella alba;2944811||Pseudomonadota|Betaproteobacteria|Burkholderiales|Sphaerotilaceae|Caldimonas|Caldimonas mangrovi;3119538||Pseudomonadota|Betaproteobacteria|Burkholderiales|Sphaerotilaceae|Aquincola|Aquincola agrisoli	1377.839232
barcode17_120_filtered	28	0.001094	47679;112901;204936	47679||Bacillota|Negativicutes|Selenomonadales|Sporomusaceae|Sporomusa|Sporomusa sphaeroides;112901||Bacillota|Negativicutes|Selenomonadales|Sporomusaceae|Sporomusa|Sporomusa malonica;204936||Bacillota|Negativicutes|Selenomonadales|Sporomusaceae|Sporomusa|Sporomusa aerivorans	51.123649
barcode17_120_filtered	30	0.000505	1470354	1470354||Bacillota|Clostridia|Eubacteriales||Candidatus Soleaferrea|Candidatus Soleaferrea massiliensis	23.601378
barcode17_120_filtered	31	0.000498	2066483	2066483|||Candidatus Babeliae|Candidatus Babeliales|Candidatus Chromulinivoraceae|Candidatus Chromulinivorax|Candidatus Chromulinivorax destructor	23.301038
barcode17_120_filtered	34	0.013643	258515	258515||Bacillota|Clostridia|Eubacteriales|Oscillospiraceae|Acetanaerobacterium|Acetanaerobacterium elongatum	637.842348
barcode17_120_filtered	36	0.000727	96232;2708020	96232||Pseudomonadota|Gammaproteobacteria|Legionellales|Legionellaceae|Legionella|Legionella lytica;2708020||Pseudomonadota|Gammaproteobacteria|Legionellales|Legionellaceae|Legionella|Legionella antarctica	34.000000
barcode17_120_filtered	37	0.006367	192843;2527691;2596921;2793270;2987520;3386187	192843||Pseudomonadota|Betaproteobacteria|Burkholderiales|Comamonadaceae|Rhodoferax|Rhodoferax ferrireducens;2527691||Pseudomonadota|Betaproteobacteria|Burkholderiales|Comamonadaceae|Rhodoferax|Rhodoferax aquaticus;2596921||Pseudomonadota|Betaproteobacteria|Burkholderiales|Comamonadaceae|Caenimonas|Caenimonas sedimenti;2793270||Pseudomonadota|Betaproteobacteria|Burkholderiales|Comamonadaceae|Caenimonas|Caenimonas aquaedulcis;2987520||Pseudomonadota|Betaproteobacteria|Burkholderiales|Comamonadaceae|Acidovorax|Acidovorax benzenivorans;3386187||Pseudomonadota|Betaproteobacteria|Burkholderiales|Comamonadaceae|Candidatus Aalborgicola|Candidatus Aalborgicola defluviihabitans	297.682513
barcode17_120_filtered	38	0.001088	36854;49338	36854||Bacillota|Clostridia|Eubacteriales|Desulfitobacteriaceae|Desulfitobacterium|Desulfitobacterium dehalogenans;49338||Bacillota|Clostridia|Eubacteriales|Desulfitobacteriaceae|Desulfitobacterium|Desulfitobacterium hafniense	50.878506
barcode17_120_filtered	39	0.000771	673862	673862|||Candidatus Babeliae|Candidatus Babeliales|Candidatus Babeliaceae|Candidatus Babela|Candidatus Babela massiliensis	36.058720
barcode17_120_filtered	40	0.004474	1860101;1860102;2954386;2976531	1860101||Pseudomonadota|Betaproteobacteria|Rhodocyclales|Rhodocyclaceae|Propionivibrio|Candidatus Propionivibrio aalborgensis;1860102||Pseudomonadota|Betaproteobacteria|||Candidatus Accumulibacter|Candidatus Accumulibacter aalborgensis;2954386||Pseudomonadota|Betaproteobacteria|||Candidatus Accumulibacter|Candidatus Accumulibacter necessarius;2976531||Pseudomonadota|Betaproteobacteria|Rhodocyclales|Rhodocyclaceae|Propionivibrio|Propionivibrio soli	209.168102
barcode17_120_filtered	41	0.000373	3073143	3073143||Bacillota|Clostridia|Eubacteriales|Oscillospiraceae|Bengtsoniella|Bengtsoniella intestinalis	17.435552
barcode17_120_filtered	42	0.000791	45393;2588534	45393||Pseudomonadota|Betaproteobacteria|Nitrosomonadales|Methylophilaceae|Methylophilus|Methylophilus leisingeri;2588534||Pseudomonadota|Betaproteobacteria|Nitrosomonadales|Methylophilaceae|Methylophilus|Methylophilus medardicus	37.000000
barcode17_120_filtered	43	0.006438	2725268	2725268||Mycoplasmatota|Mollicutes|Candidatus Izemoplasmatales|Hujiaoplasmataceae|Hujiaoplasma|Hujiaoplasma nucleasis	301.000007
barcode17_120_filtered	44	0.001069	1803913	1803913||Pseudomonadota|Gammaproteobacteria|Steroidobacterales|Steroidobacteraceae|Steroidobacter|Steroidobacter cummioxidans	49.999999
barcode17_120_filtered	45	0.003047	1379270;2732249	1379270||Gemmatimonadota|Gemmatimonadia|Gemmatimonadales|Gemmatimonadaceae|Gemmatimonas|Gemmatimonas phototrophica;2732249||Gemmatimonadota|Gemmatimonadia|Gemmatimonadales|Gemmatimonadaceae|Gemmatimonas|Gemmatimonas groenlandica	142.450673
barcode17_120_filtered	48	0.017895	38402;225084;2683714	38402||Bacillota|Erysipelotrichia|Erysipelotrichales|Erysipelotrichaceae|Erysipelothrix|Erysipelothrix tonsillarum;225084||Bacillota|Erysipelotrichia|Erysipelotrichales|Erysipelotrichaceae|Erysipelothrix|Erysipelothrix inopinata;2683714||Bacillota|Erysipelotrichia|Erysipelotrichales|Erysipelotrichaceae|Erysipelothrix|Erysipelothrix aquatica	836.597371
barcode17_120_filtered	50	0.007059	1488331;1537567	1488331||Bacillota|Clostridia|Eubacteriales|Eubacteriales Family XII. Incertae Sedis|Fusibacter|Fusibacter bizertensis;1537567||Bacillota|Clostridia|Eubacteriales|Eubacteriales Family XII. Incertae Sedis|Fusibacter|Fusibacter fontis	330.000611
barcode17_120_filtered	52	0.010830	270498;626937;1805714;1816678;2763033	270498||Bacillota|Clostridia|Christensenellales|Christensenellaceae|Christensenella|Christensenella hongkongensis;626937||Bacillota|Clostridia|Christensenellales|Christensenellaceae|Christensenella|Christensenella minuta;1805714||Bacillota|Clostridia|Christensenellales|Christensenellaceae|Christensenella|Christensenella massiliensis;1816678||Bacillota|Clostridia|Christensenellales|Christensenellaceae|Christensenella|Christensenella timonensis;2763033||Bacillota|Clostridia|Christensenellales|Christensenellaceae|Christensenella|Christensenella tenuis	506.321679
barcode17_120_filtered	54	0.031407	1515;253314	1515||Bacillota|Clostridia|Eubacteriales|Oscillospiraceae|Acetivibrio|Acetivibrio thermocellus;253314||Bacillota|Clostridia|Eubacteriales|Oscillospiraceae|Acetivibrio|Acetivibrio straminisolvens	1468.299704
barcode17_120_filtered	55	0.013319	433293;1679721	433293||Bacillota|Clostridia|Lachnospirales|Lachnospiraceae|Anaerotaenia|Anaerotaenia torta;1679721||Bacillota|Clostridia|Lachnospirales|Lachnospiraceae|Herbinix|Herbinix luporum	622.677386
barcode17_120_filtered	56	0.029914	1650661;1673721;1689270;2108523;2763052;2763053;2763059;2986526;3133171	1650661||Bacillota|Clostridia|Eubacteriales|Clostridiaceae|Clostridium|Clostridium phoceensis;1673721||Bacillota|Clostridia|Eubacteriales||Intestinimonas|Intestinimonas massiliensis (ex Afouda et al. 2020);1689270||Bacillota|Clostridia|Eubacteriales||Intestinimonas|Intestinimonas timonensis;2108523||Bacillota|Clostridia|Eubacteriales|Oscillospiraceae|Lawsonibacter|Lawsonibacter asaccharolyticus;2763052||Bacillota|Clostridia|Eubacteriales|Oscillospiraceae|Lawsonibacter|Lawsonibacter faecis;2763053||Bacillota|Clostridia|Eubacteriales|Oscillospiraceae|Lawsonibacter|Lawsonibacter hominis;2763059||Bacillota|Clostridia|Eubacteriales|Oscillospiraceae|Pseudoflavonifractor|Pseudoflavonifractor hominis;2986526||Bacillota|Clostridia|Eubacteriales|Oscillospiraceae|Lawsonibacter|Lawsonibacter celer;3133171||Bacillota|Clostridia|Eubacteriales|Oscillospiraceae|Pseudoflavonifractor|Pseudoflavonifractor intestinihominis	1398.503065
barcode17_120_filtered	57	0.002600	33953;2818044;3408580	33953||Bacillota|Clostridia|Eubacteriales|Clostridiaceae|Clostridium|Clostridium aminobutyricum;2818044||Bacillota|Clostridia|Peptostreptococcales|Anaerovoracaceae|Sinanaerobacter|Sinanaerobacter chloroacetimidivorans;3408580||Bacillota|Clostridia|Peptostreptococcales|Anaerovoracaceae|Anoxybacterium|Anoxybacterium hadale	121.550723
barcode17_120_filtered	58	0.000359	2576756	2576756||Bacillota|Clostridia|Eubacteriales|Acutalibacteraceae|Caproicibacter|Caproicibacter fermentans	16.803729
barcode17_120_filtered	59	0.004665	2941519	2941519||Bacillota|Clostridia|Eubacteriales|Oscillospiraceae|Vermiculatibacterium|Vermiculatibacterium agrestimuris	218.102281
barcode17_120_filtered	60	0.001406	2763047;2981773	2763047||Bacillota|Clostridia|Eubacteriales||Flintibacter|Flintibacter faecis;2981773||Bacillota|Clostridia|Eubacteriales|Oscillospiraceae|Muriventricola|Muriventricola aceti	65.737424
barcode17_120_filtered	61	0.001903	2530451;2764187;2780087;2801330	2530451||Pseudomonadota|Betaproteobacteria|Burkholderiales|Comamonadaceae|Ramlibacter|Ramlibacter humi;2764187||Pseudomonadota|Betaproteobacteria|Burkholderiales|Comamonadaceae|Ramlibacter|Ramlibacter cellulosilyticus;2780087||Pseudomonadota|Betaproteobacteria|Burkholderiales|Comamonadaceae|Ramlibacter|Ramlibacter pallidus;2801330||Pseudomonadota|Betaproteobacteria|Burkholderiales|Comamonadaceae|Ramlibacter|Ramlibacter aurantiacus	88.965318
barcode17_120_filtered	62	0.000626	2763677	2763677||Bacillota|Clostridia|Eubacteriales|Oscillospiraceae|Zongyangia|Zongyangia hominis	29.281337
barcode17_120_filtered	65	0.012251	351091;2763042	351091||Bacillota|Clostridia|Eubacteriales|Oscillospiraceae|Oscillibacter|Oscillibacter valericigenes;2763042||Bacillota|Clostridia|Eubacteriales|Oscillospiraceae|Dysosmobacter|Dysosmobacter segnis	572.736503
barcode17_120_filtered	66	0.000425	1147123	1147123||Bacillota|Clostridia|Eubacteriales|Clostridiaceae|Caloramator|Caloramator quimbayensis	19.886772
barcode17_120_filtered	67	0.000597	2714355;3376993	2714355||Bacillota|Clostridia|Eubacteriales|Oscillospiraceae|Vescimonas|Vescimonas coprocola;3376993||Bacillota|Clostridia|Eubacteriales|Oscillospiraceae|Vescimonas|Vescimonas sanitatis	27.922933
barcode17_120_filtered	68	0.002836	398199;2804028	398199||Bacillota|Clostridia|Eubacteriales|Clostridiaceae|Proteiniclasticum|Proteiniclasticum ruminis;2804028||Bacillota|Clostridia|Eubacteriales|Clostridiaceae|Proteiniclasticum|Proteiniclasticum sediminis	132.599352
barcode17_120_filtered	70	0.038233	1852363	1852363||Bacillota|Clostridia|Eubacteriales|Beduinellaceae|Beduinella|Beduinella massiliensis	1787.431577
barcode17_120_filtered	71	0.001123	286730;1965019	286730||Bacteroidota|Bacteroidia|Marinilabiliales|Marinilabiliaceae|Alkaliflexus|Alkaliflexus imshenetskii;1965019||Bacteroidota|Bacteroidia|Marinilabiliales|Marinilabiliaceae|Geofilum|Geofilum rhodophaeum	52.497967
barcode17_120_filtered	72	0.000612	2086583	2086583||Bacillota|Clostridia|Eubacteriales|Acutalibacteraceae|Pseudoruminococcus|Pseudoruminococcus massiliensis	28.607744
barcode17_120_filtered	73	0.002310	2763058	2763058||Bacteroidota|Bacteroidia|Bacteroidales|Tannerellaceae|Parabacteroides|Parabacteroides segnis	107.999999
barcode17_120_filtered	75	0.001059	12917;80878;553814;758826	12917||Pseudomonadota|Betaproteobacteria|Burkholderiales|Comamonadaceae|Acidovorax|Acidovorax facilis;80878||Pseudomonadota|Betaproteobacteria|Burkholderiales|Comamonadaceae|Acidovorax|Acidovorax temperans;553814||Pseudomonadota|Betaproteobacteria|Burkholderiales|Comamonadaceae|Acidovorax|Acidovorax carolinensis;758826||Pseudomonadota|Betaproteobacteria|Burkholderiales|Comamonadaceae|Acidovorax|Acidovorax radicis	49.516432
barcode17_120_filtered	76	0.000278	2594430	2594430||Bacteroidota|Flavobacteriia|Flavobacteriales|Flavobacteriaceae|Flavobacterium|Flavobacterium franklandianum	13.000000
barcode17_120_filtered	78	0.000406	1804990;2963406;2994971	1804990||Actinomycetota|Actinomycetes|Micrococcales|Microbacteriaceae|Microcella|Microcella flavibacter;2963406||Actinomycetota|Actinomycetes|Micrococcales|Microbacteriaceae|Microcella|Microcella humidisoli;2994971||Actinomycetota|Actinomycetes|Micrococcales|Microbacteriaceae|Microcella|Microcella daejeonensis	19.000000
barcode17_120_filtered	79	0.001476	65655	65655||Pseudomonadota|Betaproteobacteria|Burkholderiales|Comamonadaceae|Hydrogenophaga|Hydrogenophaga palleronii	68.999966
barcode17_120_filtered	80	0.000321	474960	474960||Bacillota|Clostridia|Eubacteriales|Oscillospiraceae|Hydrogenoanaerobacterium|Hydrogenoanaerobacterium saccharovorans	15.000137
barcode17_120_filtered	81	0.000835	319644	319644||Bacillota|Clostridia|Eubacteriales|Oscillospiraceae|Saccharofermentans|Saccharofermentans acetigenes	39.043992
barcode17_120_filtered	82	0.001989	985	985||Bacteroidota|Cytophagia|Cytophagales|Cytophagaceae|Cytophaga|Cytophaga hutchinsonii	93.000000
barcode17_120_filtered	83	0.009197	1794912	1794912||Bacillota|Negativicutes||Acetonemataceae|Anaerosporomusa|Anaerosporomusa subterranea	429.965143
barcode17_120_filtered	86	0.004298	1940525;2283627	1940525||Bacteroidota|Bacteroidia|Marinilabiliales|Marinifilaceae|Labilibaculum|Labilibaculum manganireducens;2283627||Bacteroidota|Bacteroidia|Marinilabiliales|Marinifilaceae|Ancylomarina|Ancylomarina euxinus	200.953410
barcode17_120_filtered	88	0.000844	1958780;2045012;2991836	1958780||Bacillota|Clostridia|Eubacteriales|Clostridiaceae|Clostridium|Clostridium merdae;2045012||Bacillota|Clostridia|Eubacteriales|Clostridiaceae|Clostridium|Clostridium minihomine;2991836||Bacillota|Clostridia|Eubacteriales|Oscillospiraceae|Faecalispora|Faecalispora anaeroviscerum	39.452460
barcode17_120_filtered	89	0.000715	2904245	2904245||Bacteroidota|Cytophagia|Cytophagales|Fulvivirgaceae|Fulvivirga|Fulvivirga ulvae	33.425074
barcode17_120_filtered	90	0.009878	44749	44749||Bacillota|Clostridia|Eubacteriales|Oscillospiraceae|Sporobacter|Sporobacter termitidis	461.802772
barcode17_120_filtered	92	0.001198	1855912	1855912||Acidobacteriota|Vicinamibacteria|Vicinamibacterales|Vicinamibacteraceae|Luteitalea|Luteitalea pratensis	56.000000
barcode17_120_filtered	93	0.001552	1121298;1325933	1121298||Bacillota|Clostridia|Eubacteriales|Clostridiaceae|Clostridium|Clostridium amylolyticum;1325933||Bacillota|Clostridia|Eubacteriales|Clostridiaceae|Clostridium|Clostridium polynesiense	72.560687
barcode17_120_filtered	95	0.001326	2059302	2059302||Bacteroidota|Cytophagia|Cytophagales|Fulvivirgaceae|Pseudochryseolinea|Pseudochryseolinea flava	62.000003
barcode17_120_filtered	96	0.000282	2885357	2885357||Bacillota|Clostridia|Eubacteriales|Oscillospiraceae|Hominenteromicrobium|Hominenteromicrobium mulieris	13.188576
barcode17_120_filtered	98	0.000856	185243	185243||Actinomycetota|Actinomycetes|Propionibacteriales|Nocardioidaceae|Propionicimonas|Propionicimonas paludicola	40.000000
barcode17_120_filtered	99	0.000570	47671	47671||Pseudomonadota|Betaproteobacteria|Burkholderiales|Burkholderiaceae|Lautropia|Lautropia mirabilis	26.660001
barcode17_120_filtered	100	0.052688	1096341	1096341||Bacillota|Clostridia|Eubacteriales|Clostridiaceae|Fonticella|Fonticella tunisiensis	2463.214768
barcode17_120_filtered	101	0.000555	1776382	1776382||Bacillota|Clostridia|Eubacteriales|Oscillospiraceae|Neglectibacter|Neglectibacter timonensis	25.959371
barcode17_120_filtered	102	0.009968	2508949	2508949||Bacillota|Clostridia|Christensenellales|Christensenellaceae|Candidatus Borkfalkia|Candidatus Borkfalkia ceftriaxoniphila	466.019442
barcode17_120_filtered	103	0.000685	2835041	2835041||Bdellovibrionota|Bdellovibrionia|Bdellovibrionales|Pseudobdellovibrionaceae|Bdellovibrio|Bdellovibrio reynosensis	32.001825
barcode17_120_filtered	104	0.000748	1716543	1716543||Bacillota|Clostridia|Eubacteriales|Clostridiaceae|Clostridium|Clostridium thermarum	34.982698
barcode17_120_filtered	105	0.015805	36849	36849||Bacillota|Clostridia|Eubacteriales|Clostridiaceae|Oxobacter|Oxobacter pfennigii	738.878966
barcode17_120_filtered	107	0.000428	1511	1511||Bacillota|Clostridia|Peptostreptococcales|Filifactoraceae|Acetoanaerobium|Acetoanaerobium sticklandii	20.000000
barcode17_120_filtered	108	0.000299	933068	933068||Fusobacteriota|Fusobacteriia|Fusobacteriales|Fusobacteriaceae|Ilyobacter|Ilyobacter delafieldii	14.000000
barcode17_120_filtered	110	0.000402	1468449	1468449||Bacillota|Erysipelotrichia|Erysipelotrichales|Erysipelotrichaceae|Holdemania|Holdemania massiliensis	18.795969
barcode17_120_filtered	113	0.000449	219748;1054297	219748||Bacillota|Clostridia|Eubacteriales|Clostridiaceae|Clostridium|Clostridium tunisiense;1054297||Bacillota|Clostridia|Eubacteriales|Clostridiaceae|Clostridium|Clostridium punense	20.978918
barcode17_120_filtered	114	0.003588	392610;940136;1078469;1282858	392610||Pseudomonadota|Alphaproteobacteria|Sphingomonadales|Sphingorhabdaceae|Sphingorhabdus|Sphingorhabdus lacus;940136||Pseudomonadota|Alphaproteobacteria|Sphingomonadales|Sphingorhabdaceae|Sphingorhabdus|Sphingorhabdus wooponensis;1078469||Pseudomonadota|Alphaproteobacteria|Sphingomonadales|Sphingorhabdaceae|Sphingorhabdus|Sphingorhabdus planktonica;1282858||Pseudomonadota|Alphaproteobacteria|Sphingomonadales|Sphingorhabdaceae|Sphingorhabdus|Sphingorhabdus rigui	167.726734
barcode17_120_filtered	115	0.002236	2014610	2014610||Gemmatimonadota|Gemmatimonadia|Gemmatimonadales|Gemmatimonadaceae|Roseisolibacter|Roseisolibacter agri	104.549327
barcode17_120_filtered	117	0.003123	1332188	1332188||Candidatus Saccharimonadota|Candidatus Saccharimonadia|Candidatus Saccharimonadales|Candidatus Saccharimonadaceae|Candidatus Saccharimonas|Candidatus Saccharimonas aalborgensis	146.024671
barcode17_120_filtered	118	0.014008	100176	100176||Bacillota|Clostridia|Eubacteriales|Oscillospiraceae|Papillibacter|Papillibacter cinnamivorans	654.883028
barcode17_120_filtered	120	0.042364	397260;529705;1632740;2305907;2698828;2873268;3103142;3163295	397260||Pseudomonadota|Alphaproteobacteria|Sphingomonadales|Sphingomonadaceae|Sphingomonas|Sphingomonas sanxanigenens;529705||Pseudomonadota|Alphaproteobacteria|Sphingomonadales|Sphingomonadaceae|Sphingomonas|Sphingomonas changbaiensis;1632740||Pseudomonadota|Alphaproteobacteria|Sphingomonadales|Sphingomonadaceae|Sphingomonas|Sphingomonas zeicaulis;2305907||Pseudomonadota|Alphaproteobacteria|Sphingomonadales|Sphingomonadaceae|Sphingomonas|Sphingomonas gilva;2698828||Pseudomonadota|Alphaproteobacteria|Sphingomonadales|Sphingomonadaceae|Sphingomonas|Sphingomonas lacunae;2873268||Pseudomonadota|Alphaproteobacteria|Sphingomonadales|Sphingomonadaceae|Hephaestia|Hephaestia mangrovi;3103142||Pseudomonadota|Alphaproteobacteria|Sphingomonadales|Sphingomonadaceae|Sphingomonas|Sphingomonas rustica;3163295||Pseudomonadota|Alphaproteobacteria|Sphingomonadales|Sphingomonadaceae|Sphingomonas|Sphingomonas plantiphila	1980.549038
barcode17_120_filtered	121	0.042663	2941510	2941510||Bacillota|Clostridia|Eubacteriales|Pumilibacteraceae|Pumilibacter|Pumilibacter muris	1994.528316
barcode17_120_filtered	122	0.000975	1367462;2940653;3381661	1367462||Bacillota|Clostridia|Eubacteriales|Clostridiaceae|Clostridium|Clostridium swellfunianum;2940653||Bacillota|Clostridia|Eubacteriales|Clostridiaceae|Clostridium|Clostridium caldaquaticum;3381661||Bacillota|Clostridia|Eubacteriales|Clostridiaceae|Clostridium|Candidatus Clostridium stratigraminis	45.578099
barcode17_120_filtered	123	0.000812	2038680	2038680||Bacillota|Clostridia|Eubacteriales|Oscillospiraceae|Paludihabitans|Paludihabitans psychrotolerans	37.953767
barcode17_120_filtered	124	0.009359	2528036;2583234;2593021;2670345;2699202;2852097	2528036||Pseudomonadota|Alphaproteobacteria|Rhodobacterales|Paracoccaceae|Tabrizicola|Tabrizicola caldifontis;2583234||Pseudomonadota|Alphaproteobacteria|Rhodobacterales|Paracoccaceae|Paragemmobacter|Paragemmobacter kunshanensis;2593021||Pseudomonadota|Alphaproteobacteria|Rhodobacterales|Paracoccaceae|Tabrizicola|Tabrizicola flagellatus;2670345||Pseudomonadota|Alphaproteobacteria|Rhodobacterales|Paracoccaceae|Tabrizicola|Tabrizicola thermarum;2699202||Pseudomonadota|Alphaproteobacteria|Rhodobacterales|Paracoccaceae|Stagnihabitans|Stagnihabitans tardus;2852097||Pseudomonadota|Alphaproteobacteria|Rhodobacterales|Paracoccaceae|Paragemmobacter|Paragemmobacter amnigenus	437.544343
barcode17_120_filtered	125	0.006103	320502	320502||Bacillota|Clostridia|Eubacteriales|Oscillospiraceae|Acetivibrio|Acetivibrio alkalicellulosi	285.299512
barcode17_120_filtered	126	0.000919	1503981;2054628	1503981||Pseudomonadota|Alphaproteobacteria|Sphingomonadales|Erythrobacteraceae|Alteraurantiacibacter|Alteraurantiacibacter buctensis;2054628||Pseudomonadota|Alphaproteobacteria|Sphingomonadales|Erythrobacteraceae|Alteraurantiacibacter|Alteraurantiacibacter palmitatis	42.976428
barcode17_120_filtered	127	0.001418	1428345;2184016;2766473;2911368	1428345||Pseudomonadota|Alphaproteobacteria|Acetobacterales|Roseomonadaceae|Falsiroseomonas|Falsiroseomonas wooponensis;2184016||Pseudomonadota|Alphaproteobacteria|Acetobacterales|Roseomonadaceae|Falsiroseomonas|Falsiroseomonas bella;2766473||Pseudomonadota|Alphaproteobacteria|Acetobacterales|Roseomonadaceae|Falsiroseomonas|Falsiroseomonas oryzae;2911368||Pseudomonadota|Alphaproteobacteria|Acetobacterales|Roseomonadaceae|Falsiroseomonas|Falsiroseomonas oryziterrae	66.305843
barcode17_120_filtered	128	0.001161	118967	118967||Bacillota|Erysipelotrichia|Erysipelotrichales|Erysipelotrichaceae|Anaerorhabdus|Anaerorhabdus furcosa	54.280018
barcode17_120_filtered	130	0.000571	1516126	1516126||Bacteroidota|Bacteroidia|Bacteroidales|Dysgonomonadaceae|Dysgonomonas|Dysgonomonas termitidis	26.709511
barcode17_120_filtered	131	0.001096	1870986	1870986||Bacillota|Clostridia|Eubacteriales||Colidextribacter|Colidextribacter massiliensis	51.232747
barcode17_120_filtered	132	0.000845	2607497	2607497||Actinomycetota|Actinomycetes|Micrococcales|Cellulomonadaceae|Actinotalea|Actinotalea subterranea	39.490322
barcode17_120_filtered	133	0.001818	55583	55583||Bacillota|Clostridia|Eubacteriales|Desulfitobacteriaceae|Dehalobacter|Dehalobacter restrictus	85.000002
barcode17_120_filtered	134	0.002588	173676;1778672;2871811;3056842	173676||Pseudomonadota|Alphaproteobacteria|Sphingomonadales|Sphingomonadaceae|Novosphingobium|Novosphingobium hassiacum;1778672||Pseudomonadota|Alphaproteobacteria|Sphingomonadales|Sphingomonadaceae|Novosphingobium|Novosphingobium flavum;2871811||Pseudomonadota|Alphaproteobacteria|Sphingomonadales|Sphingomonadaceae|Novosphingobium|Novosphingobium percolationis;3056842||Pseudomonadota|Alphaproteobacteria|Sphingomonadales|Sphingomonadaceae|Novosphingobium|Novosphingobium pituita	121.000944
barcode17_120_filtered	135	0.000963	1427356	1427356||Pseudomonadota|Alphaproteobacteria|Hyphomicrobiales|Hyphomicrobiaceae|Hyphomicrobium|Hyphomicrobium nitrativorans	45.000000
barcode17_120_filtered	136	0.000299	1384639	1384639||Acidobacteriota|Blastocatellia|Blastocatellales|Blastocatellaceae|Aridibacter|Aridibacter kavangonensis	14.000000
barcode17_120_filtered	137	0.004798	29353;35830	29353||Bacillota|Clostridia|Eubacteriales|Oscillospiraceae|Acetivibrio|Acetivibrio aldrichii;35830||Bacillota|Clostridia|Eubacteriales|Oscillospiraceae|Acetivibrio|Acetivibrio cellulolyticus	224.299047
barcode17_120_filtered	139	0.005750	33052;173675;574956;651663;2871171	33052||Pseudomonadota|Alphaproteobacteria|Sphingomonadales|Sphingopyxidaceae|Sphingopyxis|Sphingopyxis terrae;173675||Pseudomonadota|Alphaproteobacteria|Sphingomonadales|Sphingopyxidaceae|Sphingopyxis|Sphingopyxis witflariensis;574956||Pseudomonadota|Alphaproteobacteria|Sphingomonadales|Sphingomonadaceae|Novosphingobium|Novosphingobium soli;651663||Pseudomonadota|Alphaproteobacteria|Sphingomonadales|Sphingopyxidaceae|Sphingopyxis|Sphingopyxis bauzanensis;2871171||Pseudomonadota|Alphaproteobacteria|Sphingomonadales|Sphingopyxidaceae|Sphingopyxis|Sphingopyxis jiangsuensis	268.824570
barcode17_120_filtered	141	0.001135	501571	501571||Bacillota|Clostridia|Eubacteriales|Butyricicoccaceae|Butyricicoccus|Butyricicoccus pullicaecorum	53.045770
barcode17_120_filtered	143	0.062111	879969	879969||Bacteroidota|Bacteroidia|Bacteroidales|Porphyromonadaceae|Macellibacteroides|Macellibacteroides fermentans	2903.741307
barcode17_120_filtered	144	0.000492	2655001	2655001||Bacillota|Clostridia|Eubacteriales|Eubacteriaceae|Alkalibaculum|Alkalibaculum sporogenes	22.999999
barcode17_120_filtered	145	0.000572	112729;568790	112729||Bacillota|Clostridia|Eubacteriales|Clostridiaceae|Caloramator|Caloramator viterbiensis;568790||Bacillota|Clostridia|Eubacteriales|Clostridiaceae|Caloramator|Caloramator boliviensis	26.727904
barcode17_120_filtered	146	0.001195	884684	884684||Bacillota|Clostridia|Eubacteriales|Oscillospiraceae|Mageeibacillus|Mageeibacillus indolicus	55.869497
barcode17_120_filtered	148	0.004331	1495	1495||Bacillota|Clostridia|Eubacteriales|Clostridiaceae|Clostridium|Clostridium cylindrosporum	202.476783
barcode17_120_filtered	149	0.026296	1112;35811;198312;1161202;1532023;2509361;2969984;2987523;3019556;3127706	1112||Pseudomonadota|Alphaproteobacteria|Sphingomonadales|Erythrobacteraceae|Erythrobacter|Erythrobacter neustonensis;35811||Pseudomonadota|Alphaproteobacteria|Sphingomonadales|Erythrobacteraceae|Erythrobacter|Erythrobacter ramosus;198312||Pseudomonadota|Alphaproteobacteria|Sphingomonadales|Erythrobacteraceae|Erythrobacter|Erythrobacter sanguineus;1161202||Pseudomonadota|Alphaproteobacteria|Sphingomonadales|Erythrobacteraceae|Erythrobacter|Erythrobacter colymbi;1532023||Pseudomonadota|Alphaproteobacteria|Sphingomonadales|Erythrobacteraceae|Qipengyuania|Qipengyuania sediminis;2509361||Pseudomonadota|Alphaproteobacteria|Sphingomonadales|Erythrobacteraceae|Qipengyuania|Qipengyuania thermophila;2969984||Pseudomonadota|Alphaproteobacteria|Sphingomonadales|Erythrobacteraceae|Parerythrobacter|Parerythrobacter lacustris;2987523||Pseudomonadota|Alphaproteobacteria|Sphingomonadales|Erythrobacteraceae|Erythrobacter|Erythrobacter fulvus;3019556||Pseudomonadota|Alphaproteobacteria|Sphingomonadales|Erythrobacteraceae|Erythrobacter|Erythrobacter oryzae;3127706||Pseudomonadota|Alphaproteobacteria|Sphingomonadales|Erythrobacteraceae|Parerythrobacter|Parerythrobacter aurantius	1229.357137
barcode17_120_filtered	150	0.006339	1439888;1981098;2672568;2675220	1439888||Pseudomonadota|Alphaproteobacteria|Sphingomonadales|Sphingosinicellaceae|Sandarakinorhabdus|Sandarakinorhabdus fusca;1981098||Pseudomonadota|Alphaproteobacteria|Sphingomonadales|Sphingosinicellaceae|Sandarakinorhabdus|Sandarakinorhabdus cyanobacteriorum;2672568||Pseudomonadota|Alphaproteobacteria|Sphingomonadales|Sphingosinicellaceae|Sandarakinorhabdus|Sandarakinorhabdus rubra;2675220||Pseudomonadota|Alphaproteobacteria|Sphingomonadales|Sphingosinicellaceae|Sandarakinorhabdus|Sandarakinorhabdus oryzae	296.347763
barcode17_120_filtered	151	0.001048	2675059;2675060	2675059||Pseudomonadota|Gammaproteobacteria|Lysobacterales|Lysobacteraceae|Lysobacter|Lysobacter helvus;2675060||Pseudomonadota|Gammaproteobacteria|Lysobacterales|Lysobacteraceae|Lysobacter|Lysobacter xanthus	49.000000
barcode17_120_filtered	152	0.001086	1673717	1673717||Bacillota|Clostridia|Eubacteriales|Acutalibacteraceae|Anaeromassilibacillus|Anaeromassilibacillus senegalensis	50.785307
barcode17_120_filtered	153	0.000623	433286;1727145;2696063	433286||Bacillota|Clostridia|Lachnospirales|Lachnospiraceae|Anaerocolumna|Anaerocolumna cellulosilytica;1727145||Bacillota|Clostridia|Lachnospirales|Lachnospiraceae|Anaerocolumna|Anaerocolumna chitinilytica;2696063||Bacillota|Clostridia|Lachnospirales|Lachnospiraceae|Anaerocolumna|Anaerocolumna sedimenticola	29.128812
barcode17_120_filtered	154	0.001926	1841868	1841868||Bacillota|Clostridia|Eubacteriales|Oscillospiraceae|Provencibacterium|Provencibacterium massiliense	90.022224
barcode17_120_filtered	155	0.002418	1460355;2320861;2707068;2771430;2938948	1460355||Pseudomonadota|Alphaproteobacteria|Sphingomonadales|Sphingomonadaceae|Sphingomonas|Sphingomonas mohensis;2320861||Pseudomonadota|Alphaproteobacteria|Sphingomonadales|Sphingomonadaceae|Sphingomonas|Sphingomonas cavernae;2707068||Pseudomonadota|Alphaproteobacteria|Sphingomonadales|Sphingomonadaceae|Sphingomonas|Sphingomonas montis;2771430||Pseudomonadota|Alphaproteobacteria|Sphingomonadales|Sphingomicrobiaceae|Allosphingosinicella|Allosphingosinicella flava;2938948||Pseudomonadota|Alphaproteobacteria|Sphingomonadales|Sphingomonadaceae|Sphingomonas|Sphingomonas glaciei	113.057667
barcode17_120_filtered	158	0.002803	2175090;2559804;2741495;2782540;2949094;3096161	2175090||Pseudomonadota|Alphaproteobacteria|Sphingomonadales|Sphingomonadaceae|Sphingomonas|Sphingomonas pokkalii;2559804||Pseudomonadota|Alphaproteobacteria|Sphingomonadales|Sphingomonadaceae|Sphingomonas|Sphingomonas flavalba;2741495||Pseudomonadota|Alphaproteobacteria|Sphingomonadales|Sphingomonadaceae|Sphingomonas|Sphingomonas hominis;2782540||Pseudomonadota|Alphaproteobacteria|Sphingomonadales|Sphingomonadaceae|Sphingomonas|Sphingomonas beigongshangi;2949094||Pseudomonadota|Alphaproteobacteria|Sphingomonadales|Sphingomonadaceae|Sphingomonas|Sphingomonas liriopis;3096161||Pseudomonadota|Alphaproteobacteria|Sphingomonadales|Sphingomonadaceae|Parasphingomonas|Parasphingomonas zepuensis	131.022605
barcode17_120_filtered	159	0.001779	2835040;2984948	2835040||Pseudomonadota|Alphaproteobacteria|Acetobacterales|Roseomonadaceae|Roseococcus|Roseococcus pinisoli;2984948||Pseudomonadota|Alphaproteobacteria|Acetobacterales|Acetobacteraceae|Sabulicella|Sabulicella glaciei	83.172937
barcode17_120_filtered	160	0.000910	410839;2994654	410839||Pseudomonadota|Alphaproteobacteria|Hyphomicrobiales|Kaistiaceae|Kaistia|Kaistia geumhonensis;2994654||Pseudomonadota|Alphaproteobacteria|Hyphomicrobiales|Kaistiaceae|Kaistia|Kaistia nematophila	42.563127
barcode17_120_filtered	163	0.000321	147266	147266||Pseudomonadota|Alphaproteobacteria|Hyphomicrobiales|Rhizobiaceae|Agrobacterium|Agrobacterium albertimagni	15.000000
barcode17_120_filtered	169	0.002011	1960156	1960156||Abditibacteriota|Abditibacteriia|Abditibacteriales|Abditibacteriaceae|Abditibacterium|Abditibacterium utsteinense	94.000000
barcode17_120_filtered	170	0.001405	484882;940141;2786951	484882||Pseudomonadota|Alphaproteobacteria|Acetobacterales|Roseomonadaceae|Falsiroseomonas|Falsiroseomonas stagni;940141||Pseudomonadota|Alphaproteobacteria|Acetobacterales|Roseomonadaceae|Falsiroseomonas|Falsiroseomonas riguiloci;2786951||Pseudomonadota|Alphaproteobacteria|Acetobacterales|Roseomonadaceae|Falsiroseomonas|Falsiroseomonas ponticola	65.694157
barcode17_120_filtered	171	0.001369	2759707;2913411	2759707||Pseudomonadota|Alphaproteobacteria|Sphingomonadales|Sphingosinicellaceae|Sandaracinobacteroides|Sandaracinobacteroides saxicola;2913411||Pseudomonadota|Alphaproteobacteria|Sphingomonadales|Sphingosinicellaceae|Sandaracinobacteroides|Sandaracinobacteroides sayramensis	64.010451
barcode17_120_filtered	175	0.000898	912;340268	912||Pseudomonadota|Alphaproteobacteria|Hyphomicrobiales|Nitrobacteraceae|Nitrobacter|Nitrobacter hamburgensis;340268||Pseudomonadota|Alphaproteobacteria|Hyphomicrobiales|Nitrobacteraceae|Tardiphaga|Tardiphaga alba	42.000000
barcode17_120_filtered	177	0.001005	433287	433287||Bacillota|Clostridia|Lachnospirales|Anaerotignaceae|Anaerotignum|Anaerotignum aminivorans	47.000000
barcode17_120_filtered	180	0.001818	408174;443610;665118;2917991	408174||Pseudomonadota|Alphaproteobacteria|Hyphomicrobiales|Devosiaceae|Devosia|Devosia insulae;443610||Pseudomonadota|Alphaproteobacteria|Hyphomicrobiales|Devosiaceae|Devosia|Devosia geojensis;665118||Pseudomonadota|Alphaproteobacteria|Hyphomicrobiales|Devosiaceae|Devosia|Devosia enhydra;2917991||Pseudomonadota|Alphaproteobacteria|Hyphomicrobiales|Devosiaceae|Devosia|Devosia lacusdianchii	85.000000
barcode17_120_filtered	181	0.009421	52692	52692||Bacillota|Clostridia|Eubacteriales|Eubacteriaceae|Acetobacterium|Acetobacterium malicum	440.428868
barcode17_120_filtered	182	0.001092	1549748	1549748||Pseudomonadota|Alphaproteobacteria|Rhodospirillales|Kiloniellaceae|Kiloniella|Kiloniella litopenaei	51.038754
barcode17_120_filtered	183	0.000304	1310417	1310417||Bacteroidota|Chitinophagia|Chitinophagales|Chitinophagaceae|Ferruginibacter|Ferruginibacter paludis	14.198949
barcode17_120_filtered	184	0.013048	295419;687525;1123067;2585369;2817372	295419||Pseudomonadota|Alphaproteobacteria|Rhodobacterales|Roseobacteraceae|Rubellimicrobium|Rubellimicrobium thermophilum;687525||Pseudomonadota|Alphaproteobacteria|Rhodobacterales|Roseobacteraceae|Rubellimicrobium|Rubellimicrobium roseum;1123067||Pseudomonadota|Alphaproteobacteria|Rhodobacterales|Roseobacteraceae|Rubellimicrobium|Rubellimicrobium mesophilum;2585369||Pseudomonadota|Alphaproteobacteria|Rhodobacterales|Roseobacteraceae|Rubellimicrobium|Rubellimicrobium rubrum;2817372||Pseudomonadota|Alphaproteobacteria|Rhodobacterales|Roseobacteraceae|Rubellimicrobium|Rubellimicrobium arenae	610.000494
barcode17_120_filtered	186	0.000384	35825	35825||Bacillota|Clostridia|Eubacteriales|Oscillospiraceae|Pseudobacteroides|Pseudobacteroides cellulosolvens	17.939756
barcode17_120_filtered	189	0.000428	1658620	1658620||Rhodothermota|Rhodothermia|Rhodothermales|Rubricoccaceae|Rubrivirga|Rubrivirga profundi	20.000000
barcode17_120_filtered	190	0.032878	937251	937251||Bacillota|Clostridia|Eubacteriales|Clostridiaceae|Youngiibacter|Youngiibacter multivorans	1537.087107
barcode17_120_filtered	192	0.002638	1244894;1538021;1550728;1664572	1244894||Pseudomonadota|Alphaproteobacteria|Sphingomonadales|Sphingomonadaceae|Sphingomonas|Sphingomonas fonticola;1538021||Pseudomonadota|Alphaproteobacteria|Sphingomonadales|Sphingomonadaceae|Novosphingobium|Novosphingobium tardum;1550728||Pseudomonadota|Alphaproteobacteria|Sphingomonadales|Blastomonadaceae|Blastomonas|Blastomonas fulva;1664572||Pseudomonadota|Alphaproteobacteria|Sphingomonadales|Sphingomonadaceae|Sphingomonas|Sphingomonas piscinae	123.336454
barcode17_120_filtered	194	0.000655	29345	29345||Bacillota|Tissierellia|||Sedimentibacter|Sedimentibacter hydroxybenzoicus	30.635636
barcode17_120_filtered	195	0.044534	195105;875041;909926;933059;1445661;2030009;2185115;2305252;2494374;2709381;2710650;2909234	195105||Pseudomonadota|Alphaproteobacteria|Rhodobacterales|Paracoccaceae|Haematobacter|Haematobacter massiliensis;875041||Pseudomonadota|Alphaproteobacteria|Rhodobacterales|Paracoccaceae|Neogemmobacter|Neogemmobacter tilapiae;909926||Pseudomonadota|Alphaproteobacteria|Rhodobacterales|Paracoccaceae|Tabrizicola|Tabrizicola aquatica;933059||Pseudomonadota|Alphaproteobacteria|Rhodobacterales|Paracoccaceae|Gemmobacter|Gemmobacter aquatilis;1445661||Pseudomonadota|Alphaproteobacteria|Rhodobacterales|Paracoccaceae|Aliigemmobacter|Aliigemmobacter aestuarii;2030009||Pseudomonadota|Alphaproteobacteria|Rhodobacterales|Paracoccaceae|Pseudotabrizicola|Pseudotabrizicola formosa;2185115||Pseudomonadota|Alphaproteobacteria|Rhodobacterales|Paracoccaceae|Tabrizicola|Tabrizicola soli;2305252||Pseudomonadota|Alphaproteobacteria|Rhodobacterales|Paracoccaceae|Pseudotabrizicola|Pseudotabrizicola alkalilacus;2494374||Pseudomonadota|Alphaproteobacteria|Rhodobacterales|Paracoccaceae|Tabrizicola|Tabrizicola piscis;2709381||Pseudomonadota|Alphaproteobacteria|Rhodobacterales|Paracoccaceae|Pseudotabrizicola|Pseudotabrizicola algicola;2710650||Pseudomonadota|Alphaproteobacteria|Rhodobacterales|Paracoccaceae|Tabrizicola|Tabrizicola oligotrophica;2909234||Pseudomonadota|Alphaproteobacteria|Rhodobacterales|Paracoccaceae|Aliitabrizicola|Alitabrizicola rongguiensis	2081.999325
barcode17_120_filtered	196	0.012316	2496273	2496273||Bacillota|Clostridia|Caldicoprobacterales|Xylanivirgaceae|Xylanivirga|Xylanivirga thermophila	575.762853
barcode17_120_filtered	197	0.000269	95159	95159||Bacillota|Clostridia|Eubacteriales|Clostridiaceae|Caloramator|Caloramator coolhaasii	12.572840
barcode17_120_filtered	199	0.000658	1549638	1549638||Pseudomonadota|Betaproteobacteria|Burkholderiales|Burkholderiaceae|Quisquiliibacterium|Quisquiliibacterium transsilvanicum	30.784952
barcode17_120_filtered	200	0.000734	2780922	2780922||Bacillota|Clostridia|Eubacteriales|Oscillospiraceae|Solibaculum|Solibaculum mannosilyticum	34.303165
barcode17_120_filtered	201	0.000385	111831	111831||Pseudomonadota|Alphaproteobacteria|Rhodospirillales|Rhodospirillaceae|Defluviicoccus|Defluviicoccus vanus	18.000000
barcode17_120_filtered	203	0.000749	1297424	1297424||Bacillota|Clostridia|Eubacteriales|Oscillospiraceae|Anaerobacterium|Anaerobacterium chartisolvens	35.037339
barcode17_120_filtered	205	0.001417	1462919;2755051	1462919||Bacillota|Clostridia|Lachnospirales|Lachnospiraceae|Mobilitalea|Mobilitalea sibirica;2755051||Bacillota|Clostridia|Lachnospirales|Lachnospiraceae|Variimorphobacter|Variimorphobacter saccharofermentans	66.262403
barcode17_120_filtered	207	0.003796	203699	203699||Pseudomonadota|Betaproteobacteria|Burkholderiales|Alcaligenaceae|Derxia|Derxia gummosa	177.445325
barcode17_120_filtered	208	0.001540	74312;74313;657642;2813778	74312||Pseudomonadota|Alphaproteobacteria|Caulobacterales|Caulobacteraceae|Brevundimonas|Brevundimonas variabilis;74313||Pseudomonadota|Alphaproteobacteria|Caulobacterales|Caulobacteraceae|Brevundimonas|Brevundimonas subvibrioides;657642||Pseudomonadota|Alphaproteobacteria|Caulobacterales|Caulobacteraceae|Brevundimonas|Brevundimonas olei;2813778||Pseudomonadota|Alphaproteobacteria|Caulobacterales|Caulobacteraceae|Brevundimonas|Brevundimonas fontaquae	72.000000
barcode17_120_filtered	209	0.008140	185300	185300||Bacteroidota|Bacteroidia|Bacteroidales|Paludibacteraceae|Paludibacter|Paludibacter propionicigenes	380.556329
barcode17_120_filtered	210	0.001369	758823	758823||Candidatus Melainabacteria|Vampirovibriophyceae|Vampirovibrionales||Vampirovibrio|Vampirovibrio chlorellavorus	64.000000
barcode17_120_filtered	211	0.001816	48935;1305696	48935||Pseudomonadota|Alphaproteobacteria|Sphingomonadales|Sphingomonadaceae|Novosphingobium|Novosphingobium aromaticivorans;1305696||Pseudomonadota|Alphaproteobacteria|Sphingomonadales|Sphingomonadaceae|Novosphingobium|Novosphingobium arabidopsis	84.910115
barcode17_120_filtered	212	0.001968	1678841	1678841||Bacteroidota|Bacteroidia|Bacteroidales|Lentimicrobiaceae|Lentimicrobium|Lentimicrobium saccharophilum	92.000230
barcode17_120_filtered	213	0.001609	1604902	1604902||Bacillota|Clostridia|Eubacteriales|Clostridiaceae|Clostridium|Clostridium omnivorum	75.238772
barcode17_120_filtered	216	0.002673	642589	642589||Bacillota|Clostridia|Eubacteriales|Acutalibacteraceae|Caproiciproducens|Caproiciproducens galactitolivorans	124.980490
barcode17_120_filtered	217	0.001390	1005039	1005039||Armatimonadota|Fimbriimonadia|Fimbriimonadales|Fimbriimonadaceae|Fimbriimonas|Fimbriimonas ginsengisoli	65.000000
barcode17_120_filtered	219	0.010064	2010828	2010828||Bacteroidota|Bacteroidia|Marinilabiliales|Prolixibacteraceae|Aquipluma|Aquipluma nitroreducens	470.492935
barcode17_120_filtered	220	0.001165	121428;365341;1395957	121428||Pseudomonadota|Alphaproteobacteria|Sphingomonadales|Sphingobiaceae|Sphingobium|Sphingobium xenophagum;365341||Pseudomonadota|Alphaproteobacteria|Sphingomonadales|Sphingobiaceae|Sphingobium|Sphingobium aromaticiconvertens;1395957||Pseudomonadota|Alphaproteobacteria|Sphingomonadales|Sphingobiaceae|Sphingobium|Sphingobium endophyticum	54.466646
barcode17_120_filtered	221	0.042758	288966	288966||Bacillota|Clostridia|Lutisporales|Lutisporaceae|Lutispora|Lutispora thermophila	1998.964738
barcode17_120_filtered	222	0.008793	913099	913099||Bacillota|Tissierellia|||Sedimentibacter|Sedimentibacter acidaminivorans	411.059055
barcode17_120_filtered	223	0.000449	261934	261934||Pseudomonadota|Alphaproteobacteria|Hyphomicrobiales|Pleomorphomonadaceae|Pleomorphomonas|Pleomorphomonas oryzae	21.000000
barcode17_120_filtered	224	0.001650	1944642	1944642||Bacillota|Clostridia|Eubacteriales|Oscillospiraceae|Marasmitruncus|Marasmitruncus massiliensis	77.127396
barcode17_120_filtered	225	0.009138	130788	130788||Bacillota|Tissierellia|||Sedimentibacter|Sedimentibacter saalensis	427.215850
barcode17_120_filtered	226	0.000831	1141888	1141888||Pseudomonadota|Alphaproteobacteria|Sphingomonadales|Sphingomonadaceae|Sphingomonas|Sphingomonas difficilis	38.847834
barcode17_120_filtered	228	0.001262	1796619	1796619||Bacillota|Clostridia|Eubacteriales|Eubacteriaceae|Irregularibacter|Irregularibacter muris	59.000000
barcode17_120_filtered	232	0.016113	2507161	2507161||Bacillota|Tissierellia|Tissierellales|Acidilutibacteraceae|Acidilutibacter|Acidilutibacter cellobiosedens	753.299419
barcode17_120_filtered	233	0.000517	655338	655338||Bacillota|Clostridia|Eubacteriales|Clostridiaceae|Fervidicella|Fervidicella metallireducens	24.169424
barcode17_120_filtered	235	0.000342	360412	360412||Chloroflexota|Anaerolineae|Anaerolineales|Anaerolineaceae|Longilinea|Longilinea arvoryzae	16.000000
barcode17_120_filtered	236	0.000321	1958944;2547397	1958944||Pseudomonadota|Alphaproteobacteria|Rhodobacterales|Paracoccaceae|Puniceibacterium|Puniceibacterium confluentis;2547397||Pseudomonadota|Alphaproteobacteria|Rhodobacterales|Paracoccaceae|Antarcticimicrobium|Antarcticimicrobium luteum	14.999475
barcode17_120_filtered	237	0.001560	2763654	2763654||Bacillota|Clostridia|Christensenellales|Christensenellaceae|Luoshenia|Luoshenia tenuis	72.933354
barcode17_120_filtered	238	0.000535	1473598	1473598||Acidobacteriota|Terriglobia|Bryobacterales|Bryobacteraceae|Paludibaculum|Paludibaculum fermentans	25.000000
barcode17_120_filtered	239	0.000342	1639882	1639882||Gemmatimonadota|Longimicrobiia|Longimicrobiales|Longimicrobiaceae|Longimicrobium|Longimicrobium terrae	16.000000
barcode17_120_filtered	240	0.000684	2884263	2884263||Actinomycetota|Acidimicrobiia|Acidimicrobiales|Iamiaceae|Dermatobacter|Dermatobacter hominis	32.000000
barcode17_120_filtered	244	0.000361	220343	220343||Pseudomonadota|Alphaproteobacteria|Rhodobacterales|Paracoccaceae|Gemmobacter|Gemmobacter nectariphilus	16.858633
barcode17_120_filtered	248	0.001390	1337094	1337094||Bacillota|Clostridia|Eubacteriales|Oscillospiraceae|Ercella|Ercella succinigenes	65.000000
barcode17_120_filtered	252	0.001724	3133167	3133167||Bacillota|Clostridia|Eubacteriales|Oscillospiraceae|Faecousia|Faecousia intestinalis	80.599551
barcode17_120_filtered	253	0.001023	2771361	2771361||Pseudomonadota|Alphaproteobacteria|Acetobacterales|Roseomonadaceae|Roseococcus|Roseococcus microcysteis	47.827069
barcode17_120_filtered	254	0.001027	1348470	1348470||Pseudomonadota|Alphaproteobacteria|Hyphomonadales|Hyphomonadaceae|Asprobacter|Asprobacter aquaticus	48.000000
barcode18_120_filtered	1	0.000472	233055	233055||Bacillota|Clostridia|Eubacteriales|Desulfitobacteriaceae|Desulfitobacterium|Desulfitobacterium dichloroeliminans	21.984717
barcode18_120_filtered	2	0.007888	1076412	1076412||Bacillota|Negativicutes|Selenomonadales|Sporomusaceae|Pelosinus|Pelosinus defluvii	367.538750
barcode18_120_filtered	3	0.042381	29355;48256;396504	29355||Bacillota|Clostridia|Eubacteriales|Oscillospiraceae|Ruminiclostridium|Ruminiclostridium cellobioparum;48256||Bacillota|Clostridia|Eubacteriales|Oscillospiraceae|Ruminiclostridium|Ruminiclostridium hungatei;396504||Bacillota|Clostridia|Eubacteriales|Oscillospiraceae|Ruminiclostridium|Ruminiclostridium sufflavum	1974.721513
barcode18_120_filtered	4	0.017352	1499;1521	1499||Bacillota|Clostridia|Eubacteriales|Oscillospiraceae|Ruminiclostridium|Ruminiclostridium josui;1521||Bacillota|Clostridia|Eubacteriales|Oscillospiraceae|Ruminiclostridium|Ruminiclostridium cellulolyticum	808.503283
barcode18_120_filtered	5	0.000329	84032	84032||Bacillota|Clostridia|Eubacteriales|Clostridiaceae|Clostridium|Clostridium thermosuccinogenes	15.339435
barcode18_120_filtered	6	0.000494	59610	59610||Bacillota|Clostridia|Eubacteriales|Peptococcaceae|Desulforamulus|Desulforamulus reducens	23.000000
barcode18_120_filtered	9	0.001456	365349;380084	365349||Bacillota|Negativicutes|Selenomonadales|Sporomusaceae|Pelosinus|Pelosinus fermentans;380084||Bacillota|Negativicutes|Selenomonadales|Sporomusaceae|Pelosinus|Pelosinus propionicus	67.828598
barcode18_120_filtered	10	0.001450	659425	659425||Bacillota|Clostridia|Eubacteriales|Oscillospiraceae|Thermoclostridium|Thermoclostridium caenicola	67.543565
barcode18_120_filtered	11	0.000501	2018669;3115649	2018669||Bacillota|Clostridia|Eubacteriales|Desulfitobacteriaceae|Desulfosporosinus|Desulfosporosinus fructosivorans;3115649||Bacillota|Clostridia|Eubacteriales|Desulfitobacteriaceae|Desulfosporosinus|Desulfosporosinus paludis	23.365843
barcode18_120_filtered	12	0.001735	288965	288965||Bacillota|Clostridia|Eubacteriales|Oscillospiraceae|Acetivibrio|Acetivibrio clariflavus	80.850972
barcode18_120_filtered	13	0.000665	1032527	1032527||Verrucomicrobiota|Pedosphaerae|Pedosphaerales|Pedosphaeraceae|Pedosphaera|Pedosphaera parvula	31.000000
barcode18_120_filtered	14	0.013664	394284	394284||Bacillota|Negativicutes|Selenomonadales|Sporomusaceae|Psychrosinus|Psychrosinus fermentans	636.657655
barcode18_120_filtered	16	0.001366	3375356	3375356||Bacillota|Clostridia|Eubacteriales|Desulfitobacteriaceae|Desulfitobacterium|Desulfitobacterium nosdiversum	63.633047
barcode18_120_filtered	17	0.005880	2763673	2763673||Bacillota|Clostridia|Eubacteriales|Oscillospiraceae|Yanshouia|Yanshouia hominis	273.976751
barcode18_120_filtered	18	0.001674	107709	107709||Verrucomicrobiota|Opitutia|Opitutales|Opitutaceae|Opitutus|Opitutus terrae	78.000000
barcode18_120_filtered	19	0.003382	342666	342666||Bacillota|Clostridia|Eubacteriales|Gracilibacteraceae|Gracilibacter|Gracilibacter thermotolerans	157.591445
barcode18_120_filtered	20	0.002425	112903;209080	112903||Bacillota|Negativicutes|Selenomonadales|Sporomusaceae|Propionispora|Propionispora vibrioides;209080||Bacillota|Negativicutes|Selenomonadales|Sporomusaceae|Propionispora|Propionispora hippei	113.007665
barcode18_120_filtered	22	0.003992	335605;386874;2303576;2904799;2908206;2908208;2992113	335605||Pseudomonadota|Alphaproteobacteria|Sphingomonadales|Sphingomonadaceae|Sphingomonas|Sphingomonas rosea;386874||Pseudomonadota|Alphaproteobacteria|Sphingomonadales|Sphingomonadaceae|Sphingomonas|Sphingomonas sediminicola;2303576||Pseudomonadota|Alphaproteobacteria|Sphingomonadales|Sphingomonadaceae|Sphingomonas|Sphingomonas mesophila;2904799||Pseudomonadota|Alphaproteobacteria|Sphingomonadales|Sphingomonadaceae|Sphingomonas|Sphingomonas cremea;2908206||Pseudomonadota|Alphaproteobacteria|Sphingomonadales|Sphingomonadaceae|Sphingomonas|Sphingomonas brevis;2908208||Pseudomonadota|Alphaproteobacteria|Sphingomonadales|Sphingomonadaceae|Sphingomonas|Sphingomonas alba;2992113||Pseudomonadota|Alphaproteobacteria|Sphingomonadales|Sphingomonadaceae|Sphingomonas|Sphingomonas arvum	186.004315
barcode18_120_filtered	23	0.004035	2590199;2918171;2922725;2925406	2590199||Myxococcota|Myxococcia|Myxococcales|Anaeromyxobacteraceae|Anaeromyxobacter|Anaeromyxobacter diazotrophicus;2918171||Myxococcota|Myxococcia|Myxococcales|Anaeromyxobacteraceae|Anaeromyxobacter|Anaeromyxobacter paludicola;2922725||Myxococcota|Myxococcia|Myxococcales|Anaeromyxobacteraceae|Anaeromyxobacter|Anaeromyxobacter soli;2925406||Myxococcota|Myxococcia|Myxococcales|Anaeromyxobacteraceae|Anaeromyxobacter|Anaeromyxobacter terrae	188.000000
barcode18_120_filtered	24	0.000558	1203471	1203471||Thermodesulfobacteriota|Desulfuromonadia|Geobacterales|Geobacteraceae|Geotalea|Geotalea daltonii	26.000000
barcode18_120_filtered	25	0.000245	1514105	1514105||Bacillota|Erysipelotrichia|Erysipelotrichales|Erysipelotrichaceae|Erysipelothrix|Erysipelothrix larvae	11.418011
barcode18_120_filtered	26	0.005645	3046382;3046383	3046382||Bacillota|Clostridia|Eubacteriales|Aristaeellaceae|Aristaeella|Aristaeella hokkaidonensis;3046383||Bacillota|Clostridia|Eubacteriales|Aristaeellaceae|Aristaeella|Aristaeella lactis	263.018702
barcode18_120_filtered	27	0.033182	70582;364039;391953;392597;413882;1547922;1597781;2315841;2732868;2742824;2824118;2944811;3119538	70582||Pseudomonadota|Betaproteobacteria|Burkholderiales||Aquabacterium|Aquabacterium citratiphilum;364039||Pseudomonadota|Betaproteobacteria|Burkholderiales|Sphaerotilaceae|Azohydromonas|Azohydromonas australica;391953||Pseudomonadota|Betaproteobacteria|Burkholderiales|Sphaerotilaceae|Aquincola|Aquincola tertiaricarbonis;392597||Pseudomonadota|Betaproteobacteria|Burkholderiales|Sphaerotilaceae|Piscinibacter|Piscinibacter aquaticus;413882||Pseudomonadota|Betaproteobacteria|Burkholderiales|Sphaerotilaceae|Caldimonas|Caldimonas brevitalea;1547922||Pseudomonadota|Betaproteobacteria|Burkholderiales|Sphaerotilaceae|Piscinibacter|Piscinibacter sakaiensis;1597781||Pseudomonadota|Betaproteobacteria|Burkholderiales||Eleftheria|Eleftheria terrae;2315841||Pseudomonadota|Betaproteobacteria|Burkholderiales|Sphaerotilaceae|Caldimonas|Caldimonas tepidiphila;2732868||Pseudomonadota|Betaproteobacteria|Burkholderiales|Sphaerotilaceae|Pseudaquabacterium|Pseudaquabacterium terrae;2742824||Pseudomonadota|Betaproteobacteria|Burkholderiales|Sphaerotilaceae|Piscinibacter|Piscinibacter koreensis;2824118||Pseudomonadota|Betaproteobacteria|Burkholderiales|Sphaerotilaceae|Ideonella|Ideonella alba;2944811||Pseudomonadota|Betaproteobacteria|Burkholderiales|Sphaerotilaceae|Caldimonas|Caldimonas mangrovi;3119538||Pseudomonadota|Betaproteobacteria|Burkholderiales|Sphaerotilaceae|Aquincola|Aquincola agrisoli	1546.102482
barcode18_120_filtered	28	0.000856	47679;112901;204936	47679||Bacillota|Negativicutes|Selenomonadales|Sporomusaceae|Sporomusa|Sporomusa sphaeroides;112901||Bacillota|Negativicutes|Selenomonadales|Sporomusaceae|Sporomusa|Sporomusa malonica;204936||Bacillota|Negativicutes|Selenomonadales|Sporomusaceae|Sporomusa|Sporomusa aerivorans	39.865192
barcode18_120_filtered	30	0.000271	1470354	1470354||Bacillota|Clostridia|Eubacteriales||Candidatus Soleaferrea|Candidatus Soleaferrea massiliensis	12.605108
barcode18_120_filtered	31	0.000315	2066483	2066483|||Candidatus Babeliae|Candidatus Babeliales|Candidatus Chromulinivoraceae|Candidatus Chromulinivorax|Candidatus Chromulinivorax destructor	14.683548
barcode18_120_filtered	34	0.007576	258515	258515||Bacillota|Clostridia|Eubacteriales|Oscillospiraceae|Acetanaerobacterium|Acetanaerobacterium elongatum	353.014445
barcode18_120_filtered	36	0.000944	96232;2708020	96232||Pseudomonadota|Gammaproteobacteria|Legionellales|Legionellaceae|Legionella|Legionella lytica;2708020||Pseudomonadota|Gammaproteobacteria|Legionellales|Legionellaceae|Legionella|Legionella antarctica	44.000000
barcode18_120_filtered	37	0.011863	192843;2527691;2596921;2793270;2987520;3386187	192843||Pseudomonadota|Betaproteobacteria|Burkholderiales|Comamonadaceae|Rhodoferax|Rhodoferax ferrireducens;2527691||Pseudomonadota|Betaproteobacteria|Burkholderiales|Comamonadaceae|Rhodoferax|Rhodoferax aquaticus;2596921||Pseudomonadota|Betaproteobacteria|Burkholderiales|Comamonadaceae|Caenimonas|Caenimonas sedimenti;2793270||Pseudomonadota|Betaproteobacteria|Burkholderiales|Comamonadaceae|Caenimonas|Caenimonas aquaedulcis;2987520||Pseudomonadota|Betaproteobacteria|Burkholderiales|Comamonadaceae|Acidovorax|Acidovorax benzenivorans;3386187||Pseudomonadota|Betaproteobacteria|Burkholderiales|Comamonadaceae|Candidatus Aalborgicola|Candidatus Aalborgicola defluviihabitans	552.731910
barcode18_120_filtered	38	0.002039	36854;49338	36854||Bacillota|Clostridia|Eubacteriales|Desulfitobacteriaceae|Desulfitobacterium|Desulfitobacterium dehalogenans;49338||Bacillota|Clostridia|Eubacteriales|Desulfitobacteriaceae|Desulfitobacterium|Desulfitobacterium hafniense	95.016393
barcode18_120_filtered	39	0.000887	673862	673862|||Candidatus Babeliae|Candidatus Babeliales|Candidatus Babeliaceae|Candidatus Babela|Candidatus Babela massiliensis	41.316452
barcode18_120_filtered	40	0.002892	1860101;1860102;2954386;2976531	1860101||Pseudomonadota|Betaproteobacteria|Rhodocyclales|Rhodocyclaceae|Propionivibrio|Candidatus Propionivibrio aalborgensis;1860102||Pseudomonadota|Betaproteobacteria|||Candidatus Accumulibacter|Candidatus Accumulibacter aalborgensis;2954386||Pseudomonadota|Betaproteobacteria|||Candidatus Accumulibacter|Candidatus Accumulibacter necessarius;2976531||Pseudomonadota|Betaproteobacteria|Rhodocyclales|Rhodocyclaceae|Propionivibrio|Propionivibrio soli	134.758114
barcode18_120_filtered	41	0.000359	3073143	3073143||Bacillota|Clostridia|Eubacteriales|Oscillospiraceae|Bengtsoniella|Bengtsoniella intestinalis	16.724448
barcode18_120_filtered	42	0.000858	45393;2588534	45393||Pseudomonadota|Betaproteobacteria|Nitrosomonadales|Methylophilaceae|Methylophilus|Methylophilus leisingeri;2588534||Pseudomonadota|Betaproteobacteria|Nitrosomonadales|Methylophilaceae|Methylophilus|Methylophilus medardicus	40.000000
barcode18_120_filtered	43	0.005602	2725268	2725268||Mycoplasmatota|Mollicutes|Candidatus Izemoplasmatales|Hujiaoplasmataceae|Hujiaoplasma|Hujiaoplasma nucleasis	261.000000
barcode18_120_filtered	44	0.001116	1803913	1803913||Pseudomonadota|Gammaproteobacteria|Steroidobacterales|Steroidobacteraceae|Steroidobacter|Steroidobacter cummioxidans	52.000000
barcode18_120_filtered	45	0.002590	1379270;2732249	1379270||Gemmatimonadota|Gemmatimonadia|Gemmatimonadales|Gemmatimonadaceae|Gemmatimonas|Gemmatimonas phototrophica;2732249||Gemmatimonadota|Gemmatimonadia|Gemmatimonadales|Gemmatimonadaceae|Gemmatimonas|Gemmatimonas groenlandica	120.697001
barcode18_120_filtered	48	0.017019	38402;225084;2683714	38402||Bacillota|Erysipelotrichia|Erysipelotrichales|Erysipelotrichaceae|Erysipelothrix|Erysipelothrix tonsillarum;225084||Bacillota|Erysipelotrichia|Erysipelotrichales|Erysipelotrichaceae|Erysipelothrix|Erysipelothrix inopinata;2683714||Bacillota|Erysipelotrichia|Erysipelotrichales|Erysipelotrichaceae|Erysipelothrix|Erysipelothrix aquatica	792.993968
barcode18_120_filtered	50	0.010848	1488331;1537567	1488331||Bacillota|Clostridia|Eubacteriales|Eubacteriales Family XII. Incertae Sedis|Fusibacter|Fusibacter bizertensis;1537567||Bacillota|Clostridia|Eubacteriales|Eubacteriales Family XII. Incertae Sedis|Fusibacter|Fusibacter fontis	505.445149
barcode18_120_filtered	52	0.009131	270498;626937;1805714;1816678;2763033	270498||Bacillota|Clostridia|Christensenellales|Christensenellaceae|Christensenella|Christensenella hongkongensis;626937||Bacillota|Clostridia|Christensenellales|Christensenellaceae|Christensenella|Christensenella minuta;1805714||Bacillota|Clostridia|Christensenellales|Christensenellaceae|Christensenella|Christensenella massiliensis;1816678||Bacillota|Clostridia|Christensenellales|Christensenellaceae|Christensenella|Christensenella timonensis;2763033||Bacillota|Clostridia|Christensenellales|Christensenellaceae|Christensenella|Christensenella tenuis	425.463353
barcode18_120_filtered	54	0.020708	1515;253314	1515||Bacillota|Clostridia|Eubacteriales|Oscillospiraceae|Acetivibrio|Acetivibrio thermocellus;253314||Bacillota|Clostridia|Eubacteriales|Oscillospiraceae|Acetivibrio|Acetivibrio straminisolvens	964.890847
barcode18_120_filtered	55	0.019472	433293;1679721	433293||Bacillota|Clostridia|Lachnospirales|Lachnospiraceae|Anaerotaenia|Anaerotaenia torta;1679721||Bacillota|Clostridia|Lachnospirales|Lachnospiraceae|Herbinix|Herbinix luporum	907.292772
barcode18_120_filtered	56	0.023938	1650661;1673721;1689270;2108523;2763052;2763053;2763059;2986526;3133171	1650661||Bacillota|Clostridia|Eubacteriales|Clostridiaceae|Clostridium|Clostridium phoceensis;1673721||Bacillota|Clostridia|Eubacteriales||Intestinimonas|Intestinimonas massiliensis (ex Afouda et al. 2020);1689270||Bacillota|Clostridia|Eubacteriales||Intestinimonas|Intestinimonas timonensis;2108523||Bacillota|Clostridia|Eubacteriales|Oscillospiraceae|Lawsonibacter|Lawsonibacter asaccharolyticus;2763052||Bacillota|Clostridia|Eubacteriales|Oscillospiraceae|Lawsonibacter|Lawsonibacter faecis;2763053||Bacillota|Clostridia|Eubacteriales|Oscillospiraceae|Lawsonibacter|Lawsonibacter hominis;2763059||Bacillota|Clostridia|Eubacteriales|Oscillospiraceae|Pseudoflavonifractor|Pseudoflavonifractor hominis;2986526||Bacillota|Clostridia|Eubacteriales|Oscillospiraceae|Lawsonibacter|Lawsonibacter celer;3133171||Bacillota|Clostridia|Eubacteriales|Oscillospiraceae|Pseudoflavonifractor|Pseudoflavonifractor intestinihominis	1115.350311
barcode18_120_filtered	57	0.002618	33953;2818044;3408580	33953||Bacillota|Clostridia|Eubacteriales|Clostridiaceae|Clostridium|Clostridium aminobutyricum;2818044||Bacillota|Clostridia|Peptostreptococcales|Anaerovoracaceae|Sinanaerobacter|Sinanaerobacter chloroacetimidivorans;3408580||Bacillota|Clostridia|Peptostreptococcales|Anaerovoracaceae|Anoxybacterium|Anoxybacterium hadale	122.000000
barcode18_120_filtered	58	0.000460	2576756	2576756||Bacillota|Clostridia|Eubacteriales|Acutalibacteraceae|Caproicibacter|Caproicibacter fermentans	21.439110
barcode18_120_filtered	59	0.004886	2941519	2941519||Bacillota|Clostridia|Eubacteriales|Oscillospiraceae|Vermiculatibacterium|Vermiculatibacterium agrestimuris	227.641412
barcode18_120_filtered	60	0.001263	2763047;2981773	2763047||Bacillota|Clostridia|Eubacteriales||Flintibacter|Flintibacter faecis;2981773||Bacillota|Clostridia|Eubacteriales|Oscillospiraceae|Muriventricola|Muriventricola aceti	58.869770
barcode18_120_filtered	61	0.001566	2530451;2764187;2780087;2801330	2530451||Pseudomonadota|Betaproteobacteria|Burkholderiales|Comamonadaceae|Ramlibacter|Ramlibacter humi;2764187||Pseudomonadota|Betaproteobacteria|Burkholderiales|Comamonadaceae|Ramlibacter|Ramlibacter cellulosilyticus;2780087||Pseudomonadota|Betaproteobacteria|Burkholderiales|Comamonadaceae|Ramlibacter|Ramlibacter pallidus;2801330||Pseudomonadota|Betaproteobacteria|Burkholderiales|Comamonadaceae|Ramlibacter|Ramlibacter aurantiacus	72.964169
barcode18_120_filtered	62	0.000466	2763677	2763677||Bacillota|Clostridia|Eubacteriales|Oscillospiraceae|Zongyangia|Zongyangia hominis	21.715548
barcode18_120_filtered	65	0.013805	351091;2763042	351091||Bacillota|Clostridia|Eubacteriales|Oscillospiraceae|Oscillibacter|Oscillibacter valericigenes;2763042||Bacillota|Clostridia|Eubacteriales|Oscillospiraceae|Dysosmobacter|Dysosmobacter segnis	643.210434
barcode18_120_filtered	66	0.000580	1147123	1147123||Bacillota|Clostridia|Eubacteriales|Clostridiaceae|Caloramator|Caloramator quimbayensis	27.032009
barcode18_120_filtered	67	0.000273	2714355;3376993	2714355||Bacillota|Clostridia|Eubacteriales|Oscillospiraceae|Vescimonas|Vescimonas coprocola;3376993||Bacillota|Clostridia|Eubacteriales|Oscillospiraceae|Vescimonas|Vescimonas sanitatis	12.723799
barcode18_120_filtered	68	0.001901	398199;2804028	398199||Bacillota|Clostridia|Eubacteriales|Clostridiaceae|Proteiniclasticum|Proteiniclasticum ruminis;2804028||Bacillota|Clostridia|Eubacteriales|Clostridiaceae|Proteiniclasticum|Proteiniclasticum sediminis	88.583543
barcode18_120_filtered	70	0.033772	1852363	1852363||Bacillota|Clostridia|Eubacteriales|Beduinellaceae|Beduinella|Beduinella massiliensis	1573.549406
barcode18_120_filtered	71	0.001086	286730;1965019	286730||Bacteroidota|Bacteroidia|Marinilabiliales|Marinilabiliaceae|Alkaliflexus|Alkaliflexus imshenetskii;1965019||Bacteroidota|Bacteroidia|Marinilabiliales|Marinilabiliaceae|Geofilum|Geofilum rhodophaeum	50.619040
barcode18_120_filtered	72	0.000366	2086583	2086583||Bacillota|Clostridia|Eubacteriales|Acutalibacteraceae|Pseudoruminococcus|Pseudoruminococcus massiliensis	17.037492
barcode18_120_filtered	73	0.001180	2763058	2763058||Bacteroidota|Bacteroidia|Bacteroidales|Tannerellaceae|Parabacteroides|Parabacteroides segnis	54.999461
barcode18_120_filtered	75	0.001517	12917;80878;553814;758826	12917||Pseudomonadota|Betaproteobacteria|Burkholderiales|Comamonadaceae|Acidovorax|Acidovorax facilis;80878||Pseudomonadota|Betaproteobacteria|Burkholderiales|Comamonadaceae|Acidovorax|Acidovorax temperans;553814||Pseudomonadota|Betaproteobacteria|Burkholderiales|Comamonadaceae|Acidovorax|Acidovorax carolinensis;758826||Pseudomonadota|Betaproteobacteria|Burkholderiales|Comamonadaceae|Acidovorax|Acidovorax radicis	70.675748
barcode18_120_filtered	76	0.000365	2594430	2594430||Bacteroidota|Flavobacteriia|Flavobacteriales|Flavobacteriaceae|Flavobacterium|Flavobacterium franklandianum	17.000000
barcode18_120_filtered	78	0.000322	1804990;2963406;2994971	1804990||Actinomycetota|Actinomycetes|Micrococcales|Microbacteriaceae|Microcella|Microcella flavibacter;2963406||Actinomycetota|Actinomycetes|Micrococcales|Microbacteriaceae|Microcella|Microcella humidisoli;2994971||Actinomycetota|Actinomycetes|Micrococcales|Microbacteriaceae|Microcella|Microcella daejeonensis	15.000000
barcode18_120_filtered	79	0.000558	65655	65655||Pseudomonadota|Betaproteobacteria|Burkholderiales|Comamonadaceae|Hydrogenophaga|Hydrogenophaga palleronii	26.006714
barcode18_120_filtered	80	0.000431	474960	474960||Bacillota|Clostridia|Eubacteriales|Oscillospiraceae|Hydrogenoanaerobacterium|Hydrogenoanaerobacterium saccharovorans	20.104815
barcode18_120_filtered	81	0.000494	319644	319644||Bacillota|Clostridia|Eubacteriales|Oscillospiraceae|Saccharofermentans|Saccharofermentans acetigenes	22.999176
barcode18_120_filtered	82	0.002165	985	985||Bacteroidota|Cytophagia|Cytophagales|Cytophagaceae|Cytophaga|Cytophaga hutchinsonii	100.863938
barcode18_120_filtered	83	0.009166	1794912	1794912||Bacillota|Negativicutes||Acetonemataceae|Anaerosporomusa|Anaerosporomusa subterranea	427.102096
barcode18_120_filtered	86	0.006298	1940525;2283627	1940525||Bacteroidota|Bacteroidia|Marinilabiliales|Marinifilaceae|Labilibaculum|Labilibaculum manganireducens;2283627||Bacteroidota|Bacteroidia|Marinilabiliales|Marinifilaceae|Ancylomarina|Ancylomarina euxinus	293.461339
barcode18_120_filtered	88	0.000336	1958780;2045012;2991836	1958780||Bacillota|Clostridia|Eubacteriales|Clostridiaceae|Clostridium|Clostridium merdae;2045012||Bacillota|Clostridia|Eubacteriales|Clostridiaceae|Clostridium|Clostridium minihomine;2991836||Bacillota|Clostridia|Eubacteriales|Oscillospiraceae|Faecalispora|Faecalispora anaeroviscerum	15.644654
barcode18_120_filtered	89	0.000901	2904245	2904245||Bacteroidota|Cytophagia|Cytophagales|Fulvivirgaceae|Fulvivirga|Fulvivirga ulvae	42.000000
barcode18_120_filtered	90	0.006904	44749	44749||Bacillota|Clostridia|Eubacteriales|Oscillospiraceae|Sporobacter|Sporobacter termitidis	321.693500
barcode18_120_filtered	92	0.000794	1855912	1855912||Acidobacteriota|Vicinamibacteria|Vicinamibacterales|Vicinamibacteraceae|Luteitalea|Luteitalea pratensis	37.000000
barcode18_120_filtered	93	0.001126	1121298;1325933	1121298||Bacillota|Clostridia|Eubacteriales|Clostridiaceae|Clostridium|Clostridium amylolyticum;1325933||Bacillota|Clostridia|Eubacteriales|Clostridiaceae|Clostridium|Clostridium polynesiense	52.445874
barcode18_120_filtered	95	0.001030	2059302	2059302||Bacteroidota|Cytophagia|Cytophagales|Fulvivirgaceae|Pseudochryseolinea|Pseudochryseolinea flava	48.000000
barcode18_120_filtered	96	0.000405	2885357	2885357||Bacillota|Clostridia|Eubacteriales|Oscillospiraceae|Hominenteromicrobium|Hominenteromicrobium mulieris	18.848385
barcode18_120_filtered	98	0.000494	185243	185243||Actinomycetota|Actinomycetes|Propionibacteriales|Nocardioidaceae|Propionicimonas|Propionicimonas paludicola	23.000000
barcode18_120_filtered	99	0.000609	47671	47671||Pseudomonadota|Betaproteobacteria|Burkholderiales|Burkholderiaceae|Lautropia|Lautropia mirabilis	28.372162
barcode18_120_filtered	100	0.124793	1096341	1096341||Bacillota|Clostridia|Eubacteriales|Clostridiaceae|Fonticella|Fonticella tunisiensis	5814.617685
barcode18_120_filtered	101	0.000494	1776382	1776382||Bacillota|Clostridia|Eubacteriales|Oscillospiraceae|Neglectibacter|Neglectibacter timonensis	22.995405
barcode18_120_filtered	102	0.003634	2508949	2508949||Bacillota|Clostridia|Christensenellales|Christensenellaceae|Candidatus Borkfalkia|Candidatus Borkfalkia ceftriaxoniphila	169.311997
barcode18_120_filtered	103	0.000665	2835041	2835041||Bdellovibrionota|Bdellovibrionia|Bdellovibrionales|Pseudobdellovibrionaceae|Bdellovibrio|Bdellovibrio reynosensis	31.000000
barcode18_120_filtered	104	0.000692	1716543	1716543||Bacillota|Clostridia|Eubacteriales|Clostridiaceae|Clostridium|Clostridium thermarum	32.245947
barcode18_120_filtered	105	0.010759	36849	36849||Bacillota|Clostridia|Eubacteriales|Clostridiaceae|Oxobacter|Oxobacter pfennigii	501.317402
barcode18_120_filtered	107	0.001481	1511	1511||Bacillota|Clostridia|Peptostreptococcales|Filifactoraceae|Acetoanaerobium|Acetoanaerobium sticklandii	69.000000
barcode18_120_filtered	110	0.000714	1468449	1468449||Bacillota|Erysipelotrichia|Erysipelotrichales|Erysipelotrichaceae|Holdemania|Holdemania massiliensis	33.245853
barcode18_120_filtered	113	0.000322	219748;1054297	219748||Bacillota|Clostridia|Eubacteriales|Clostridiaceae|Clostridium|Clostridium tunisiense;1054297||Bacillota|Clostridia|Eubacteriales|Clostridiaceae|Clostridium|Clostridium punense	15.000000
barcode18_120_filtered	114	0.002254	392610;940136;1078469;1282858	392610||Pseudomonadota|Alphaproteobacteria|Sphingomonadales|Sphingorhabdaceae|Sphingorhabdus|Sphingorhabdus lacus;940136||Pseudomonadota|Alphaproteobacteria|Sphingomonadales|Sphingorhabdaceae|Sphingorhabdus|Sphingorhabdus wooponensis;1078469||Pseudomonadota|Alphaproteobacteria|Sphingomonadales|Sphingorhabdaceae|Sphingorhabdus|Sphingorhabdus planktonica;1282858||Pseudomonadota|Alphaproteobacteria|Sphingomonadales|Sphingorhabdaceae|Sphingorhabdus|Sphingorhabdus rigui	104.999718
barcode18_120_filtered	115	0.001917	2014610	2014610||Gemmatimonadota|Gemmatimonadia|Gemmatimonadales|Gemmatimonadaceae|Roseisolibacter|Roseisolibacter agri	89.303351
barcode18_120_filtered	117	0.001760	1332188	1332188||Candidatus Saccharimonadota|Candidatus Saccharimonadia|Candidatus Saccharimonadales|Candidatus Saccharimonadaceae|Candidatus Saccharimonas|Candidatus Saccharimonas aalborgensis	82.000000
barcode18_120_filtered	118	0.013400	100176	100176||Bacillota|Clostridia|Eubacteriales|Oscillospiraceae|Papillibacter|Papillibacter cinnamivorans	624.358172
barcode18_120_filtered	120	0.044368	397260;529705;1632740;2305907;2698828;2873268;3103142;3163295	397260||Pseudomonadota|Alphaproteobacteria|Sphingomonadales|Sphingomonadaceae|Sphingomonas|Sphingomonas sanxanigenens;529705||Pseudomonadota|Alphaproteobacteria|Sphingomonadales|Sphingomonadaceae|Sphingomonas|Sphingomonas changbaiensis;1632740||Pseudomonadota|Alphaproteobacteria|Sphingomonadales|Sphingomonadaceae|Sphingomonas|Sphingomonas zeicaulis;2305907||Pseudomonadota|Alphaproteobacteria|Sphingomonadales|Sphingomonadaceae|Sphingomonas|Sphingomonas gilva;2698828||Pseudomonadota|Alphaproteobacteria|Sphingomonadales|Sphingomonadaceae|Sphingomonas|Sphingomonas lacunae;2873268||Pseudomonadota|Alphaproteobacteria|Sphingomonadales|Sphingomonadaceae|Hephaestia|Hephaestia mangrovi;3103142||Pseudomonadota|Alphaproteobacteria|Sphingomonadales|Sphingomonadaceae|Sphingomonas|Sphingomonas rustica;3163295||Pseudomonadota|Alphaproteobacteria|Sphingomonadales|Sphingomonadaceae|Sphingomonas|Sphingomonas plantiphila	2067.273018
barcode18_120_filtered	121	0.014307	2941510	2941510||Bacillota|Clostridia|Eubacteriales|Pumilibacteraceae|Pumilibacter|Pumilibacter muris	666.618932
barcode18_120_filtered	122	0.000584	1367462;2940653;3381661	1367462||Bacillota|Clostridia|Eubacteriales|Clostridiaceae|Clostridium|Clostridium swellfunianum;2940653||Bacillota|Clostridia|Eubacteriales|Clostridiaceae|Clostridium|Clostridium caldaquaticum;3381661||Bacillota|Clostridia|Eubacteriales|Clostridiaceae|Clostridium|Candidatus Clostridium stratigraminis	27.203823
barcode18_120_filtered	123	0.000962	2038680	2038680||Bacillota|Clostridia|Eubacteriales|Oscillospiraceae|Paludihabitans|Paludihabitans psychrotolerans	44.836062
barcode18_120_filtered	124	0.007774	2528036;2583234;2593021;2670345;2699202;2852097	2528036||Pseudomonadota|Alphaproteobacteria|Rhodobacterales|Paracoccaceae|Tabrizicola|Tabrizicola caldifontis;2583234||Pseudomonadota|Alphaproteobacteria|Rhodobacterales|Paracoccaceae|Paragemmobacter|Paragemmobacter kunshanensis;2593021||Pseudomonadota|Alphaproteobacteria|Rhodobacterales|Paracoccaceae|Tabrizicola|Tabrizicola flagellatus;2670345||Pseudomonadota|Alphaproteobacteria|Rhodobacterales|Paracoccaceae|Tabrizicola|Tabrizicola thermarum;2699202||Pseudomonadota|Alphaproteobacteria|Rhodobacterales|Paracoccaceae|Stagnihabitans|Stagnihabitans tardus;2852097||Pseudomonadota|Alphaproteobacteria|Rhodobacterales|Paracoccaceae|Paragemmobacter|Paragemmobacter amnigenus	362.231284
barcode18_120_filtered	125	0.006955	320502	320502||Bacillota|Clostridia|Eubacteriales|Oscillospiraceae|Acetivibrio|Acetivibrio alkalicellulosi	324.058563
barcode18_120_filtered	126	0.000901	1503981;2054628	1503981||Pseudomonadota|Alphaproteobacteria|Sphingomonadales|Erythrobacteraceae|Alteraurantiacibacter|Alteraurantiacibacter buctensis;2054628||Pseudomonadota|Alphaproteobacteria|Sphingomonadales|Erythrobacteraceae|Alteraurantiacibacter|Alteraurantiacibacter palmitatis	41.999838
barcode18_120_filtered	127	0.001149	1428345;2184016;2766473;2911368	1428345||Pseudomonadota|Alphaproteobacteria|Acetobacterales|Roseomonadaceae|Falsiroseomonas|Falsiroseomonas wooponensis;2184016||Pseudomonadota|Alphaproteobacteria|Acetobacterales|Roseomonadaceae|Falsiroseomonas|Falsiroseomonas bella;2766473||Pseudomonadota|Alphaproteobacteria|Acetobacterales|Roseomonadaceae|Falsiroseomonas|Falsiroseomonas oryzae;2911368||Pseudomonadota|Alphaproteobacteria|Acetobacterales|Roseomonadaceae|Falsiroseomonas|Falsiroseomonas oryziterrae	53.518358
barcode18_120_filtered	128	0.001526	118967	118967||Bacillota|Erysipelotrichia|Erysipelotrichales|Erysipelotrichaceae|Anaerorhabdus|Anaerorhabdus furcosa	71.096640
barcode18_120_filtered	130	0.000873	1516126	1516126||Bacteroidota|Bacteroidia|Bacteroidales|Dysgonomonadaceae|Dysgonomonas|Dysgonomonas termitidis	40.673823
barcode18_120_filtered	131	0.001034	1870986	1870986||Bacillota|Clostridia|Eubacteriales||Colidextribacter|Colidextribacter massiliensis	48.175863
barcode18_120_filtered	132	0.000601	2607497	2607497||Actinomycetota|Actinomycetes|Micrococcales|Cellulomonadaceae|Actinotalea|Actinotalea subterranea	28.000000
barcode18_120_filtered	133	0.001309	55583	55583||Bacillota|Clostridia|Eubacteriales|Desulfitobacteriaceae|Dehalobacter|Dehalobacter restrictus	61.000000
barcode18_120_filtered	134	0.001737	173676;1778672;2871811;3056842	173676||Pseudomonadota|Alphaproteobacteria|Sphingomonadales|Sphingomonadaceae|Novosphingobium|Novosphingobium hassiacum;1778672||Pseudomonadota|Alphaproteobacteria|Sphingomonadales|Sphingomonadaceae|Novosphingobium|Novosphingobium flavum;2871811||Pseudomonadota|Alphaproteobacteria|Sphingomonadales|Sphingomonadaceae|Novosphingobium|Novosphingobium percolationis;3056842||Pseudomonadota|Alphaproteobacteria|Sphingomonadales|Sphingomonadaceae|Novosphingobium|Novosphingobium pituita	80.951927
barcode18_120_filtered	135	0.000451	1427356	1427356||Pseudomonadota|Alphaproteobacteria|Hyphomicrobiales|Hyphomicrobiaceae|Hyphomicrobium|Hyphomicrobium nitrativorans	21.000000
barcode18_120_filtered	136	0.000361	1384639	1384639||Acidobacteriota|Blastocatellia|Blastocatellales|Blastocatellaceae|Aridibacter|Aridibacter kavangonensis	16.810787
barcode18_120_filtered	137	0.004198	29353;35830	29353||Bacillota|Clostridia|Eubacteriales|Oscillospiraceae|Acetivibrio|Acetivibrio aldrichii;35830||Bacillota|Clostridia|Eubacteriales|Oscillospiraceae|Acetivibrio|Acetivibrio cellulolyticus	195.603570
barcode18_120_filtered	139	0.004503	33052;173675;574956;651663;2871171	33052||Pseudomonadota|Alphaproteobacteria|Sphingomonadales|Sphingopyxidaceae|Sphingopyxis|Sphingopyxis terrae;173675||Pseudomonadota|Alphaproteobacteria|Sphingomonadales|Sphingopyxidaceae|Sphingopyxis|Sphingopyxis witflariensis;574956||Pseudomonadota|Alphaproteobacteria|Sphingomonadales|Sphingomonadaceae|Novosphingobium|Novosphingobium soli;651663||Pseudomonadota|Alphaproteobacteria|Sphingomonadales|Sphingopyxidaceae|Sphingopyxis|Sphingopyxis bauzanensis;2871171||Pseudomonadota|Alphaproteobacteria|Sphingomonadales|Sphingopyxidaceae|Sphingopyxis|Sphingopyxis jiangsuensis	209.805997
barcode18_120_filtered	141	0.001247	501571	501571||Bacillota|Clostridia|Eubacteriales|Butyricicoccaceae|Butyricicoccus|Butyricicoccus pullicaecorum	58.107137
barcode18_120_filtered	143	0.030308	879969	879969||Bacteroidota|Bacteroidia|Bacteroidales|Porphyromonadaceae|Macellibacteroides|Macellibacteroides fermentans	1412.184618
barcode18_120_filtered	144	0.000429	2655001	2655001||Bacillota|Clostridia|Eubacteriales|Eubacteriaceae|Alkalibaculum|Alkalibaculum sporogenes	20.000304
barcode18_120_filtered	145	0.000679	112729;568790	112729||Bacillota|Clostridia|Eubacteriales|Clostridiaceae|Caloramator|Caloramator viterbiensis;568790||Bacillota|Clostridia|Eubacteriales|Clostridiaceae|Caloramator|Caloramator boliviensis	31.627911
barcode18_120_filtered	146	0.000429	884684	884684||Bacillota|Clostridia|Eubacteriales|Oscillospiraceae|Mageeibacillus|Mageeibacillus indolicus	20.000120
barcode18_120_filtered	148	0.004882	1495	1495||Bacillota|Clostridia|Eubacteriales|Clostridiaceae|Clostridium|Clostridium cylindrosporum	227.456257
barcode18_120_filtered	149	0.023123	1112;35811;198312;1161202;1532023;2509361;2969984;2987523;3019556;3127706	1112||Pseudomonadota|Alphaproteobacteria|Sphingomonadales|Erythrobacteraceae|Erythrobacter|Erythrobacter neustonensis;35811||Pseudomonadota|Alphaproteobacteria|Sphingomonadales|Erythrobacteraceae|Erythrobacter|Erythrobacter ramosus;198312||Pseudomonadota|Alphaproteobacteria|Sphingomonadales|Erythrobacteraceae|Erythrobacter|Erythrobacter sanguineus;1161202||Pseudomonadota|Alphaproteobacteria|Sphingomonadales|Erythrobacteraceae|Erythrobacter|Erythrobacter colymbi;1532023||Pseudomonadota|Alphaproteobacteria|Sphingomonadales|Erythrobacteraceae|Qipengyuania|Qipengyuania sediminis;2509361||Pseudomonadota|Alphaproteobacteria|Sphingomonadales|Erythrobacteraceae|Qipengyuania|Qipengyuania thermophila;2969984||Pseudomonadota|Alphaproteobacteria|Sphingomonadales|Erythrobacteraceae|Parerythrobacter|Parerythrobacter lacustris;2987523||Pseudomonadota|Alphaproteobacteria|Sphingomonadales|Erythrobacteraceae|Erythrobacter|Erythrobacter fulvus;3019556||Pseudomonadota|Alphaproteobacteria|Sphingomonadales|Erythrobacteraceae|Erythrobacter|Erythrobacter oryzae;3127706||Pseudomonadota|Alphaproteobacteria|Sphingomonadales|Erythrobacteraceae|Parerythrobacter|Parerythrobacter aurantius	1077.374943
barcode18_120_filtered	150	0.004185	1439888;1981098;2672568;2675220	1439888||Pseudomonadota|Alphaproteobacteria|Sphingomonadales|Sphingosinicellaceae|Sandarakinorhabdus|Sandarakinorhabdus fusca;1981098||Pseudomonadota|Alphaproteobacteria|Sphingomonadales|Sphingosinicellaceae|Sandarakinorhabdus|Sandarakinorhabdus cyanobacteriorum;2672568||Pseudomonadota|Alphaproteobacteria|Sphingomonadales|Sphingosinicellaceae|Sandarakinorhabdus|Sandarakinorhabdus rubra;2675220||Pseudomonadota|Alphaproteobacteria|Sphingomonadales|Sphingosinicellaceae|Sandarakinorhabdus|Sandarakinorhabdus oryzae	194.999988
barcode18_120_filtered	151	0.001331	2675059;2675060	2675059||Pseudomonadota|Gammaproteobacteria|Lysobacterales|Lysobacteraceae|Lysobacter|Lysobacter helvus;2675060||Pseudomonadota|Gammaproteobacteria|Lysobacterales|Lysobacteraceae|Lysobacter|Lysobacter xanthus	62.000000
barcode18_120_filtered	152	0.001099	1673717	1673717||Bacillota|Clostridia|Eubacteriales|Acutalibacteraceae|Anaeromassilibacillus|Anaeromassilibacillus senegalensis	51.225232
barcode18_120_filtered	153	0.000928	433286;1727145;2696063	433286||Bacillota|Clostridia|Lachnospirales|Lachnospiraceae|Anaerocolumna|Anaerocolumna cellulosilytica;1727145||Bacillota|Clostridia|Lachnospirales|Lachnospiraceae|Anaerocolumna|Anaerocolumna chitinilytica;2696063||Bacillota|Clostridia|Lachnospirales|Lachnospiraceae|Anaerocolumna|Anaerocolumna sedimenticola	43.219457
barcode18_120_filtered	154	0.001348	1841868	1841868||Bacillota|Clostridia|Eubacteriales|Oscillospiraceae|Provencibacterium|Provencibacterium massiliense	62.821473
barcode18_120_filtered	155	0.002444	1460355;2320861;2707068;2771430;2938948	1460355||Pseudomonadota|Alphaproteobacteria|Sphingomonadales|Sphingomonadaceae|Sphingomonas|Sphingomonas mohensis;2320861||Pseudomonadota|Alphaproteobacteria|Sphingomonadales|Sphingomonadaceae|Sphingomonas|Sphingomonas cavernae;2707068||Pseudomonadota|Alphaproteobacteria|Sphingomonadales|Sphingomonadaceae|Sphingomonas|Sphingomonas montis;2771430||Pseudomonadota|Alphaproteobacteria|Sphingomonadales|Sphingomicrobiaceae|Allosphingosinicella|Allosphingosinicella flava;2938948||Pseudomonadota|Alphaproteobacteria|Sphingomonadales|Sphingomonadaceae|Sphingomonas|Sphingomonas glaciei	113.897702
barcode18_120_filtered	158	0.002434	2175090;2559804;2741495;2782540;2949094;3096161	2175090||Pseudomonadota|Alphaproteobacteria|Sphingomonadales|Sphingomonadaceae|Sphingomonas|Sphingomonas pokkalii;2559804||Pseudomonadota|Alphaproteobacteria|Sphingomonadales|Sphingomonadaceae|Sphingomonas|Sphingomonas flavalba;2741495||Pseudomonadota|Alphaproteobacteria|Sphingomonadales|Sphingomonadaceae|Sphingomonas|Sphingomonas hominis;2782540||Pseudomonadota|Alphaproteobacteria|Sphingomonadales|Sphingomonadaceae|Sphingomonas|Sphingomonas beigongshangi;2949094||Pseudomonadota|Alphaproteobacteria|Sphingomonadales|Sphingomonadaceae|Sphingomonas|Sphingomonas liriopis;3096161||Pseudomonadota|Alphaproteobacteria|Sphingomonadales|Sphingomonadaceae|Parasphingomonas|Parasphingomonas zepuensis	113.401248
barcode18_120_filtered	159	0.001287	2835040;2984948	2835040||Pseudomonadota|Alphaproteobacteria|Acetobacterales|Roseomonadaceae|Roseococcus|Roseococcus pinisoli;2984948||Pseudomonadota|Alphaproteobacteria|Acetobacterales|Acetobacteraceae|Sabulicella|Sabulicella glaciei	59.945233
barcode18_120_filtered	160	0.000987	410839;2994654	410839||Pseudomonadota|Alphaproteobacteria|Hyphomicrobiales|Kaistiaceae|Kaistia|Kaistia geumhonensis;2994654||Pseudomonadota|Alphaproteobacteria|Hyphomicrobiales|Kaistiaceae|Kaistia|Kaistia nematophila	46.000621
barcode18_120_filtered	162	0.000240	2897707	2897707||Bacillota|Clostridia|Eubacteriales|Oscillospiraceae|Merdimmobilis|Merdimmobilis hominis	11.195870
barcode18_120_filtered	163	0.000472	147266	147266||Pseudomonadota|Alphaproteobacteria|Hyphomicrobiales|Rhizobiaceae|Agrobacterium|Agrobacterium albertimagni	22.000000
barcode18_120_filtered	169	0.002082	1960156	1960156||Abditibacteriota|Abditibacteriia|Abditibacteriales|Abditibacteriaceae|Abditibacterium|Abditibacterium utsteinense	97.000000
barcode18_120_filtered	170	0.001191	484882;940141;2786951	484882||Pseudomonadota|Alphaproteobacteria|Acetobacterales|Roseomonadaceae|Falsiroseomonas|Falsiroseomonas stagni;940141||Pseudomonadota|Alphaproteobacteria|Acetobacterales|Roseomonadaceae|Falsiroseomonas|Falsiroseomonas riguiloci;2786951||Pseudomonadota|Alphaproteobacteria|Acetobacterales|Roseomonadaceae|Falsiroseomonas|Falsiroseomonas ponticola	55.481642
barcode18_120_filtered	171	0.000858	2759707;2913411	2759707||Pseudomonadota|Alphaproteobacteria|Sphingomonadales|Sphingosinicellaceae|Sandaracinobacteroides|Sandaracinobacteroides saxicola;2913411||Pseudomonadota|Alphaproteobacteria|Sphingomonadales|Sphingosinicellaceae|Sandaracinobacteroides|Sandaracinobacteroides sayramensis	40.000011
barcode18_120_filtered	175	0.000322	912;340268	912||Pseudomonadota|Alphaproteobacteria|Hyphomicrobiales|Nitrobacteraceae|Nitrobacter|Nitrobacter hamburgensis;340268||Pseudomonadota|Alphaproteobacteria|Hyphomicrobiales|Nitrobacteraceae|Tardiphaga|Tardiphaga alba	15.000000
barcode18_120_filtered	177	0.001481	433287	433287||Bacillota|Clostridia|Lachnospirales|Anaerotignaceae|Anaerotignum|Anaerotignum aminivorans	69.000000
barcode18_120_filtered	180	0.001438	408174;443610;665118;2917991	408174||Pseudomonadota|Alphaproteobacteria|Hyphomicrobiales|Devosiaceae|Devosia|Devosia insulae;443610||Pseudomonadota|Alphaproteobacteria|Hyphomicrobiales|Devosiaceae|Devosia|Devosia geojensis;665118||Pseudomonadota|Alphaproteobacteria|Hyphomicrobiales|Devosiaceae|Devosia|Devosia enhydra;2917991||Pseudomonadota|Alphaproteobacteria|Hyphomicrobiales|Devosiaceae|Devosia|Devosia lacusdianchii	66.999620
barcode18_120_filtered	181	0.004421	52692	52692||Bacillota|Clostridia|Eubacteriales|Eubacteriaceae|Acetobacterium|Acetobacterium malicum	206.000472
barcode18_120_filtered	182	0.000816	1549748	1549748||Pseudomonadota|Alphaproteobacteria|Rhodospirillales|Kiloniellaceae|Kiloniella|Kiloniella litopenaei	38.000365
barcode18_120_filtered	183	0.000730	1310417	1310417||Bacteroidota|Chitinophagia|Chitinophagales|Chitinophagaceae|Ferruginibacter|Ferruginibacter paludis	34.000000
barcode18_120_filtered	184	0.006199	295419;687525;1123067;2585369;2817372	295419||Pseudomonadota|Alphaproteobacteria|Rhodobacterales|Roseobacteraceae|Rubellimicrobium|Rubellimicrobium thermophilum;687525||Pseudomonadota|Alphaproteobacteria|Rhodobacterales|Roseobacteraceae|Rubellimicrobium|Rubellimicrobium roseum;1123067||Pseudomonadota|Alphaproteobacteria|Rhodobacterales|Roseobacteraceae|Rubellimicrobium|Rubellimicrobium mesophilum;2585369||Pseudomonadota|Alphaproteobacteria|Rhodobacterales|Roseobacteraceae|Rubellimicrobium|Rubellimicrobium rubrum;2817372||Pseudomonadota|Alphaproteobacteria|Rhodobacterales|Roseobacteraceae|Rubellimicrobium|Rubellimicrobium arenae	288.823410
barcode18_120_filtered	186	0.000656	35825	35825||Bacillota|Clostridia|Eubacteriales|Oscillospiraceae|Pseudobacteroides|Pseudobacteroides cellulosolvens	30.572541
barcode18_120_filtered	189	0.000537	1658620	1658620||Rhodothermota|Rhodothermia|Rhodothermales|Rubricoccaceae|Rubrivirga|Rubrivirga profundi	25.000000
barcode18_120_filtered	190	0.022700	937251	937251||Bacillota|Clostridia|Eubacteriales|Clostridiaceae|Youngiibacter|Youngiibacter multivorans	1057.692762
barcode18_120_filtered	192	0.002154	1244894;1538021;1550728;1664572	1244894||Pseudomonadota|Alphaproteobacteria|Sphingomonadales|Sphingomonadaceae|Sphingomonas|Sphingomonas fonticola;1538021||Pseudomonadota|Alphaproteobacteria|Sphingomonadales|Sphingomonadaceae|Novosphingobium|Novosphingobium tardum;1550728||Pseudomonadota|Alphaproteobacteria|Sphingomonadales|Blastomonadaceae|Blastomonas|Blastomonas fulva;1664572||Pseudomonadota|Alphaproteobacteria|Sphingomonadales|Sphingomonadaceae|Sphingomonas|Sphingomonas piscinae	100.384405
barcode18_120_filtered	194	0.000875	29345	29345||Bacillota|Tissierellia|||Sedimentibacter|Sedimentibacter hydroxybenzoicus	40.783221
barcode18_120_filtered	195	0.041330	195105;875041;909926;933059;1445661;2030009;2185115;2305252;2494374;2709381;2710650;2909234	195105||Pseudomonadota|Alphaproteobacteria|Rhodobacterales|Paracoccaceae|Haematobacter|Haematobacter massiliensis;875041||Pseudomonadota|Alphaproteobacteria|Rhodobacterales|Paracoccaceae|Neogemmobacter|Neogemmobacter tilapiae;909926||Pseudomonadota|Alphaproteobacteria|Rhodobacterales|Paracoccaceae|Tabrizicola|Tabrizicola aquatica;933059||Pseudomonadota|Alphaproteobacteria|Rhodobacterales|Paracoccaceae|Gemmobacter|Gemmobacter aquatilis;1445661||Pseudomonadota|Alphaproteobacteria|Rhodobacterales|Paracoccaceae|Aliigemmobacter|Aliigemmobacter aestuarii;2030009||Pseudomonadota|Alphaproteobacteria|Rhodobacterales|Paracoccaceae|Pseudotabrizicola|Pseudotabrizicola formosa;2185115||Pseudomonadota|Alphaproteobacteria|Rhodobacterales|Paracoccaceae|Tabrizicola|Tabrizicola soli;2305252||Pseudomonadota|Alphaproteobacteria|Rhodobacterales|Paracoccaceae|Pseudotabrizicola|Pseudotabrizicola alkalilacus;2494374||Pseudomonadota|Alphaproteobacteria|Rhodobacterales|Paracoccaceae|Tabrizicola|Tabrizicola piscis;2709381||Pseudomonadota|Alphaproteobacteria|Rhodobacterales|Paracoccaceae|Pseudotabrizicola|Pseudotabrizicola algicola;2710650||Pseudomonadota|Alphaproteobacteria|Rhodobacterales|Paracoccaceae|Tabrizicola|Tabrizicola oligotrophica;2909234||Pseudomonadota|Alphaproteobacteria|Rhodobacterales|Paracoccaceae|Aliitabrizicola|Alitabrizicola rongguiensis	1925.726505
barcode18_120_filtered	196	0.027888	2496273	2496273||Bacillota|Clostridia|Caldicoprobacterales|Xylanivirgaceae|Xylanivirga|Xylanivirga thermophila	1299.414389
barcode18_120_filtered	197	0.000358	95159	95159||Bacillota|Clostridia|Eubacteriales|Clostridiaceae|Caloramator|Caloramator coolhaasii	16.657948
barcode18_120_filtered	199	0.000576	1549638	1549638||Pseudomonadota|Betaproteobacteria|Burkholderiales|Burkholderiaceae|Quisquiliibacterium|Quisquiliibacterium transsilvanicum	26.827345
barcode18_120_filtered	200	0.000671	2780922	2780922||Bacillota|Clostridia|Eubacteriales|Oscillospiraceae|Solibaculum|Solibaculum mannosilyticum	31.275793
barcode18_120_filtered	201	0.000300	111831	111831||Pseudomonadota|Alphaproteobacteria|Rhodospirillales|Rhodospirillaceae|Defluviicoccus|Defluviicoccus vanus	14.000000
barcode18_120_filtered	203	0.000838	1297424	1297424||Bacillota|Clostridia|Eubacteriales|Oscillospiraceae|Anaerobacterium|Anaerobacterium chartisolvens	39.023439
barcode18_120_filtered	205	0.001884	1462919;2755051	1462919||Bacillota|Clostridia|Lachnospirales|Lachnospiraceae|Mobilitalea|Mobilitalea sibirica;2755051||Bacillota|Clostridia|Lachnospirales|Lachnospiraceae|Variimorphobacter|Variimorphobacter saccharofermentans	87.780537
barcode18_120_filtered	206	0.000279	3036359	3036359||Bacteroidota|Sphingobacteriia|Sphingobacteriales|Aurantibacillaceae|Aurantibacillus|Aurantibacillus circumpalustris	13.000000
barcode18_120_filtered	207	0.003543	203699	203699||Pseudomonadota|Betaproteobacteria|Burkholderiales|Alcaligenaceae|Derxia|Derxia gummosa	165.091797
barcode18_120_filtered	208	0.001352	74312;74313;657642;2813778	74312||Pseudomonadota|Alphaproteobacteria|Caulobacterales|Caulobacteraceae|Brevundimonas|Brevundimonas variabilis;74313||Pseudomonadota|Alphaproteobacteria|Caulobacterales|Caulobacteraceae|Brevundimonas|Brevundimonas subvibrioides;657642||Pseudomonadota|Alphaproteobacteria|Caulobacterales|Caulobacteraceae|Brevundimonas|Brevundimonas olei;2813778||Pseudomonadota|Alphaproteobacteria|Caulobacterales|Caulobacteraceae|Brevundimonas|Brevundimonas fontaquae	63.000000
barcode18_120_filtered	209	0.006670	185300	185300||Bacteroidota|Bacteroidia|Bacteroidales|Paludibacteraceae|Paludibacter|Paludibacter propionicigenes	310.792834
barcode18_120_filtered	210	0.002168	758823	758823||Candidatus Melainabacteria|Vampirovibriophyceae|Vampirovibrionales||Vampirovibrio|Vampirovibrio chlorellavorus	100.999892
barcode18_120_filtered	211	0.002658	48935;1305696	48935||Pseudomonadota|Alphaproteobacteria|Sphingomonadales|Sphingomonadaceae|Novosphingobium|Novosphingobium aromaticivorans;1305696||Pseudomonadota|Alphaproteobacteria|Sphingomonadales|Sphingomonadaceae|Novosphingobium|Novosphingobium arabidopsis	123.850016
barcode18_120_filtered	212	0.001803	1678841	1678841||Bacteroidota|Bacteroidia|Bacteroidales|Lentimicrobiaceae|Lentimicrobium|Lentimicrobium saccharophilum	84.000006
barcode18_120_filtered	213	0.001408	1604902	1604902||Bacillota|Clostridia|Eubacteriales|Clostridiaceae|Clostridium|Clostridium omnivorum	65.583637
barcode18_120_filtered	216	0.003648	642589	642589||Bacillota|Clostridia|Eubacteriales|Acutalibacteraceae|Caproiciproducens|Caproiciproducens galactitolivorans	169.962825
barcode18_120_filtered	217	0.001309	1005039	1005039||Armatimonadota|Fimbriimonadia|Fimbriimonadales|Fimbriimonadaceae|Fimbriimonas|Fimbriimonas ginsengisoli	61.000000
barcode18_120_filtered	219	0.014495	2010828	2010828||Bacteroidota|Bacteroidia|Marinilabiliales|Prolixibacteraceae|Aquipluma|Aquipluma nitroreducens	675.367937
barcode18_120_filtered	220	0.000581	121428;365341;1395957	121428||Pseudomonadota|Alphaproteobacteria|Sphingomonadales|Sphingobiaceae|Sphingobium|Sphingobium xenophagum;365341||Pseudomonadota|Alphaproteobacteria|Sphingomonadales|Sphingobiaceae|Sphingobium|Sphingobium aromaticiconvertens;1395957||Pseudomonadota|Alphaproteobacteria|Sphingomonadales|Sphingobiaceae|Sphingobium|Sphingobium endophyticum	27.049886
barcode18_120_filtered	221	0.067152	288966	288966||Bacillota|Clostridia|Lutisporales|Lutisporaceae|Lutispora|Lutispora thermophila	3128.858619
barcode18_120_filtered	222	0.012294	913099	913099||Bacillota|Tissierellia|||Sedimentibacter|Sedimentibacter acidaminivorans	572.812717
barcode18_120_filtered	223	0.000300	261934	261934||Pseudomonadota|Alphaproteobacteria|Hyphomicrobiales|Pleomorphomonadaceae|Pleomorphomonas|Pleomorphomonas oryzae	13.999999
barcode18_120_filtered	224	0.001133	1944642	1944642||Bacillota|Clostridia|Eubacteriales|Oscillospiraceae|Marasmitruncus|Marasmitruncus massiliensis	52.771050
barcode18_120_filtered	225	0.010314	130788	130788||Bacillota|Tissierellia|||Sedimentibacter|Sedimentibacter saalensis	480.571112
barcode18_120_filtered	226	0.000408	1141888	1141888||Pseudomonadota|Alphaproteobacteria|Sphingomonadales|Sphingomonadaceae|Sphingomonas|Sphingomonas difficilis	19.003896
barcode18_120_filtered	228	0.000515	1796619	1796619||Bacillota|Clostridia|Eubacteriales|Eubacteriaceae|Irregularibacter|Irregularibacter muris	24.000000
barcode18_120_filtered	232	0.010839	2507161	2507161||Bacillota|Tissierellia|Tissierellales|Acidilutibacteraceae|Acidilutibacter|Acidilutibacter cellobiosedens	505.025713
barcode18_120_filtered	233	0.000622	655338	655338||Bacillota|Clostridia|Eubacteriales|Clostridiaceae|Fervidicella|Fervidicella metallireducens	28.961312
barcode18_120_filtered	235	0.000236	360412	360412||Chloroflexota|Anaerolineae|Anaerolineales|Anaerolineaceae|Longilinea|Longilinea arvoryzae	11.000000
barcode18_120_filtered	236	0.000300	1958944;2547397	1958944||Pseudomonadota|Alphaproteobacteria|Rhodobacterales|Paracoccaceae|Puniceibacterium|Puniceibacterium confluentis;2547397||Pseudomonadota|Alphaproteobacteria|Rhodobacterales|Paracoccaceae|Antarcticimicrobium|Antarcticimicrobium luteum	13.995646
barcode18_120_filtered	237	0.001415	2763654	2763654||Bacillota|Clostridia|Christensenellales|Christensenellaceae|Luoshenia|Luoshenia tenuis	65.938313
barcode18_120_filtered	238	0.000429	1473598	1473598||Acidobacteriota|Terriglobia|Bryobacterales|Bryobacteraceae|Paludibaculum|Paludibaculum fermentans	20.000000
barcode18_120_filtered	239	0.000386	1639882	1639882||Gemmatimonadota|Longimicrobiia|Longimicrobiales|Longimicrobiaceae|Longimicrobium|Longimicrobium terrae	18.000000
barcode18_120_filtered	240	0.000365	2884263	2884263||Actinomycetota|Acidimicrobiia|Acidimicrobiales|Iamiaceae|Dermatobacter|Dermatobacter hominis	17.000000
barcode18_120_filtered	248	0.000880	1337094	1337094||Bacillota|Clostridia|Eubacteriales|Oscillospiraceae|Ercella|Ercella succinigenes	41.000000
barcode18_120_filtered	252	0.001193	3133167	3133167||Bacillota|Clostridia|Eubacteriales|Oscillospiraceae|Faecousia|Faecousia intestinalis	55.569182
barcode18_120_filtered	253	0.000860	2771361	2771361||Pseudomonadota|Alphaproteobacteria|Acetobacterales|Roseomonadaceae|Roseococcus|Roseococcus microcysteis	40.054767
barcode18_120_filtered	254	0.000687	1348470	1348470||Pseudomonadota|Alphaproteobacteria|Hyphomonadales|Hyphomonadaceae|Asprobacter|Asprobacter aquaticus	32.000000
barcode18_120_filtered	255	0.000279	2820301	2820301||Bacillota|Clostridia|Eubacteriales|Acutalibacteraceae|Caproiciproducens|Caproiciproducens faecalis	13.000000
barcode18_120_filtered	257	0.000241	2307010	2307010||Bacillota|Clostridia|Lachnospirales|Lachnospiraceae|Candidatus Galacturonatibacter|Candidatus Galacturonatibacter soehngenii	11.213039
