sample_id	cluster_id	estimated_counts	abundance	tax_id	species	genus	family	order	class	phylum	clade	superkingdom	subspecies	species_subgroup	species_group
barcode13_120_filtered	100	6635.318888062583	0.14220876761316323	1096341	Fonticella tunisiensis	Fonticella	Clostridiaceae	Eubacteriales	Clostridia	Bacillota					
barcode13_120_filtered	233	50.574888713424905	0.0010839256887936926	655338	Fervidicella metallireducens	Fervidicella	Clostridiaceae	Eubacteriales	Clostridia	Bacillota					
barcode13_120_filtered	66	47.00943687004598	0.0010075105953845128	1147123	Caloramator quimbayensis	Caloramator	Clostridiaceae	Eubacteriales	Clostridia	Bacillota					
barcode13_120_filtered	34	634.6462903692404	0.013601797946146304	258515	Acetanaerobacterium elongatum	Acetanaerobacterium	Oscillospiraceae	Eubacteriales	Clostridia	Bacillota					
barcode13_120_filtered	10	5233.751941466286	0.11217025528764624	659425	Thermoclostridium caenicola	Thermoclostridium	Oscillospiraceae	Eubacteriales	Clostridia	Bacillota					
barcode13_120_filtered	12	409.1800826684951	0.0087695853462032	288965	Acetivibrio clariflavus	Acetivibrio	Oscillospiraceae	Eubacteriales	Clostridia	Bacillota					
barcode13_120_filtered	125	662.9070791033344	0.014207485782021355	320502	Acetivibrio alkalicellulosi	Acetivibrio	Oscillospiraceae	Eubacteriales	Clostridia	Bacillota					
barcode13_120_filtered	137	154.99953450169394	0.003321964347750572	35830	Acetivibrio cellulolyticus	Acetivibrio	Oscillospiraceae	Eubacteriales	Clostridia	Bacillota					
barcode13_120_filtered	54	539.0843505785656	0.011553705621178457	253314	Acetivibrio straminisolvens	Acetivibrio	Oscillospiraceae	Eubacteriales	Clostridia	Bacillota					
barcode13_120_filtered	203	42.90154438545073	0.0009194698640230337	1297424	Anaerobacterium chartisolvens	Anaerobacterium	Oscillospiraceae	Eubacteriales	Clostridia	Bacillota					
barcode13_120_filtered	195	263.7235277160846	0.005652147018069068	2494374	Tabrizicola piscis	Tabrizicola	Paracoccaceae	Rhodobacterales	Alphaproteobacteria	Pseudomonadota					
barcode13_120_filtered	195	956.073551035407	0.02049065670150254	2909234	Alitabrizicola rongguiensis	Aliitabrizicola	Paracoccaceae	Rhodobacterales	Alphaproteobacteria	Pseudomonadota					
barcode13_120_filtered	195	326.8489123529123	0.007005056095349499	909926	Tabrizicola aquatica	Tabrizicola	Paracoccaceae	Rhodobacterales	Alphaproteobacteria	Pseudomonadota					
barcode13_120_filtered	195	17.99789414466017	0.00038573253058702864	2709381	Pseudotabrizicola algicola	Pseudotabrizicola	Paracoccaceae	Rhodobacterales	Alphaproteobacteria	Pseudomonadota					
barcode13_120_filtered	195	21.42615807659825	0.00045920739999996246	1445661	Aliigemmobacter aestuarii	Aliigemmobacter	Paracoccaceae	Rhodobacterales	Alphaproteobacteria	Pseudomonadota					
barcode13_120_filtered	232	2692.066198473555	0.05769661155347425	2507161	Acidilutibacter cellobiosedens	Acidilutibacter	Acidilutibacteraceae	Tissierellales	Tissierellia	Bacillota					
barcode13_120_filtered	196	8397.643532127006	0.17997907225030552	2496273	Xylanivirga thermophila	Xylanivirga	Xylanivirgaceae	Caldicoprobacterales	Clostridia	Bacillota					
barcode13_120_filtered	52	110.74065222035122	0.002373403892504152	270498	Christensenella hongkongensis	Christensenella	Christensenellaceae	Christensenellales	Clostridia	Bacillota					
barcode13_120_filtered	5	157.40466568303793	0.0033735113414997734	84032	Clostridium thermosuccinogenes	Clostridium	Clostridiaceae	Eubacteriales	Clostridia	Bacillota					
barcode13_120_filtered	52	32.63860341529709	0.0006995135646991383	2763033	Christensenella tenuis	Christensenella	Christensenellaceae	Christensenellales	Clostridia	Bacillota					
barcode13_120_filtered	3	182.9796618121892	0.003921637022057678	29355	Ruminiclostridium cellobioparum	Ruminiclostridium	Oscillospiraceae	Eubacteriales	Clostridia	Bacillota					
barcode13_120_filtered	3	72.70613473577919	0.0015582445988079295	48256	Ruminiclostridium hungatei	Ruminiclostridium	Oscillospiraceae	Eubacteriales	Clostridia	Bacillota					
barcode13_120_filtered	4	74.36343634531804	0.001593764040063397	1521	Ruminiclostridium cellulolyticum	Ruminiclostridium	Oscillospiraceae	Eubacteriales	Clostridia	Bacillota					
barcode13_120_filtered	3	26.92916958381839	0.0005771484511845172	396504	Ruminiclostridium sufflavum	Ruminiclostridium	Oscillospiraceae	Eubacteriales	Clostridia	Bacillota					
barcode13_120_filtered	54	835.3911464588899	0.017904180253732183	1515	Acetivibrio thermocellus	Acetivibrio	Oscillospiraceae	Eubacteriales	Clostridia	Bacillota					
barcode13_120_filtered	58	1284.6179279881276	0.0275320501508418	2576756	Caproicibacter fermentans	Caproicibacter	Acutalibacteraceae	Eubacteriales	Clostridia	Bacillota					
barcode13_120_filtered	14	307.98221208677245	0.006600703231676042	394284	Psychrosinus fermentans	Psychrosinus	Sporomusaceae	Selenomonadales	Negativicutes	Bacillota					
barcode13_120_filtered	2	236.0836509196421	0.005059766624223454	1076412	Pelosinus defluvii	Pelosinus	Sporomusaceae	Selenomonadales	Negativicutes	Bacillota					
barcode13_120_filtered	9	33.6749543095408	0.0007217247328391265	380084	Pelosinus propionicus	Pelosinus	Sporomusaceae	Selenomonadales	Negativicutes	Bacillota					
barcode13_120_filtered	9	17.899348510624815	0.0003836204914512702	365349	Pelosinus fermentans	Pelosinus	Sporomusaceae	Selenomonadales	Negativicutes	Bacillota					
barcode13_120_filtered	124	89.66770394815995	0.0019217665176741883	2528036	Tabrizicola caldifontis	Tabrizicola	Paracoccaceae	Rhodobacterales	Alphaproteobacteria	Pseudomonadota					
barcode13_120_filtered	105	2570.2446853715423	0.055085721626514546	36849	Oxobacter pfennigii	Oxobacter	Clostridiaceae	Eubacteriales	Clostridia	Bacillota					
barcode13_120_filtered	145	71.19950307801119	0.0015259543298830063	112729	Caloramator viterbiensis	Caloramator	Clostridiaceae	Eubacteriales	Clostridia	Bacillota					
barcode13_120_filtered	7	34.29374467373384	0.0007349867051101362	908809	Caloramator mitchellensis	Caloramator	Clostridiaceae	Eubacteriales	Clostridia	Bacillota					
barcode13_120_filtered	148	193.51363773983743	0.004147402167638343	1495	Clostridium cylindrosporum	Clostridium	Clostridiaceae	Eubacteriales	Clostridia	Bacillota					
barcode13_120_filtered	190	117.05661418295661	0.002508768172977488	937251	Youngiibacter multivorans	Youngiibacter	Clostridiaceae	Eubacteriales	Clostridia	Bacillota					
barcode13_120_filtered	68	17.584083697510152	0.0003768637068413415	398199	Proteiniclasticum ruminis	Proteiniclasticum	Clostridiaceae	Eubacteriales	Clostridia	Bacillota					
barcode13_120_filtered	68	21.39253907271459	0.00045848687440182154	2804028	Proteiniclasticum sediminis	Proteiniclasticum	Clostridiaceae	Eubacteriales	Clostridia	Bacillota					
barcode13_120_filtered	149	152.38205152110405	0.003265866210615402	1161202	Erythrobacter colymbi	Erythrobacter	Erythrobacteraceae	Sphingomonadales	Alphaproteobacteria	Pseudomonadota					
barcode13_120_filtered	149	99.47740303427327	0.0021320088950529	3019556	Erythrobacter oryzae	Erythrobacter	Erythrobacteraceae	Sphingomonadales	Alphaproteobacteria	Pseudomonadota					
barcode13_120_filtered	149	33.187591722228916	0.0007112795328281557	35811	Erythrobacter ramosus	Erythrobacter	Erythrobacteraceae	Sphingomonadales	Alphaproteobacteria	Pseudomonadota					
barcode13_120_filtered	27	187.65012110824284	0.004021734737312048	1547922	Piscinibacter sakaiensis	Piscinibacter	Sphaerotilaceae	Burkholderiales	Betaproteobacteria	Pseudomonadota					
barcode13_120_filtered	27	566.6686398891272	0.012144894658889543	391953	Aquincola tertiaricarbonis	Aquincola	Sphaerotilaceae	Burkholderiales	Betaproteobacteria	Pseudomonadota					
barcode13_120_filtered	27	13.48845237875238	0.0002890857579192091	2944811	Caldimonas mangrovi	Caldimonas	Sphaerotilaceae	Burkholderiales	Betaproteobacteria	Pseudomonadota					
barcode13_120_filtered	27	438.90254056636377	0.009406599810676692	413882	Caldimonas brevitalea	Caldimonas	Sphaerotilaceae	Burkholderiales	Betaproteobacteria	Pseudomonadota					
barcode13_120_filtered	27	22.054629169805267	0.00047267685054984605	392597	Piscinibacter aquaticus	Piscinibacter	Sphaerotilaceae	Burkholderiales	Betaproteobacteria	Pseudomonadota					
barcode13_120_filtered	27	85.04383157910725	0.0018226672577446419	3119538	Aquincola agrisoli	Aquincola	Sphaerotilaceae	Burkholderiales	Betaproteobacteria	Pseudomonadota					
barcode13_120_filtered	27	13.104676048900417	0.0002808606281510623	2732868	Pseudaquabacterium terrae	Pseudaquabacterium	Sphaerotilaceae	Burkholderiales	Betaproteobacteria	Pseudomonadota					
barcode13_120_filtered	154	15.118590792790132	0.0003240230350584053	1841868	Provencibacterium massiliense	Provencibacterium	Oscillospiraceae	Eubacteriales	Clostridia	Bacillota					
barcode13_120_filtered	162	20.134779652915412	0.00043153045828061925	2897707	Merdimmobilis hominis	Merdimmobilis	Oscillospiraceae	Eubacteriales	Clostridia	Bacillota					
barcode13_120_filtered	255	88.0013144220157	0.0018860523033501725	2820301	Caproiciproducens faecalis	Caproiciproducens	Acutalibacteraceae	Eubacteriales	Clostridia	Bacillota					
barcode13_120_filtered	27	21.51392776031105	0.00046108848797254655	2742824	Piscinibacter koreensis	Piscinibacter	Sphaerotilaceae	Burkholderiales	Betaproteobacteria	Pseudomonadota					
barcode13_120_filtered	149	183.32116337509063	0.003928956115113711	2969984	Parerythrobacter lacustris	Parerythrobacter	Erythrobacteraceae	Sphingomonadales	Alphaproteobacteria	Pseudomonadota					
barcode13_120_filtered	149	18.630223358274993	0.0003992846687300412	3127706	Parerythrobacter aurantius	Parerythrobacter	Erythrobacteraceae	Sphingomonadales	Alphaproteobacteria	Pseudomonadota					
barcode13_120_filtered	134	90.21888533326066	0.0019335794880571949	173676	Novosphingobium hassiacum	Novosphingobium	Sphingomonadaceae	Sphingomonadales	Alphaproteobacteria	Pseudomonadota					
barcode13_120_filtered	205	16.352744780146896	0.00035047353737000143	2755051	Variimorphobacter saccharofermentans	Variimorphobacter	Lachnospiraceae	Lachnospirales	Clostridia	Bacillota					
barcode13_120_filtered	205	212.73922825675166	0.004559446800333305	1462919	Mobilitalea sibirica	Mobilitalea	Lachnospiraceae	Lachnospirales	Clostridia	Bacillota					
barcode13_120_filtered	55	1044.5173697392459	0.02238619279751486	433293	Anaerotaenia torta	Anaerotaenia	Lachnospiraceae	Lachnospirales	Clostridia	Bacillota					
barcode13_120_filtered	55	68.61589403772591	0.0014705821821669111	1679721	Herbinix luporum	Herbinix	Lachnospiraceae	Lachnospirales	Clostridia	Bacillota					
barcode13_120_filtered	88	192.9492178633563	0.004135305468684633	2991836	Faecalispora anaeroviscerum	Faecalispora	Oscillospiraceae	Eubacteriales	Clostridia	Bacillota					
barcode13_120_filtered	88	32.33095122231591	0.000692919934467432	1958780	Clostridium merdae	Clostridium	Clostridiaceae	Eubacteriales	Clostridia	Bacillota					
barcode13_120_filtered	139	61.102005559801036	0.0013095438299106504	173675	Sphingopyxis witflariensis	Sphingopyxis	Sphingopyxidaceae	Sphingomonadales	Alphaproteobacteria	Pseudomonadota					
barcode13_120_filtered	139	21.215857610273424	0.00045470022097073286	2871171	Sphingopyxis jiangsuensis	Sphingopyxis	Sphingopyxidaceae	Sphingomonadales	Alphaproteobacteria	Pseudomonadota					
barcode13_120_filtered	139	117.61837627000864	0.0025208079099425327	33052	Sphingopyxis terrae	Sphingopyxis	Sphingopyxidaceae	Sphingomonadales	Alphaproteobacteria	Pseudomonadota					
barcode13_120_filtered	139	16.37644145231024	0.00035098140663773845	651663	Sphingopyxis bauzanensis	Sphingopyxis	Sphingopyxidaceae	Sphingomonadales	Alphaproteobacteria	Pseudomonadota					
barcode13_120_filtered	192	46.22789489028426	0.0009907605154479149	1244894	Sphingomonas fonticola	Sphingomonas	Sphingomonadaceae	Sphingomonadales	Alphaproteobacteria	Pseudomonadota					
barcode13_120_filtered	65	149.78956202884652	0.0032103037362319494	351091	Oscillibacter valericigenes	Oscillibacter	Oscillospiraceae	Eubacteriales	Clostridia	Bacillota					
barcode13_120_filtered	216	858.9397944749477	0.018408877054264937	642589	Caproiciproducens galactitolivorans	Caproiciproducens	Acutalibacteraceae	Eubacteriales	Clostridia	Bacillota					
barcode13_120_filtered	120	32.16017859481597	0.0006892599197328697	3103142	Sphingomonas rustica	Sphingomonas	Sphingomonadaceae	Sphingomonadales	Alphaproteobacteria	Pseudomonadota					
barcode13_120_filtered	120	772.0253253809778	0.016546118120426452	2873268	Hephaestia mangrovi	Hephaestia	Sphingomonadaceae	Sphingomonadales	Alphaproteobacteria	Pseudomonadota					
barcode13_120_filtered	120	124.06633694020579	0.0026590011989156602	1632740	Sphingomonas zeicaulis	Sphingomonas	Sphingomonadaceae	Sphingomonadales	Alphaproteobacteria	Pseudomonadota					
barcode13_120_filtered	120	23.861271401130633	0.0005113969738127828	397260	Sphingomonas sanxanigenens	Sphingomonas	Sphingomonadaceae	Sphingomonadales	Alphaproteobacteria	Pseudomonadota					
barcode13_120_filtered	155	26.120177938054347	0.0005598100674693917	1460355	Sphingomonas mohensis	Sphingomonas	Sphingomonadaceae	Sphingomonadales	Alphaproteobacteria	Pseudomonadota					
barcode13_120_filtered	120	146.19734132445691	0.0031333149301197394	2305907	Sphingomonas gilva	Sphingomonas	Sphingomonadaceae	Sphingomonadales	Alphaproteobacteria	Pseudomonadota					
barcode13_120_filtered	45	66.95000297926153	0.0014348786510482764	2732249	Gemmatimonas groenlandica	Gemmatimonas	Gemmatimonadaceae	Gemmatimonadales	Gemmatimonadia	Gemmatimonadota	FCB group				
barcode13_120_filtered	115	41.044539414782626	0.0008796703618762216	2014610	Roseisolibacter agri	Roseisolibacter	Gemmatimonadaceae	Gemmatimonadales	Gemmatimonadia	Gemmatimonadota	FCB group				
barcode13_120_filtered	45	76.00545760560408	0.0016289559914615418	1379270	Gemmatimonas phototrophica	Gemmatimonas	Gemmatimonadaceae	Gemmatimonadales	Gemmatimonadia	Gemmatimonadota	FCB group				
barcode13_120_filtered	149	57.05466875685131	0.0012228009335144626	2509361	Qipengyuania thermophila	Qipengyuania	Erythrobacteraceae	Sphingomonadales	Alphaproteobacteria	Pseudomonadota					
barcode13_120_filtered	109	110.06075818024935	0.002358832340604157	217159	Clostridium carboxidivorans	Clostridium	Clostridiaceae	Eubacteriales	Clostridia	Bacillota					
barcode13_120_filtered	112	117.10108450193572	0.002509721264963581	3240932	Clostridium moutaii	Clostridium	Clostridiaceae	Eubacteriales	Clostridia	Bacillota					
barcode13_120_filtered	20	89.81857311598579	0.0019249999596216332	209080	Propionispora hippei	Propionispora	Sporomusaceae	Selenomonadales	Negativicutes	Bacillota					
barcode13_120_filtered	22	66.88114211293406	0.0014334028185973564	2992113	Sphingomonas arvum	Sphingomonas	Sphingomonadaceae	Sphingomonadales	Alphaproteobacteria	Pseudomonadota					
barcode13_120_filtered	112	43.02719896671459	0.0009221629046210719	2836848	Clostridium aromativorans	Clostridium	Clostridiaceae	Eubacteriales	Clostridia	Bacillota					
barcode13_120_filtered	27	101.70954389712172	0.0021798483443091735	2824118	Ideonella alba	Ideonella	Sphaerotilaceae	Burkholderiales	Betaproteobacteria	Pseudomonadota					
barcode13_120_filtered	27	14.35559247015266	0.00030767038449500974	364039	Azohydromonas australica	Azohydromonas	Sphaerotilaceae	Burkholderiales	Betaproteobacteria	Pseudomonadota					
barcode13_120_filtered	208	18.71583652193853	0.0004011195379656343	74313	Brevundimonas subvibrioides	Brevundimonas	Caulobacteraceae	Caulobacterales	Alphaproteobacteria	Pseudomonadota					
barcode13_120_filtered	208	47.288790490727585	0.0010134977279994768	74312	Brevundimonas variabilis	Brevundimonas	Caulobacteraceae	Caulobacterales	Alphaproteobacteria	Pseudomonadota					
barcode13_120_filtered	181	215.0001898640958	0.004607903938449084	52692	Acetobacterium malicum	Acetobacterium	Eubacteriaceae	Eubacteriales	Clostridia	Bacillota					
barcode13_120_filtered	36	36.0	0.0007715553269465698	2708020	Legionella antarctica	Legionella	Legionellaceae	Legionellales	Gammaproteobacteria	Pseudomonadota					
barcode13_120_filtered	90	99.8222180922976	0.002139399003242624	44749	Sporobacter termitidis	Sporobacter	Oscillospiraceae	Eubacteriales	Clostridia	Bacillota					
barcode13_120_filtered	56	158.86572511993566	0.0034048249023754403	1689270	Intestinimonas timonensis	Intestinimonas		Eubacteriales	Clostridia	Bacillota					
barcode13_120_filtered	56	196.54978086151874	0.004212473067607937	2108523	Lawsonibacter asaccharolyticus	Lawsonibacter	Oscillospiraceae	Eubacteriales	Clostridia	Bacillota					
barcode13_120_filtered	131	35.15591292147773	0.000753464774673219	1870986	Colidextribacter massiliensis	Colidextribacter		Eubacteriales	Clostridia	Bacillota					
barcode13_120_filtered	56	75.79947116304922	0.0016245412709884313	3133171	Pseudoflavonifractor intestinihominis	Pseudoflavonifractor	Oscillospiraceae	Eubacteriales	Clostridia	Bacillota					
barcode13_120_filtered	60	15.83910342360454	0.00033946512834832595	2763047	Flintibacter faecis	Flintibacter		Eubacteriales	Clostridia	Bacillota					
barcode13_120_filtered	60	26.72921880539981	0.0005728630876229625	2981773	Muriventricola aceti	Muriventricola	Oscillospiraceae	Eubacteriales	Clostridia	Bacillota					
barcode13_120_filtered	97	165.64516722474605	0.0035501225320891156	1550	Clostridium subterminale	Clostridium	Clostridiaceae	Eubacteriales	Clostridia	Bacillota					
barcode13_120_filtered	153	37.54237819186387	0.0008046117188937583	2696063	Anaerocolumna sedimenticola	Anaerocolumna	Lachnospiraceae	Lachnospirales	Clostridia	Bacillota					
barcode13_120_filtered	153	204.7155249821814	0.0043874820502407125	433286	Anaerocolumna cellulosilytica	Anaerocolumna	Lachnospiraceae	Lachnospirales	Clostridia	Bacillota					
barcode13_120_filtered	123	57.657081035948906	0.001235711889152123	2038680	Paludihabitans psychrotolerans	Paludihabitans	Oscillospiraceae	Eubacteriales	Clostridia	Bacillota					
barcode13_120_filtered	197	15.462894854204864	0.00033140219152156847	95159	Caloramator coolhaasii	Caloramator	Clostridiaceae	Eubacteriales	Clostridia	Bacillota					
barcode13_120_filtered	224	155.99997474900957	0.0033434058755869088	1944642	Marasmitruncus massiliensis	Marasmitruncus	Oscillospiraceae	Eubacteriales	Clostridia	Bacillota					
barcode13_120_filtered	122	59.00472877375363	0.0012645948000118653	1367462	Clostridium swellfunianum	Clostridium	Clostridiaceae	Eubacteriales	Clostridia	Bacillota					
barcode13_120_filtered	177	81.0	0.001735999485629782	433287	Anaerotignum aminivorans	Anaerotignum	Anaerotignaceae	Lachnospirales	Clostridia	Bacillota					
barcode13_120_filtered	83	39.99745726818227	0.0008572292005439952	1794912	Anaerosporomusa subterranea	Anaerosporomusa	Acetonemataceae		Negativicutes	Bacillota					
barcode13_120_filtered	170	43.923314360706286	0.0009413685325597695	484882	Falsiroseomonas stagni	Falsiroseomonas	Roseomonadaceae	Acetobacterales	Alphaproteobacteria	Pseudomonadota					
barcode13_120_filtered	170	26.97950602183506	0.0005782272663759417	2786951	Falsiroseomonas ponticola	Falsiroseomonas	Roseomonadaceae	Acetobacterales	Alphaproteobacteria	Pseudomonadota					
barcode13_120_filtered	158	18.89817814752988	0.00040502750053644267	2559804	Sphingomonas flavalba	Sphingomonas	Sphingomonadaceae	Sphingomonadales	Alphaproteobacteria	Pseudomonadota					
barcode13_120_filtered	18	64.0	0.0013716539145716797	107709	Opitutus terrae	Opitutus	Opitutaceae	Opitutales	Opitutia	Verrucomicrobiota	PVC group				
barcode13_120_filtered	124	18.25926891931479	0.0003913343389124239	2583234	Paragemmobacter kunshanensis	Paragemmobacter	Paracoccaceae	Rhodobacterales	Alphaproteobacteria	Pseudomonadota					
barcode13_120_filtered	195	167.75833442045155	0.003595412126716208	2305252	Pseudotabrizicola alkalilacus	Pseudotabrizicola	Paracoccaceae	Rhodobacterales	Alphaproteobacteria	Pseudomonadota					
barcode13_120_filtered	244	32.25827660689022	0.0006913623653933907	220343	Gemmobacter nectariphilus	Gemmobacter	Paracoccaceae	Rhodobacterales	Alphaproteobacteria	Pseudomonadota					
barcode13_120_filtered	213	66.98418091294872	0.0014356111556816202	1604902	Clostridium omnivorum	Clostridium	Clostridiaceae	Eubacteriales	Clostridia	Bacillota					
barcode13_120_filtered	62	27.98707954753162	0.0005998216752937616	2763677	Zongyangia hominis	Zongyangia	Oscillospiraceae	Eubacteriales	Clostridia	Bacillota					
barcode13_120_filtered	127	15.870050167885907	0.0003401283818317132	1428345	Falsiroseomonas wooponensis	Falsiroseomonas	Roseomonadaceae	Acetobacterales	Alphaproteobacteria	Pseudomonadota					
barcode13_120_filtered	127	27.52833255553835	0.0005899897673661748	2766473	Falsiroseomonas oryzae	Falsiroseomonas	Roseomonadaceae	Acetobacterales	Alphaproteobacteria	Pseudomonadota					
barcode13_120_filtered	184	22.6832275578813	0.00048614902929512634	1123067	Rubellimicrobium mesophilum	Rubellimicrobium	Roseobacteraceae	Rhodobacterales	Alphaproteobacteria	Pseudomonadota					
barcode13_120_filtered	184	346.60532152794445	0.007428477282580948	687525	Rubellimicrobium roseum	Rubellimicrobium	Roseobacteraceae	Rhodobacterales	Alphaproteobacteria	Pseudomonadota					
barcode13_120_filtered	184	95.50532126032216	0.002046878871392918	2585369	Rubellimicrobium rubrum	Rubellimicrobium	Roseobacteraceae	Rhodobacterales	Alphaproteobacteria	Pseudomonadota					
barcode13_120_filtered	184	16.26575488180403	0.00034860916182952975	2817372	Rubellimicrobium arenae	Rubellimicrobium	Roseobacteraceae	Rhodobacterales	Alphaproteobacteria	Pseudomonadota					
barcode13_120_filtered	184	22.721155626398858	0.00048696190716472404	295419	Rubellimicrobium thermophilum	Rubellimicrobium	Roseobacteraceae	Rhodobacterales	Alphaproteobacteria	Pseudomonadota					
barcode13_120_filtered	56	13.231018912888286	0.0002835684200880492	2763053	Lawsonibacter hominis	Lawsonibacter	Oscillospiraceae	Eubacteriales	Clostridia	Bacillota					
barcode13_120_filtered	243	18.000000000000007	0.00038577766347328506	1157315	Clostridium kogasense	Clostridium	Clostridiaceae	Eubacteriales	Clostridia	Bacillota					
barcode13_120_filtered	50	19.664621167184645	0.00042145397816465514	1488331	Fusibacter bizertensis	Fusibacter	Eubacteriales Family XII. Incertae Sedis	Eubacteriales	Clostridia	Bacillota					
barcode13_120_filtered	210	111.00198059885557	0.002379004706462967	758823	Vampirovibrio chlorellavorus	Vampirovibrio		Vampirovibrionales	Vampirovibriophyceae	Candidatus Melainabacteria	Cyanobacteriota/Melainabacteria group				
barcode13_120_filtered	219	128.0076042573957	0.002743470804290613	2010828	Aquipluma nitroreducens	Aquipluma	Prolixibacteraceae	Marinilabiliales	Bacteroidia	Bacteroidota	FCB group				
barcode13_120_filtered	56	78.11981918437604	0.0016742711842168937	2986526	Lawsonibacter celer	Lawsonibacter	Oscillospiraceae	Eubacteriales	Clostridia	Bacillota					
barcode13_120_filtered	124	37.69252611758412	0.0008078297031137427	2670345	Tabrizicola thermarum	Tabrizicola	Paracoccaceae	Rhodobacterales	Alphaproteobacteria	Pseudomonadota					
barcode13_120_filtered	198	11.341722270295978	0.00024307683984431681	1527	Anaerocolumna aminovalerica	Anaerocolumna	Lachnospiraceae	Lachnospirales	Clostridia	Bacillota					
barcode13_120_filtered	257	18.242240857098007	0.0003909693919093424	2307010	Candidatus Galacturonatibacter soehngenii	Candidatus Galacturonatibacter	Lachnospiraceae	Lachnospirales	Clostridia	Bacillota					
barcode13_120_filtered	99	22.053572868629914	0.00047265421180543764	47671	Lautropia mirabilis	Lautropia	Burkholderiaceae	Burkholderiales	Betaproteobacteria	Pseudomonadota					
barcode13_120_filtered	207	157.9001650200265	0.003384130929081774	203699	Derxia gummosa	Derxia	Alcaligenaceae	Burkholderiales	Betaproteobacteria	Pseudomonadota					
barcode13_120_filtered	124	15.005780662736234	0.00032160527792572137	2699202	Stagnihabitans tardus	Stagnihabitans	Paracoccaceae	Rhodobacterales	Alphaproteobacteria	Pseudomonadota					
barcode13_120_filtered	124	22.881457723700517	0.0004903975165284407	2852097	Paragemmobacter amnigenus	Paragemmobacter	Paracoccaceae	Rhodobacterales	Alphaproteobacteria	Pseudomonadota					
barcode13_120_filtered	82	106.00002520170273	0.002271802336134566	985	Cytophaga hutchinsonii	Cytophaga	Cytophagaceae	Cytophagales	Cytophagia	Bacteroidota	FCB group				
barcode13_120_filtered	38	42.44899821737789	0.0009097708527267599	49338	Desulfitobacterium hafniense	Desulfitobacterium	Desulfitobacteriaceae	Eubacteriales	Clostridia	Bacillota					
barcode13_120_filtered	11	43.322588481817995	0.0009284937200072439	3115649	Desulfosporosinus paludis	Desulfosporosinus	Desulfitobacteriaceae	Eubacteriales	Clostridia	Bacillota					
barcode13_120_filtered	151	36.0	0.0007715553269465698	2675059	Lysobacter helvus	Lysobacter	Lysobacteraceae	Lysobacterales	Gammaproteobacteria	Pseudomonadota					
barcode13_120_filtered	75	77.00321036950857	0.0016503399209050465	758826	Acidovorax radicis	Acidovorax	Comamonadaceae	Burkholderiales	Betaproteobacteria	Pseudomonadota					
barcode13_120_filtered	37	372.3060821371032	0.00797929835909692	2527691	Rhodoferax aquaticus	Rhodoferax	Comamonadaceae	Burkholderiales	Betaproteobacteria	Pseudomonadota					
barcode13_120_filtered	169	25.999999999999996	0.0005572344027947448	1960156	Abditibacterium utsteinense	Abditibacterium	Abditibacteriaceae	Abditibacteriales	Abditibacteriia	Abditibacteriota					
barcode13_120_filtered	246	16.00000000000475	0.00034291347864302173	36845	Clostridium intestinale	Clostridium	Clostridiaceae	Eubacteriales	Clostridia	Bacillota					
barcode13_120_filtered	16	165.2283880991014	0.003541190083351581	3375356	Desulfitobacterium nosdiversum	Desulfitobacterium	Desulfitobacteriaceae	Eubacteriales	Clostridia	Bacillota					
barcode13_120_filtered	153	40.4390830655576	0.0008666941654462718	1727145	Anaerocolumna chitinilytica	Anaerocolumna	Lachnospiraceae	Lachnospirales	Clostridia	Bacillota					
barcode13_120_filtered	158	38.003490591031095	0.0008144943224464968	2782540	Sphingomonas beigongshangi	Sphingomonas	Sphingomonadaceae	Sphingomonadales	Alphaproteobacteria	Pseudomonadota					
barcode13_120_filtered	49	16.0	0.0003429134786429199	1236215	Desulfovectis peckii	Desulfovectis	Peptococcaceae	Eubacteriales	Clostridia	Bacillota					
barcode13_120_filtered	208	21.99999999950149	0.00047150603312333075	657642	Brevundimonas olei	Brevundimonas	Caulobacteraceae	Caulobacterales	Alphaproteobacteria	Pseudomonadota					
barcode13_120_filtered	199	30.046096888684644	0.0006439507252338165	1549638	Quisquiliibacterium transsilvanicum	Quisquiliibacterium	Burkholderiaceae	Burkholderiales	Betaproteobacteria	Pseudomonadota					
barcode13_120_filtered	160	28.567015324300574	0.0006122509124563444	410839	Kaistia geumhonensis	Kaistia	Kaistiaceae	Hyphomicrobiales	Alphaproteobacteria	Pseudomonadota					
barcode13_120_filtered	160	40.432984839877875	0.0008665634677099353	2994654	Kaistia nematophila	Kaistia	Kaistiaceae	Hyphomicrobiales	Alphaproteobacteria	Pseudomonadota					
barcode13_120_filtered	27	11.502979111462606	0.0002465329113667804	2315841	Caldimonas tepidiphila	Caldimonas	Sphaerotilaceae	Burkholderiales	Betaproteobacteria	Pseudomonadota					
barcode13_120_filtered	42	51.00000000000001	0.0010930367131743073	2588534	Methylophilus medardicus	Methylophilus	Methylophilaceae	Nitrosomonadales	Betaproteobacteria	Pseudomonadota					
barcode13_120_filtered	150	26.842144811027744	0.0005752833282116578	2675220	Sandarakinorhabdus oryzae	Sandarakinorhabdus	Sphingosinicellaceae	Sphingomonadales	Alphaproteobacteria	Pseudomonadota					
barcode13_120_filtered	171	24.878756305572985	0.0005332038043158444	2913411	Sandaracinobacteroides sayramensis	Sandaracinobacteroides	Sphingosinicellaceae	Sphingomonadales	Alphaproteobacteria	Pseudomonadota					
barcode13_120_filtered	121	62.999999979426136	0.0013502218217155562	2941510	Pumilibacter muris	Pumilibacter	Pumilibacteraceae	Eubacteriales	Clostridia	Bacillota					
barcode13_120_filtered	86	17.09382163848135	0.0003663563650845786	1940525	Labilibaculum manganireducens	Labilibaculum	Marinifilaceae	Marinilabiliales	Bacteroidia	Bacteroidota	FCB group				
barcode13_120_filtered	86	28.80203234243756	0.0006172878189081969	2283627	Ancylomarina euxinus	Ancylomarina	Marinifilaceae	Marinilabiliales	Bacteroidia	Bacteroidota	FCB group				
barcode13_120_filtered	209	41.10414600306398	0.0008809478557848214	185300	Paludibacter propionicigenes	Paludibacter	Paludibacteraceae	Bacteroidales	Bacteroidia	Bacteroidota	FCB group				
barcode13_120_filtered	108	61.98618138569313	0.00132849356792244	933068	Ilyobacter delafieldii	Ilyobacter	Fusobacteriaceae	Fusobacteriales	Fusobacteriia	Fusobacteriota					
barcode13_120_filtered	65	19.040870382906515	0.0004080856937119637	2763042	Dysosmobacter segnis	Dysosmobacter	Oscillospiraceae	Eubacteriales	Clostridia	Bacillota					
barcode13_120_filtered	106	65.99999677747687	0.001414518030336631	253239	Ethanoligenens harbinense	Ethanoligenens	Oscillospiraceae	Eubacteriales	Clostridia	Bacillota					
barcode13_120_filtered	225	60.90501781135752	0.0013053219702813502	130788	Sedimentibacter saalensis	Sedimentibacter			Tissierellia	Bacillota					
barcode13_120_filtered	222	22.094982188645062	0.00047354170017885214	913099	Sedimentibacter acidaminivorans	Sedimentibacter			Tissierellia	Bacillota					
barcode13_120_filtered	114	56.56234300927708	0.001212249362594078	1078469	Sphingorhabdus planktonica	Sphingorhabdus	Sphingorhabdaceae	Sphingomonadales	Alphaproteobacteria	Pseudomonadota					
barcode13_120_filtered	114	14.301958941953455	0.0003065209057620921	1282858	Sphingorhabdus rigui	Sphingorhabdus	Sphingorhabdaceae	Sphingomonadales	Alphaproteobacteria	Pseudomonadota					
barcode13_120_filtered	114	34.13569804876942	0.0007315994352379909	940136	Sphingorhabdus wooponensis	Sphingorhabdus	Sphingorhabdaceae	Sphingomonadales	Alphaproteobacteria	Pseudomonadota					
barcode13_120_filtered	150	36.67409158393521	0.000786002520069766	2672568	Sandarakinorhabdus rubra	Sandarakinorhabdus	Sphingosinicellaceae	Sphingomonadales	Alphaproteobacteria	Pseudomonadota					
barcode13_120_filtered	150	18.42842979089804	0.000394959810345229	1981098	Sandarakinorhabdus cyanobacteriorum	Sandarakinorhabdus	Sphingosinicellaceae	Sphingomonadales	Alphaproteobacteria	Pseudomonadota					
barcode13_120_filtered	150	51.176577471279074	0.0010968211378571996	1439888	Sandarakinorhabdus fusca	Sandarakinorhabdus	Sphingosinicellaceae	Sphingomonadales	Alphaproteobacteria	Pseudomonadota					
barcode13_120_filtered	195	28.454407961773466	0.0006098375010560335	933059	Gemmobacter aquatilis	Gemmobacter	Paracoccaceae	Rhodobacterales	Alphaproteobacteria	Pseudomonadota					
barcode13_120_filtered	92	43.99999999999998	0.0009430120662680293	1855912	Luteitalea pratensis	Luteitalea	Vicinamibacteraceae	Vicinamibacterales	Vicinamibacteria	Acidobacteriota					
barcode13_120_filtered	40	36.17273725172703	0.0007752574476891281	1860101	Candidatus Propionivibrio aalborgensis	Propionivibrio	Rhodocyclaceae	Rhodocyclales	Betaproteobacteria	Pseudomonadota					
barcode13_120_filtered	40	78.77910422353935	0.0016884010421041888	2954386	Candidatus Accumulibacter necessarius	Candidatus Accumulibacter			Betaproteobacteria	Pseudomonadota					
barcode13_120_filtered	126	37.94522397684297	0.0008132455469864971	2054628	Alteraurantiacibacter palmitatis	Alteraurantiacibacter	Erythrobacteraceae	Sphingomonadales	Alphaproteobacteria	Pseudomonadota					
barcode13_120_filtered	48	35.0	0.0007501232345313873	225084	Erysipelothrix inopinata	Erysipelothrix	Erysipelotrichaceae	Erysipelotrichales	Erysipelotrichia	Bacillota					
barcode13_120_filtered	226	40.99650725185107	0.0008786409321213715	1141888	Sphingomonas difficilis	Sphingomonas	Sphingomonadaceae	Sphingomonadales	Alphaproteobacteria	Pseudomonadota					
barcode13_120_filtered	104	23.002542446981266	0.0004929926155078605	1716543	Clostridium thermarum	Clostridium	Clostridiaceae	Eubacteriales	Clostridia	Bacillota					
barcode13_120_filtered	80	15.000000000000002	0.00032148138622773744	474960	Hydrogenoanaerobacterium saccharovorans	Hydrogenoanaerobacterium	Oscillospiraceae	Eubacteriales	Clostridia	Bacillota					
barcode13_120_filtered	180	14.999996576208867	0.00032148131284872943	443610	Devosia geojensis	Devosia	Devosiaceae	Hyphomicrobiales	Alphaproteobacteria	Pseudomonadota					
barcode13_120_filtered	143	93.98263475066742	0.0020142445133986457	879969	Macellibacteroides fermentans	Macellibacteroides	Porphyromonadaceae	Bacteroidales	Bacteroidia	Bacteroidota	FCB group				
barcode13_120_filtered	189	21.0	0.00045007394071883237	1658620	Rubrivirga profundi	Rubrivirga	Rubricoccaceae	Rhodothermales	Rhodothermia	Rhodothermota	FCB group				
barcode13_120_filtered	159	19.030106601613415	0.0004078550033565532	2835040	Roseococcus pinisoli	Roseococcus	Roseomonadaceae	Acetobacterales	Alphaproteobacteria	Pseudomonadota					
barcode13_120_filtered	170	27.69913452466645	0.0005936504109532234	940141	Falsiroseomonas riguiloci	Falsiroseomonas	Roseomonadaceae	Acetobacterales	Alphaproteobacteria	Pseudomonadota					
barcode13_120_filtered	192	25.00447232913887	0.0005358981617509778	1550728	Blastomonas fulva	Blastomonas	Blastomonadaceae	Sphingomonadales	Alphaproteobacteria	Pseudomonadota					
barcode13_120_filtered	23	27.0	0.0005786664952099274	2590199	Anaeromyxobacter diazotrophicus	Anaeromyxobacter	Anaeromyxobacteraceae	Myxococcales	Myxococcia	Myxococcota					
barcode13_120_filtered	22	37.45343315502659	0.0008027054406443899	335605	Sphingomonas rosea	Sphingomonas	Sphingomonadaceae	Sphingomonadales	Alphaproteobacteria	Pseudomonadota					
barcode13_120_filtered	50	65.33537883281535	0.0014002738771258568	1537567	Fusibacter fontis	Fusibacter	Eubacteriales Family XII. Incertae Sedis	Eubacteriales	Clostridia	Bacillota					
barcode13_120_filtered	206	12.999999999999998	0.0002786172013973724	3036359	Aurantibacillus circumpalustris	Aurantibacillus	Aurantibacillaceae	Sphingobacteriales	Sphingobacteriia	Bacteroidota	FCB group				
barcode13_120_filtered	217	24.0	0.0005143702179643798	1005039	Fimbriimonas ginsengisoli	Fimbriimonas	Fimbriimonadaceae	Fimbriimonadales	Fimbriimonadia	Armatimonadota					
barcode13_120_filtered	254	35.00002872836209	0.0007501238502402985	1348470	Asprobacter aquaticus	Asprobacter	Hyphomonadaceae	Hyphomonadales	Alphaproteobacteria	Pseudomonadota					
barcode13_120_filtered	79	22.000000000000004	0.00047150603313401496	65655	Hydrogenophaga palleronii	Hydrogenophaga	Comamonadaceae	Burkholderiales	Betaproteobacteria	Pseudomonadota					
barcode13_120_filtered	71	16.0	0.0003429134786429199	1965019	Geofilum rhodophaeum	Geofilum	Marinilabiliaceae	Marinilabiliales	Bacteroidia	Bacteroidota	FCB group				
barcode13_120_filtered	155	17.370494992897612	0.0003722860539852464	2707068	Sphingomonas montis	Sphingomonas	Sphingomonadaceae	Sphingomonadales	Alphaproteobacteria	Pseudomonadota					
barcode13_120_filtered	144	12.99987432045404	0.00027861450782172873	2655001	Alkalibaculum sporogenes	Alkalibaculum	Eubacteriaceae	Eubacteriales	Clostridia	Bacillota					
barcode13_120_filtered	76	10.0	0.00021432092415182494	2594430	Flavobacterium franklandianum	Flavobacterium	Flavobacteriaceae	Flavobacteriales	Flavobacteriia	Bacteroidota	FCB group				
barcode13_120_filtered	132	22.0	0.00047150603313401485	2607497	Actinotalea subterranea	Actinotalea	Cellulomonadaceae	Micrococcales	Actinomycetes	Actinomycetota					
barcode13_120_filtered	248	17.00000050949667	0.0003643455819776821	1337094	Ercella succinigenes	Ercella	Oscillospiraceae	Eubacteriales	Clostridia	Bacillota					
barcode13_120_filtered	180	23.00000325956352	0.000492938195408464	665118	Devosia enhydra	Devosia	Devosiaceae	Hyphomicrobiales	Alphaproteobacteria	Pseudomonadota					
barcode13_120_filtered	107	11.0	0.00023575301656700743	1511	Acetoanaerobium sticklandii	Acetoanaerobium	Filifactoraceae	Peptostreptococcales	Clostridia	Bacillota					
barcode13_120_filtered	44	27.994626509644473	0.0005999834224832181	1803913	Steroidobacter cummioxidans	Steroidobacter	Steroidobacteraceae	Steroidobacterales	Gammaproteobacteria	Pseudomonadota					
barcode13_120_filtered	245	12.999999999999998	0.0002786172013973724	373043	Paeniroseomonas aquatica	Paeniroseomonas	Acetobacteraceae	Acetobacterales	Alphaproteobacteria	Pseudomonadota					
barcode14_120_filtered	105	2325.2075864103235	0.04974770189153452	36849	Oxobacter pfennigii	Oxobacter	Clostridiaceae	Eubacteriales	Clostridia	Bacillota					
barcode14_120_filtered	120	31.557945555099106	0.0006751806922357533	3103142	Sphingomonas rustica	Sphingomonas	Sphingomonadaceae	Sphingomonadales	Alphaproteobacteria	Pseudomonadota					
barcode14_120_filtered	120	1161.5026719838227	0.02485029251142111	2873268	Hephaestia mangrovi	Hephaestia	Sphingomonadaceae	Sphingomonadales	Alphaproteobacteria	Pseudomonadota					
barcode14_120_filtered	120	175.12247713023694	0.003746736780706824	2305907	Sphingomonas gilva	Sphingomonas	Sphingomonadaceae	Sphingomonadales	Alphaproteobacteria	Pseudomonadota					
barcode14_120_filtered	155	56.96737779499029	0.0012188142446510545	1460355	Sphingomonas mohensis	Sphingomonas	Sphingomonadaceae	Sphingomonadales	Alphaproteobacteria	Pseudomonadota					
barcode14_120_filtered	155	18.67196183781184	0.0003994857047028635	2771430	Allosphingosinicella flava	Allosphingosinicella	Sphingomicrobiaceae	Sphingomonadales	Alphaproteobacteria	Pseudomonadota					
barcode14_120_filtered	120	129.29812999653595	0.0027663271287234905	1632740	Sphingomonas zeicaulis	Sphingomonas	Sphingomonadaceae	Sphingomonadales	Alphaproteobacteria	Pseudomonadota					
barcode14_120_filtered	158	78.06597401504612	0.001670217672551265	2782540	Sphingomonas beigongshangi	Sphingomonas	Sphingomonadaceae	Sphingomonadales	Alphaproteobacteria	Pseudomonadota					
barcode14_120_filtered	205	20.080911785495264	0.0004296301195013963	2755051	Variimorphobacter saccharofermentans	Variimorphobacter	Lachnospiraceae	Lachnospirales	Clostridia	Bacillota					
barcode14_120_filtered	205	198.70761001815615	0.004251339538257513	1462919	Mobilitalea sibirica	Mobilitalea	Lachnospiraceae	Lachnospirales	Clostridia	Bacillota					
barcode14_120_filtered	55	1022.6695841221019	0.021879965428371884	433293	Anaerotaenia torta	Anaerotaenia	Lachnospiraceae	Lachnospirales	Clostridia	Bacillota					
barcode14_120_filtered	55	54.412824556024376	0.0011641597038088228	1679721	Herbinix luporum	Herbinix	Lachnospiraceae	Lachnospirales	Clostridia	Bacillota					
barcode14_120_filtered	14	587.9291580369992	0.012578715405156166	394284	Psychrosinus fermentans	Psychrosinus	Sporomusaceae	Selenomonadales	Negativicutes	Bacillota					
barcode14_120_filtered	216	1289.0642363877632	0.027579465904744613	642589	Caproiciproducens galactitolivorans	Caproiciproducens	Acutalibacteraceae	Eubacteriales	Clostridia	Bacillota					
barcode14_120_filtered	255	92.02244684789369	0.0019688157220345247	2820301	Caproiciproducens faecalis	Caproiciproducens	Acutalibacteraceae	Eubacteriales	Clostridia	Bacillota					
barcode14_120_filtered	88	311.59982220804164	0.006666662862816466	2991836	Faecalispora anaeroviscerum	Faecalispora	Oscillospiraceae	Eubacteriales	Clostridia	Bacillota					
barcode14_120_filtered	20	91.69283927362152	0.0019617637842024287	209080	Propionispora hippei	Propionispora	Sporomusaceae	Selenomonadales	Negativicutes	Bacillota					
barcode14_120_filtered	100	4164.847252307483	0.08910670201770396	1096341	Fonticella tunisiensis	Fonticella	Clostridiaceae	Eubacteriales	Clostridia	Bacillota					
barcode14_120_filtered	233	13.920882902609742	0.00029783660467714467	655338	Fervidicella metallireducens	Fervidicella	Clostridiaceae	Eubacteriales	Clostridia	Bacillota					
barcode14_120_filtered	66	37.65931821075922	0.0008057192599648955	1147123	Caloramator quimbayensis	Caloramator	Clostridiaceae	Eubacteriales	Clostridia	Bacillota					
barcode14_120_filtered	182	58.99482148640351	0.001262191302661607	1549748	Kiloniella litopenaei	Kiloniella	Kiloniellaceae	Rhodospirillales	Alphaproteobacteria	Pseudomonadota					
barcode14_120_filtered	232	2678.3876205101546	0.05730397134168067	2507161	Acidilutibacter cellobiosedens	Acidilutibacter	Acidilutibacteraceae	Tissierellales	Tissierellia	Bacillota					
barcode14_120_filtered	10	2599.1907803553377	0.055609558843717107	659425	Thermoclostridium caenicola	Thermoclostridium	Oscillospiraceae	Eubacteriales	Clostridia	Bacillota					
barcode14_120_filtered	12	176.79817920510092	0.0037825883441399426	288965	Acetivibrio clariflavus	Acetivibrio	Oscillospiraceae	Eubacteriales	Clostridia	Bacillota					
barcode14_120_filtered	137	187.38928935697524	0.0040091846246678485	35830	Acetivibrio cellulolyticus	Acetivibrio	Oscillospiraceae	Eubacteriales	Clostridia	Bacillota					
barcode14_120_filtered	54	2215.802421256736	0.047406983766725204	253314	Acetivibrio straminisolvens	Acetivibrio	Oscillospiraceae	Eubacteriales	Clostridia	Bacillota					
barcode14_120_filtered	5	264.9083708182963	0.005667701557943866	84032	Clostridium thermosuccinogenes	Clostridium	Clostridiaceae	Eubacteriales	Clostridia	Bacillota					
barcode14_120_filtered	203	45.44654929519634	0.0009723266858193484	1297424	Anaerobacterium chartisolvens	Anaerobacterium	Oscillospiraceae	Eubacteriales	Clostridia	Bacillota					
barcode14_120_filtered	3	98.57736010209459	0.002109057768551446	48256	Ruminiclostridium hungatei	Ruminiclostridium	Oscillospiraceae	Eubacteriales	Clostridia	Bacillota					
barcode14_120_filtered	3	260.4498929452567	0.005572312643244688	29355	Ruminiclostridium cellobioparum	Ruminiclostridium	Oscillospiraceae	Eubacteriales	Clostridia	Bacillota					
barcode14_120_filtered	4	73.88434253162173	0.0015807518727347395	1521	Ruminiclostridium cellulolyticum	Ruminiclostridium	Oscillospiraceae	Eubacteriales	Clostridia	Bacillota					
barcode14_120_filtered	3	44.09737395988153	0.0009434611459110297	396504	Ruminiclostridium sufflavum	Ruminiclostridium	Oscillospiraceae	Eubacteriales	Clostridia	Bacillota					
barcode14_120_filtered	54	855.9278549173629	0.018312534337128004	1515	Acetivibrio thermocellus	Acetivibrio	Oscillospiraceae	Eubacteriales	Clostridia	Bacillota					
barcode14_120_filtered	125	1055.409589913268	0.022580436241191014	320502	Acetivibrio alkalicellulosi	Acetivibrio	Oscillospiraceae	Eubacteriales	Clostridia	Bacillota					
barcode14_120_filtered	58	1466.4649979587884	0.0313749464689514	2576756	Caproicibacter fermentans	Caproicibacter	Acutalibacteraceae	Eubacteriales	Clostridia	Bacillota					
barcode14_120_filtered	196	3683.2106840161737	0.07880211133966995	2496273	Xylanivirga thermophila	Xylanivirga	Xylanivirgaceae	Caldicoprobacterales	Clostridia	Bacillota					
barcode14_120_filtered	52	40.7534492270628	0.0008719180408015148	270498	Christensenella hongkongensis	Christensenella	Christensenellaceae	Christensenellales	Clostridia	Bacillota					
barcode14_120_filtered	177	265.629768953079	0.005683135835538704	433287	Anaerotignum aminivorans	Anaerotignum	Anaerotignaceae	Lachnospirales	Clostridia	Bacillota					
barcode14_120_filtered	150	110.63087608813952	0.0023669421499388	1439888	Sandarakinorhabdus fusca	Sandarakinorhabdus	Sphingosinicellaceae	Sphingomonadales	Alphaproteobacteria	Pseudomonadota					
barcode14_120_filtered	222	145.91177480534625	0.003121775241877327	913099	Sedimentibacter acidaminivorans	Sedimentibacter			Tissierellia	Bacillota					
barcode14_120_filtered	106	94.9844745313851	0.0020321881585662195	253239	Ethanoligenens harbinense	Ethanoligenens	Oscillospiraceae	Eubacteriales	Clostridia	Bacillota					
barcode14_120_filtered	97	64.14644131221057	0.001372409955331848	1499683	Clostridium culturomicium	Clostridium	Clostridiaceae	Eubacteriales	Clostridia	Bacillota					
barcode14_120_filtered	109	348.8011295421602	0.007462583002613612	217159	Clostridium carboxidivorans	Clostridium	Clostridiaceae	Eubacteriales	Clostridia	Bacillota					
barcode14_120_filtered	97	887.398310270627	0.018985843180800748	1550	Clostridium subterminale	Clostridium	Clostridiaceae	Eubacteriales	Clostridia	Bacillota					
barcode14_120_filtered	114	220.67143014405895	0.0047212543890470466	1078469	Sphingorhabdus planktonica	Sphingorhabdus	Sphingorhabdaceae	Sphingomonadales	Alphaproteobacteria	Pseudomonadota					
barcode14_120_filtered	114	56.94586106595114	0.0012183538952920655	1282858	Sphingorhabdus rigui	Sphingorhabdus	Sphingorhabdaceae	Sphingomonadales	Alphaproteobacteria	Pseudomonadota					
barcode14_120_filtered	114	69.13237253695866	0.0014790837085357008	940136	Sphingorhabdus wooponensis	Sphingorhabdus	Sphingorhabdaceae	Sphingomonadales	Alphaproteobacteria	Pseudomonadota					
barcode14_120_filtered	181	327.0000000358502	0.006996148909624522	52692	Acetobacterium malicum	Acetobacterium	Eubacteriaceae	Eubacteriales	Clostridia	Bacillota					
barcode14_120_filtered	170	15.004096522189718	0.00032101190676486345	2786951	Falsiroseomonas ponticola	Falsiroseomonas	Roseomonadaceae	Acetobacterales	Alphaproteobacteria	Pseudomonadota					
barcode14_120_filtered	170	30.233609763437357	0.000646846593141578	940141	Falsiroseomonas riguiloci	Falsiroseomonas	Roseomonadaceae	Acetobacterales	Alphaproteobacteria	Pseudomonadota					
barcode14_120_filtered	170	76.2248384501945	0.0016308266677405754	484882	Falsiroseomonas stagni	Falsiroseomonas	Roseomonadaceae	Acetobacterales	Alphaproteobacteria	Pseudomonadota					
barcode14_120_filtered	149	398.1057140682207	0.00851745216234961	2969984	Parerythrobacter lacustris	Parerythrobacter	Erythrobacteraceae	Sphingomonadales	Alphaproteobacteria	Pseudomonadota					
barcode14_120_filtered	149	14.46988718681157	0.0003095825243220276	3127706	Parerythrobacter aurantius	Parerythrobacter	Erythrobacteraceae	Sphingomonadales	Alphaproteobacteria	Pseudomonadota					
barcode14_120_filtered	148	83.23214307564557	0.0017807476053839444	1495	Clostridium cylindrosporum	Clostridium	Clostridiaceae	Eubacteriales	Clostridia	Bacillota					
barcode14_120_filtered	137	10.362691834917497	0.00022170928187671153	29353	Acetivibrio aldrichii	Acetivibrio	Oscillospiraceae	Eubacteriales	Clostridia	Bacillota					
barcode14_120_filtered	88	15.514675380419655	0.000331935716311931	2045012	Clostridium minihomine	Clostridium	Clostridiaceae	Eubacteriales	Clostridia	Bacillota					
barcode14_120_filtered	18	114.0	0.0024390243902439024	107709	Opitutus terrae	Opitutus	Opitutaceae	Opitutales	Opitutia	Verrucomicrobiota	PVC group				
barcode14_120_filtered	195	515.9196047719834	0.011038074556525104	909926	Tabrizicola aquatica	Tabrizicola	Paracoccaceae	Rhodobacterales	Alphaproteobacteria	Pseudomonadota					
barcode14_120_filtered	195	205.40526327889793	0.004394635500190371	2305252	Pseudotabrizicola alkalilacus	Pseudotabrizicola	Paracoccaceae	Rhodobacterales	Alphaproteobacteria	Pseudomonadota					
barcode14_120_filtered	195	501.6656014467782	0.01073311085679885	2494374	Tabrizicola piscis	Tabrizicola	Paracoccaceae	Rhodobacterales	Alphaproteobacteria	Pseudomonadota					
barcode14_120_filtered	34	781.1426519648926	0.016712508600019098	258515	Acetanaerobacterium elongatum	Acetanaerobacterium	Oscillospiraceae	Eubacteriales	Clostridia	Bacillota					
barcode14_120_filtered	2	299.54693285688046	0.006408791888251614	1076412	Pelosinus defluvii	Pelosinus	Sporomusaceae	Selenomonadales	Negativicutes	Bacillota					
barcode14_120_filtered	9	21.831056884777365	0.00046707438777871983	380084	Pelosinus propionicus	Pelosinus	Sporomusaceae	Selenomonadales	Negativicutes	Bacillota					
barcode14_120_filtered	27	346.40661571717595	0.007411352497158236	1547922	Piscinibacter sakaiensis	Piscinibacter	Sphaerotilaceae	Burkholderiales	Betaproteobacteria	Pseudomonadota					
barcode14_120_filtered	27	616.6835397373017	0.0131939139866774	391953	Aquincola tertiaricarbonis	Aquincola	Sphaerotilaceae	Burkholderiales	Betaproteobacteria	Pseudomonadota					
barcode14_120_filtered	27	124.90599139336385	0.002672357539438679	3119538	Aquincola agrisoli	Aquincola	Sphaerotilaceae	Burkholderiales	Betaproteobacteria	Pseudomonadota					
barcode14_120_filtered	27	13.112141584818321	0.00028053362397985283	2732868	Pseudaquabacterium terrae	Pseudaquabacterium	Sphaerotilaceae	Burkholderiales	Betaproteobacteria	Pseudomonadota					
barcode14_120_filtered	27	22.781049852380104	0.000487399440572959	392597	Piscinibacter aquaticus	Piscinibacter	Sphaerotilaceae	Burkholderiales	Betaproteobacteria	Pseudomonadota					
barcode14_120_filtered	27	329.16497688275797	0.007042468482729097	413882	Caldimonas brevitalea	Caldimonas	Sphaerotilaceae	Burkholderiales	Betaproteobacteria	Pseudomonadota					
barcode14_120_filtered	27	120.76348486748795	0.0025837288161636275	2824118	Ideonella alba	Ideonella	Sphaerotilaceae	Burkholderiales	Betaproteobacteria	Pseudomonadota					
barcode14_120_filtered	195	10.294177419103294	0.00022024341932185053	2030009	Pseudotabrizicola formosa	Pseudotabrizicola	Paracoccaceae	Rhodobacterales	Alphaproteobacteria	Pseudomonadota					
barcode14_120_filtered	115	68.77184797125034	0.0014713703031932037	2014610	Roseisolibacter agri	Roseisolibacter	Gemmatimonadaceae	Gemmatimonadales	Gemmatimonadia	Gemmatimonadota	FCB group				
barcode14_120_filtered	195	1218.4140813455235	0.026067909314196055	2909234	Alitabrizicola rongguiensis	Aliitabrizicola	Paracoccaceae	Rhodobacterales	Alphaproteobacteria	Pseudomonadota					
barcode14_120_filtered	195	24.815729571870527	0.0005309313130481499	2709381	Pseudotabrizicola algicola	Pseudotabrizicola	Paracoccaceae	Rhodobacterales	Alphaproteobacteria	Pseudomonadota					
barcode14_120_filtered	124	16.462056638276806	0.00035220489170468134	2583234	Paragemmobacter kunshanensis	Paragemmobacter	Paracoccaceae	Rhodobacterales	Alphaproteobacteria	Pseudomonadota					
barcode14_120_filtered	124	113.57761336657357	0.0024299874490067088	2528036	Tabrizicola caldifontis	Tabrizicola	Paracoccaceae	Rhodobacterales	Alphaproteobacteria	Pseudomonadota					
barcode14_120_filtered	195	14.459551454201314	0.0003093613918314359	1445661	Aliigemmobacter aestuarii	Aliigemmobacter	Paracoccaceae	Rhodobacterales	Alphaproteobacteria	Pseudomonadota					
barcode14_120_filtered	149	47.17130058498177	0.001009227654792079	35811	Erythrobacter ramosus	Erythrobacter	Erythrobacteraceae	Sphingomonadales	Alphaproteobacteria	Pseudomonadota					
barcode14_120_filtered	149	288.22786326765447	0.006166620951383279	3019556	Erythrobacter oryzae	Erythrobacter	Erythrobacteraceae	Sphingomonadales	Alphaproteobacteria	Pseudomonadota					
barcode14_120_filtered	192	56.10836763633089	0.001200435764577041	1244894	Sphingomonas fonticola	Sphingomonas	Sphingomonadaceae	Sphingomonadales	Alphaproteobacteria	Pseudomonadota					
barcode14_120_filtered	149	201.87940726358875	0.004319199984244518	1161202	Erythrobacter colymbi	Erythrobacter	Erythrobacteraceae	Sphingomonadales	Alphaproteobacteria	Pseudomonadota					
barcode14_120_filtered	149	28.953125088939963	0.0006194506865412915	198312	Erythrobacter sanguineus	Erythrobacter	Erythrobacteraceae	Sphingomonadales	Alphaproteobacteria	Pseudomonadota					
barcode14_120_filtered	199	65.56164138286846	0.001402688091203861	1549638	Quisquiliibacterium transsilvanicum	Quisquiliibacterium	Burkholderiaceae	Burkholderiales	Betaproteobacteria	Pseudomonadota					
barcode14_120_filtered	207	304.18581831983204	0.006508040614459394	203699	Derxia gummosa	Derxia	Alcaligenaceae	Burkholderiales	Betaproteobacteria	Pseudomonadota					
barcode14_120_filtered	99	24.437291685196747	0.0005228346530850823	47671	Lautropia mirabilis	Lautropia	Burkholderiaceae	Burkholderiales	Betaproteobacteria	Pseudomonadota					
barcode14_120_filtered	184	15.498555721933078	0.0003315908370118331	1123067	Rubellimicrobium mesophilum	Rubellimicrobium	Roseobacteraceae	Rhodobacterales	Alphaproteobacteria	Pseudomonadota					
barcode14_120_filtered	184	1006.3302792175951	0.021530386803970798	687525	Rubellimicrobium roseum	Rubellimicrobium	Roseobacteraceae	Rhodobacterales	Alphaproteobacteria	Pseudomonadota					
barcode14_120_filtered	184	260.6081618322396	0.00557569879829353	2585369	Rubellimicrobium rubrum	Rubellimicrobium	Roseobacteraceae	Rhodobacterales	Alphaproteobacteria	Pseudomonadota					
barcode14_120_filtered	184	33.96431748038009	0.0007266649011634593	2817372	Rubellimicrobium arenae	Rubellimicrobium	Roseobacteraceae	Rhodobacterales	Alphaproteobacteria	Pseudomonadota					
barcode14_120_filtered	184	25.880348873229426	0.0005537087906125252	295419	Rubellimicrobium thermophilum	Rubellimicrobium	Roseobacteraceae	Rhodobacterales	Alphaproteobacteria	Pseudomonadota					
barcode14_120_filtered	134	27.514354233290813	0.0005886682548842707	1778672	Novosphingobium flavum	Novosphingobium	Sphingomonadaceae	Sphingomonadales	Alphaproteobacteria	Pseudomonadota					
barcode14_120_filtered	219	79.99988818323448	0.0017115936710148582	2010828	Aquipluma nitroreducens	Aquipluma	Prolixibacteraceae	Marinilabiliales	Bacteroidia	Bacteroidota	FCB group				
barcode14_120_filtered	7	15.932203829803754	0.00034086871694060235	908809	Caloramator mitchellensis	Caloramator	Clostridiaceae	Eubacteriales	Clostridia	Bacillota					
barcode14_120_filtered	50	104.61561144388209	0.0022382458588763817	1537567	Fusibacter fontis	Fusibacter	Eubacteriales Family XII. Incertae Sedis	Eubacteriales	Clostridia	Bacillota					
barcode14_120_filtered	50	23.24780079148266	0.0004973855539469975	1488331	Fusibacter bizertensis	Fusibacter	Eubacteriales Family XII. Incertae Sedis	Eubacteriales	Clostridia	Bacillota					
barcode14_120_filtered	153	276.19088080154415	0.005909090303841338	433286	Anaerocolumna cellulosilytica	Anaerocolumna	Lachnospiraceae	Lachnospirales	Clostridia	Bacillota					
barcode14_120_filtered	153	42.19194989777613	0.0009026946918651289	2696063	Anaerocolumna sedimenticola	Anaerocolumna	Lachnospiraceae	Lachnospirales	Clostridia	Bacillota					
barcode14_120_filtered	198	10.323410617584164	0.0002208688621648302	1527	Anaerocolumna aminovalerica	Anaerocolumna	Lachnospiraceae	Lachnospirales	Clostridia	Bacillota					
barcode14_120_filtered	210	169.0000391967908	0.0036157475223960373	758823	Vampirovibrio chlorellavorus	Vampirovibrio		Vampirovibrionales	Vampirovibriophyceae	Candidatus Melainabacteria	Cyanobacteriota/Melainabacteria group				
barcode14_120_filtered	158	17.006345714208415	0.00036384992970065074	2559804	Sphingomonas flavalba	Sphingomonas	Sphingomonadaceae	Sphingomonadales	Alphaproteobacteria	Pseudomonadota					
barcode14_120_filtered	22	38.60625947194723	0.0008259790216505612	335605	Sphingomonas rosea	Sphingomonas	Sphingomonadaceae	Sphingomonadales	Alphaproteobacteria	Pseudomonadota					
barcode14_120_filtered	150	91.14607939123978	0.0019500658834240433	2672568	Sandarakinorhabdus rubra	Sandarakinorhabdus	Sphingosinicellaceae	Sphingomonadales	Alphaproteobacteria	Pseudomonadota					
barcode14_120_filtered	150	117.44314005143242	0.0025126902022129314	1981098	Sandarakinorhabdus cyanobacteriorum	Sandarakinorhabdus	Sphingosinicellaceae	Sphingomonadales	Alphaproteobacteria	Pseudomonadota					
barcode14_120_filtered	82	115.00011181676552	0.0024604217333497116	985	Cytophaga hutchinsonii	Cytophaga	Cytophagaceae	Cytophagales	Cytophagia	Bacteroidota	FCB group				
barcode14_120_filtered	236	20.547181267945717	0.0004396059321340547	1958944	Puniceibacterium confluentis	Puniceibacterium	Paracoccaceae	Rhodobacterales	Alphaproteobacteria	Pseudomonadota					
barcode14_120_filtered	124	36.45617707572221	0.0007799781145854132	2852097	Paragemmobacter amnigenus	Paragemmobacter	Paracoccaceae	Rhodobacterales	Alphaproteobacteria	Pseudomonadota					
barcode14_120_filtered	195	10.153223559591211	0.00021722771843370157	2710650	Tabrizicola oligotrophica	Tabrizicola	Paracoccaceae	Rhodobacterales	Alphaproteobacteria	Pseudomonadota					
barcode14_120_filtered	195	30.096090595560902	0.0006439043773119577	933059	Gemmobacter aquatilis	Gemmobacter	Paracoccaceae	Rhodobacterales	Alphaproteobacteria	Pseudomonadota					
barcode14_120_filtered	195	37.580105238885416	0.0008040245023295981	875041	Neogemmobacter tilapiae	Neogemmobacter	Paracoccaceae	Rhodobacterales	Alphaproteobacteria	Pseudomonadota					
barcode14_120_filtered	213	103.21490090910414	0.0022082777259115134	1604902	Clostridium omnivorum	Clostridium	Clostridiaceae	Eubacteriales	Clostridia	Bacillota					
barcode14_120_filtered	190	222.019139965634	0.004750088574361018	937251	Youngiibacter multivorans	Youngiibacter	Clostridiaceae	Eubacteriales	Clostridia	Bacillota					
barcode14_120_filtered	134	144.69926531061307	0.0030958336609031465	173676	Novosphingobium hassiacum	Novosphingobium	Sphingomonadaceae	Sphingomonadales	Alphaproteobacteria	Pseudomonadota					
barcode14_120_filtered	37	12.556407379676974	0.00026864371800763745	192843	Rhodoferax ferrireducens	Rhodoferax	Comamonadaceae	Burkholderiales	Betaproteobacteria	Pseudomonadota					
barcode14_120_filtered	37	496.9983166594768	0.01063325452844409	2527691	Rhodoferax aquaticus	Rhodoferax	Comamonadaceae	Burkholderiales	Betaproteobacteria	Pseudomonadota					
barcode14_120_filtered	153	47.38711307132161	0.0010138449523175354	1727145	Anaerocolumna chitinilytica	Anaerocolumna	Lachnospiraceae	Lachnospirales	Clostridia	Bacillota					
barcode14_120_filtered	171	20.0135027730759	0.00042818790699777274	2759707	Sandaracinobacteroides saxicola	Sandaracinobacteroides	Sphingosinicellaceae	Sphingomonadales	Alphaproteobacteria	Pseudomonadota					
barcode14_120_filtered	171	40.98676903044038	0.0008769099065134869	2913411	Sandaracinobacteroides sayramensis	Sandaracinobacteroides	Sphingosinicellaceae	Sphingomonadales	Alphaproteobacteria	Pseudomonadota					
barcode14_120_filtered	127	14.150072882602228	0.0003027401130210147	2911368	Falsiroseomonas oryziterrae	Falsiroseomonas	Roseomonadaceae	Acetobacterales	Alphaproteobacteria	Pseudomonadota					
barcode14_120_filtered	127	26.55568327216235	0.0005681575368455787	2766473	Falsiroseomonas oryzae	Falsiroseomonas	Roseomonadaceae	Acetobacterales	Alphaproteobacteria	Pseudomonadota					
barcode14_120_filtered	126	13.057124438488556	0.0002793565348414325	1503981	Alteraurantiacibacter buctensis	Alteraurantiacibacter	Erythrobacteraceae	Sphingomonadales	Alphaproteobacteria	Pseudomonadota					
barcode14_120_filtered	11	37.850651320397645	0.000809812822430416	3115649	Desulfosporosinus paludis	Desulfosporosinus	Desulfitobacteriaceae	Eubacteriales	Clostridia	Bacillota					
barcode14_120_filtered	16	163.31778869193468	0.003494176052459022	3375356	Desulfitobacterium nosdiversum	Desulfitobacterium	Desulfitobacteriaceae	Eubacteriales	Clostridia	Bacillota					
barcode14_120_filtered	38	48.831559987667355	0.00104474882301385	49338	Desulfitobacterium hafniense	Desulfitobacterium	Desulfitobacteriaceae	Eubacteriales	Clostridia	Bacillota					
barcode14_120_filtered	226	84.99942513717212	0.001818558518125206	1141888	Sphingomonas difficilis	Sphingomonas	Sphingomonadaceae	Sphingomonadales	Alphaproteobacteria	Pseudomonadota					
barcode14_120_filtered	149	107.94871815609422	0.002309557512967356	2509361	Qipengyuania thermophila	Qipengyuania	Erythrobacteraceae	Sphingomonadales	Alphaproteobacteria	Pseudomonadota					
barcode14_120_filtered	134	15.111350075733105	0.0003233065912651499	3056842	Novosphingobium pituita	Novosphingobium	Sphingomonadaceae	Sphingomonadales	Alphaproteobacteria	Pseudomonadota					
barcode14_120_filtered	90	78.23096587754092	0.0016737476653303578	44749	Sporobacter termitidis	Sporobacter	Oscillospiraceae	Eubacteriales	Clostridia	Bacillota					
barcode14_120_filtered	118	23.790050883756653	0.0005089869679879472	100176	Papillibacter cinnamivorans	Papillibacter	Oscillospiraceae	Eubacteriales	Clostridia	Bacillota					
barcode14_120_filtered	224	151.98938420639	0.0032518053959433037	1944642	Marasmitruncus massiliensis	Marasmitruncus	Oscillospiraceae	Eubacteriales	Clostridia	Bacillota					
barcode14_120_filtered	75	102.65127724314833	0.0021962190253134004	758826	Acidovorax radicis	Acidovorax	Comamonadaceae	Burkholderiales	Betaproteobacteria	Pseudomonadota					
barcode14_120_filtered	45	97.24889258414281	0.0020806352713766112	2732249	Gemmatimonas groenlandica	Gemmatimonas	Gemmatimonadaceae	Gemmatimonadales	Gemmatimonadia	Gemmatimonadota	FCB group				
barcode14_120_filtered	45	130.97894470942637	0.0028022880767956007	1379270	Gemmatimonas phototrophica	Gemmatimonas	Gemmatimonadaceae	Gemmatimonadales	Gemmatimonadia	Gemmatimonadota	FCB group				
barcode14_120_filtered	225	30.088195588853015	0.000643735464031943	130788	Sedimentibacter saalensis	Sedimentibacter			Tissierellia	Bacillota					
barcode14_120_filtered	36	46.0	0.0009841677364142063	2708020	Legionella antarctica	Legionella	Legionellaceae	Legionellales	Gammaproteobacteria	Pseudomonadota					
barcode14_120_filtered	143	45.0	0.0009627727856225931	879969	Macellibacteroides fermentans	Macellibacteroides	Porphyromonadaceae	Bacteroidales	Bacteroidia	Bacteroidota	FCB group				
barcode14_120_filtered	113	21.327874231132995	0.0004563088196648052	219748	Clostridium tunisiense	Clostridium	Clostridiaceae	Eubacteriales	Clostridia	Bacillota					
barcode14_120_filtered	52	28.809389706688474	0.0006163754751110071	2763033	Christensenella tenuis	Christensenella	Christensenellaceae	Christensenellales	Clostridia	Bacillota					
barcode14_120_filtered	127	22.446993426636755	0.0004802523197825579	1428345	Falsiroseomonas wooponensis	Falsiroseomonas	Roseomonadaceae	Acetobacterales	Alphaproteobacteria	Pseudomonadota					
barcode14_120_filtered	127	17.222295538904294	0.00036847016557347656	2184016	Falsiroseomonas bella	Falsiroseomonas	Roseomonadaceae	Acetobacterales	Alphaproteobacteria	Pseudomonadota					
barcode14_120_filtered	62	27.99071554499829	0.0005988599817072806	2763677	Zongyangia hominis	Zongyangia	Oscillospiraceae	Eubacteriales	Clostridia	Bacillota					
barcode14_120_filtered	154	13.319714190123433	0.00028497462965604265	1841868	Provencibacterium massiliense	Provencibacterium	Oscillospiraceae	Eubacteriales	Clostridia	Bacillota					
barcode14_120_filtered	126	78.00699224035002	0.0016689557603840398	2054628	Alteraurantiacibacter palmitatis	Alteraurantiacibacter	Erythrobacteraceae	Sphingomonadales	Alphaproteobacteria	Pseudomonadota					
barcode14_120_filtered	108	93.0008391110437	0.0019897483763595143	933068	Ilyobacter delafieldii	Ilyobacter	Fusobacteriaceae	Fusobacteriales	Fusobacteriia	Fusobacteriota					
barcode14_120_filtered	40	110.942705630457	0.0023736137276520537	2954386	Candidatus Accumulibacter necessarius	Candidatus Accumulibacter			Betaproteobacteria	Pseudomonadota					
barcode14_120_filtered	40	47.05756544284722	0.001006794297022833	1860101	Candidatus Propionivibrio aalborgensis	Propionivibrio	Rhodocyclaceae	Rhodocyclales	Betaproteobacteria	Pseudomonadota					
barcode14_120_filtered	208	29.724707874072624	0.0006359586622608606	2813778	Brevundimonas fontaquae	Brevundimonas	Caulobacteraceae	Caulobacterales	Alphaproteobacteria	Pseudomonadota					
barcode14_120_filtered	208	22.275302826792288	0.00047657900784750295	657642	Brevundimonas olei	Brevundimonas	Caulobacteraceae	Caulobacterales	Alphaproteobacteria	Pseudomonadota					
barcode14_120_filtered	145	33.70800031239885	0.0007211810079674551	112729	Caloramator viterbiensis	Caloramator	Clostridiaceae	Eubacteriales	Clostridia	Bacillota					
barcode14_120_filtered	253	26.21488921854336	0.000560866264838326	2771361	Roseococcus microcysteis	Roseococcus	Roseomonadaceae	Acetobacterales	Alphaproteobacteria	Pseudomonadota					
barcode14_120_filtered	103	21.0	0.0004492939666238768	2835041	Bdellovibrio reynosensis	Bdellovibrio	Pseudobdellovibrionaceae	Bdellovibrionales	Bdellovibrionia	Bdellovibrionota					
barcode14_120_filtered	42	25.414545630003968	0.0005437429531451426	2588534	Methylophilus medardicus	Methylophilus	Methylophilaceae	Nitrosomonadales	Betaproteobacteria	Pseudomonadota					
barcode14_120_filtered	42	30.585454369996032	0.0006543742911851954	45393	Methylophilus leisingeri	Methylophilus	Methylophilaceae	Nitrosomonadales	Betaproteobacteria	Pseudomonadota					
barcode14_120_filtered	88	32.23562655577609	0.0006896796438976485	1958780	Clostridium merdae	Clostridium	Clostridiaceae	Eubacteriales	Clostridia	Bacillota					
barcode14_120_filtered	112	129.99658769231877	0.0027812705967547877	3240932	Clostridium moutaii	Clostridium	Clostridiaceae	Eubacteriales	Clostridia	Bacillota					
barcode14_120_filtered	60	31.874375454404387	0.0006819506943603848	2763047	Flintibacter faecis	Flintibacter		Eubacteriales	Clostridia	Bacillota					
barcode14_120_filtered	60	50.401682133371246	0.001078341509058007	2981773	Muriventricola aceti	Muriventricola	Oscillospiraceae	Eubacteriales	Clostridia	Bacillota					
barcode14_120_filtered	122	82.02106046682614	0.0017548365525636744	1367462	Clostridium swellfunianum	Clostridium	Clostridiaceae	Eubacteriales	Clostridia	Bacillota					
barcode14_120_filtered	163	17.0	0.00036371416345742404	147266	Agrobacterium albertimagni	Agrobacterium	Rhizobiaceae	Hyphomicrobiales	Alphaproteobacteria	Pseudomonadota					
barcode14_120_filtered	56	133.3169376454532	0.002852309320613034	2108523	Lawsonibacter asaccharolyticus	Lawsonibacter	Oscillospiraceae	Eubacteriales	Clostridia	Bacillota					
barcode14_120_filtered	56	69.49232134050487	0.0014867847954750722	3133171	Pseudoflavonifractor intestinihominis	Pseudoflavonifractor	Oscillospiraceae	Eubacteriales	Clostridia	Bacillota					
barcode14_120_filtered	139	256.62205757950284	0.005490416293955987	33052	Sphingopyxis terrae	Sphingopyxis	Sphingopyxidaceae	Sphingomonadales	Alphaproteobacteria	Pseudomonadota					
barcode14_120_filtered	139	47.40716331442037	0.0010142739262819934	2871171	Sphingopyxis jiangsuensis	Sphingopyxis	Sphingopyxidaceae	Sphingomonadales	Alphaproteobacteria	Pseudomonadota					
barcode14_120_filtered	139	106.83410689112708	0.0022857104598016063	173675	Sphingopyxis witflariensis	Sphingopyxis	Sphingopyxidaceae	Sphingomonadales	Alphaproteobacteria	Pseudomonadota					
barcode14_120_filtered	155	21.85666459355673	0.0004676222634479403	2938948	Sphingomonas glaciei	Sphingomonas	Sphingomonadaceae	Sphingomonadales	Alphaproteobacteria	Pseudomonadota					
barcode14_120_filtered	189	37.0	0.0007916131792896876	1658620	Rubrivirga profundi	Rubrivirga	Rubricoccaceae	Rhodothermales	Rhodothermia	Rhodothermota	FCB group				
barcode14_120_filtered	237	11.000000000020615	0.00023534445870818603	2763654	Luoshenia tenuis	Luoshenia	Christensenellaceae	Christensenellales	Clostridia	Bacillota					
barcode14_120_filtered	209	59.55523791615172	0.0012741813845988815	185300	Paludibacter propionicigenes	Paludibacter	Paludibacteraceae	Bacteroidales	Bacteroidia	Bacteroidota	FCB group				
barcode14_120_filtered	144	38.00000000004302	0.0008130081300822213	2655001	Alkalibaculum sporogenes	Alkalibaculum	Eubacteriaceae	Eubacteriales	Clostridia	Bacillota					
barcode14_120_filtered	86	20.419328777675638	0.00043687053439614117	1940525	Labilibaculum manganireducens	Labilibaculum	Marinifilaceae	Marinilabiliales	Bacteroidia	Bacteroidota	FCB group				
barcode14_120_filtered	86	53.02559273861379	0.001134479947338763	2283627	Ancylomarina euxinus	Ancylomarina	Marinifilaceae	Marinilabiliales	Bacteroidia	Bacteroidota	FCB group				
barcode14_120_filtered	124	79.34055718568332	0.0016974873167668661	2670345	Tabrizicola thermarum	Tabrizicola	Paracoccaceae	Rhodobacterales	Alphaproteobacteria	Pseudomonadota					
barcode14_120_filtered	139	46.09131950115143	0.0009861215126476558	651663	Sphingopyxis bauzanensis	Sphingopyxis	Sphingopyxidaceae	Sphingomonadales	Alphaproteobacteria	Pseudomonadota					
barcode14_120_filtered	151	55.0	0.0011767222935387248	2675059	Lysobacter helvus	Lysobacter	Lysobacteraceae	Lysobacterales	Gammaproteobacteria	Pseudomonadota					
barcode14_120_filtered	22	109.03122850864557	0.002332717768691604	2992113	Sphingomonas arvum	Sphingomonas	Sphingomonadaceae	Sphingomonadales	Alphaproteobacteria	Pseudomonadota					
barcode14_120_filtered	22	32.56736733348696	0.0006967772215123442	2904799	Sphingomonas cremea	Sphingomonas	Sphingomonadaceae	Sphingomonadales	Alphaproteobacteria	Pseudomonadota					
barcode14_120_filtered	56	172.03991781040162	0.0036807855757467183	1689270	Intestinimonas timonensis	Intestinimonas		Eubacteriales	Clostridia	Bacillota					
barcode14_120_filtered	56	15.46918177817837	0.0003309623829306455	1673721	Intestinimonas massiliensis (ex Afouda et al. 2020)	Intestinimonas		Eubacteriales	Clostridia	Bacillota					
barcode14_120_filtered	121	51.999999992925225	0.0011125374410125208	2941510	Pumilibacter muris	Pumilibacter	Pumilibacteraceae	Eubacteriales	Clostridia	Bacillota					
barcode14_120_filtered	78	15.29214668130094	0.0003271747257445644	2994971	Microcella daejeonensis	Microcella	Microbacteriaceae	Micrococcales	Actinomycetes	Actinomycetota					
barcode14_120_filtered	78	12.707853407181535	0.0002718838983136828	1804990	Microcella flavibacter	Microcella	Microbacteriaceae	Micrococcales	Actinomycetes	Actinomycetota					
barcode14_120_filtered	123	47.00000000001071	0.0010055626872060486	2038680	Paludihabitans psychrotolerans	Paludihabitans	Oscillospiraceae	Eubacteriales	Clostridia	Bacillota					
barcode14_120_filtered	244	92.35796123541886	0.001975994035845504	220343	Gemmobacter nectariphilus	Gemmobacter	Paracoccaceae	Rhodobacterales	Alphaproteobacteria	Pseudomonadota					
barcode14_120_filtered	49	51.0	0.0010911424903722721	1236215	Desulfovectis peckii	Desulfovectis	Peptococcaceae	Eubacteriales	Clostridia	Bacillota					
barcode14_120_filtered	208	61.440632986065616	0.0013145193193424393	74312	Brevundimonas variabilis	Brevundimonas	Caulobacteraceae	Caulobacterales	Alphaproteobacteria	Pseudomonadota					
barcode14_120_filtered	79	32.000144773298516	0.0006846415227492194	65655	Hydrogenophaga palleronii	Hydrogenophaga	Comamonadaceae	Burkholderiales	Betaproteobacteria	Pseudomonadota					
barcode14_120_filtered	248	21.0	0.0004492939666238768	1337094	Ercella succinigenes	Ercella	Oscillospiraceae	Eubacteriales	Clostridia	Bacillota					
barcode14_120_filtered	132	50.0	0.001069747539580659	2607497	Actinotalea subterranea	Actinotalea	Cellulomonadaceae	Micrococcales	Actinomycetes	Actinomycetota					
barcode14_120_filtered	65	120.99999999997647	0.0025887890457846913	351091	Oscillibacter valericigenes	Oscillibacter	Oscillospiraceae	Eubacteriales	Clostridia	Bacillota					
barcode14_120_filtered	217	20.0	0.0004278990158322636	1005039	Fimbriimonas ginsengisoli	Fimbriimonas	Fimbriimonadaceae	Fimbriimonadales	Fimbriimonadia	Armatimonadota					
barcode14_120_filtered	150	46.77962319228534	0.0010008477362491515	2675220	Sandarakinorhabdus oryzae	Sandarakinorhabdus	Sphingosinicellaceae	Sphingomonadales	Alphaproteobacteria	Pseudomonadota					
barcode14_120_filtered	37	22.443808874236055	0.0004801841864406516	2793270	Caenimonas aquaedulcis	Caenimonas	Comamonadaceae	Burkholderiales	Betaproteobacteria	Pseudomonadota					
barcode14_120_filtered	61	20.999985971364016	0.0004492936664819002	2530451	Ramlibacter humi	Ramlibacter	Comamonadaceae	Burkholderiales	Betaproteobacteria	Pseudomonadota					
barcode14_120_filtered	254	72.0	0.0015404364569961489	1348470	Asprobacter aquaticus	Asprobacter	Hyphomonadaceae	Hyphomonadales	Alphaproteobacteria	Pseudomonadota					
barcode14_120_filtered	135	11.0	0.00023534445870774498	1427356	Hyphomicrobium nitrativorans	Hyphomicrobium	Hyphomicrobiaceae	Hyphomicrobiales	Alphaproteobacteria	Pseudomonadota					
barcode14_120_filtered	24	15.99999999997914	0.0003423192126653646	1203471	Geotalea daltonii	Geotalea	Geobacteraceae	Geobacterales	Desulfuromonadia	Thermodesulfobacteriota					
barcode14_120_filtered	56	45.821742210780336	0.0009803539197856298	2986526	Lawsonibacter celer	Lawsonibacter	Oscillospiraceae	Eubacteriales	Clostridia	Bacillota					
barcode14_120_filtered	159	31.53209050851207	0.0006746275247863087	2984948	Sabulicella glaciei	Sabulicella	Acetobacteraceae	Acetobacterales	Alphaproteobacteria	Pseudomonadota					
barcode14_120_filtered	159	37.00296407794624	0.0007916765955914899	2835040	Roseococcus pinisoli	Roseococcus	Roseomonadaceae	Acetobacterales	Alphaproteobacteria	Pseudomonadota					
barcode14_120_filtered	192	55.00000000002669	0.0011767222935392958	1550728	Blastomonas fulva	Blastomonas	Blastomonadaceae	Sphingomonadales	Alphaproteobacteria	Pseudomonadota					
barcode14_120_filtered	208	59.55935631277994	0.0012742694974920827	74313	Brevundimonas subvibrioides	Brevundimonas	Caulobacteraceae	Caulobacterales	Alphaproteobacteria	Pseudomonadota					
barcode14_120_filtered	169	32.0	0.0006846384253316217	1960156	Abditibacterium utsteinense	Abditibacterium	Abditibacteriaceae	Abditibacteriales	Abditibacteriia	Abditibacteriota					
barcode14_120_filtered	23	30.999999999999996	0.0006632434745400085	2590199	Anaeromyxobacter diazotrophicus	Anaeromyxobacter	Anaeromyxobacteraceae	Myxococcales	Myxococcia	Myxococcota					
barcode14_120_filtered	221	12.0	0.00025673940949935817	288966	Lutispora thermophila	Lutispora	Lutisporaceae	Lutisporales	Clostridia	Bacillota					
barcode14_120_filtered	80	27.000000000023274	0.0005776636713740538	474960	Hydrogenoanaerobacterium saccharovorans	Hydrogenoanaerobacterium	Oscillospiraceae	Eubacteriales	Clostridia	Bacillota					
barcode14_120_filtered	98	16.0	0.00034231921266581085	185243	Propionicimonas paludicola	Propionicimonas	Nocardioidaceae	Propionibacteriales	Actinomycetes	Actinomycetota					
barcode14_120_filtered	240	19.99977753595974	0.0004278942562250693	2884263	Dermatobacter hominis	Dermatobacter	Iamiaceae	Acidimicrobiales	Acidimicrobiia	Actinomycetota					
barcode14_120_filtered	78	14.999999911517527	0.0003209242599811195	2963406	Microcella humidisoli	Microcella	Microbacteriaceae	Micrococcales	Actinomycetes	Actinomycetota					
barcode14_120_filtered	245	30.000000000047308	0.0006418485237494075	373043	Paeniroseomonas aquatica	Paeniroseomonas	Acetobacteraceae	Acetobacterales	Alphaproteobacteria	Pseudomonadota					
barcode14_120_filtered	257	18.330047504681747	0.0003921704643705979	2307010	Candidatus Galacturonatibacter soehngenii	Candidatus Galacturonatibacter	Lachnospiraceae	Lachnospirales	Clostridia	Bacillota					
barcode14_120_filtered	75	16.35036819812944	0.00034981532302373646	80878	Acidovorax temperans	Acidovorax	Comamonadaceae	Burkholderiales	Betaproteobacteria	Pseudomonadota					
barcode14_120_filtered	211	23.209534346809743	0.0004965668452462504	1305696	Novosphingobium arabidopsis	Novosphingobium	Sphingomonadaceae	Sphingomonadales	Alphaproteobacteria	Pseudomonadota					
barcode14_120_filtered	162	16.69501859163091	0.00035718910123301047	2897707	Merdimmobilis hominis	Merdimmobilis	Oscillospiraceae	Eubacteriales	Clostridia	Bacillota					
barcode14_120_filtered	104	19.944932257448922	0.00042672084419017806	1716543	Clostridium thermarum	Clostridium	Clostridiaceae	Eubacteriales	Clostridia	Bacillota					
barcode14_120_filtered	92	57.0	0.0012195121951219512	1855912	Luteitalea pratensis	Luteitalea	Vicinamibacteraceae	Vicinamibacterales	Vicinamibacteria	Acidobacteriota					
barcode14_120_filtered	112	29.003412307681508	0.0006205265791117139	2836848	Clostridium aromativorans	Clostridium	Clostridiaceae	Eubacteriales	Clostridia	Bacillota					
barcode14_120_filtered	31	21.0	0.0004492939666238768	2066483	Candidatus Chromulinivorax destructor	Candidatus Chromulinivorax	Candidatus Chromulinivoraceae	Candidatus Babeliales	Candidatus Babeliae		Bacteria candidate phyla				
barcode14_120_filtered	180	38.97588489491316	0.0008338871393862464	408174	Devosia insulae	Devosia	Devosiaceae	Hyphomicrobiales	Alphaproteobacteria	Pseudomonadota					
barcode14_120_filtered	44	54.00000000000001	0.0011553273427471118	1803913	Steroidobacter cummioxidans	Steroidobacter	Steroidobacteraceae	Steroidobacterales	Gammaproteobacteria	Pseudomonadota					
barcode14_120_filtered	212	13.00000000000058	0.00027813436029098376	1678841	Lentimicrobium saccharophilum	Lentimicrobium	Lentimicrobiaceae	Bacteroidales	Bacteroidia	Bacteroidota	FCB group				
barcode14_120_filtered	160	45.742534958565905	0.0009786592845221632	2994654	Kaistia nematophila	Kaistia	Kaistiaceae	Hyphomicrobiales	Alphaproteobacteria	Pseudomonadota					
barcode14_120_filtered	243	10.000000000000009	0.00021394950791613199	1157315	Clostridium kogasense	Clostridium	Clostridiaceae	Eubacteriales	Clostridia	Bacillota					
barcode14_120_filtered	76	11.0	0.00023534445870774498	2594430	Flavobacterium franklandianum	Flavobacterium	Flavobacteriaceae	Flavobacteriales	Flavobacteriia	Bacteroidota	FCB group				
barcode14_120_filtered	48	95.000422344336	0.0020325293612395378	225084	Erysipelothrix inopinata	Erysipelothrix	Erysipelotrichaceae	Erysipelotrichales	Erysipelotrichia	Bacillota					
barcode14_120_filtered	246	27.000000000000004	0.0005776636713735559	36845	Clostridium intestinale	Clostridium	Clostridiaceae	Eubacteriales	Clostridia	Bacillota					
barcode14_120_filtered	180	20.016661135557012	0.00042825548000763824	665118	Devosia enhydra	Devosia	Devosiaceae	Hyphomicrobiales	Alphaproteobacteria	Pseudomonadota					
barcode14_120_filtered	71	28.99083432595664	0.0006202574738116526	1965019	Geofilum rhodophaeum	Geofilum	Marinilabiliaceae	Marinilabiliales	Bacteroidia	Bacteroidota	FCB group				
barcode14_120_filtered	114	23.033100202788347	0.0004927920454169522	392610	Sphingorhabdus lacus	Sphingorhabdus	Sphingorhabdaceae	Sphingomonadales	Alphaproteobacteria	Pseudomonadota					
barcode14_120_filtered	27	15.00028299345777	0.000320930316505301	70582	Aquabacterium citratiphilum	Aquabacterium		Burkholderiales	Betaproteobacteria	Pseudomonadota					
barcode14_120_filtered	83	32.00001294772211	0.0006846387023474992	1794912	Anaerosporomusa subterranea	Anaerosporomusa	Acetonemataceae		Negativicutes	Bacillota					
barcode14_120_filtered	133	11.000000000000322	0.00023534445870775184	55583	Dehalobacter restrictus	Dehalobacter	Desulfitobacteriaceae	Eubacteriales	Clostridia	Bacillota					
barcode14_120_filtered	206	12.0	0.00025673940949935817	3036359	Aurantibacillus circumpalustris	Aurantibacillus	Aurantibacillaceae	Sphingobacteriales	Sphingobacteriia	Bacteroidota	FCB group				
barcode15_120_filtered	195	483.1186051585771	0.01032062133170787	2494374	Tabrizicola piscis	Tabrizicola	Paracoccaceae	Rhodobacterales	Alphaproteobacteria	Pseudomonadota					
barcode15_120_filtered	195	1523.692215476289	0.032549875359985665	2909234	Alitabrizicola rongguiensis	Aliitabrizicola	Paracoccaceae	Rhodobacterales	Alphaproteobacteria	Pseudomonadota					
barcode15_120_filtered	195	430.18916218215577	0.009189916091990253	909926	Tabrizicola aquatica	Tabrizicola	Paracoccaceae	Rhodobacterales	Alphaproteobacteria	Pseudomonadota					
barcode15_120_filtered	195	67.17141964702516	0.0014349494701464433	2709381	Pseudotabrizicola algicola	Pseudotabrizicola	Paracoccaceae	Rhodobacterales	Alphaproteobacteria	Pseudomonadota					
barcode15_120_filtered	195	36.40598478724651	0.0007777228597390893	1445661	Aliigemmobacter aestuarii	Aliigemmobacter	Paracoccaceae	Rhodobacterales	Alphaproteobacteria	Pseudomonadota					
barcode15_120_filtered	155	53.66518490746126	0.0011464225269159228	1460355	Sphingomonas mohensis	Sphingomonas	Sphingomonadaceae	Sphingomonadales	Alphaproteobacteria	Pseudomonadota					
barcode15_120_filtered	120	17.232390023052886	0.000368126936469054	3103142	Sphingomonas rustica	Sphingomonas	Sphingomonadaceae	Sphingomonadales	Alphaproteobacteria	Pseudomonadota					
barcode15_120_filtered	120	90.41971216618404	0.0019315911252949956	1632740	Sphingomonas zeicaulis	Sphingomonas	Sphingomonadaceae	Sphingomonadales	Alphaproteobacteria	Pseudomonadota					
barcode15_120_filtered	120	23.318688004634048	0.0004981454787258133	397260	Sphingomonas sanxanigenens	Sphingomonas	Sphingomonadaceae	Sphingomonadales	Alphaproteobacteria	Pseudomonadota					
barcode15_120_filtered	120	1025.4707488145357	0.021906619145383256	2873268	Hephaestia mangrovi	Hephaestia	Sphingomonadaceae	Sphingomonadales	Alphaproteobacteria	Pseudomonadota					
barcode15_120_filtered	120	197.9727178634021	0.00422919223822183	2305907	Sphingomonas gilva	Sphingomonas	Sphingomonadaceae	Sphingomonadales	Alphaproteobacteria	Pseudomonadota					
barcode15_120_filtered	100	5194.489347108317	0.11096728006469242	1096341	Fonticella tunisiensis	Fonticella	Clostridiaceae	Eubacteriales	Clostridia	Bacillota					
barcode15_120_filtered	233	27.123430333228516	0.0005794242877363978	655338	Fervidicella metallireducens	Fervidicella	Clostridiaceae	Eubacteriales	Clostridia	Bacillota					
barcode15_120_filtered	66	45.17075389878865	0.0009649602422248755	1147123	Caloramator quimbayensis	Caloramator	Clostridiaceae	Eubacteriales	Clostridia	Bacillota					
barcode15_120_filtered	80	19.999999982002837	0.00042725000495616065	474960	Hydrogenoanaerobacterium saccharovorans	Hydrogenoanaerobacterium	Oscillospiraceae	Eubacteriales	Clostridia	Bacillota					
barcode15_120_filtered	10	1434.7898912930984	0.03065069943588256	659425	Thermoclostridium caenicola	Thermoclostridium	Oscillospiraceae	Eubacteriales	Clostridia	Bacillota					
barcode15_120_filtered	12	192.94998440438707	0.004121894093362395	288965	Acetivibrio clariflavus	Acetivibrio	Oscillospiraceae	Eubacteriales	Clostridia	Bacillota					
barcode15_120_filtered	125	1486.824110793427	0.03176228046385309	320502	Acetivibrio alkalicellulosi	Acetivibrio	Oscillospiraceae	Eubacteriales	Clostridia	Bacillota					
barcode15_120_filtered	54	3127.5733720189696	0.06681278699491508	253314	Acetivibrio straminisolvens	Acetivibrio	Oscillospiraceae	Eubacteriales	Clostridia	Bacillota					
barcode15_120_filtered	137	186.40178250804553	0.003982008128603224	35830	Acetivibrio cellulolyticus	Acetivibrio	Oscillospiraceae	Eubacteriales	Clostridia	Bacillota					
barcode15_120_filtered	137	25.802905179881098	0.000551214568795392	29353	Acetivibrio aldrichii	Acetivibrio	Oscillospiraceae	Eubacteriales	Clostridia	Bacillota					
barcode15_120_filtered	5	205.9611017398746	0.004399844090916123	84032	Clostridium thermosuccinogenes	Clostridium	Clostridiaceae	Eubacteriales	Clostridia	Bacillota					
barcode15_120_filtered	4	110.47603903759473	0.0023600444134411727	1521	Ruminiclostridium cellulolyticum	Ruminiclostridium	Oscillospiraceae	Eubacteriales	Clostridia	Bacillota					
barcode15_120_filtered	27	501.1854277218235	0.010706573833539627	1547922	Piscinibacter sakaiensis	Piscinibacter	Sphaerotilaceae	Burkholderiales	Betaproteobacteria	Pseudomonadota					
barcode15_120_filtered	27	331.1241926359669	0.007073640653606351	391953	Aquincola tertiaricarbonis	Aquincola	Sphaerotilaceae	Burkholderiales	Betaproteobacteria	Pseudomonadota					
barcode15_120_filtered	27	44.826408269514324	0.0009576041586275518	1597781	Eleftheria terrae	Eleftheria		Burkholderiales	Betaproteobacteria	Pseudomonadota					
barcode15_120_filtered	27	138.9622984101541	0.0029685821368941935	3119538	Aquincola agrisoli	Aquincola	Sphaerotilaceae	Burkholderiales	Betaproteobacteria	Pseudomonadota					
barcode15_120_filtered	27	12.219866965701113	0.00026104691131787643	2944811	Caldimonas mangrovi	Caldimonas	Sphaerotilaceae	Burkholderiales	Betaproteobacteria	Pseudomonadota					
barcode15_120_filtered	27	50.48405528864666	0.0010784656445845349	2732868	Pseudaquabacterium terrae	Pseudaquabacterium	Sphaerotilaceae	Burkholderiales	Betaproteobacteria	Pseudomonadota					
barcode15_120_filtered	27	17.64814063633356	0.00037700840905628084	392597	Piscinibacter aquaticus	Piscinibacter	Sphaerotilaceae	Burkholderiales	Betaproteobacteria	Pseudomonadota					
barcode15_120_filtered	216	1218.3240496118456	0.026026447835163648	642589	Caproiciproducens galactitolivorans	Caproiciproducens	Acutalibacteraceae	Eubacteriales	Clostridia	Bacillota					
barcode15_120_filtered	153	155.2768212221376	0.003317101134821679	433286	Anaerocolumna cellulosilytica	Anaerocolumna	Lachnospiraceae	Lachnospirales	Clostridia	Bacillota					
barcode15_120_filtered	153	34.34018714375586	0.0007335922570283879	2696063	Anaerocolumna sedimenticola	Anaerocolumna	Lachnospiraceae	Lachnospirales	Clostridia	Bacillota					
barcode15_120_filtered	153	20.68185922027698	0.0004418162231158698	1727145	Anaerocolumna chitinilytica	Anaerocolumna	Lachnospiraceae	Lachnospirales	Clostridia	Bacillota					
barcode15_120_filtered	255	98.0	0.0020935250261690627	2820301	Caproiciproducens faecalis	Caproiciproducens	Acutalibacteraceae	Eubacteriales	Clostridia	Bacillota					
barcode15_120_filtered	108	53.99997964446612	0.0011535745795745898	933068	Ilyobacter delafieldii	Ilyobacter	Fusobacteriaceae	Fusobacteriales	Fusobacteriia	Fusobacteriota					
barcode15_120_filtered	105	3005.4870593764003	0.06420471810848732	36849	Oxobacter pfennigii	Oxobacter	Clostridiaceae	Eubacteriales	Clostridia	Bacillota					
barcode15_120_filtered	45	110.42886119652538	0.0023590365767987304	1379270	Gemmatimonas phototrophica	Gemmatimonas	Gemmatimonadaceae	Gemmatimonadales	Gemmatimonadia	Gemmatimonadota	FCB group				
barcode15_120_filtered	65	123.00641008236684	0.0026277244682311176	351091	Oscillibacter valericigenes	Oscillibacter	Oscillospiraceae	Eubacteriales	Clostridia	Bacillota					
barcode15_120_filtered	148	98.65754042084973	0.002107571733585049	1495	Clostridium cylindrosporum	Clostridium	Clostridiaceae	Eubacteriales	Clostridia	Bacillota					
barcode15_120_filtered	7	17.976016292533004	0.0003840126528493944	908809	Caloramator mitchellensis	Caloramator	Clostridiaceae	Eubacteriales	Clostridia	Bacillota					
barcode15_120_filtered	145	11.99916072387751	0.00025633207416798427	568790	Caloramator boliviensis	Caloramator	Clostridiaceae	Eubacteriales	Clostridia	Bacillota					
barcode15_120_filtered	145	30.181607942785018	0.0006447546077371775	112729	Caloramator viterbiensis	Caloramator	Clostridiaceae	Eubacteriales	Clostridia	Bacillota					
barcode15_120_filtered	197	20.21871035349935	0.00043192220532565747	95159	Caloramator coolhaasii	Caloramator	Clostridiaceae	Eubacteriales	Clostridia	Bacillota					
barcode15_120_filtered	213	82.8338498813018	0.0017695381402085366	1604902	Clostridium omnivorum	Clostridium	Clostridiaceae	Eubacteriales	Clostridia	Bacillota					
barcode15_120_filtered	243	17.46160615185234	0.0003730235660817402	3350403	Clostridium caseinilyticum	Clostridium	Clostridiaceae	Eubacteriales	Clostridia	Bacillota					
barcode15_120_filtered	58	1384.9231335227516	0.029585420809697543	2576756	Caproicibacter fermentans	Caproicibacter	Acutalibacteraceae	Eubacteriales	Clostridia	Bacillota					
barcode15_120_filtered	205	171.07898346945453	0.0036546748300496576	1462919	Mobilitalea sibirica	Mobilitalea	Lachnospiraceae	Lachnospirales	Clostridia	Bacillota					
barcode15_120_filtered	55	1141.3087602609335	0.0243812086958393	433293	Anaerotaenia torta	Anaerotaenia	Lachnospiraceae	Lachnospirales	Clostridia	Bacillota					
barcode15_120_filtered	55	70.54384803835246	0.0015069929725567168	1679721	Herbinix luporum	Herbinix	Lachnospiraceae	Lachnospirales	Clostridia	Bacillota					
barcode15_120_filtered	203	47.67198737179399	0.0010183928429598596	1297424	Anaerobacterium chartisolvens	Anaerobacterium	Oscillospiraceae	Eubacteriales	Clostridia	Bacillota					
barcode15_120_filtered	196	2996.222154031274	0.06400679656557805	2496273	Xylanivirga thermophila	Xylanivirga	Xylanivirgaceae	Caldicoprobacterales	Clostridia	Bacillota					
barcode15_120_filtered	208	16.04781903432551	0.0003428215384060479	2813778	Brevundimonas fontaquae	Brevundimonas	Caulobacteraceae	Caulobacterales	Alphaproteobacteria	Pseudomonadota					
barcode15_120_filtered	208	17.91039461245831	0.0003826108096912758	657642	Brevundimonas olei	Brevundimonas	Caulobacteraceae	Caulobacterales	Alphaproteobacteria	Pseudomonadota					
barcode15_120_filtered	190	149.28344322635073	0.003189067595786262	937251	Youngiibacter multivorans	Youngiibacter	Clostridiaceae	Eubacteriales	Clostridia	Bacillota					
barcode15_120_filtered	97	377.5443755886764	0.008065291824329248	1550	Clostridium subterminale	Clostridium	Clostridiaceae	Eubacteriales	Clostridia	Bacillota					
barcode15_120_filtered	184	15.306115995021988	0.0003269769070308686	1123067	Rubellimicrobium mesophilum	Rubellimicrobium	Roseobacteraceae	Rhodobacterales	Alphaproteobacteria	Pseudomonadota					
barcode15_120_filtered	184	714.6256980016518	0.015266191664387682	687525	Rubellimicrobium roseum	Rubellimicrobium	Roseobacteraceae	Rhodobacterales	Alphaproteobacteria	Pseudomonadota					
barcode15_120_filtered	184	225.14517455438946	0.004809663851538943	2585369	Rubellimicrobium rubrum	Rubellimicrobium	Roseobacteraceae	Rhodobacterales	Alphaproteobacteria	Pseudomonadota					
barcode15_120_filtered	184	33.973447314291086	0.0007257577773235155	2817372	Rubellimicrobium arenae	Rubellimicrobium	Roseobacteraceae	Rhodobacterales	Alphaproteobacteria	Pseudomonadota					
barcode15_120_filtered	184	21.946192285760368	0.0004688255385648751	295419	Rubellimicrobium thermophilum	Rubellimicrobium	Roseobacteraceae	Rhodobacterales	Alphaproteobacteria	Pseudomonadota					
barcode15_120_filtered	3	289.55980784462747	0.006185721472402372	29355	Ruminiclostridium cellobioparum	Ruminiclostridium	Oscillospiraceae	Eubacteriales	Clostridia	Bacillota					
barcode15_120_filtered	52	47.0143358590057	0.0010043437623423062	270498	Christensenella hongkongensis	Christensenella	Christensenellaceae	Christensenellales	Clostridia	Bacillota					
barcode15_120_filtered	52	40.95901879366592	0.0008749870499170263	2763033	Christensenella tenuis	Christensenella	Christensenellaceae	Christensenellales	Clostridia	Bacillota					
barcode15_120_filtered	22	96.25575163354402	0.0020562635199748783	2992113	Sphingomonas arvum	Sphingomonas	Sphingomonadaceae	Sphingomonadales	Alphaproteobacteria	Pseudomonadota					
barcode15_120_filtered	22	45.53168621700761	0.0009726706589692083	335605	Sphingomonas rosea	Sphingomonas	Sphingomonadaceae	Sphingomonadales	Alphaproteobacteria	Pseudomonadota					
barcode15_120_filtered	22	26.81029055745531	0.0005727348391928246	2904799	Sphingomonas cremea	Sphingomonas	Sphingomonadaceae	Sphingomonadales	Alphaproteobacteria	Pseudomonadota					
barcode15_120_filtered	27	12.448382600134034	0.0002659285766194705	364039	Azohydromonas australica	Azohydromonas	Sphaerotilaceae	Burkholderiales	Betaproteobacteria	Pseudomonadota					
barcode15_120_filtered	27	777.0168485051531	0.016599022633679118	413882	Caldimonas brevitalea	Caldimonas	Sphaerotilaceae	Burkholderiales	Betaproteobacteria	Pseudomonadota					
barcode15_120_filtered	27	16.66953169279532	0.000356102875238626	2742824	Piscinibacter koreensis	Piscinibacter	Sphaerotilaceae	Burkholderiales	Betaproteobacteria	Pseudomonadota					
barcode15_120_filtered	106	114.9958088910603	0.0024565979981427508	253239	Ethanoligenens harbinense	Ethanoligenens	Oscillospiraceae	Eubacteriales	Clostridia	Bacillota					
barcode15_120_filtered	3	34.979669319907075	0.0007472531951871798	396504	Ruminiclostridium sufflavum	Ruminiclostridium	Oscillospiraceae	Eubacteriales	Clostridia	Bacillota					
barcode15_120_filtered	34	947.4719604153291	0.020240370007377093	258515	Acetanaerobacterium elongatum	Acetanaerobacterium	Oscillospiraceae	Eubacteriales	Clostridia	Bacillota					
barcode15_120_filtered	124	265.8800236599455	0.005679862076433862	2528036	Tabrizicola caldifontis	Tabrizicola	Paracoccaceae	Rhodobacterales	Alphaproteobacteria	Pseudomonadota					
barcode15_120_filtered	90	69.25703730816558	0.0014795034779894807	44749	Sporobacter termitidis	Sporobacter	Oscillospiraceae	Eubacteriales	Clostridia	Bacillota					
barcode15_120_filtered	56	185.80489662160997	0.0039692571536948575	2108523	Lawsonibacter asaccharolyticus	Lawsonibacter	Oscillospiraceae	Eubacteriales	Clostridia	Bacillota					
barcode15_120_filtered	131	17.255216481543297	0.00036861456669465075	1870986	Colidextribacter massiliensis	Colidextribacter		Eubacteriales	Clostridia	Bacillota					
barcode15_120_filtered	56	87.52754753175128	0.0018698072575196274	3133171	Pseudoflavonifractor intestinihominis	Pseudoflavonifractor	Oscillospiraceae	Eubacteriales	Clostridia	Bacillota					
barcode15_120_filtered	109	203.4682004218292	0.004346589485843695	217159	Clostridium carboxidivorans	Clostridium	Clostridiaceae	Eubacteriales	Clostridia	Bacillota					
barcode15_120_filtered	20	103.24702747033793	0.002205614651905277	209080	Propionispora hippei	Propionispora	Sporomusaceae	Selenomonadales	Negativicutes	Bacillota					
barcode15_120_filtered	2	241.49019719976354	0.005158834402165378	1076412	Pelosinus defluvii	Pelosinus	Sporomusaceae	Selenomonadales	Negativicutes	Bacillota					
barcode15_120_filtered	9	26.55344185318652	0.0005672479086792959	380084	Pelosinus propionicus	Pelosinus	Sporomusaceae	Selenomonadales	Negativicutes	Bacillota					
barcode15_120_filtered	14	589.055440130257	0.012583696997078828	394284	Psychrosinus fermentans	Psychrosinus	Sporomusaceae	Selenomonadales	Negativicutes	Bacillota					
barcode15_120_filtered	9	18.335944539712287	0.000391701620125874	365349	Pelosinus fermentans	Pelosinus	Sporomusaceae	Selenomonadales	Negativicutes	Bacillota					
barcode15_120_filtered	232	2379.056398534363	0.05082259294897274	2507161	Acidilutibacter cellobiosedens	Acidilutibacter	Acidilutibacteraceae	Tissierellales	Tissierellia	Bacillota					
barcode15_120_filtered	143	149.0345847972529	0.003183751357528207	879969	Macellibacteroides fermentans	Macellibacteroides	Porphyromonadaceae	Bacteroidales	Bacteroidia	Bacteroidota	FCB group				
barcode15_120_filtered	40	49.95781513724891	0.0010672238392097778	1860101	Candidatus Propionivibrio aalborgensis	Propionivibrio	Rhodocyclaceae	Rhodocyclales	Betaproteobacteria	Pseudomonadota					
barcode15_120_filtered	40	64.21259133089563	0.0013717414994530268	2954386	Candidatus Accumulibacter necessarius	Candidatus Accumulibacter			Betaproteobacteria	Pseudomonadota					
barcode15_120_filtered	27	138.31068694798978	0.0029546620868597076	2824118	Ideonella alba	Ideonella	Sphaerotilaceae	Burkholderiales	Betaproteobacteria	Pseudomonadota					
barcode15_120_filtered	208	110.6343007738728	0.0023634252798246736	74312	Brevundimonas variabilis	Brevundimonas	Caulobacteraceae	Caulobacterales	Alphaproteobacteria	Pseudomonadota					
barcode15_120_filtered	139	157.79312443775672	0.0033708556629372735	33052	Sphingopyxis terrae	Sphingopyxis	Sphingopyxidaceae	Sphingomonadales	Alphaproteobacteria	Pseudomonadota					
barcode15_120_filtered	139	87.01062689132172	0.0018587645402004171	173675	Sphingopyxis witflariensis	Sphingopyxis	Sphingopyxidaceae	Sphingomonadales	Alphaproteobacteria	Pseudomonadota					
barcode15_120_filtered	3	80.36499235930546	0.0017167971707356276	48256	Ruminiclostridium hungatei	Ruminiclostridium	Oscillospiraceae	Eubacteriales	Clostridia	Bacillota					
barcode15_120_filtered	158	32.75374166387077	0.000699701815040712	2741495	Sphingomonas hominis	Sphingomonas	Sphingomonadaceae	Sphingomonadales	Alphaproteobacteria	Pseudomonadota					
barcode15_120_filtered	54	788.1299626123734	0.01683642653676216	1515	Acetivibrio thermocellus	Acetivibrio	Oscillospiraceae	Eubacteriales	Clostridia	Bacillota					
barcode15_120_filtered	36	48.0	0.0010254000128175002	2708020	Legionella antarctica	Legionella	Legionellaceae	Legionellales	Gammaproteobacteria	Pseudomonadota					
barcode15_120_filtered	208	107.40748494109933	0.0022944924257353896	74313	Brevundimonas subvibrioides	Brevundimonas	Caulobacteraceae	Caulobacterales	Alphaproteobacteria	Pseudomonadota					
barcode15_120_filtered	139	33.63175428780259	0.0007184583599539124	2871171	Sphingopyxis jiangsuensis	Sphingopyxis	Sphingopyxidaceae	Sphingomonadales	Alphaproteobacteria	Pseudomonadota					
barcode15_120_filtered	118	48.88651282116146	0.0010443381431962885	100176	Papillibacter cinnamivorans	Papillibacter	Oscillospiraceae	Eubacteriales	Clostridia	Bacillota					
barcode15_120_filtered	60	41.917599178174534	0.0008954647236370625	2981773	Muriventricola aceti	Muriventricola	Oscillospiraceae	Eubacteriales	Clostridia	Bacillota					
barcode15_120_filtered	225	38.59627037238315	0.0008245128361364456	130788	Sedimentibacter saalensis	Sedimentibacter			Tissierellia	Bacillota					
barcode15_120_filtered	149	15.467142965259791	0.00033041684572557284	35811	Erythrobacter ramosus	Erythrobacter	Erythrobacteraceae	Sphingomonadales	Alphaproteobacteria	Pseudomonadota					
barcode15_120_filtered	149	319.452796439464	0.00682431044924193	1161202	Erythrobacter colymbi	Erythrobacter	Erythrobacteraceae	Sphingomonadales	Alphaproteobacteria	Pseudomonadota					
barcode15_120_filtered	149	239.3908703102582	0.005113987530927735	3019556	Erythrobacter oryzae	Erythrobacter	Erythrobacteraceae	Sphingomonadales	Alphaproteobacteria	Pseudomonadota					
barcode15_120_filtered	149	59.75797010076596	0.0012765796522348585	198312	Erythrobacter sanguineus	Erythrobacter	Erythrobacteraceae	Sphingomonadales	Alphaproteobacteria	Pseudomonadota					
barcode15_120_filtered	86	31.18391801156028	0.0006661664568490372	1940525	Labilibaculum manganireducens	Labilibaculum	Marinifilaceae	Marinilabiliales	Bacteroidia	Bacteroidota	FCB group				
barcode15_120_filtered	195	367.7140434520201	0.007855291351434921	2305252	Pseudotabrizicola alkalilacus	Pseudotabrizicola	Paracoccaceae	Rhodobacterales	Alphaproteobacteria	Pseudomonadota					
barcode15_120_filtered	195	16.804412054944763	0.0003589842570110607	2030009	Pseudotabrizicola formosa	Pseudotabrizicola	Paracoccaceae	Rhodobacterales	Alphaproteobacteria	Pseudomonadota					
barcode15_120_filtered	75	21.814103905489233	0.0004660038005060613	758826	Acidovorax radicis	Acidovorax	Comamonadaceae	Burkholderiales	Betaproteobacteria	Pseudomonadota					
barcode15_120_filtered	75	73.56897947079896	0.0015716173435901598	553814	Acidovorax carolinensis	Acidovorax	Comamonadaceae	Burkholderiales	Betaproteobacteria	Pseudomonadota					
barcode15_120_filtered	39	18.00000080782805	0.0003845250220637895	673862	Candidatus Babela massiliensis	Candidatus Babela	Candidatus Babeliaceae	Candidatus Babeliales	Candidatus Babeliae		Bacteria candidate phyla				
barcode15_120_filtered	31	10.99999919217195	0.00023498748568011687	2066483	Candidatus Chromulinivorax destructor	Candidatus Chromulinivorax	Candidatus Chromulinivoraceae	Candidatus Babeliales	Candidatus Babeliae		Bacteria candidate phyla				
barcode15_120_filtered	181	195.0878753088087	0.004167564788378986	52692	Acetobacterium malicum	Acetobacterium	Eubacteriaceae	Eubacteriales	Clostridia	Bacillota					
barcode15_120_filtered	224	144.08783148188652	0.003078076338507755	1944642	Marasmitruncus massiliensis	Marasmitruncus	Oscillospiraceae	Eubacteriales	Clostridia	Bacillota					
barcode15_120_filtered	222	130.40372981000394	0.0027857497128880807	913099	Sedimentibacter acidaminivorans	Sedimentibacter			Tissierellia	Bacillota					
barcode15_120_filtered	195	14.016012306793973	0.0002994170666465996	875041	Neogemmobacter tilapiae	Neogemmobacter	Paracoccaceae	Rhodobacterales	Alphaproteobacteria	Pseudomonadota					
barcode15_120_filtered	171	28.352799814630696	0.0006056866936111319	2759707	Sandaracinobacteroides saxicola	Sandaracinobacteroides	Sphingosinicellaceae	Sphingomonadales	Alphaproteobacteria	Pseudomonadota					
barcode15_120_filtered	171	43.97286164643335	0.0009393702686640609	2913411	Sandaracinobacteroides sayramensis	Sandaracinobacteroides	Sphingosinicellaceae	Sphingomonadales	Alphaproteobacteria	Pseudomonadota					
barcode15_120_filtered	139	19.123312779739063	0.0004085217743636979	651663	Sphingopyxis bauzanensis	Sphingopyxis	Sphingopyxidaceae	Sphingomonadales	Alphaproteobacteria	Pseudomonadota					
barcode15_120_filtered	88	260.7225824207868	0.005569686236585136	2991836	Faecalispora anaeroviscerum	Faecalispora	Oscillospiraceae	Eubacteriales	Clostridia	Bacillota					
barcode15_120_filtered	88	28.292593828473827	0.0006044005432157789	1958780	Clostridium merdae	Clostridium	Clostridiaceae	Eubacteriales	Clostridia	Bacillota					
barcode15_120_filtered	27	14.558789041209835	0.00031101213478049676	2315841	Caldimonas tepidiphila	Caldimonas	Sphaerotilaceae	Burkholderiales	Betaproteobacteria	Pseudomonadota					
barcode15_120_filtered	88	12.459493577099986	0.00026616593486787263	2045012	Clostridium minihomine	Clostridium	Clostridiaceae	Eubacteriales	Clostridia	Bacillota					
barcode15_120_filtered	97	33.000494094998146	0.0007049730639165612	1499683	Clostridium culturomicium	Clostridium	Clostridiaceae	Eubacteriales	Clostridia	Bacillota					
barcode15_120_filtered	114	63.875244383296575	0.0013645349251948597	1282858	Sphingorhabdus rigui	Sphingorhabdus	Sphingorhabdaceae	Sphingomonadales	Alphaproteobacteria	Pseudomonadota					
barcode15_120_filtered	114	81.66545038977829	0.0017445782057588662	1078469	Sphingorhabdus planktonica	Sphingorhabdus	Sphingorhabdaceae	Sphingomonadales	Alphaproteobacteria	Pseudomonadota					
barcode15_120_filtered	114	28.450416589065608	0.0006077720319810644	940136	Sphingorhabdus wooponensis	Sphingorhabdus	Sphingorhabdaceae	Sphingomonadales	Alphaproteobacteria	Pseudomonadota					
barcode15_120_filtered	253	35.097829042860326	0.000749777382300321	2771361	Roseococcus microcysteis	Roseococcus	Roseomonadaceae	Acetobacterales	Alphaproteobacteria	Pseudomonadota					
barcode15_120_filtered	159	41.45654519978778	0.0008856154579006597	2835040	Roseococcus pinisoli	Roseococcus	Roseomonadaceae	Acetobacterales	Alphaproteobacteria	Pseudomonadota					
barcode15_120_filtered	159	45.37908249300078	0.0009694106618743625	2984948	Sabulicella glaciei	Sabulicella	Acetobacteraceae	Acetobacterales	Alphaproteobacteria	Pseudomonadota					
barcode15_120_filtered	45	123.47744210903872	0.0026377868900266757	2732249	Gemmatimonas groenlandica	Gemmatimonas	Gemmatimonadaceae	Gemmatimonadales	Gemmatimonadia	Gemmatimonadota	FCB group				
barcode15_120_filtered	115	84.09349669484565	0.001796447345599232	2014610	Roseisolibacter agri	Roseisolibacter	Gemmatimonadaceae	Gemmatimonadales	Gemmatimonadia	Gemmatimonadota	FCB group				
barcode15_120_filtered	163	35.999995640038165	0.0007690499164734393	147266	Agrobacterium albertimagni	Agrobacterium	Rhizobiaceae	Hyphomicrobiales	Alphaproteobacteria	Pseudomonadota					
barcode15_120_filtered	122	80.99799196821117	0.0017303196250499063	1367462	Clostridium swellfunianum	Clostridium	Clostridiaceae	Eubacteriales	Clostridia	Bacillota					
barcode15_120_filtered	37	339.39206143497364	0.007250263003032912	2527691	Rhodoferax aquaticus	Rhodoferax	Comamonadaceae	Burkholderiales	Betaproteobacteria	Pseudomonadota					
barcode15_120_filtered	177	221.8363247392121	0.00473897854647865	433287	Anaerotignum aminivorans	Anaerotignum	Anaerotignaceae	Lachnospirales	Clostridia	Bacillota					
barcode15_120_filtered	192	52.00000012690373	0.001110850016596606	1550728	Blastomonas fulva	Blastomonas	Blastomonadaceae	Sphingomonadales	Alphaproteobacteria	Pseudomonadota					
barcode15_120_filtered	151	56.0	0.0011963000149537502	2675059	Lysobacter helvus	Lysobacter	Lysobacteraceae	Lysobacterales	Gammaproteobacteria	Pseudomonadota					
barcode15_120_filtered	199	54.949850182001924	0.0011738661891863434	1549638	Quisquiliibacterium transsilvanicum	Quisquiliibacterium	Burkholderiaceae	Burkholderiales	Betaproteobacteria	Pseudomonadota					
barcode15_120_filtered	207	284.0425214636839	0.006067858440616178	203699	Derxia gummosa	Derxia	Alcaligenaceae	Burkholderiales	Betaproteobacteria	Pseudomonadota					
barcode15_120_filtered	99	49.99758729922042	0.0010680734720305146	47671	Lautropia mirabilis	Lautropia	Burkholderiaceae	Burkholderiales	Betaproteobacteria	Pseudomonadota					
barcode15_120_filtered	124	15.348872983535525	0.00032789030320940643	2583234	Paragemmobacter kunshanensis	Paragemmobacter	Paracoccaceae	Rhodobacterales	Alphaproteobacteria	Pseudomonadota					
barcode15_120_filtered	50	66.17826281240721	0.0014137331570017136	1537567	Fusibacter fontis	Fusibacter	Eubacteriales Family XII. Incertae Sedis	Eubacteriales	Clostridia	Bacillota					
barcode15_120_filtered	40	14.82959353185545	0.000316797195784227	1860102	Candidatus Accumulibacter aalborgensis	Candidatus Accumulibacter			Betaproteobacteria	Pseudomonadota					
barcode15_120_filtered	82	140.0	0.0029907500373843755	985	Cytophaga hutchinsonii	Cytophaga	Cytophagaceae	Cytophagales	Cytophagia	Bacteroidota	FCB group				
barcode15_120_filtered	170	44.0365235520691	0.0009407302461402042	2786951	Falsiroseomonas ponticola	Falsiroseomonas	Roseomonadaceae	Acetobacterales	Alphaproteobacteria	Pseudomonadota					
barcode15_120_filtered	170	65.35850095917682	0.0013962209941931773	484882	Falsiroseomonas stagni	Falsiroseomonas	Roseomonadaceae	Acetobacterales	Alphaproteobacteria	Pseudomonadota					
barcode15_120_filtered	170	22.600542726851323	0.00048280410003741263	940141	Falsiroseomonas riguiloci	Falsiroseomonas	Roseomonadaceae	Acetobacterales	Alphaproteobacteria	Pseudomonadota					
barcode15_120_filtered	127	29.72191963163214	0.000634934516067423	2184016	Falsiroseomonas bella	Falsiroseomonas	Roseomonadaceae	Acetobacterales	Alphaproteobacteria	Pseudomonadota					
barcode15_120_filtered	127	29.241860202759664	0.0006246792463899439	2766473	Falsiroseomonas oryzae	Falsiroseomonas	Roseomonadaceae	Acetobacterales	Alphaproteobacteria	Pseudomonadota					
barcode15_120_filtered	124	36.31376732414017	0.0007757528641588553	2852097	Paragemmobacter amnigenus	Paragemmobacter	Paracoccaceae	Rhodobacterales	Alphaproteobacteria	Pseudomonadota					
barcode15_120_filtered	195	33.48385629018559	0.0007152988889403258	933059	Gemmobacter aquatilis	Gemmobacter	Paracoccaceae	Rhodobacterales	Alphaproteobacteria	Pseudomonadota					
barcode15_120_filtered	160	20.571015445213966	0.0004394483229414874	410839	Kaistia geumhonensis	Kaistia	Kaistiaceae	Hyphomicrobiales	Alphaproteobacteria	Pseudomonadota					
barcode15_120_filtered	160	35.28575406498596	0.0007537919306356617	2994654	Kaistia nematophila	Kaistia	Kaistiaceae	Hyphomicrobiales	Alphaproteobacteria	Pseudomonadota					
barcode15_120_filtered	56	240.22904155504318	0.005131892964368272	1689270	Intestinimonas timonensis	Intestinimonas		Eubacteriales	Clostridia	Bacillota					
barcode15_120_filtered	48	119.00000000000001	0.0025421375317767193	225084	Erysipelothrix inopinata	Erysipelothrix	Erysipelotrichaceae	Erysipelotrichales	Erysipelotrichia	Bacillota					
barcode15_120_filtered	23	46.034019489601754	0.0009834017536391394	2590199	Anaeromyxobacter diazotrophicus	Anaeromyxobacter	Anaeromyxobacteraceae	Myxococcales	Myxococcia	Myxococcota					
barcode15_120_filtered	23	13.965980510398236	0.0002983482623827356	2918171	Anaeromyxobacter paludicola	Anaeromyxobacter	Anaeromyxobacteraceae	Myxococcales	Myxococcia	Myxococcota					
barcode15_120_filtered	150	66.57199455376107	0.001422144251431524	2675220	Sandarakinorhabdus oryzae	Sandarakinorhabdus	Sphingosinicellaceae	Sphingomonadales	Alphaproteobacteria	Pseudomonadota					
barcode15_120_filtered	150	56.39105058377384	0.0012046538331540416	1981098	Sandarakinorhabdus cyanobacteriorum	Sandarakinorhabdus	Sphingosinicellaceae	Sphingomonadales	Alphaproteobacteria	Pseudomonadota					
barcode15_120_filtered	150	65.4887033523145	0.001399002442851349	2672568	Sandarakinorhabdus rubra	Sandarakinorhabdus	Sphingosinicellaceae	Sphingomonadales	Alphaproteobacteria	Pseudomonadota					
barcode15_120_filtered	124	24.93850864629014	0.0005327488976157343	2699202	Stagnihabitans tardus	Stagnihabitans	Paracoccaceae	Rhodobacterales	Alphaproteobacteria	Pseudomonadota					
barcode15_120_filtered	71	27.031707806274913	0.0005774648652298587	1965019	Geofilum rhodophaeum	Geofilum	Marinilabiliaceae	Marinilabiliales	Bacteroidia	Bacteroidota	FCB group				
barcode15_120_filtered	86	61.33221156187326	0.0013102093858681349	2283627	Ancylomarina euxinus	Ancylomarina	Marinifilaceae	Marinilabiliales	Bacteroidia	Bacteroidota	FCB group				
barcode15_120_filtered	135	23.0	0.0004913375061417188	1427356	Hyphomicrobium nitrativorans	Hyphomicrobium	Hyphomicrobiaceae	Hyphomicrobiales	Alphaproteobacteria	Pseudomonadota					
barcode15_120_filtered	244	65.0946262319262	0.001390583970261823	220343	Gemmobacter nectariphilus	Gemmobacter	Paracoccaceae	Rhodobacterales	Alphaproteobacteria	Pseudomonadota					
barcode15_120_filtered	211	24.785266720608366	0.0005294752669374371	1305696	Novosphingobium arabidopsis	Novosphingobium	Sphingomonadaceae	Sphingomonadales	Alphaproteobacteria	Pseudomonadota					
barcode15_120_filtered	144	29.999774718655107	0.0006408701954381472	2655001	Alkalibaculum sporogenes	Alkalibaculum	Eubacteriaceae	Eubacteriales	Clostridia	Bacillota					
barcode15_120_filtered	198	15.172463832544706	0.0003241217626742583	1527	Anaerocolumna aminovalerica	Anaerocolumna	Lachnospiraceae	Lachnospirales	Clostridia	Bacillota					
barcode15_120_filtered	257	14.442377459385101	0.0003085252923326804	2307010	Candidatus Galacturonatibacter soehngenii	Candidatus Galacturonatibacter	Lachnospiraceae	Lachnospirales	Clostridia	Bacillota					
barcode15_120_filtered	246	13.0	0.0002777125034714063	36845	Clostridium intestinale	Clostridium	Clostridiaceae	Eubacteriales	Clostridia	Bacillota					
barcode15_120_filtered	149	109.46250691067378	0.002338392833109179	2509361	Qipengyuania thermophila	Qipengyuania	Erythrobacteraceae	Sphingomonadales	Alphaproteobacteria	Pseudomonadota					
barcode15_120_filtered	149	252.77581214991898	0.005399923354551686	2969984	Parerythrobacter lacustris	Parerythrobacter	Erythrobacteraceae	Sphingomonadales	Alphaproteobacteria	Pseudomonadota					
barcode15_120_filtered	56	20.916568515009914	0.0004468302004872768	2763053	Lawsonibacter hominis	Lawsonibacter	Oscillospiraceae	Eubacteriales	Clostridia	Bacillota					
barcode15_120_filtered	112	20.00000000026344	0.0004272500053462528	2836848	Clostridium aromativorans	Clostridium	Clostridiaceae	Eubacteriales	Clostridia	Bacillota					
barcode15_120_filtered	132	46.99999999999999	0.0010040375125504688	2607497	Actinotalea subterranea	Actinotalea	Cellulomonadaceae	Micrococcales	Actinomycetes	Actinomycetota					
barcode15_120_filtered	210	138.0	0.002948025036850313	758823	Vampirovibrio chlorellavorus	Vampirovibrio		Vampirovibrionales	Vampirovibriophyceae	Candidatus Melainabacteria	Cyanobacteriota/Melainabacteria group				
barcode15_120_filtered	11	21.007242268715963	0.000448767218575035	3115649	Desulfosporosinus paludis	Desulfosporosinus	Desulfitobacteriaceae	Eubacteriales	Clostridia	Bacillota					
barcode15_120_filtered	16	92.8067645343017	0.001982584532146327	3375356	Desulfitobacterium nosdiversum	Desulfitobacterium	Desulfitobacteriaceae	Eubacteriales	Clostridia	Bacillota					
barcode15_120_filtered	38	52.18599281973658	0.0011148232855469138	49338	Desulfitobacterium hafniense	Desulfitobacterium	Desulfitobacteriaceae	Eubacteriales	Clostridia	Bacillota					
barcode15_120_filtered	127	13.383435205556768	0.00028590363815250193	2911368	Falsiroseomonas oryziterrae	Falsiroseomonas	Roseomonadaceae	Acetobacterales	Alphaproteobacteria	Pseudomonadota					
barcode15_120_filtered	254	62.99999999999999	0.0013458375168229689	1348470	Asprobacter aquaticus	Asprobacter	Hyphomonadaceae	Hyphomonadales	Alphaproteobacteria	Pseudomonadota					
barcode15_120_filtered	65	17.733456960721288	0.00037883097905879576	2763042	Dysosmobacter segnis	Dysosmobacter	Oscillospiraceae	Eubacteriales	Clostridia	Bacillota					
barcode15_120_filtered	60	32.11670116764293	0.000686093037269935	2763047	Flintibacter faecis	Flintibacter		Eubacteriales	Clostridia	Bacillota					
barcode15_120_filtered	113	18.885012884032836	0.0004034310927780401	219748	Clostridium tunisiense	Clostridium	Clostridiaceae	Eubacteriales	Clostridia	Bacillota					
barcode15_120_filtered	134	115.03178969677323	0.002457366638114401	173676	Novosphingobium hassiacum	Novosphingobium	Sphingomonadaceae	Sphingomonadales	Alphaproteobacteria	Pseudomonadota					
barcode15_120_filtered	149	11.344948227882837	0.00024235645954760285	1532023	Qipengyuania sediminis	Qipengyuania	Erythrobacteraceae	Sphingomonadales	Alphaproteobacteria	Pseudomonadota					
barcode15_120_filtered	226	65.72000366120068	0.0014039435957616945	1141888	Sphingomonas difficilis	Sphingomonas	Sphingomonadaceae	Sphingomonadales	Alphaproteobacteria	Pseudomonadota					
barcode15_120_filtered	189	33.99406712247208	0.0007261982679812881	1658620	Rubrivirga profundi	Rubrivirga	Rubricoccaceae	Rhodothermales	Rhodothermia	Rhodothermota	FCB group				
barcode15_120_filtered	134	14.183469045203218	0.00030299436126558326	2871811	Novosphingobium percolationis	Novosphingobium	Sphingomonadaceae	Sphingomonadales	Alphaproteobacteria	Pseudomonadota					
barcode15_120_filtered	79	35.00000000000006	0.0007476875093460951	65655	Hydrogenophaga palleronii	Hydrogenophaga	Comamonadaceae	Burkholderiales	Betaproteobacteria	Pseudomonadota					
barcode15_120_filtered	149	17.47976812109266	0.00037341155115448634	3127706	Parerythrobacter aurantius	Parerythrobacter	Erythrobacteraceae	Sphingomonadales	Alphaproteobacteria	Pseudomonadota					
barcode15_120_filtered	126	55.99321544106667	0.0011961550798117251	2054628	Alteraurantiacibacter palmitatis	Alteraurantiacibacter	Erythrobacteraceae	Sphingomonadales	Alphaproteobacteria	Pseudomonadota					
barcode15_120_filtered	70	16.00000003541916	0.00034180000502914183	1852363	Beduinella massiliensis	Beduinella	Beduinellaceae	Eubacteriales	Clostridia	Bacillota					
barcode15_120_filtered	240	29.000000001215046	0.0006195125077698627	2884263	Dermatobacter hominis	Dermatobacter	Iamiaceae	Acidimicrobiales	Acidimicrobiia	Actinomycetota					
barcode15_120_filtered	121	99.9999710863995	0.0021362494090363267	2941510	Pumilibacter muris	Pumilibacter	Pumilibacteraceae	Eubacteriales	Clostridia	Bacillota					
barcode15_120_filtered	62	26.662511757103193	0.0005695779145308409	2763677	Zongyangia hominis	Zongyangia	Oscillospiraceae	Eubacteriales	Clostridia	Bacillota					
barcode15_120_filtered	150	125.5896499753256	0.0026829089311342547	1439888	Sandarakinorhabdus fusca	Sandarakinorhabdus	Sphingosinicellaceae	Sphingomonadales	Alphaproteobacteria	Pseudomonadota					
barcode15_120_filtered	18	82.0	0.0017517250218965627	107709	Opitutus terrae	Opitutus	Opitutaceae	Opitutales	Opitutia	Verrucomicrobiota	PVC group				
barcode15_120_filtered	180	26.29045263572276	0.000561629801451	665118	Devosia enhydra	Devosia	Devosiaceae	Hyphomicrobiales	Alphaproteobacteria	Pseudomonadota					
barcode15_120_filtered	180	21.81407094647151	0.0004660030964190363	408174	Devosia insulae	Devosia	Devosiaceae	Hyphomicrobiales	Alphaproteobacteria	Pseudomonadota					
barcode15_120_filtered	180	17.994898297442045	0.00038441601968430594	443610	Devosia geojensis	Devosia	Devosiaceae	Hyphomicrobiales	Alphaproteobacteria	Pseudomonadota					
barcode15_120_filtered	182	48.96985638418725	0.0010461185700836823	1549748	Kiloniella litopenaei	Kiloniella	Kiloniellaceae	Rhodospirillales	Alphaproteobacteria	Pseudomonadota					
barcode15_120_filtered	192	41.626118270761914	0.000889237962674626	1244894	Sphingomonas fonticola	Sphingomonas	Sphingomonadaceae	Sphingomonadales	Alphaproteobacteria	Pseudomonadota					
barcode15_120_filtered	104	45.2217635320174	0.0009660499355283458	1716543	Clostridium thermarum	Clostridium	Clostridiaceae	Eubacteriales	Clostridia	Bacillota					
barcode15_120_filtered	120	26.658950480182114	0.0005695018367516633	2698828	Sphingomonas lacunae	Sphingomonas	Sphingomonadaceae	Sphingomonadales	Alphaproteobacteria	Pseudomonadota					
barcode15_120_filtered	219	69.0	0.0014740125184251566	2010828	Aquipluma nitroreducens	Aquipluma	Prolixibacteraceae	Marinilabiliales	Bacteroidia	Bacteroidota	FCB group				
barcode15_120_filtered	56	80.26182710747024	0.0017145933030157494	2986526	Lawsonibacter celer	Lawsonibacter	Oscillospiraceae	Eubacteriales	Clostridia	Bacillota					
barcode15_120_filtered	245	27.0	0.0005767875072098438	373043	Paeniroseomonas aquatica	Paeniroseomonas	Acetobacteraceae	Acetobacterales	Alphaproteobacteria	Pseudomonadota					
barcode15_120_filtered	78	10.59975798563223	0.0002264373327985352	2994971	Microcella daejeonensis	Microcella	Microbacteriaceae	Micrococcales	Actinomycetes	Actinomycetota					
barcode15_120_filtered	78	17.40024201436777	0.0003717126746783399	1804990	Microcella flavibacter	Microcella	Microbacteriaceae	Micrococcales	Actinomycetes	Actinomycetota					
barcode15_120_filtered	123	65.68454497840118	0.0014031861096409216	2038680	Paludihabitans psychrotolerans	Paludihabitans	Oscillospiraceae	Eubacteriales	Clostridia	Bacillota					
barcode15_120_filtered	114	11.00036192848537	0.00023499523463470915	392610	Sphingorhabdus lacus	Sphingorhabdus	Sphingorhabdaceae	Sphingomonadales	Alphaproteobacteria	Pseudomonadota					
barcode15_120_filtered	158	79.57971347718693	0.0017000216504066763	2782540	Sphingomonas beigongshangi	Sphingomonas	Sphingomonadaceae	Sphingomonadales	Alphaproteobacteria	Pseudomonadota					
barcode15_120_filtered	42	59.0	0.001260387515754844	2588534	Methylophilus medardicus	Methylophilus	Methylophilaceae	Nitrosomonadales	Betaproteobacteria	Pseudomonadota					
barcode15_120_filtered	92	68.0	0.0014526500181581252	1855912	Luteitalea pratensis	Luteitalea	Vicinamibacteraceae	Vicinamibacterales	Vicinamibacteria	Acidobacteriota					
barcode15_120_filtered	124	77.77781504362493	0.001661528594638545	2670345	Tabrizicola thermarum	Tabrizicola	Paracoccaceae	Rhodobacterales	Alphaproteobacteria	Pseudomonadota					
barcode15_120_filtered	209	48.41757782303861	0.001034320519173669	185300	Paludibacter propionicigenes	Paludibacter	Paludibacteraceae	Bacteroidales	Bacteroidia	Bacteroidota	FCB group				
barcode15_120_filtered	37	20.61199411277857	0.00044032372973827887	2793270	Caenimonas aquaedulcis	Caenimonas	Comamonadaceae	Burkholderiales	Betaproteobacteria	Pseudomonadota					
barcode15_120_filtered	61	43.99594445351338	0.0009398633751364718	2530451	Ramlibacter humi	Ramlibacter	Comamonadaceae	Burkholderiales	Betaproteobacteria	Pseudomonadota					
barcode15_120_filtered	112	106.0000002860402	0.002264425034415847	3240932	Clostridium moutaii	Clostridium	Clostridiaceae	Eubacteriales	Clostridia	Bacillota					
barcode15_120_filtered	126	23.996851625273365	0.0005126327492528117	1503981	Alteraurantiacibacter buctensis	Alteraurantiacibacter	Erythrobacteraceae	Sphingomonadales	Alphaproteobacteria	Pseudomonadota					
barcode15_120_filtered	127	28.16434736853732	0.0006016608781811395	1428345	Falsiroseomonas wooponensis	Falsiroseomonas	Roseomonadaceae	Acetobacterales	Alphaproteobacteria	Pseudomonadota					
barcode15_120_filtered	98	10.0	0.00021362500267031254	185243	Propionicimonas paludicola	Propionicimonas	Nocardioidaceae	Propionibacteriales	Actinomycetes	Actinomycetota					
barcode15_120_filtered	217	34.0	0.0007263250090790626	1005039	Fimbriimonas ginsengisoli	Fimbriimonas	Fimbriimonadaceae	Fimbriimonadales	Fimbriimonadia	Armatimonadota					
barcode15_120_filtered	107	22.428809607758513	0.0004791354512349344	1511	Acetoanaerobium sticklandii	Acetoanaerobium	Filifactoraceae	Peptostreptococcales	Clostridia	Bacillota					
barcode15_120_filtered	44	43.00000000000002	0.0009185875114823443	1803913	Steroidobacter cummioxidans	Steroidobacter	Steroidobacteraceae	Steroidobacterales	Gammaproteobacteria	Pseudomonadota					
barcode15_120_filtered	83	46.31566114602184	0.0009894183235996206	1794912	Anaerosporomusa subterranea	Anaerosporomusa	Acetonemataceae		Negativicutes	Bacillota					
barcode15_120_filtered	206	15.0	0.0003204375040054688	3036359	Aurantibacillus circumpalustris	Aurantibacillus	Aurantibacillaceae	Sphingobacteriales	Sphingobacteriia	Bacteroidota	FCB group				
barcode15_120_filtered	49	49.99999998302275	0.001068125012988886	1236215	Desulfovectis peckii	Desulfovectis	Peptococcaceae	Eubacteriales	Clostridia	Bacillota					
barcode15_120_filtered	78	12.998207526772159	0.0002776742117615979	2963406	Microcella humidisoli	Microcella	Microbacteriaceae	Micrococcales	Actinomycetes	Actinomycetota					
barcode15_120_filtered	162	22.00739120671974	0.00047013290053021166	2897707	Merdimmobilis hominis	Merdimmobilis	Oscillospiraceae	Eubacteriales	Clostridia	Bacillota					
barcode15_120_filtered	169	13.0	0.0002777125034714063	1960156	Abditibacterium utsteinense	Abditibacterium	Abditibacteriaceae	Abditibacteriales	Abditibacteriia	Abditibacteriota					
barcode15_120_filtered	154	17.54727797989329	0.00037485373053114206	1841868	Provencibacterium massiliense	Provencibacterium	Oscillospiraceae	Eubacteriales	Clostridia	Bacillota					
barcode16_120_filtered	120	48.355354842198885	0.0010418044779101343	3103142	Sphingomonas rustica	Sphingomonas	Sphingomonadaceae	Sphingomonadales	Alphaproteobacteria	Pseudomonadota					
barcode16_120_filtered	120	215.70500139946193	0.004647312321436215	1632740	Sphingomonas zeicaulis	Sphingomonas	Sphingomonadaceae	Sphingomonadales	Alphaproteobacteria	Pseudomonadota					
barcode16_120_filtered	120	1559.7371073608808	0.03360416045159713	2873268	Hephaestia mangrovi	Hephaestia	Sphingomonadaceae	Sphingomonadales	Alphaproteobacteria	Pseudomonadota					
barcode16_120_filtered	120	64.80364118340982	0.0013961788469979495	397260	Sphingomonas sanxanigenens	Sphingomonas	Sphingomonadaceae	Sphingomonadales	Alphaproteobacteria	Pseudomonadota					
barcode16_120_filtered	155	85.03287820399466	0.0018320128881610398	1460355	Sphingomonas mohensis	Sphingomonas	Sphingomonadaceae	Sphingomonadales	Alphaproteobacteria	Pseudomonadota					
barcode16_120_filtered	120	270.17400446250656	0.005820833878326113	2305907	Sphingomonas gilva	Sphingomonas	Sphingomonadaceae	Sphingomonadales	Alphaproteobacteria	Pseudomonadota					
barcode16_120_filtered	158	27.038428268742017	0.0005825364272054727	2175090	Sphingomonas pokkalii	Sphingomonas	Sphingomonadaceae	Sphingomonadales	Alphaproteobacteria	Pseudomonadota					
barcode16_120_filtered	3	1466.0674630371213	0.03158607051679675	29355	Ruminiclostridium cellobioparum	Ruminiclostridium	Oscillospiraceae	Eubacteriales	Clostridia	Bacillota					
barcode16_120_filtered	4	1073.9641469093858	0.023138298974671675	1521	Ruminiclostridium cellulolyticum	Ruminiclostridium	Oscillospiraceae	Eubacteriales	Clostridia	Bacillota					
barcode16_120_filtered	4	10.031475629059177	0.00021612572722307823	1499	Ruminiclostridium josui	Ruminiclostridium	Oscillospiraceae	Eubacteriales	Clostridia	Bacillota					
barcode16_120_filtered	3	52.900512524576435	0.0011397288058725937	396504	Ruminiclostridium sufflavum	Ruminiclostridium	Oscillospiraceae	Eubacteriales	Clostridia	Bacillota					
barcode16_120_filtered	203	47.6274064269107	0.001026121004565565	1297424	Anaerobacterium chartisolvens	Anaerobacterium	Oscillospiraceae	Eubacteriales	Clostridia	Bacillota					
barcode16_120_filtered	54	649.3657534570202	0.013990428815189491	253314	Acetivibrio straminisolvens	Acetivibrio	Oscillospiraceae	Eubacteriales	Clostridia	Bacillota					
barcode16_120_filtered	125	238.62262528115374	0.005141067010258618	320502	Acetivibrio alkalicellulosi	Acetivibrio	Oscillospiraceae	Eubacteriales	Clostridia	Bacillota					
barcode16_120_filtered	205	113.88541608982372	0.0024536338702967515	1462919	Mobilitalea sibirica	Mobilitalea	Lachnospiraceae	Lachnospirales	Clostridia	Bacillota					
barcode16_120_filtered	55	1039.1841366119734	0.02238897202654257	433293	Anaerotaenia torta	Anaerotaenia	Lachnospiraceae	Lachnospirales	Clostridia	Bacillota					
barcode16_120_filtered	50	342.3717898237362	0.00737631778140119	1537567	Fusibacter fontis	Fusibacter	Eubacteriales Family XII. Incertae Sedis	Eubacteriales	Clostridia	Bacillota					
barcode16_120_filtered	50	115.98838540271204	0.002498941837826393	1488331	Fusibacter bizertensis	Fusibacter	Eubacteriales Family XII. Incertae Sedis	Eubacteriales	Clostridia	Bacillota					
barcode16_120_filtered	26	217.0380254021307	0.004676032002631276	3046383	Aristaeella lactis	Aristaeella	Aristaeellaceae	Eubacteriales	Clostridia	Bacillota					
barcode16_120_filtered	26	40.33485235503425	0.000869004682861882	3046382	Aristaeella hokkaidonensis	Aristaeella	Aristaeellaceae	Eubacteriales	Clostridia	Bacillota					
barcode16_120_filtered	27	309.256516245258	0.006662857185075041	1547922	Piscinibacter sakaiensis	Piscinibacter	Sphaerotilaceae	Burkholderiales	Betaproteobacteria	Pseudomonadota					
barcode16_120_filtered	27	181.4329097266166	0.003908928357785556	391953	Aquincola tertiaricarbonis	Aquincola	Sphaerotilaceae	Burkholderiales	Betaproteobacteria	Pseudomonadota					
barcode16_120_filtered	27	63.90576624050507	0.0013768343475278483	1597781	Eleftheria terrae	Eleftheria		Burkholderiales	Betaproteobacteria	Pseudomonadota					
barcode16_120_filtered	27	92.27151059998393	0.001987967480340061	3119538	Aquincola agrisoli	Aquincola	Sphaerotilaceae	Burkholderiales	Betaproteobacteria	Pseudomonadota					
barcode16_120_filtered	27	457.84434488740476	0.009864146178765588	413882	Caldimonas brevitalea	Caldimonas	Sphaerotilaceae	Burkholderiales	Betaproteobacteria	Pseudomonadota					
barcode16_120_filtered	27	37.45270245963285	0.0008069094572796047	392597	Piscinibacter aquaticus	Piscinibacter	Sphaerotilaceae	Burkholderiales	Betaproteobacteria	Pseudomonadota					
barcode16_120_filtered	30	16.392327200715822	0.00035316874287872073	1470354	Candidatus Soleaferrea massiliensis	Candidatus Soleaferrea		Eubacteriales	Clostridia	Bacillota					
barcode16_120_filtered	154	48.285772461790316	0.0010403053422770724	1841868	Provencibacterium massiliense	Provencibacterium	Oscillospiraceae	Eubacteriales	Clostridia	Bacillota					
barcode16_120_filtered	34	355.6130463294492	0.007661597464816314	258515	Acetanaerobacterium elongatum	Acetanaerobacterium	Oscillospiraceae	Eubacteriales	Clostridia	Bacillota					
barcode16_120_filtered	75	23.513271275660866	0.0005065877685158002	758826	Acidovorax radicis	Acidovorax	Comamonadaceae	Burkholderiales	Betaproteobacteria	Pseudomonadota					
barcode16_120_filtered	75	34.48427900735899	0.0007429554886859634	553814	Acidovorax carolinensis	Acidovorax	Comamonadaceae	Burkholderiales	Betaproteobacteria	Pseudomonadota					
barcode16_120_filtered	75	21.157427820115448	0.0004558316884652687	12917	Acidovorax facilis	Acidovorax	Comamonadaceae	Burkholderiales	Betaproteobacteria	Pseudomonadota					
barcode16_120_filtered	27	20.558439192018792	0.0004429266226870363	2742824	Piscinibacter koreensis	Piscinibacter	Sphaerotilaceae	Burkholderiales	Betaproteobacteria	Pseudomonadota					
barcode16_120_filtered	12	126.54798914678197	0.0027264459581338354	288965	Acetivibrio clariflavus	Acetivibrio	Oscillospiraceae	Eubacteriales	Clostridia	Bacillota					
barcode16_120_filtered	137	239.7403915152987	0.005165149014656872	35830	Acetivibrio cellulolyticus	Acetivibrio	Oscillospiraceae	Eubacteriales	Clostridia	Bacillota					
barcode16_120_filtered	159	12.06958779260566	0.00026003636308533144	2984948	Sabulicella glaciei	Sabulicella	Acetobacteraceae	Acetobacterales	Alphaproteobacteria	Pseudomonadota					
barcode16_120_filtered	159	39.984783883241626	0.0008614625419205348	2835040	Roseococcus pinisoli	Roseococcus	Roseomonadaceae	Acetobacterales	Alphaproteobacteria	Pseudomonadota					
barcode16_120_filtered	253	23.92678135338491	0.0005154967435825684	2771361	Roseococcus microcysteis	Roseococcus	Roseomonadaceae	Acetobacterales	Alphaproteobacteria	Pseudomonadota					
barcode16_120_filtered	219	1258.4501064464596	0.027113004555563064	2010828	Aquipluma nitroreducens	Aquipluma	Prolixibacteraceae	Marinilabiliales	Bacteroidia	Bacteroidota	FCB group				
barcode16_120_filtered	213	85.44262582783789	0.0018408408020648042	1604902	Clostridium omnivorum	Clostridium	Clostridiaceae	Eubacteriales	Clostridia	Bacillota					
barcode16_120_filtered	190	1199.3302071674068	0.02583928055946153	937251	Youngiibacter multivorans	Youngiibacter	Clostridiaceae	Eubacteriales	Clostridia	Bacillota					
barcode16_120_filtered	93	21.49090548468341	0.00046301638445940774	1121298	Clostridium amylolyticum	Clostridium	Clostridiaceae	Eubacteriales	Clostridia	Bacillota					
barcode16_120_filtered	113	16.051579566719415	0.00034582741714358323	1054297	Clostridium punense	Clostridium	Clostridiaceae	Eubacteriales	Clostridia	Bacillota					
barcode16_120_filtered	70	2142.081629549625	0.04615063297532317	1852363	Beduinella massiliensis	Beduinella	Beduinellaceae	Eubacteriales	Clostridia	Bacillota					
barcode16_120_filtered	14	591.0032164199993	0.012733022006247964	394284	Psychrosinus fermentans	Psychrosinus	Sporomusaceae	Selenomonadales	Negativicutes	Bacillota					
barcode16_120_filtered	9	36.55221279394547	0.0007875086242366793	380084	Pelosinus propionicus	Pelosinus	Sporomusaceae	Selenomonadales	Negativicutes	Bacillota					
barcode16_120_filtered	20	13.525519893846004	0.00029140406967243356	112903	Propionispora vibrioides	Propionispora	Sporomusaceae	Selenomonadales	Negativicutes	Bacillota					
barcode16_120_filtered	2	296.7137328455795	0.006392625936563169	1076412	Pelosinus defluvii	Pelosinus	Sporomusaceae	Selenomonadales	Negativicutes	Bacillota					
barcode16_120_filtered	20	89.31250559690979	0.0019242164299668166	209080	Propionispora hippei	Propionispora	Sporomusaceae	Selenomonadales	Negativicutes	Bacillota					
barcode16_120_filtered	9	21.261087386954042	0.0004580650088754506	365349	Pelosinus fermentans	Pelosinus	Sporomusaceae	Selenomonadales	Negativicutes	Bacillota					
barcode16_120_filtered	28	13.602528134618911	0.00029306319367917506	204936	Sporomusa aerivorans	Sporomusa	Sporomusaceae	Selenomonadales	Negativicutes	Bacillota					
barcode16_120_filtered	65	406.42602305295514	0.008756350814455567	351091	Oscillibacter valericigenes	Oscillibacter	Oscillospiraceae	Eubacteriales	Clostridia	Bacillota					
barcode16_120_filtered	48	916.3502258158105	0.01974254499226135	225084	Erysipelothrix inopinata	Erysipelothrix	Erysipelotrichaceae	Erysipelotrichales	Erysipelotrichia	Bacillota					
barcode16_120_filtered	48	39.277182371806965	0.0008462174377207145	2683714	Erysipelothrix aquatica	Erysipelothrix	Erysipelotrichaceae	Erysipelotrichales	Erysipelotrichia	Bacillota					
barcode16_120_filtered	48	77.50390820608968	0.001669803042251205	38402	Erysipelothrix tonsillarum	Erysipelothrix	Erysipelotrichaceae	Erysipelotrichales	Erysipelotrichia	Bacillota					
barcode16_120_filtered	221	3396.1185448914785	0.07316855639106923	288966	Lutispora thermophila	Lutispora	Lutisporaceae	Lutisporales	Clostridia	Bacillota					
barcode16_120_filtered	5	17.09750905486853	0.0003683617161449646	84032	Clostridium thermosuccinogenes	Clostridium	Clostridiaceae	Eubacteriales	Clostridia	Bacillota					
barcode16_120_filtered	3	314.88983526422794	0.0067842256870457385	48256	Ruminiclostridium hungatei	Ruminiclostridium	Oscillospiraceae	Eubacteriales	Clostridia	Bacillota					
barcode16_120_filtered	186	50.69510743201667	0.001092213884132644	35825	Pseudobacteroides cellulosolvens	Pseudobacteroides	Oscillospiraceae	Eubacteriales	Clostridia	Bacillota					
barcode16_120_filtered	100	2643.7263322181075	0.05695844731699036	1096341	Fonticella tunisiensis	Fonticella	Clostridiaceae	Eubacteriales	Clostridia	Bacillota					
barcode16_120_filtered	233	23.758165489910848	0.0005118639554004276	655338	Fervidicella metallireducens	Fervidicella	Clostridiaceae	Eubacteriales	Clostridia	Bacillota					
barcode16_120_filtered	66	19.998689380009832	0.0004308669477541707	1147123	Caloramator quimbayensis	Caloramator	Clostridiaceae	Eubacteriales	Clostridia	Bacillota					
barcode16_120_filtered	148	194.8474736814174	0.004197941908465311	1495	Clostridium cylindrosporum	Clostridium	Clostridiaceae	Eubacteriales	Clostridia	Bacillota					
barcode16_120_filtered	222	635.8668374621011	0.013699597920114211	913099	Sedimentibacter acidaminivorans	Sedimentibacter			Tissierellia	Bacillota					
barcode16_120_filtered	225	636.7907125586669	0.013719502586635072	130788	Sedimentibacter saalensis	Sedimentibacter			Tissierellia	Bacillota					
barcode16_120_filtered	217	60.00000000000001	0.0012926855542389315	1005039	Fimbriimonas ginsengisoli	Fimbriimonas	Fimbriimonadaceae	Fimbriimonadales	Fimbriimonadia	Armatimonadota					
barcode16_120_filtered	83	544.971037433993	0.011741269792825445	1794912	Anaerosporomusa subterranea	Anaerosporomusa	Acetonemataceae		Negativicutes	Bacillota					
barcode16_120_filtered	10	140.3703529782757	0.0030242454589739457	659425	Thermoclostridium caenicola	Thermoclostridium	Oscillospiraceae	Eubacteriales	Clostridia	Bacillota					
barcode16_120_filtered	13	76.99999966180353	0.0016589464539869337	1032527	Pedosphaera parvula	Pedosphaera	Pedosphaeraceae	Pedosphaerales	Pedosphaerae	Verrucomicrobiota	PVC group				
barcode16_120_filtered	177	83.06374085686258	0.0017895882981118728	433287	Anaerotignum aminivorans	Anaerotignum	Anaerotignaceae	Lachnospirales	Clostridia	Bacillota					
barcode16_120_filtered	252	90.12839088078171	0.001941794481973106	3133167	Faecousia intestinalis	Faecousia	Oscillospiraceae	Eubacteriales	Clostridia	Bacillota					
barcode16_120_filtered	56	23.382989315480955	0.0005037808750507585	1650661	Clostridium phoceensis	Clostridium	Clostridiaceae	Eubacteriales	Clostridia	Bacillota					
barcode16_120_filtered	56	414.32364719995445	0.008926503225249476	2108523	Lawsonibacter asaccharolyticus	Lawsonibacter	Oscillospiraceae	Eubacteriales	Clostridia	Bacillota					
barcode16_120_filtered	141	61.39683425398717	0.0013227800119355202	501571	Butyricicoccus pullicaecorum	Butyricicoccus	Butyricicoccaceae	Eubacteriales	Clostridia	Bacillota					
barcode16_120_filtered	56	87.9094222128629	0.0018939873362676485	3133171	Pseudoflavonifractor intestinihominis	Pseudoflavonifractor	Oscillospiraceae	Eubacteriales	Clostridia	Bacillota					
barcode16_120_filtered	59	286.9299580977789	0.006181836865189678	2941519	Vermiculatibacterium agrestimuris	Vermiculatibacterium	Oscillospiraceae	Eubacteriales	Clostridia	Bacillota					
barcode16_120_filtered	60	30.437900014234437	0.0006557772274961637	2981773	Muriventricola aceti	Muriventricola	Oscillospiraceae	Eubacteriales	Clostridia	Bacillota					
barcode16_120_filtered	60	41.26591901750844	0.0008890642899387792	2763047	Flintibacter faecis	Flintibacter		Eubacteriales	Clostridia	Bacillota					
barcode16_120_filtered	56	19.134047946343784	0.00041223845623922836	2763052	Lawsonibacter faecis	Lawsonibacter	Oscillospiraceae	Eubacteriales	Clostridia	Bacillota					
barcode16_120_filtered	56	86.88712537884803	0.001871962197109728	1673721	Intestinimonas massiliensis (ex Afouda et al. 2020)	Intestinimonas		Eubacteriales	Clostridia	Bacillota					
barcode16_120_filtered	195	410.23564288388627	0.008838428156498681	909926	Tabrizicola aquatica	Tabrizicola	Paracoccaceae	Rhodobacterales	Alphaproteobacteria	Pseudomonadota					
barcode16_120_filtered	195	238.28031897143407	0.005133692103230294	2305252	Pseudotabrizicola alkalilacus	Pseudotabrizicola	Paracoccaceae	Rhodobacterales	Alphaproteobacteria	Pseudomonadota					
barcode16_120_filtered	195	231.4864250767493	0.004987319294985442	2494374	Tabrizicola piscis	Tabrizicola	Paracoccaceae	Rhodobacterales	Alphaproteobacteria	Pseudomonadota					
barcode16_120_filtered	195	20.172565372769007	0.00043461306415531635	2030009	Pseudotabrizicola formosa	Pseudotabrizicola	Paracoccaceae	Rhodobacterales	Alphaproteobacteria	Pseudomonadota					
barcode16_120_filtered	52	256.1252580766312	0.005518157019856322	2763033	Christensenella tenuis	Christensenella	Christensenellaceae	Christensenellales	Clostridia	Bacillota					
barcode16_120_filtered	52	37.72367048856271	0.0008127473982239084	626937	Christensenella minuta	Christensenella	Christensenellaceae	Christensenellales	Clostridia	Bacillota					
barcode16_120_filtered	52	103.40283202865018	0.0022277891205138463	1805714	Christensenella massiliensis	Christensenella	Christensenellaceae	Christensenellales	Clostridia	Bacillota					
barcode16_120_filtered	52	50.03637000429116	0.0010780215448516893	270498	Christensenella hongkongensis	Christensenella	Christensenellaceae	Christensenellales	Clostridia	Bacillota					
barcode16_120_filtered	52	51.76245162977528	0.001115209557896699	1816678	Christensenella timonensis	Christensenella	Christensenellaceae	Christensenellales	Clostridia	Bacillota					
barcode16_120_filtered	54	264.3473788922125	0.005695300633248141	1515	Acetivibrio thermocellus	Acetivibrio	Oscillospiraceae	Eubacteriales	Clostridia	Bacillota					
barcode16_120_filtered	90	372.2760442882282	0.008020597744010087	44749	Sporobacter termitidis	Sporobacter	Oscillospiraceae	Eubacteriales	Clostridia	Bacillota					
barcode16_120_filtered	71	33.51301086176607	0.0007220297503342899	286730	Alkaliflexus imshenetskii	Alkaliflexus	Marinilabiliaceae	Marinilabiliales	Bacteroidia	Bacteroidota	FCB group				
barcode16_120_filtered	86	100.76807455710775	0.0021710239051407464	1940525	Labilibaculum manganireducens	Labilibaculum	Marinifilaceae	Marinilabiliales	Bacteroidia	Bacteroidota	FCB group				
barcode16_120_filtered	86	175.1470499308976	0.003773501021887269	2283627	Ancylomarina euxinus	Ancylomarina	Marinifilaceae	Marinilabiliales	Bacteroidia	Bacteroidota	FCB group				
barcode16_120_filtered	209	555.6347374164476	0.011971016641526394	185300	Paludibacter propionicigenes	Paludibacter	Paludibacteraceae	Bacteroidales	Bacteroidia	Bacteroidota	FCB group				
barcode16_120_filtered	195	1105.4310864196198	0.023816246610354835	2909234	Alitabrizicola rongguiensis	Aliitabrizicola	Paracoccaceae	Rhodobacterales	Alphaproteobacteria	Pseudomonadota					
barcode16_120_filtered	195	21.428205509423464	0.00046166552858824657	2709381	Pseudotabrizicola algicola	Pseudotabrizicola	Paracoccaceae	Rhodobacterales	Alphaproteobacteria	Pseudomonadota					
barcode16_120_filtered	195	33.89946970950213	0.0007303559131638937	1445661	Aliigemmobacter aestuarii	Aliigemmobacter	Paracoccaceae	Rhodobacterales	Alphaproteobacteria	Pseudomonadota					
barcode16_120_filtered	55	60.48773031270369	0.001303193586398873	1679721	Herbinix luporum	Herbinix	Lachnospiraceae	Lachnospirales	Clostridia	Bacillota					
barcode16_120_filtered	232	240.9452284086177	0.005191106935443665	2507161	Acidilutibacter cellobiosedens	Acidilutibacter	Acidilutibacteraceae	Tissierellales	Tissierellia	Bacillota					
barcode16_120_filtered	37	16.912337540958692	0.00036437224046016785	192843	Rhodoferax ferrireducens	Rhodoferax	Comamonadaceae	Burkholderiales	Betaproteobacteria	Pseudomonadota					
barcode16_120_filtered	37	336.2259103975918	0.007243906288863337	2527691	Rhodoferax aquaticus	Rhodoferax	Comamonadaceae	Burkholderiales	Betaproteobacteria	Pseudomonadota					
barcode16_120_filtered	37	26.69542523714805	0.0005751465094721114	3386187	Candidatus Aalborgicola defluviihabitans	Candidatus Aalborgicola	Comamonadaceae	Burkholderiales	Betaproteobacteria	Pseudomonadota					
barcode16_120_filtered	1	29.000000000000444	0.0006247980178821597	233055	Desulfitobacterium dichloroeliminans	Desulfitobacterium	Desulfitobacteriaceae	Eubacteriales	Clostridia	Bacillota					
barcode16_120_filtered	124	28.31433369745621	0.0006100255024767038	2583234	Paragemmobacter kunshanensis	Paragemmobacter	Paracoccaceae	Rhodobacterales	Alphaproteobacteria	Pseudomonadota					
barcode16_120_filtered	196	1682.745988057988	0.036254357170267974	2496273	Xylanivirga thermophila	Xylanivirga	Xylanivirgaceae	Caldicoprobacterales	Clostridia	Bacillota					
barcode16_120_filtered	181	301.144391980481	0.006488083420887234	52692	Acetobacterium malicum	Acetobacterium	Eubacteriaceae	Eubacteriales	Clostridia	Bacillota					
barcode16_120_filtered	170	22.569617326428393	0.0004862569713762446	2786951	Falsiroseomonas ponticola	Falsiroseomonas	Roseomonadaceae	Acetobacterales	Alphaproteobacteria	Pseudomonadota					
barcode16_120_filtered	170	12.331735170903112	0.00026568426523544355	940141	Falsiroseomonas riguiloci	Falsiroseomonas	Roseomonadaceae	Acetobacterales	Alphaproteobacteria	Pseudomonadota					
barcode16_120_filtered	170	17.862678679764116	0.000384847111489047	484882	Falsiroseomonas stagni	Falsiroseomonas	Roseomonadaceae	Acetobacterales	Alphaproteobacteria	Pseudomonadota					
barcode16_120_filtered	127	32.78910686598744	0.0007064334130343088	2766473	Falsiroseomonas oryzae	Falsiroseomonas	Roseomonadaceae	Acetobacterales	Alphaproteobacteria	Pseudomonadota					
barcode16_120_filtered	105	504.59313846108023	0.010871337680945389	36849	Oxobacter pfennigii	Oxobacter	Clostridiaceae	Eubacteriales	Clostridia	Bacillota					
barcode16_120_filtered	19	194.01346134762068	0.0041799733135327085	342666	Gracilibacter thermotolerans	Gracilibacter	Gracilibacteraceae	Eubacteriales	Clostridia	Bacillota					
barcode16_120_filtered	57	75.22917146932457	0.001620794386929324	3408580	Anoxybacterium hadale	Anoxybacterium	Anaerovoracaceae	Peptostreptococcales	Clostridia	Bacillota					
barcode16_120_filtered	57	47.65183196907336	0.0010266472469907006	2818044	Sinanaerobacter chloroacetimidivorans	Sinanaerobacter	Anaerovoracaceae	Peptostreptococcales	Clostridia	Bacillota					
barcode16_120_filtered	57	12.121301755292256	0.0002611505279606217	33953	Clostridium aminobutyricum	Clostridium	Clostridiaceae	Eubacteriales	Clostridia	Bacillota					
barcode16_120_filtered	82	79.0	0.0017020359797479264	985	Cytophaga hutchinsonii	Cytophaga	Cytophagaceae	Cytophagales	Cytophagia	Bacteroidota	FCB group				
barcode16_120_filtered	28	198.94089540017927	0.004286133693852834	112901	Sporomusa malonica	Sporomusa	Sporomusaceae	Selenomonadales	Negativicutes	Bacillota					
barcode16_120_filtered	68	85.15047564360457	0.00183454649668436	398199	Proteiniclasticum ruminis	Proteiniclasticum	Clostridiaceae	Eubacteriales	Clostridia	Bacillota					
barcode16_120_filtered	68	51.525836968865995	0.0011101117519953893	2804028	Proteiniclasticum sediminis	Proteiniclasticum	Clostridiaceae	Eubacteriales	Clostridia	Bacillota					
barcode16_120_filtered	124	183.29278867272473	0.003948999001890008	2528036	Tabrizicola caldifontis	Tabrizicola	Paracoccaceae	Rhodobacterales	Alphaproteobacteria	Pseudomonadota					
barcode16_120_filtered	158	43.88263030638727	0.0009454407046512392	2782540	Sphingomonas beigongshangi	Sphingomonas	Sphingomonadaceae	Sphingomonadales	Alphaproteobacteria	Pseudomonadota					
barcode16_120_filtered	158	22.080357579675926	0.00047571598792795275	2949094	Sphingomonas liriopis	Sphingomonas	Sphingomonadaceae	Sphingomonadales	Alphaproteobacteria	Pseudomonadota					
barcode16_120_filtered	155	22.74821783558107	0.000490104876345601	2771430	Allosphingosinicella flava	Allosphingosinicella	Sphingomicrobiaceae	Sphingomonadales	Alphaproteobacteria	Pseudomonadota					
barcode16_120_filtered	220	21.000001267888848	0.000452439971299986	365341	Sphingobium aromaticiconvertens	Sphingobium	Sphingobiaceae	Sphingomonadales	Alphaproteobacteria	Pseudomonadota					
barcode16_120_filtered	182	71.06373696485207	0.0015310511034116571	1549748	Kiloniella litopenaei	Kiloniella	Kiloniellaceae	Rhodospirillales	Alphaproteobacteria	Pseudomonadota					
barcode16_120_filtered	143	1351.1942386459561	0.02911115455447498	879969	Macellibacteroides fermentans	Macellibacteroides	Porphyromonadaceae	Bacteroidales	Bacteroidia	Bacteroidota	FCB group				
barcode16_120_filtered	22	23.48371029288103	0.0005059508842589903	2908206	Sphingomonas brevis	Sphingomonas	Sphingomonadaceae	Sphingomonadales	Alphaproteobacteria	Pseudomonadota					
barcode16_120_filtered	22	20.017862456104876	0.00043128002706247713	2908208	Sphingomonas alba	Sphingomonas	Sphingomonadaceae	Sphingomonadales	Alphaproteobacteria	Pseudomonadota					
barcode16_120_filtered	22	54.12246615087944	0.0011660555025504566	2904799	Sphingomonas cremea	Sphingomonas	Sphingomonadaceae	Sphingomonadales	Alphaproteobacteria	Pseudomonadota					
barcode16_120_filtered	149	335.3946393122687	0.0072259967534691084	1161202	Erythrobacter colymbi	Erythrobacter	Erythrobacteraceae	Sphingomonadales	Alphaproteobacteria	Pseudomonadota					
barcode16_120_filtered	149	223.72798553128362	0.004820165582921116	3019556	Erythrobacter oryzae	Erythrobacter	Erythrobacteraceae	Sphingomonadales	Alphaproteobacteria	Pseudomonadota					
barcode16_120_filtered	149	33.84369921932821	0.0007291543513805495	2987523	Erythrobacter fulvus	Erythrobacter	Erythrobacteraceae	Sphingomonadales	Alphaproteobacteria	Pseudomonadota					
barcode16_120_filtered	149	29.57603082365939	0.0006372084632911643	198312	Erythrobacter sanguineus	Erythrobacter	Erythrobacteraceae	Sphingomonadales	Alphaproteobacteria	Pseudomonadota					
barcode16_120_filtered	248	39.0	0.0008402456102553054	1337094	Ercella succinigenes	Ercella	Oscillospiraceae	Eubacteriales	Clostridia	Bacillota					
barcode16_120_filtered	81	26.854478162373976	0.0005785732664520947	319644	Saccharofermentans acetigenes	Saccharofermentans	Oscillospiraceae	Eubacteriales	Clostridia	Bacillota					
barcode16_120_filtered	118	663.9218324828657	0.014304036033240672	100176	Papillibacter cinnamivorans	Papillibacter	Oscillospiraceae	Eubacteriales	Clostridia	Bacillota					
barcode16_120_filtered	104	22.115005203498743	0.0004764624626413604	1716543	Clostridium thermarum	Clostridium	Clostridiaceae	Eubacteriales	Clostridia	Bacillota					
barcode16_120_filtered	192	70.01031223297484	0.0015083553211887287	1550728	Blastomonas fulva	Blastomonas	Blastomonadaceae	Sphingomonadales	Alphaproteobacteria	Pseudomonadota					
barcode16_120_filtered	56	411.8027039853813	0.008872190110640554	1689270	Intestinimonas timonensis	Intestinimonas		Eubacteriales	Clostridia	Bacillota					
barcode16_120_filtered	41	21.88981588442273	0.0004716108129790527	3073143	Bengtsoniella intestinalis	Bengtsoniella	Oscillospiraceae	Eubacteriales	Clostridia	Bacillota					
barcode16_120_filtered	131	51.31793761330085	0.0011056326104341451	1870986	Colidextribacter massiliensis	Colidextribacter		Eubacteriales	Clostridia	Bacillota					
barcode16_120_filtered	67	16.192137216314315	0.0003488556978630683	3376993	Vescimonas sanitatis	Vescimonas	Oscillospiraceae	Eubacteriales	Clostridia	Bacillota					
barcode16_120_filtered	17	203.05291045520246	0.004374726068193525	2763673	Yanshouia hominis	Yanshouia	Oscillospiraceae	Eubacteriales	Clostridia	Bacillota					
barcode16_120_filtered	149	317.22670080531026	0.006834572892498336	2969984	Parerythrobacter lacustris	Parerythrobacter	Erythrobacteraceae	Sphingomonadales	Alphaproteobacteria	Pseudomonadota					
barcode16_120_filtered	149	20.948456272638783	0.00045132944678743473	1532023	Qipengyuania sediminis	Qipengyuania	Erythrobacteraceae	Sphingomonadales	Alphaproteobacteria	Pseudomonadota					
barcode16_120_filtered	149	20.87282502414673	0.0004496999897478559	3127706	Parerythrobacter aurantius	Parerythrobacter	Erythrobacteraceae	Sphingomonadales	Alphaproteobacteria	Pseudomonadota					
barcode16_120_filtered	184	31.353308008545216	0.0006754994723375033	2817372	Rubellimicrobium arenae	Rubellimicrobium	Roseobacteraceae	Rhodobacterales	Alphaproteobacteria	Pseudomonadota					
barcode16_120_filtered	184	212.08479870091506	0.004569315925905743	687525	Rubellimicrobium roseum	Rubellimicrobium	Roseobacteraceae	Rhodobacterales	Alphaproteobacteria	Pseudomonadota					
barcode16_120_filtered	184	82.22375192017958	0.001771490938709029	2585369	Rubellimicrobium rubrum	Rubellimicrobium	Roseobacteraceae	Rhodobacterales	Alphaproteobacteria	Pseudomonadota					
barcode16_120_filtered	216	136.6779994247599	0.0029446945906444013	642589	Caproiciproducens galactitolivorans	Caproiciproducens	Acutalibacteraceae	Eubacteriales	Clostridia	Bacillota					
barcode16_120_filtered	200	19.008718756829563	0.00040953826902573656	2780922	Solibaculum mannosilyticum	Solibaculum	Oscillospiraceae	Eubacteriales	Clostridia	Bacillota					
barcode16_120_filtered	88	17.81071394374179	0.0003837275437626153	2991836	Faecalispora anaeroviscerum	Faecalispora	Oscillospiraceae	Eubacteriales	Clostridia	Bacillota					
barcode16_120_filtered	101	14.001022288159895	0.0003016486542746934	1776382	Neglectibacter timonensis	Neglectibacter	Oscillospiraceae	Eubacteriales	Clostridia	Bacillota					
barcode16_120_filtered	180	26.700565766662997	0.0005752572609428633	665118	Devosia enhydra	Devosia	Devosiaceae	Hyphomicrobiales	Alphaproteobacteria	Pseudomonadota					
barcode16_120_filtered	28	13.11360899758691	0.0002825295485853045	47679	Sporomusa sphaeroides	Sporomusa	Sporomusaceae	Selenomonadales	Negativicutes	Bacillota					
barcode16_120_filtered	212	108.03486607530088	0.002327585178827984	1678841	Lentimicrobium saccharophilum	Lentimicrobium	Lentimicrobiaceae	Bacteroidales	Bacteroidia	Bacteroidota	FCB group				
barcode16_120_filtered	210	74.00000010070701	0.0015943121857310571	758823	Vampirovibrio chlorellavorus	Vampirovibrio		Vampirovibrionales	Vampirovibriophyceae	Candidatus Melainabacteria	Cyanobacteriota/Melainabacteria group				
barcode16_120_filtered	79	33.99936441633463	0.0007325081205716822	65655	Hydrogenophaga palleronii	Hydrogenophaga	Comamonadaceae	Burkholderiales	Betaproteobacteria	Pseudomonadota					
barcode16_120_filtered	23	239.52389508161164	0.005160484651117347	2590199	Anaeromyxobacter diazotrophicus	Anaeromyxobacter	Anaeromyxobacteraceae	Myxococcales	Myxococcia	Myxococcota					
barcode16_120_filtered	184	15.312025166409342	0.00032989389564600543	295419	Rubellimicrobium thermophilum	Rubellimicrobium	Roseobacteraceae	Rhodobacterales	Alphaproteobacteria	Pseudomonadota					
barcode16_120_filtered	38	89.0775494884982	0.0019191543571797523	49338	Desulfitobacterium hafniense	Desulfitobacterium	Desulfitobacteriaceae	Eubacteriales	Clostridia	Bacillota					
barcode16_120_filtered	38	26.907694353683176	0.0005797197964813784	36854	Desulfitobacterium dehalogenans	Desulfitobacterium	Desulfitobacteriaceae	Eubacteriales	Clostridia	Bacillota					
barcode16_120_filtered	11	22.672757085991684	0.0004884790926638303	2018669	Desulfosporosinus fructosivorans	Desulfosporosinus	Desulfitobacteriaceae	Eubacteriales	Clostridia	Bacillota					
barcode16_120_filtered	152	36.83904372506906	0.0007936883275895521	1673717	Anaeromassilibacillus senegalensis	Anaeromassilibacillus	Acutalibacteraceae	Eubacteriales	Clostridia	Bacillota					
barcode16_120_filtered	121	366.5385104739852	0.007896983959366265	2941510	Pumilibacter muris	Pumilibacter	Pumilibacteraceae	Eubacteriales	Clostridia	Bacillota					
barcode16_120_filtered	102	97.53148676447128	0.0021012924003979594	2508949	Candidatus Borkfalkia ceftriaxoniphila	Candidatus Borkfalkia	Christensenellaceae	Christensenellales	Clostridia	Bacillota					
barcode16_120_filtered	153	28.337141423396112	0.0006105168894408298	433286	Anaerocolumna cellulosilytica	Anaerocolumna	Lachnospiraceae	Lachnospirales	Clostridia	Bacillota					
barcode16_120_filtered	153	12.997401836104196	0.0002800258932695076	1727145	Anaerocolumna chitinilytica	Anaerocolumna	Lachnospiraceae	Lachnospirales	Clostridia	Bacillota					
barcode16_120_filtered	36	40.0	0.0008617903694926209	2708020	Legionella antarctica	Legionella	Legionellaceae	Legionellales	Gammaproteobacteria	Pseudomonadota					
barcode16_120_filtered	139	93.08139214664449	0.0020054161832736075	173675	Sphingopyxis witflariensis	Sphingopyxis	Sphingopyxidaceae	Sphingomonadales	Alphaproteobacteria	Pseudomonadota					
barcode16_120_filtered	139	28.998534726570536	0.0006247664489188956	2871171	Sphingopyxis jiangsuensis	Sphingopyxis	Sphingopyxidaceae	Sphingomonadales	Alphaproteobacteria	Pseudomonadota					
barcode16_120_filtered	139	51.123177846573235	0.001101436558150883	33052	Sphingopyxis terrae	Sphingopyxis	Sphingopyxidaceae	Sphingomonadales	Alphaproteobacteria	Pseudomonadota					
barcode16_120_filtered	139	32.08010037714326	0.0006911580389344664	651663	Sphingopyxis bauzanensis	Sphingopyxis	Sphingopyxidaceae	Sphingomonadales	Alphaproteobacteria	Pseudomonadota					
barcode16_120_filtered	44	63.00000000000001	0.001357319831950878	1803913	Steroidobacter cummioxidans	Steroidobacter	Steroidobacteraceae	Steroidobacterales	Gammaproteobacteria	Pseudomonadota					
barcode16_120_filtered	25	18.928873769591508	0.0004078180279993861	1514105	Erysipelothrix larvae	Erysipelothrix	Erysipelotrichaceae	Erysipelotrichales	Erysipelotrichia	Bacillota					
barcode16_120_filtered	128	80.17489988624114	0.001727348914924941	118967	Anaerorhabdus furcosa	Anaerorhabdus	Erysipelotrichaceae	Erysipelotrichales	Erysipelotrichia	Bacillota					
barcode16_120_filtered	169	109.00000005677713	0.0023483787580906414	1960156	Abditibacterium utsteinense	Abditibacterium	Abditibacteriaceae	Abditibacteriales	Abditibacteriia	Abditibacteriota					
barcode16_120_filtered	150	87.46697472779121	0.001884454911726623	1439888	Sandarakinorhabdus fusca	Sandarakinorhabdus	Sphingosinicellaceae	Sphingomonadales	Alphaproteobacteria	Pseudomonadota					
barcode16_120_filtered	237	120.68312358816836	0.002600088841714281	2763654	Luoshenia tenuis	Luoshenia	Christensenellaceae	Christensenellales	Clostridia	Bacillota					
barcode16_120_filtered	158	16.797510248602403	0.0003618983140924788	2559804	Sphingomonas flavalba	Sphingomonas	Sphingomonadaceae	Sphingomonadales	Alphaproteobacteria	Pseudomonadota					
barcode16_120_filtered	124	58.03155480779239	0.0012502758765009672	2852097	Paragemmobacter amnigenus	Paragemmobacter	Paracoccaceae	Rhodobacterales	Alphaproteobacteria	Pseudomonadota					
barcode16_120_filtered	192	16.157903933841595	0.00034811815003429056	1538021	Novosphingobium tardum	Novosphingobium	Sphingomonadaceae	Sphingomonadales	Alphaproteobacteria	Pseudomonadota					
barcode16_120_filtered	22	36.63949981569629	0.000789389202104843	335605	Sphingomonas rosea	Sphingomonas	Sphingomonadaceae	Sphingomonadales	Alphaproteobacteria	Pseudomonadota					
barcode16_120_filtered	72	26.669863122604756	0.0005745957798686794	2086583	Pseudoruminococcus massiliensis	Pseudoruminococcus	Acutalibacteraceae	Eubacteriales	Clostridia	Bacillota					
barcode16_120_filtered	96	22.017202042676132	0.0004743553170887888	2885357	Hominenteromicrobium mulieris	Hominenteromicrobium	Oscillospiraceae	Eubacteriales	Clostridia	Bacillota					
barcode16_120_filtered	145	29.815321738665382	0.0006423639284426453	112729	Caloramator viterbiensis	Caloramator	Clostridiaceae	Eubacteriales	Clostridia	Bacillota					
barcode16_120_filtered	27	40.35778027122532	0.000869498659296032	2732868	Pseudaquabacterium terrae	Pseudaquabacterium	Sphaerotilaceae	Burkholderiales	Betaproteobacteria	Pseudomonadota					
barcode16_120_filtered	110	52.41850272222413	0.0011293440207308873	1468449	Holdemania massiliensis	Holdemania	Erysipelotrichaceae	Erysipelotrichales	Erysipelotrichia	Bacillota					
barcode16_120_filtered	23	11.540798616958048	0.0002486437276087051	2918171	Anaeromyxobacter paludicola	Anaeromyxobacter	Anaeromyxobacteraceae	Myxococcales	Myxococcia	Myxococcota					
barcode16_120_filtered	23	15.916202518250826	0.00034291075122806904	2925406	Anaeromyxobacter terrae	Anaeromyxobacter	Anaeromyxobacteraceae	Myxococcales	Myxococcia	Myxococcota					
barcode16_120_filtered	211	108.48626868793065	0.0023373105394361876	1305696	Novosphingobium arabidopsis	Novosphingobium	Sphingomonadaceae	Sphingomonadales	Alphaproteobacteria	Pseudomonadota					
barcode16_120_filtered	207	151.51299052344507	0.0032643109021532925	203699	Derxia gummosa	Derxia	Alcaligenaceae	Burkholderiales	Betaproteobacteria	Pseudomonadota					
barcode16_120_filtered	99	24.183182960702467	0.0005210208544802859	47671	Lautropia mirabilis	Lautropia	Burkholderiaceae	Burkholderiales	Betaproteobacteria	Pseudomonadota					
barcode16_120_filtered	155	12.509177752722543	0.00026950722293919086	2707068	Sphingomonas montis	Sphingomonas	Sphingomonadaceae	Sphingomonadales	Alphaproteobacteria	Pseudomonadota					
barcode16_120_filtered	224	78.99974122024909	0.0017020304044004975	1944642	Marasmitruncus massiliensis	Marasmitruncus	Oscillospiraceae	Eubacteriales	Clostridia	Bacillota					
barcode16_120_filtered	92	46.0	0.000991058924916514	1855912	Luteitalea pratensis	Luteitalea	Vicinamibacteraceae	Vicinamibacterales	Vicinamibacteria	Acidobacteriota					
barcode16_120_filtered	27	92.06368562151516	0.0019834899412154512	2824118	Ideonella alba	Ideonella	Sphaerotilaceae	Burkholderiales	Betaproteobacteria	Pseudomonadota					
barcode16_120_filtered	103	41.9999999872844	0.0009048798876932974	2835041	Bdellovibrio reynosensis	Bdellovibrio	Pseudobdellovibrionaceae	Bdellovibrionales	Bdellovibrionia	Bdellovibrionota					
barcode16_120_filtered	180	25.300589181289133	0.0005450951024731042	408174	Devosia insulae	Devosia	Devosiaceae	Hyphomicrobiales	Alphaproteobacteria	Pseudomonadota					
barcode16_120_filtered	115	101.58938673267713	0.0021887188782220646	2014610	Roseisolibacter agri	Roseisolibacter	Gemmatimonadaceae	Gemmatimonadales	Gemmatimonadia	Gemmatimonadota	FCB group				
barcode16_120_filtered	149	31.71070544736817	0.0006831995141089771	2509361	Qipengyuania thermophila	Qipengyuania	Erythrobacteraceae	Sphingomonadales	Alphaproteobacteria	Pseudomonadota					
barcode16_120_filtered	171	68.50684385094516	0.001475963456876983	2913411	Sandaracinobacteroides sayramensis	Sandaracinobacteroides	Sphingosinicellaceae	Sphingomonadales	Alphaproteobacteria	Pseudomonadota					
barcode16_120_filtered	197	18.528249019743107	0.0003991866642193926	95159	Caloramator coolhaasii	Caloramator	Clostridiaceae	Eubacteriales	Clostridia	Bacillota					
barcode16_120_filtered	126	38.21453350014849	0.0008233229236270278	2054628	Alteraurantiacibacter palmitatis	Alteraurantiacibacter	Erythrobacteraceae	Sphingomonadales	Alphaproteobacteria	Pseudomonadota					
barcode16_120_filtered	95	80.00000000000092	0.0017235807389852618	2059302	Pseudochryseolinea flava	Pseudochryseolinea	Fulvivirgaceae	Cytophagales	Cytophagia	Bacteroidota	FCB group				
barcode16_120_filtered	124	21.531268002576578	0.0004638859851896279	2699202	Stagnihabitans tardus	Stagnihabitans	Paracoccaceae	Rhodobacterales	Alphaproteobacteria	Pseudomonadota					
barcode16_120_filtered	195	30.067243206647213	0.0006477915158170249	933059	Gemmobacter aquatilis	Gemmobacter	Paracoccaceae	Rhodobacterales	Alphaproteobacteria	Pseudomonadota					
barcode16_120_filtered	228	12.000000000000046	0.00025853711084778726	1796619	Irregularibacter muris	Irregularibacter	Eubacteriaceae	Eubacteriales	Clostridia	Bacillota					
barcode16_120_filtered	134	83.38408521249835	0.0017964900401270785	173676	Novosphingobium hassiacum	Novosphingobium	Sphingomonadaceae	Sphingomonadales	Alphaproteobacteria	Pseudomonadota					
barcode16_120_filtered	211	24.21723404161074	0.0005217544768202249	48935	Novosphingobium aromaticivorans	Novosphingobium	Sphingomonadaceae	Sphingomonadales	Alphaproteobacteria	Pseudomonadota					
barcode16_120_filtered	37	28.659849025212086	0.0006174695470260064	2793270	Caenimonas aquaedulcis	Caenimonas	Comamonadaceae	Burkholderiales	Betaproteobacteria	Pseudomonadota					
barcode16_120_filtered	37	36.4256740796092	0.000784782378102105	2596921	Caenimonas sedimenti	Caenimonas	Comamonadaceae	Burkholderiales	Betaproteobacteria	Pseudomonadota					
barcode16_120_filtered	43	185.99461100173136	0.004007209113470459	2725268	Hujiaoplasma nucleasis	Hujiaoplasma	Hujiaoplasmataceae	Candidatus Izemoplasmatales	Mollicutes	Mycoplasmatota					
barcode16_120_filtered	255	13.0	0.0002800818700851018	2820301	Caproiciproducens faecalis	Caproiciproducens	Acutalibacteraceae	Eubacteriales	Clostridia	Bacillota					
barcode16_120_filtered	199	33.76052929221295	0.0007273624753250663	1549638	Quisquiliibacterium transsilvanicum	Quisquiliibacterium	Burkholderiaceae	Burkholderiales	Betaproteobacteria	Pseudomonadota					
barcode16_120_filtered	236	18.986227970033365	0.0004090537104391547	2547397	Antarcticimicrobium luteum	Antarcticimicrobium	Paracoccaceae	Rhodobacterales	Alphaproteobacteria	Pseudomonadota					
barcode16_120_filtered	42	42.0	0.000904879887967252	2588534	Methylophilus medardicus	Methylophilus	Methylophilaceae	Nitrosomonadales	Betaproteobacteria	Pseudomonadota					
barcode16_120_filtered	254	46.997413620400636	0.001012547961228065	1348470	Asprobacter aquaticus	Asprobacter	Hyphomonadaceae	Hyphomonadales	Alphaproteobacteria	Pseudomonadota					
barcode16_120_filtered	40	22.53540311371391	0.0004855198344008168	2976531	Propionivibrio soli	Propionivibrio	Rhodocyclaceae	Rhodocyclales	Betaproteobacteria	Pseudomonadota					
barcode16_120_filtered	40	133.7583787013812	0.00288179206509493	2954386	Candidatus Accumulibacter necessarius	Candidatus Accumulibacter			Betaproteobacteria	Pseudomonadota					
barcode16_120_filtered	40	20.58305474314883	0.0004434569588096268	1860102	Candidatus Accumulibacter aalborgensis	Candidatus Accumulibacter			Betaproteobacteria	Pseudomonadota					
barcode16_120_filtered	40	38.91543636399722	0.0008384237070773936	1860101	Candidatus Propionivibrio aalborgensis	Propionivibrio	Rhodocyclaceae	Rhodocyclales	Betaproteobacteria	Pseudomonadota					
barcode16_120_filtered	80	40.99998907279171	0.0008833348933058648	474960	Hydrogenoanaerobacterium saccharovorans	Hydrogenoanaerobacterium	Oscillospiraceae	Eubacteriales	Clostridia	Bacillota					
barcode16_120_filtered	136	18.54877242614676	0.0003996288360690888	1384639	Aridibacter kavangonensis	Aridibacter	Blastocatellaceae	Blastocatellales	Blastocatellia	Acidobacteriota					
barcode16_120_filtered	127	30.465708927659215	0.0006563763638405518	2184016	Falsiroseomonas bella	Falsiroseomonas	Roseomonadaceae	Acetobacterales	Alphaproteobacteria	Pseudomonadota					
barcode16_120_filtered	108	20.81428132011336	0.0004484386797395962	933068	Ilyobacter delafieldii	Ilyobacter	Fusobacteriaceae	Fusobacteriales	Fusobacteriia	Fusobacteriota					
barcode16_120_filtered	61	19.571810106011466	0.00042166993657247583	2530451	Ramlibacter humi	Ramlibacter	Comamonadaceae	Burkholderiales	Betaproteobacteria	Pseudomonadota					
barcode16_120_filtered	61	13.890597132404055	0.0002992695708801908	2801330	Ramlibacter aurantiacus	Ramlibacter	Comamonadaceae	Burkholderiales	Betaproteobacteria	Pseudomonadota					
barcode16_120_filtered	61	22.11407074291527	0.0004764423299130727	2764187	Ramlibacter cellulosilyticus	Ramlibacter	Comamonadaceae	Burkholderiales	Betaproteobacteria	Pseudomonadota					
barcode16_120_filtered	61	26.340755881030045	0.0005675052435856953	2780087	Ramlibacter pallidus	Ramlibacter	Comamonadaceae	Burkholderiales	Betaproteobacteria	Pseudomonadota					
barcode16_120_filtered	22	115.93305124767615	0.0024977496767785447	2992113	Sphingomonas arvum	Sphingomonas	Sphingomonadaceae	Sphingomonadales	Alphaproteobacteria	Pseudomonadota					
barcode16_120_filtered	65	23.595560771967087	0.0005083606759014777	2763042	Dysosmobacter segnis	Dysosmobacter	Oscillospiraceae	Eubacteriales	Clostridia	Bacillota					
barcode16_120_filtered	124	33.15995598015992	0.0007144232679125265	2593021	Tabrizicola flagellatus	Tabrizicola	Paracoccaceae	Rhodobacterales	Alphaproteobacteria	Pseudomonadota					
barcode16_120_filtered	114	19.000975405233035	0.0004093714403798995	1282858	Sphingorhabdus rigui	Sphingorhabdus	Sphingorhabdaceae	Sphingomonadales	Alphaproteobacteria	Pseudomonadota					
barcode16_120_filtered	114	25.29766242126681	0.0005450320461330779	1078469	Sphingorhabdus planktonica	Sphingorhabdus	Sphingorhabdaceae	Sphingomonadales	Alphaproteobacteria	Pseudomonadota					
barcode16_120_filtered	114	13.464849796327014	0.0002900969470284825	940136	Sphingorhabdus wooponensis	Sphingorhabdus	Sphingorhabdaceae	Sphingomonadales	Alphaproteobacteria	Pseudomonadota					
barcode16_120_filtered	135	50.00000000000001	0.0010772379618657763	1427356	Hyphomicrobium nitrativorans	Hyphomicrobium	Hyphomicrobiaceae	Hyphomicrobiales	Alphaproteobacteria	Pseudomonadota					
barcode16_120_filtered	150	45.2397888084425	0.0009746803578248949	2675220	Sandarakinorhabdus oryzae	Sandarakinorhabdus	Sphingosinicellaceae	Sphingomonadales	Alphaproteobacteria	Pseudomonadota					
barcode16_120_filtered	150	14.238312594838874	0.0003067610168014408	1981098	Sandarakinorhabdus cyanobacteriorum	Sandarakinorhabdus	Sphingosinicellaceae	Sphingomonadales	Alphaproteobacteria	Pseudomonadota					
barcode16_120_filtered	150	30.05503617718858	0.0006475285183063359	2672568	Sandarakinorhabdus rubra	Sandarakinorhabdus	Sphingosinicellaceae	Sphingomonadales	Alphaproteobacteria	Pseudomonadota					
barcode16_120_filtered	124	97.04724812230035	0.002090859595438982	2670345	Tabrizicola thermarum	Tabrizicola	Paracoccaceae	Rhodobacterales	Alphaproteobacteria	Pseudomonadota					
barcode16_120_filtered	16	45.42058083604409	0.0009785754785315974	3375356	Desulfitobacterium nosdiversum	Desulfitobacterium	Desulfitobacteriaceae	Eubacteriales	Clostridia	Bacillota					
barcode16_120_filtered	240	20.0	0.00043089518474631047	2884263	Dermatobacter hominis	Dermatobacter	Iamiaceae	Acidimicrobiales	Acidimicrobiia	Actinomycetota					
barcode16_120_filtered	123	42.999997955927846	0.000926424603165525	2038680	Paludihabitans psychrotolerans	Paludihabitans	Oscillospiraceae	Eubacteriales	Clostridia	Bacillota					
barcode16_120_filtered	114	16.236512740839952	0.00034981175785500277	392610	Sphingorhabdus lacus	Sphingorhabdus	Sphingorhabdaceae	Sphingomonadales	Alphaproteobacteria	Pseudomonadota					
barcode16_120_filtered	194	40.03444237429155	0.0008625324221542939	29345	Sedimentibacter hydroxybenzoicus	Sedimentibacter			Tissierellia	Bacillota					
barcode16_120_filtered	18	70.85399760946403	0.0015265323194972322	107709	Opitutus terrae	Opitutus	Opitutaceae	Opitutales	Opitutia	Verrucomicrobiota	PVC group				
barcode16_120_filtered	139	27.489925450679813	0.000592263825286649	574956	Novosphingobium soli	Novosphingobium	Sphingomonadaceae	Sphingomonadales	Alphaproteobacteria	Pseudomonadota					
barcode16_120_filtered	117	130.0171994331148	0.0028011892584964945	1332188	Candidatus Saccharimonas aalborgensis	Candidatus Saccharimonas	Candidatus Saccharimonadaceae	Candidatus Saccharimonadales	Candidatus Saccharimonadia	Candidatus Saccharimonadota	Bacteria candidate phyla				
barcode16_120_filtered	208	12.299109086702925	0.00026498134410649413	74313	Brevundimonas subvibrioides	Brevundimonas	Caulobacteraceae	Caulobacterales	Alphaproteobacteria	Pseudomonadota					
barcode16_120_filtered	208	22.700890913297076	0.0004890852291995492	74312	Brevundimonas variabilis	Brevundimonas	Caulobacteraceae	Caulobacterales	Alphaproteobacteria	Pseudomonadota					
barcode16_120_filtered	201	21.0	0.000452439943983626	111831	Defluviicoccus vanus	Defluviicoccus	Rhodospirillaceae	Rhodospirillales	Alphaproteobacteria	Pseudomonadota					
barcode16_120_filtered	238	29.999999513494465	0.0006463427666378211	1473598	Paludibaculum fermentans	Paludibaculum	Bryobacteraceae	Bryobacterales	Terriglobia	Acidobacteriota					
barcode16_120_filtered	45	58.19025902841985	0.0012536951207243316	1379270	Gemmatimonas phototrophica	Gemmatimonas	Gemmatimonadaceae	Gemmatimonadales	Gemmatimonadia	Gemmatimonadota	FCB group				
barcode16_120_filtered	133	43.0	0.0009264246472045675	55583	Dehalobacter restrictus	Dehalobacter	Desulfitobacteriaceae	Eubacteriales	Clostridia	Bacillota					
barcode16_120_filtered	122	22.52783646342092	0.0004853568127420213	1367462	Clostridium swellfunianum	Clostridium	Clostridiaceae	Eubacteriales	Clostridia	Bacillota					
barcode16_120_filtered	6	35.400910715844724	0.0007627040981545777	59610	Desulforamulus reducens	Desulforamulus	Peptococcaceae	Eubacteriales	Clostridia	Bacillota					
barcode16_120_filtered	144	17.067121898161385	0.00036770703216980257	2655001	Alkalibaculum sporogenes	Alkalibaculum	Eubacteriaceae	Eubacteriales	Clostridia	Bacillota					
barcode16_120_filtered	98	30.000000000000004	0.0006463427771194657	185243	Propionicimonas paludicola	Propionicimonas	Nocardioidaceae	Propionibacteriales	Actinomycetes	Actinomycetota					
barcode16_120_filtered	132	25.000000000000004	0.0005386189809328881	2607497	Actinotalea subterranea	Actinotalea	Cellulomonadaceae	Micrococcales	Actinomycetes	Actinomycetota					
barcode16_120_filtered	160	44.383209381377405	0.0009562255603011398	2994654	Kaistia nematophila	Kaistia	Kaistiaceae	Hyphomicrobiales	Alphaproteobacteria	Pseudomonadota					
barcode16_120_filtered	163	23.0	0.000495529462458257	147266	Agrobacterium albertimagni	Agrobacterium	Rhizobiaceae	Hyphomicrobiales	Alphaproteobacteria	Pseudomonadota					
barcode16_120_filtered	89	55.99999999999999	0.0012065065172896692	2904245	Fulvivirga ulvae	Fulvivirga	Fulvivirgaceae	Cytophagales	Cytophagia	Bacteroidota	FCB group				
barcode16_120_filtered	39	25.354071410270617	0.0005462473642199853	673862	Candidatus Babela massiliensis	Candidatus Babela	Candidatus Babeliaceae	Candidatus Babeliales	Candidatus Babeliae		Bacteria candidate phyla				
barcode16_120_filtered	107	51.0	0.0010987827211030917	1511	Acetoanaerobium sticklandii	Acetoanaerobium	Filifactoraceae	Peptostreptococcales	Clostridia	Bacillota					
barcode16_120_filtered	73	16.9999999999975	0.00036626090703431	2763058	Parabacteroides segnis	Parabacteroides	Tannerellaceae	Bacteroidales	Bacteroidia	Bacteroidota	FCB group				
barcode16_120_filtered	183	21.0	0.000452439943983626	1310417	Ferruginibacter paludis	Ferruginibacter	Chitinophagaceae	Chitinophagales	Chitinophagia	Bacteroidota	FCB group				
barcode16_120_filtered	45	68.70507740757142	0.0014802343511272525	2732249	Gemmatimonas groenlandica	Gemmatimonas	Gemmatimonadaceae	Gemmatimonadales	Gemmatimonadia	Gemmatimonadota	FCB group				
barcode16_120_filtered	31	22.645928589721077	0.00048790107917098086	2066483	Candidatus Chromulinivorax destructor	Candidatus Chromulinivorax	Candidatus Chromulinivoraceae	Candidatus Babeliales	Candidatus Babeliae		Bacteria candidate phyla				
barcode16_120_filtered	146	12.957198093665715	0.0002791597133182315	884684	Mageeibacillus indolicus	Mageeibacillus	Oscillospiraceae	Eubacteriales	Clostridia	Bacillota					
barcode16_120_filtered	130	37.80701183967786	0.000814542967568197	1516126	Dysgonomonas termitidis	Dysgonomonas	Dysgonomonadaceae	Bacteroidales	Bacteroidia	Bacteroidota	FCB group				
barcode16_120_filtered	126	13.785472321760535	0.00029700468214500776	1503981	Alteraurantiacibacter buctensis	Alteraurantiacibacter	Erythrobacteraceae	Sphingomonadales	Alphaproteobacteria	Pseudomonadota					
barcode16_120_filtered	76	12.0	0.0002585371108477863	2594430	Flavobacterium franklandianum	Flavobacterium	Flavobacteriaceae	Flavobacteriales	Flavobacteriia	Bacteroidota	FCB group				
barcode16_120_filtered	226	17.757792502698234	0.0003825873640568401	1141888	Sphingomonas difficilis	Sphingomonas	Sphingomonadaceae	Sphingomonadales	Alphaproteobacteria	Pseudomonadota					
barcode16_120_filtered	151	51.0	0.0010987827211030917	2675059	Lysobacter helvus	Lysobacter	Lysobacteraceae	Lysobacterales	Gammaproteobacteria	Pseudomonadota					
barcode16_120_filtered	175	18.999999999999897	0.00040935042550899274	912	Nitrobacter hamburgensis	Nitrobacter	Nitrobacteraceae	Hyphomicrobiales	Alphaproteobacteria	Pseudomonadota					
barcode16_120_filtered	239	17.0	0.0003662609070343639	1639882	Longimicrobium terrae	Longimicrobium	Longimicrobiaceae	Longimicrobiales	Longimicrobiia	Gemmatimonadota	FCB group				
barcode16_120_filtered	78	18.871790125031573	0.00040658817462095386	2963406	Microcella humidisoli	Microcella	Microbacteriaceae	Micrococcales	Actinomycetes	Actinomycetota					
barcode16_120_filtered	24	16.999999999999993	0.0003662609070343637	1203471	Geotalea daltonii	Geotalea	Geobacteraceae	Geobacterales	Desulfuromonadia	Thermodesulfobacteriota					
barcode16_120_filtered	223	10.000005300111306	0.00021544770656277727	261934	Pleomorphomonas oryzae	Pleomorphomonas	Pleomorphomonadaceae	Hyphomicrobiales	Alphaproteobacteria	Pseudomonadota					
barcode16_120_filtered	235	13.0	0.0002800818700851018	360412	Longilinea arvoryzae	Longilinea	Anaerolineaceae	Anaerolineales	Anaerolineae	Chloroflexota					
barcode17_120_filtered	100	2463.214767976629	0.052687958930859854	1096341	Fonticella tunisiensis	Fonticella	Clostridiaceae	Eubacteriales	Clostridia	Bacillota					
barcode17_120_filtered	233	24.169424071774127	0.000516981969835386	655338	Fervidicella metallireducens	Fervidicella	Clostridiaceae	Eubacteriales	Clostridia	Bacillota					
barcode17_120_filtered	66	19.886772036487958	0.00042537639914628475	1147123	Caloramator quimbayensis	Caloramator	Clostridiaceae	Eubacteriales	Clostridia	Bacillota					
barcode17_120_filtered	61	13.316481477689955	0.00028483843078629237	2530451	Ramlibacter humi	Ramlibacter	Comamonadaceae	Burkholderiales	Betaproteobacteria	Pseudomonadota					
barcode17_120_filtered	61	25.86180649742552	0.0005531818891023832	2780087	Ramlibacter pallidus	Ramlibacter	Comamonadaceae	Burkholderiales	Betaproteobacteria	Pseudomonadota					
barcode17_120_filtered	61	14.739131802464748	0.00031526880285907784	2801330	Ramlibacter aurantiacus	Ramlibacter	Comamonadaceae	Burkholderiales	Betaproteobacteria	Pseudomonadota					
barcode17_120_filtered	37	23.221190578895662	0.0004966993343221677	2793270	Caenimonas aquaedulcis	Caenimonas	Comamonadaceae	Burkholderiales	Betaproteobacteria	Pseudomonadota					
barcode17_120_filtered	27	208.2512321711002	0.004454476528226139	1547922	Piscinibacter sakaiensis	Piscinibacter	Sphaerotilaceae	Burkholderiales	Betaproteobacteria	Pseudomonadota					
barcode17_120_filtered	27	93.67903617440105	0.002003786789039829	391953	Aquincola tertiaricarbonis	Aquincola	Sphaerotilaceae	Burkholderiales	Betaproteobacteria	Pseudomonadota					
barcode17_120_filtered	27	209.6037627447863	0.004483407044657575	1597781	Eleftheria terrae	Eleftheria		Burkholderiales	Betaproteobacteria	Pseudomonadota					
barcode17_120_filtered	27	111.45143886862208	0.002383937003884881	3119538	Aquincola agrisoli	Aquincola	Sphaerotilaceae	Burkholderiales	Betaproteobacteria	Pseudomonadota					
barcode17_120_filtered	27	24.394207829400568	0.0005217900757074836	392597	Piscinibacter aquaticus	Piscinibacter	Sphaerotilaceae	Burkholderiales	Betaproteobacteria	Pseudomonadota					
barcode17_120_filtered	209	380.5563288095464	0.008140068208370868	185300	Paludibacter propionicigenes	Paludibacter	Paludibacteraceae	Bacteroidales	Bacteroidia	Bacteroidota	FCB group				
barcode17_120_filtered	26	566.96360247468	0.012127304281719748	3046383	Aristaeella lactis	Aristaeella	Aristaeellaceae	Eubacteriales	Clostridia	Bacillota					
barcode17_120_filtered	26	114.31645814610222	0.0024452195278411634	3046382	Aristaeella hokkaidonensis	Aristaeella	Aristaeellaceae	Eubacteriales	Clostridia	Bacillota					
barcode17_120_filtered	70	1787.4315765031956	0.03823301269498397	1852363	Beduinella massiliensis	Beduinella	Beduinellaceae	Eubacteriales	Clostridia	Bacillota					
barcode17_120_filtered	190	1537.0871065433282	0.03287816531289872	937251	Youngiibacter multivorans	Youngiibacter	Clostridiaceae	Eubacteriales	Clostridia	Bacillota					
barcode17_120_filtered	68	67.19505207653394	0.0014372965728333927	398199	Proteiniclasticum ruminis	Proteiniclasticum	Clostridiaceae	Eubacteriales	Clostridia	Bacillota					
barcode17_120_filtered	68	65.40429997481971	0.0013989925343804348	2804028	Proteiniclasticum sediminis	Proteiniclasticum	Clostridiaceae	Eubacteriales	Clostridia	Bacillota					
barcode17_120_filtered	184	12.058850335654476	0.0002579378053015866	1123067	Rubellimicrobium mesophilum	Rubellimicrobium	Roseobacteraceae	Rhodobacterales	Alphaproteobacteria	Pseudomonadota					
barcode17_120_filtered	184	425.0977240752963	0.009092804946959344	687525	Rubellimicrobium roseum	Rubellimicrobium	Roseobacteraceae	Rhodobacterales	Alphaproteobacteria	Pseudomonadota					
barcode17_120_filtered	184	104.74994018124198	0.0022405925045719233	2585369	Rubellimicrobium rubrum	Rubellimicrobium	Roseobacteraceae	Rhodobacterales	Alphaproteobacteria	Pseudomonadota					
barcode17_120_filtered	184	49.216404767519805	0.0010527348028388655	2817372	Rubellimicrobium arenae	Rubellimicrobium	Roseobacteraceae	Rhodobacterales	Alphaproteobacteria	Pseudomonadota					
barcode17_120_filtered	184	18.877574713556957	0.00040378975238084653	295419	Rubellimicrobium thermophilum	Rubellimicrobium	Roseobacteraceae	Rhodobacterales	Alphaproteobacteria	Pseudomonadota					
barcode17_120_filtered	52	26.182242602283527	0.0005600359907228407	626937	Christensenella minuta	Christensenella	Christensenellaceae	Christensenellales	Clostridia	Bacillota					
barcode17_120_filtered	52	272.8046067833504	0.0058352678399039674	2763033	Christensenella tenuis	Christensenella	Christensenellaceae	Christensenellales	Clostridia	Bacillota					
barcode17_120_filtered	52	60.312006308831485	0.0012900687965782867	1816678	Christensenella timonensis	Christensenella	Christensenellaceae	Christensenellales	Clostridia	Bacillota					
barcode17_120_filtered	52	130.94919039249672	0.0028009922866355096	1805714	Christensenella massiliensis	Christensenella	Christensenellaceae	Christensenellales	Clostridia	Bacillota					
barcode17_120_filtered	10	155.24634244708042	0.0033207063473953587	659425	Thermoclostridium caenicola	Thermoclostridium	Oscillospiraceae	Eubacteriales	Clostridia	Bacillota					
barcode17_120_filtered	12	82.4501576539659	0.0017636020118065047	288965	Acetivibrio clariflavus	Acetivibrio	Oscillospiraceae	Eubacteriales	Clostridia	Bacillota					
barcode17_120_filtered	54	1173.7448697639054	0.025106305100723095	253314	Acetivibrio straminisolvens	Acetivibrio	Oscillospiraceae	Eubacteriales	Clostridia	Bacillota					
barcode17_120_filtered	5	17.43814448407401	0.00037300045954255544	84032	Clostridium thermosuccinogenes	Clostridium	Clostridiaceae	Eubacteriales	Clostridia	Bacillota					
barcode17_120_filtered	137	224.2990471663013	0.0047977379556865376	35830	Acetivibrio cellulolyticus	Acetivibrio	Oscillospiraceae	Eubacteriales	Clostridia	Bacillota					
barcode17_120_filtered	149	306.17525550902917	0.006549063239482132	1161202	Erythrobacter colymbi	Erythrobacter	Erythrobacteraceae	Sphingomonadales	Alphaproteobacteria	Pseudomonadota					
barcode17_120_filtered	149	328.0623496509455	0.007017226362023177	3019556	Erythrobacter oryzae	Erythrobacter	Erythrobacteraceae	Sphingomonadales	Alphaproteobacteria	Pseudomonadota					
barcode17_120_filtered	149	20.23554473355511	0.00043283661811629933	2987523	Erythrobacter fulvus	Erythrobacter	Erythrobacteraceae	Sphingomonadales	Alphaproteobacteria	Pseudomonadota					
barcode17_120_filtered	149	15.385667528156596	0.00032909814823547294	35811	Erythrobacter ramosus	Erythrobacter	Erythrobacteraceae	Sphingomonadales	Alphaproteobacteria	Pseudomonadota					
barcode17_120_filtered	149	31.5891816349464	0.0006756899667375328	198312	Erythrobacter sanguineus	Erythrobacter	Erythrobacteraceae	Sphingomonadales	Alphaproteobacteria	Pseudomonadota					
barcode17_120_filtered	220	25.011855452798542	0.0005350015069794986	365341	Sphingobium aromaticiconvertens	Sphingobium	Sphingobiaceae	Sphingomonadales	Alphaproteobacteria	Pseudomonadota					
barcode17_120_filtered	3	40.569463841176535	0.0008677774559084626	396504	Ruminiclostridium sufflavum	Ruminiclostridium	Oscillospiraceae	Eubacteriales	Clostridia	Bacillota					
barcode17_120_filtered	3	932.8324683822736	0.019953208880714286	29355	Ruminiclostridium cellobioparum	Ruminiclostridium	Oscillospiraceae	Eubacteriales	Clostridia	Bacillota					
barcode17_120_filtered	3	220.11443183124084	0.004708229381857946	48256	Ruminiclostridium hungatei	Ruminiclostridium	Oscillospiraceae	Eubacteriales	Clostridia	Bacillota					
barcode17_120_filtered	4	581.7803072999402	0.01244423236508182	1521	Ruminiclostridium cellulolyticum	Ruminiclostridium	Oscillospiraceae	Eubacteriales	Clostridia	Bacillota					
barcode17_120_filtered	203	35.03733884638616	0.0007494457625801836	1297424	Anaerobacterium chartisolvens	Anaerobacterium	Oscillospiraceae	Eubacteriales	Clostridia	Bacillota					
barcode17_120_filtered	186	17.939756452881394	0.0003837298978178305	35825	Pseudobacteroides cellulosolvens	Pseudobacteroides	Oscillospiraceae	Eubacteriales	Clostridia	Bacillota					
barcode17_120_filtered	125	285.2995118044532	0.006102532818644589	320502	Acetivibrio alkalicellulosi	Acetivibrio	Oscillospiraceae	Eubacteriales	Clostridia	Bacillota					
barcode17_120_filtered	121	1994.5283164934528	0.04266279473152345	2941510	Pumilibacter muris	Pumilibacter	Pumilibacteraceae	Eubacteriales	Clostridia	Bacillota					
barcode17_120_filtered	102	466.0194419192996	0.00996811708667835	2508949	Candidatus Borkfalkia ceftriaxoniphila	Candidatus Borkfalkia	Christensenellaceae	Christensenellales	Clostridia	Bacillota					
barcode17_120_filtered	34	637.8423482624261	0.01364339475652769	258515	Acetanaerobacterium elongatum	Acetanaerobacterium	Oscillospiraceae	Eubacteriales	Clostridia	Bacillota					
barcode17_120_filtered	195	237.94219735421711	0.00508956380300351	2494374	Tabrizicola piscis	Tabrizicola	Paracoccaceae	Rhodobacterales	Alphaproteobacteria	Pseudomonadota					
barcode17_120_filtered	195	374.1962396822805	0.008004026431141164	909926	Tabrizicola aquatica	Tabrizicola	Paracoccaceae	Rhodobacterales	Alphaproteobacteria	Pseudomonadota					
barcode17_120_filtered	195	1080.7496127947597	0.023117144291988617	2909234	Alitabrizicola rongguiensis	Aliitabrizicola	Paracoccaceae	Rhodobacterales	Alphaproteobacteria	Pseudomonadota					
barcode17_120_filtered	124	15.888473630396275	0.0003398531289255048	2583234	Paragemmobacter kunshanensis	Paragemmobacter	Paracoccaceae	Rhodobacterales	Alphaproteobacteria	Pseudomonadota					
barcode17_120_filtered	195	19.26403446897177	0.00041205609439309897	1445661	Aliigemmobacter aestuarii	Aliigemmobacter	Paracoccaceae	Rhodobacterales	Alphaproteobacteria	Pseudomonadota					
barcode17_120_filtered	2	189.40691093335096	0.004051398064925904	1076412	Pelosinus defluvii	Pelosinus	Sporomusaceae	Selenomonadales	Negativicutes	Bacillota					
barcode17_120_filtered	14	467.14359942701304	0.00999216272223082	394284	Psychrosinus fermentans	Psychrosinus	Sporomusaceae	Selenomonadales	Negativicutes	Bacillota					
barcode17_120_filtered	20	77.22308567573623	0.001651795377119981	209080	Propionispora hippei	Propionispora	Sporomusaceae	Selenomonadales	Negativicutes	Bacillota					
barcode17_120_filtered	20	14.428874688624742	0.00030863242900953437	112903	Propionispora vibrioides	Propionispora	Sporomusaceae	Selenomonadales	Negativicutes	Bacillota					
barcode17_120_filtered	9	23.11089096607102	0.0004943400347815238	380084	Pelosinus propionicus	Pelosinus	Sporomusaceae	Selenomonadales	Negativicutes	Bacillota					
barcode17_120_filtered	9	29.664408682385133	0.0006345192334363999	365349	Pelosinus fermentans	Pelosinus	Sporomusaceae	Selenomonadales	Negativicutes	Bacillota					
barcode17_120_filtered	28	15.88474796740084	0.00033977343730403286	204936	Sporomusa aerivorans	Sporomusa	Sporomusaceae	Selenomonadales	Negativicutes	Bacillota					
barcode17_120_filtered	248	65.0	0.001390344591559539	1337094	Ercella succinigenes	Ercella	Oscillospiraceae	Eubacteriales	Clostridia	Bacillota					
barcode17_120_filtered	81	39.04399245724672	0.0008351477499357601	319644	Saccharofermentans acetigenes	Saccharofermentans	Oscillospiraceae	Eubacteriales	Clostridia	Bacillota					
barcode17_120_filtered	101	25.9593709514846	0.0005552687846566833	1776382	Neglectibacter timonensis	Neglectibacter	Oscillospiraceae	Eubacteriales	Clostridia	Bacillota					
barcode17_120_filtered	118	654.8830275301406	0.014007893468164116	100176	Papillibacter cinnamivorans	Papillibacter	Oscillospiraceae	Eubacteriales	Clostridia	Bacillota					
barcode17_120_filtered	152	50.785307180579196	0.0010862934949108938	1673717	Anaeromassilibacillus senegalensis	Anaeromassilibacillus	Acutalibacteraceae	Eubacteriales	Clostridia	Bacillota					
barcode17_120_filtered	72	28.607744040340364	0.0006119172646647208	2086583	Pseudoruminococcus massiliensis	Pseudoruminococcus	Acutalibacteraceae	Eubacteriales	Clostridia	Bacillota					
barcode17_120_filtered	56	651.2953664548742	0.01393115369628188	1689270	Intestinimonas timonensis	Intestinimonas		Eubacteriales	Clostridia	Bacillota					
barcode17_120_filtered	56	432.32360193401297	0.00924736587311529	2108523	Lawsonibacter asaccharolyticus	Lawsonibacter	Oscillospiraceae	Eubacteriales	Clostridia	Bacillota					
barcode17_120_filtered	41	17.435551781445632	0.00037294500184906486	3073143	Bengtsoniella intestinalis	Bengtsoniella	Oscillospiraceae	Eubacteriales	Clostridia	Bacillota					
barcode17_120_filtered	131	51.232747485175004	0.0010958642057961327	1870986	Colidextribacter massiliensis	Colidextribacter		Eubacteriales	Clostridia	Bacillota					
barcode17_120_filtered	67	13.966683167118221	0.00029874619082197645	3376993	Vescimonas sanitatis	Vescimonas	Oscillospiraceae	Eubacteriales	Clostridia	Bacillota					
barcode17_120_filtered	56	88.74742253298544	0.0018982999835936223	3133171	Pseudoflavonifractor intestinihominis	Pseudoflavonifractor	Oscillospiraceae	Eubacteriales	Clostridia	Bacillota					
barcode17_120_filtered	60	31.409663007505724	0.0006718500782337431	2763047	Flintibacter faecis	Flintibacter		Eubacteriales	Clostridia	Bacillota					
barcode17_120_filtered	60	34.32776084750689	0.0007342679482258538	2981773	Muriventricola aceti	Muriventricola	Oscillospiraceae	Eubacteriales	Clostridia	Bacillota					
barcode17_120_filtered	143	2903.7413067872617	0.062110784941226106	879969	Macellibacteroides fermentans	Macellibacteroides	Porphyromonadaceae	Bacteroidales	Bacteroidia	Bacteroidota	FCB group				
barcode17_120_filtered	195	270.76806057351166	0.005791706285929962	2305252	Pseudotabrizicola alkalilacus	Pseudotabrizicola	Paracoccaceae	Rhodobacterales	Alphaproteobacteria	Pseudomonadota					
barcode17_120_filtered	195	12.498063331513277	0.0002673325347375089	2030009	Pseudotabrizicola formosa	Pseudotabrizicola	Paracoccaceae	Rhodobacterales	Alphaproteobacteria	Pseudomonadota					
barcode17_120_filtered	195	36.79450528196201	0.0007870314064289964	2709381	Pseudotabrizicola algicola	Pseudotabrizicola	Paracoccaceae	Rhodobacterales	Alphaproteobacteria	Pseudomonadota					
barcode17_120_filtered	150	144.69189663883708	0.0030949476297584453	1439888	Sandarakinorhabdus fusca	Sandarakinorhabdus	Sphingosinicellaceae	Sphingomonadales	Alphaproteobacteria	Pseudomonadota					
barcode17_120_filtered	27	532.117617063993	0.011381951553207268	413882	Caldimonas brevitalea	Caldimonas	Sphaerotilaceae	Burkholderiales	Betaproteobacteria	Pseudomonadota					
barcode17_120_filtered	105	738.8789656520654	0.015804559595560853	36849	Oxobacter pfennigii	Oxobacter	Clostridiaceae	Eubacteriales	Clostridia	Bacillota					
barcode17_120_filtered	120	19.58706474389076	0.0004189656850953083	3163295	Sphingomonas plantiphila	Sphingomonas	Sphingomonadaceae	Sphingomonadales	Alphaproteobacteria	Pseudomonadota					
barcode17_120_filtered	120	22.81820407963827	0.0004880794866342596	3103142	Sphingomonas rustica	Sphingomonas	Sphingomonadaceae	Sphingomonadales	Alphaproteobacteria	Pseudomonadota					
barcode17_120_filtered	155	68.12870525816058	0.001457267336702115	1460355	Sphingomonas mohensis	Sphingomonas	Sphingomonadaceae	Sphingomonadales	Alphaproteobacteria	Pseudomonadota					
barcode17_120_filtered	155	26.873330674737556	0.0005748183070894218	2320861	Sphingomonas cavernae	Sphingomonas	Sphingomonadaceae	Sphingomonadales	Alphaproteobacteria	Pseudomonadota					
barcode17_120_filtered	120	1424.1540053510375	0.030462535675194916	2873268	Hephaestia mangrovi	Hephaestia	Sphingomonadaceae	Sphingomonadales	Alphaproteobacteria	Pseudomonadota					
barcode17_120_filtered	120	174.1848788393941	0.0037258000650123866	1632740	Sphingomonas zeicaulis	Sphingomonas	Sphingomonadaceae	Sphingomonadales	Alphaproteobacteria	Pseudomonadota					
barcode17_120_filtered	158	29.30222491463565	0.0006267721527803823	2175090	Sphingomonas pokkalii	Sphingomonas	Sphingomonadaceae	Sphingomonadales	Alphaproteobacteria	Pseudomonadota					
barcode17_120_filtered	120	37.80890698737712	0.0008087293745027298	397260	Sphingomonas sanxanigenens	Sphingomonas	Sphingomonadaceae	Sphingomonadales	Alphaproteobacteria	Pseudomonadota					
barcode17_120_filtered	158	21.313228969531135	0.00045588819425319534	2741495	Sphingomonas hominis	Sphingomonas	Sphingomonadaceae	Sphingomonadales	Alphaproteobacteria	Pseudomonadota					
barcode17_120_filtered	120	279.9837610519077	0.005988829352354125	2305907	Sphingomonas gilva	Sphingomonas	Sphingomonadaceae	Sphingomonadales	Alphaproteobacteria	Pseudomonadota					
barcode17_120_filtered	50	248.50184028272463	0.005315433686610439	1537567	Fusibacter fontis	Fusibacter	Eubacteriales Family XII. Incertae Sedis	Eubacteriales	Clostridia	Bacillota					
barcode17_120_filtered	50	81.49877041676207	0.0017432519179645797	1488331	Fusibacter bizertensis	Fusibacter	Eubacteriales Family XII. Incertae Sedis	Eubacteriales	Clostridia	Bacillota					
barcode17_120_filtered	222	411.0590547238925	0.008792518977645237	913099	Sedimentibacter acidaminivorans	Sedimentibacter			Tissierellia	Bacillota					
barcode17_120_filtered	225	427.21585008290947	0.009138111486019753	130788	Sedimentibacter saalensis	Sedimentibacter			Tissierellia	Bacillota					
barcode17_120_filtered	239	15.999999999998687	0.0003422386686915507	1639882	Longimicrobium terrae	Longimicrobium	Longimicrobiaceae	Longimicrobiales	Longimicrobiia	Gemmatimonadota	FCB group				
barcode17_120_filtered	232	753.2994186079155	0.016113011884407082	2507161	Acidilutibacter cellobiosedens	Acidilutibacter	Acidilutibacteraceae	Tissierellales	Tissierellia	Bacillota					
barcode17_120_filtered	220	16.44923135722018	0.0003518476900434254	1395957	Sphingobium endophyticum	Sphingobium	Sphingobiaceae	Sphingomonadales	Alphaproteobacteria	Pseudomonadota					
barcode17_120_filtered	37	216.0855080761757	0.00462205103797086	2527691	Rhodoferax aquaticus	Rhodoferax	Comamonadaceae	Burkholderiales	Betaproteobacteria	Pseudomonadota					
barcode17_120_filtered	221	1998.964738108563	0.04275768942073032	288966	Lutispora thermophila	Lutispora	Lutisporaceae	Lutisporales	Clostridia	Bacillota					
barcode17_120_filtered	27	53.21639466437903	0.0011382942539064197	2732868	Pseudaquabacterium terrae	Pseudaquabacterium	Sphaerotilaceae	Burkholderiales	Betaproteobacteria	Pseudomonadota					
barcode17_120_filtered	205	66.26240261533489	0.0014173472784611	1462919	Mobilitalea sibirica	Mobilitalea	Lachnospiraceae	Lachnospirales	Clostridia	Bacillota					
barcode17_120_filtered	55	567.9782970513486	0.012149008514285227	433293	Anaerotaenia torta	Anaerotaenia	Lachnospiraceae	Lachnospirales	Clostridia	Bacillota					
barcode17_120_filtered	55	54.69908908097595	0.0011700089641072053	1679721	Herbinix luporum	Herbinix	Lachnospiraceae	Lachnospirales	Clostridia	Bacillota					
barcode17_120_filtered	90	461.8027716688527	0.00987792286087683	44749	Sporobacter termitidis	Sporobacter	Oscillospiraceae	Eubacteriales	Clostridia	Bacillota					
barcode17_120_filtered	252	80.59955107567964	0.0017240176910799693	3133167	Faecousia intestinalis	Faecousia	Oscillospiraceae	Eubacteriales	Clostridia	Bacillota					
barcode17_120_filtered	56	24.44041800693037	0.0005227785075598462	1650661	Clostridium phoceensis	Clostridium	Clostridiaceae	Eubacteriales	Clostridia	Bacillota					
barcode17_120_filtered	124	211.28370797329802	0.004519340933312614	2528036	Tabrizicola caldifontis	Tabrizicola	Paracoccaceae	Rhodobacterales	Alphaproteobacteria	Pseudomonadota					
barcode17_120_filtered	124	113.13461213163984	0.0024199399399294098	2670345	Tabrizicola thermarum	Tabrizicola	Paracoccaceae	Rhodobacterales	Alphaproteobacteria	Pseudomonadota					
barcode17_120_filtered	38	50.878505668453656	0.0010882870028117828	49338	Desulfitobacterium hafniense	Desulfitobacterium	Desulfitobacteriaceae	Eubacteriales	Clostridia	Bacillota					
barcode17_120_filtered	16	23.442955665104687	0.0005014428710638208	3375356	Desulfitobacterium nosdiversum	Desulfitobacterium	Desulfitobacteriaceae	Eubacteriales	Clostridia	Bacillota					
barcode17_120_filtered	219	470.49293516920886	0.010063804735068958	2010828	Aquipluma nitroreducens	Aquipluma	Prolixibacteraceae	Marinilabiliales	Bacteroidia	Bacteroidota	FCB group				
barcode17_120_filtered	48	744.6490544235506	0.015927981314272435	225084	Erysipelothrix inopinata	Erysipelothrix	Erysipelotrichaceae	Erysipelotrichales	Erysipelotrichia	Bacillota					
barcode17_120_filtered	110	18.79596888060739	0.0004020442104042136	1468449	Holdemania massiliensis	Holdemania	Erysipelotrichaceae	Erysipelotrichales	Erysipelotrichia	Bacillota					
barcode17_120_filtered	128	54.28001822891076	0.0011610450734510654	118967	Anaerorhabdus furcosa	Anaerorhabdus	Erysipelotrichaceae	Erysipelotrichales	Erysipelotrichia	Bacillota					
barcode17_120_filtered	212	92.00022992736675	0.001967877263103821	1678841	Lentimicrobium saccharophilum	Lentimicrobium	Lentimicrobiaceae	Bacteroidales	Bacteroidia	Bacteroidota	FCB group				
barcode17_120_filtered	139	41.54937882346972	0.0008887377558441472	651663	Sphingopyxis bauzanensis	Sphingopyxis	Sphingopyxidaceae	Sphingomonadales	Alphaproteobacteria	Pseudomonadota					
barcode17_120_filtered	139	37.41183097723528	0.0008002359516852106	2871171	Sphingopyxis jiangsuensis	Sphingopyxis	Sphingopyxidaceae	Sphingomonadales	Alphaproteobacteria	Pseudomonadota					
barcode17_120_filtered	139	77.56374874322312	0.0016590821317880497	173675	Sphingopyxis witflariensis	Sphingopyxis	Sphingopyxidaceae	Sphingomonadales	Alphaproteobacteria	Pseudomonadota					
barcode17_120_filtered	22	38.138906455991105	0.000815788035678191	335605	Sphingomonas rosea	Sphingomonas	Sphingomonadaceae	Sphingomonadales	Alphaproteobacteria	Pseudomonadota					
barcode17_120_filtered	192	17.1428495070916	0.00036668412455544483	1664572	Sphingomonas piscinae	Sphingomonas	Sphingomonadaceae	Sphingomonadales	Alphaproteobacteria	Pseudomonadota					
barcode17_120_filtered	22	140.37689921957718	0.003002650193997501	2992113	Sphingomonas arvum	Sphingomonas	Sphingomonadaceae	Sphingomonadales	Alphaproteobacteria	Pseudomonadota					
barcode17_120_filtered	99	26.660000993136197	0.0005702552029504438	47671	Lautropia mirabilis	Lautropia	Burkholderiaceae	Burkholderiales	Betaproteobacteria	Pseudomonadota					
barcode17_120_filtered	207	177.44532536447443	0.0037955407448926103	203699	Derxia gummosa	Derxia	Alcaligenaceae	Burkholderiales	Betaproteobacteria	Pseudomonadota					
barcode17_120_filtered	48	28.185447231542998	0.0006028843710625013	2683714	Erysipelothrix aquatica	Erysipelothrix	Erysipelotrichaceae	Erysipelotrichales	Erysipelotrichia	Bacillota					
barcode17_120_filtered	48	63.762869571398326	0.0013638824746293838	38402	Erysipelothrix tonsillarum	Erysipelothrix	Erysipelotrichaceae	Erysipelotrichales	Erysipelotrichia	Bacillota					
barcode17_120_filtered	25	14.782371415498575	0.0003161936945840426	1514105	Erysipelothrix larvae	Erysipelothrix	Erysipelotrichaceae	Erysipelotrichales	Erysipelotrichia	Bacillota					
barcode17_120_filtered	141	53.045770095321046	0.0011346446085713899	501571	Butyricicoccus pullicaecorum	Butyricicoccus	Butyricicoccaceae	Eubacteriales	Clostridia	Bacillota					
barcode17_120_filtered	148	202.47678316422974	0.004330961544442466	1495	Clostridium cylindrosporum	Clostridium	Clostridiaceae	Eubacteriales	Clostridia	Bacillota					
barcode17_120_filtered	145	26.727903741379862	0.000571707637085407	112729	Caloramator viterbiensis	Caloramator	Clostridiaceae	Eubacteriales	Clostridia	Bacillota					
barcode17_120_filtered	59	218.10228055918753	0.004665189633573347	2941519	Vermiculatibacterium agrestimuris	Vermiculatibacterium	Oscillospiraceae	Eubacteriales	Clostridia	Bacillota					
barcode17_120_filtered	150	75.24394555536627	0.0016094617346231368	2675220	Sandarakinorhabdus oryzae	Sandarakinorhabdus	Sphingosinicellaceae	Sphingomonadales	Alphaproteobacteria	Pseudomonadota					
barcode17_120_filtered	56	141.25736017589745	0.0030214831805928737	1673721	Intestinimonas massiliensis (ex Afouda et al. 2020)	Intestinimonas		Eubacteriales	Clostridia	Bacillota					
barcode17_120_filtered	197	12.57284030161293	0.0002689320079059898	95159	Caloramator coolhaasii	Caloramator	Clostridiaceae	Eubacteriales	Clostridia	Bacillota					
barcode17_120_filtered	107	20.0	0.0004277983358644735	1511	Acetoanaerobium sticklandii	Acetoanaerobium	Filifactoraceae	Peptostreptococcales	Clostridia	Bacillota					
barcode17_120_filtered	139	65.4523635195247	0.001400020609602462	33052	Sphingopyxis terrae	Sphingopyxis	Sphingopyxidaceae	Sphingomonadales	Alphaproteobacteria	Pseudomonadota					
barcode17_120_filtered	192	20.980633610143165	0.00044877400719007437	1244894	Sphingomonas fonticola	Sphingomonas	Sphingomonadaceae	Sphingomonadales	Alphaproteobacteria	Pseudomonadota					
barcode17_120_filtered	56	11.0148790043799	0.00023560734539111248	2763059	Pseudoflavonifractor hominis	Pseudoflavonifractor	Oscillospiraceae	Eubacteriales	Clostridia	Bacillota					
barcode17_120_filtered	96	13.188576291311639	0.00028210254949223844	2885357	Hominenteromicrobium mulieris	Hominenteromicrobium	Oscillospiraceae	Eubacteriales	Clostridia	Bacillota					
barcode17_120_filtered	40	56.00849657995921	0.00119801708155888	1860101	Candidatus Propionivibrio aalborgensis	Propionivibrio	Rhodocyclaceae	Rhodocyclales	Betaproteobacteria	Pseudomonadota					
barcode17_120_filtered	40	131.06554420470013	0.0028034810849971153	2954386	Candidatus Accumulibacter necessarius	Candidatus Accumulibacter			Betaproteobacteria	Pseudomonadota					
barcode17_120_filtered	40	22.094060952543007	0.0004725901253993071	1860102	Candidatus Accumulibacter aalborgensis	Candidatus Accumulibacter			Betaproteobacteria	Pseudomonadota					
barcode17_120_filtered	181	440.4288681461982	0.009420736842980861	52692	Acetobacterium malicum	Acetobacterium	Eubacteriaceae	Eubacteriales	Clostridia	Bacillota					
barcode17_120_filtered	150	24.938998531634525	0.0005334431034979899	1981098	Sandarakinorhabdus cyanobacteriorum	Sandarakinorhabdus	Sphingosinicellaceae	Sphingomonadales	Alphaproteobacteria	Pseudomonadota					
barcode17_120_filtered	150	51.47292264666516	0.0011010015325162064	2672568	Sandarakinorhabdus rubra	Sandarakinorhabdus	Sphingosinicellaceae	Sphingomonadales	Alphaproteobacteria	Pseudomonadota					
barcode17_120_filtered	158	28.699243177142023	0.0006138744235875601	3096161	Parasphingomonas zepuensis	Parasphingomonas	Sphingomonadaceae	Sphingomonadales	Alphaproteobacteria	Pseudomonadota					
barcode17_120_filtered	224	77.12739626952492	0.0016497485886831282	1944642	Marasmitruncus massiliensis	Marasmitruncus	Oscillospiraceae	Eubacteriales	Clostridia	Bacillota					
barcode17_120_filtered	61	35.04789800157627	0.0007496716220311068	2764187	Ramlibacter cellulosilyticus	Ramlibacter	Comamonadaceae	Burkholderiales	Betaproteobacteria	Pseudomonadota					
barcode17_120_filtered	37	37.135278618353986	0.0007943205197397699	2596921	Caenimonas sedimenti	Caenimonas	Comamonadaceae	Burkholderiales	Betaproteobacteria	Pseudomonadota					
barcode17_120_filtered	71	29.847060121980654	0.0006384261325315106	286730	Alkaliflexus imshenetskii	Alkaliflexus	Marinilabiliaceae	Marinilabiliales	Bacteroidia	Bacteroidota	FCB group				
barcode17_120_filtered	86	43.86371311712513	0.0009382411738171404	1940525	Labilibaculum manganireducens	Labilibaculum	Marinifilaceae	Marinilabiliales	Bacteroidia	Bacteroidota	FCB group				
barcode17_120_filtered	27	25.014799995526623	0.0005350644905034464	2742824	Piscinibacter koreensis	Piscinibacter	Sphaerotilaceae	Burkholderiales	Betaproteobacteria	Pseudomonadota					
barcode17_120_filtered	115	104.5493269764863	0.0022363014048145773	2014610	Roseisolibacter agri	Roseisolibacter	Gemmatimonadaceae	Gemmatimonadales	Gemmatimonadia	Gemmatimonadota	FCB group				
barcode17_120_filtered	37	21.24053619867957	0.0004543333019332115	2987520	Acidovorax benzenivorans	Acidovorax	Comamonadaceae	Burkholderiales	Betaproteobacteria	Pseudomonadota					
barcode17_120_filtered	75	49.5164316755749	0.0010591523534378923	553814	Acidovorax carolinensis	Acidovorax	Comamonadaceae	Burkholderiales	Betaproteobacteria	Pseudomonadota					
barcode17_120_filtered	65	548.93201510327	0.011741610128195547	351091	Oscillibacter valericigenes	Oscillibacter	Oscillospiraceae	Eubacteriales	Clostridia	Bacillota					
barcode17_120_filtered	237	72.93335407983184	0.0015600383752183236	2763654	Luoshenia tenuis	Luoshenia	Christensenellaceae	Christensenellales	Clostridia	Bacillota					
barcode17_120_filtered	67	13.956249535835667	0.00029852301631699146	2714355	Vescimonas coprocola	Vescimonas	Oscillospiraceae	Eubacteriales	Clostridia	Bacillota					
barcode17_120_filtered	54	294.55483447016667	0.006300503400358638	1515	Acetivibrio thermocellus	Acetivibrio	Oscillospiraceae	Eubacteriales	Clostridia	Bacillota					
barcode17_120_filtered	86	157.08969646278408	0.0033601355364117147	2283627	Ancylomarina euxinus	Ancylomarina	Marinifilaceae	Marinilabiliales	Bacteroidia	Bacteroidota	FCB group				
barcode17_120_filtered	83	429.96514264680286	0.009196918625201661	1794912	Anaerosporomusa subterranea	Anaerosporomusa	Acetonemataceae		Negativicutes	Bacillota					
barcode17_120_filtered	114	68.26258711074529	0.0014601310583890244	1078469	Sphingorhabdus planktonica	Sphingorhabdus	Sphingorhabdaceae	Sphingomonadales	Alphaproteobacteria	Pseudomonadota					
barcode17_120_filtered	114	27.79307626964486	0.000594491588835423	1282858	Sphingorhabdus rigui	Sphingorhabdus	Sphingorhabdaceae	Sphingomonadales	Alphaproteobacteria	Pseudomonadota					
barcode17_120_filtered	114	51.62332093194958	0.0011042185393242835	940136	Sphingorhabdus wooponensis	Sphingorhabdus	Sphingorhabdaceae	Sphingomonadales	Alphaproteobacteria	Pseudomonadota					
barcode17_120_filtered	211	84.91011525868832	0.001816220300286375	1305696	Novosphingobium arabidopsis	Novosphingobium	Sphingomonadaceae	Sphingomonadales	Alphaproteobacteria	Pseudomonadota					
barcode17_120_filtered	139	46.84724808903287	0.0010020587386159198	574956	Novosphingobium soli	Novosphingobium	Sphingomonadaceae	Sphingomonadales	Alphaproteobacteria	Pseudomonadota					
barcode17_120_filtered	213	75.23877227318535	0.001609351078547739	1604902	Clostridium omnivorum	Clostridium	Clostridiaceae	Eubacteriales	Clostridia	Bacillota					
barcode17_120_filtered	122	17.47014881510547	0.0003736850295203412	1367462	Clostridium swellfunianum	Clostridium	Clostridiaceae	Eubacteriales	Clostridia	Bacillota					
barcode17_120_filtered	124	46.608933310298035	0.0009969612053281863	2852097	Paragemmobacter amnigenus	Paragemmobacter	Paracoccaceae	Rhodobacterales	Alphaproteobacteria	Pseudomonadota					
barcode17_120_filtered	195	32.695888128334275	0.0006993623265456199	933059	Gemmobacter aquatilis	Gemmobacter	Paracoccaceae	Rhodobacterales	Alphaproteobacteria	Pseudomonadota					
barcode17_120_filtered	135	45.0	0.0009625462556950654	1427356	Hyphomicrobium nitrativorans	Hyphomicrobium	Hyphomicrobiaceae	Hyphomicrobiales	Alphaproteobacteria	Pseudomonadota					
barcode17_120_filtered	130	26.7095110795281	0.0005713142195787918	1516126	Dysgonomonas termitidis	Dysgonomonas	Dysgonomonadaceae	Bacteroidales	Bacteroidia	Bacteroidota	FCB group				
barcode17_120_filtered	23	265.5723581296173	0.0056805706429727135	2590199	Anaeromyxobacter diazotrophicus	Anaeromyxobacter	Anaeromyxobacteraceae	Myxococcales	Myxococcia	Myxococcota					
barcode17_120_filtered	196	575.762852762727	0.012315519513223823	2496273	Xylanivirga thermophila	Xylanivirga	Xylanivirgaceae	Caldicoprobacterales	Clostridia	Bacillota					
barcode17_120_filtered	52	16.07363280213575	0.0003438136682025144	270498	Christensenella hongkongensis	Christensenella	Christensenellaceae	Christensenellales	Clostridia	Bacillota					
barcode17_120_filtered	22	16.843992958888872	0.00036029160785627844	386874	Sphingomonas sediminicola	Sphingomonas	Sphingomonadaceae	Sphingomonadales	Alphaproteobacteria	Pseudomonadota					
barcode17_120_filtered	216	124.98048993991392	0.0026733222805910874	642589	Caproiciproducens galactitolivorans	Caproiciproducens	Acutalibacteraceae	Eubacteriales	Clostridia	Bacillota					
barcode17_120_filtered	200	34.30316530014005	0.0007337418515141934	2780922	Solibaculum mannosilyticum	Solibaculum	Oscillospiraceae	Eubacteriales	Clostridia	Bacillota					
barcode17_120_filtered	120	22.01221721392986	0.0004708394946403255	529705	Sphingomonas changbaiensis	Sphingomonas	Sphingomonadaceae	Sphingomonadales	Alphaproteobacteria	Pseudomonadota					
barcode17_120_filtered	155	18.055631472313824	0.00038620845484190337	2707068	Sphingomonas montis	Sphingomonas	Sphingomonadaceae	Sphingomonadales	Alphaproteobacteria	Pseudomonadota					
barcode17_120_filtered	80	15.000136728828478	0.0003208516765166195	474960	Hydrogenoanaerobacterium saccharovorans	Hydrogenoanaerobacterium	Oscillospiraceae	Eubacteriales	Clostridia	Bacillota					
barcode17_120_filtered	13	54.00000000000001	0.0011550555068340785	1032527	Pedosphaera parvula	Pedosphaera	Pedosphaeraceae	Pedosphaerales	Pedosphaerae	Verrucomicrobiota	PVC group				
barcode17_120_filtered	171	64.0104508369802	0.0013691782172997411	2913411	Sandaracinobacteroides sayramensis	Sandaracinobacteroides	Sphingosinicellaceae	Sphingomonadales	Alphaproteobacteria	Pseudomonadota					
barcode17_120_filtered	27	120.11074226532777	0.002569158783027695	2824118	Ideonella alba	Ideonella	Sphaerotilaceae	Burkholderiales	Betaproteobacteria	Pseudomonadota					
barcode17_120_filtered	45	84.25703437473913	0.001802250954519457	2732249	Gemmatimonas groenlandica	Gemmatimonas	Gemmatimonadaceae	Gemmatimonadales	Gemmatimonadia	Gemmatimonadota	FCB group				
barcode17_120_filtered	45	58.19363865333092	0.0012447570886896734	1379270	Gemmatimonas phototrophica	Gemmatimonas	Gemmatimonadaceae	Gemmatimonadales	Gemmatimonadia	Gemmatimonadota	FCB group				
barcode17_120_filtered	217	65.0	0.001390344591559539	1005039	Fimbriimonas ginsengisoli	Fimbriimonas	Fimbriimonadaceae	Fimbriimonadales	Fimbriimonadia	Armatimonadota					
barcode17_120_filtered	149	73.43708208608999	0.0015708130753586016	2509361	Qipengyuania thermophila	Qipengyuania	Erythrobacteraceae	Sphingomonadales	Alphaproteobacteria	Pseudomonadota					
barcode17_120_filtered	149	405.41083565976373	0.008671704041833624	2969984	Parerythrobacter lacustris	Parerythrobacter	Erythrobacteraceae	Sphingomonadales	Alphaproteobacteria	Pseudomonadota					
barcode17_120_filtered	18	50.261016018699436	0.0010750789505828632	107709	Opitutus terrae	Opitutus	Opitutaceae	Opitutales	Opitutia	Verrucomicrobiota	PVC group				
barcode17_120_filtered	158	51.707907688990545	0.0011060278430191984	2782540	Sphingomonas beigongshangi	Sphingomonas	Sphingomonadaceae	Sphingomonadales	Alphaproteobacteria	Pseudomonadota					
barcode17_120_filtered	43	301.0000071857345	0.0064383651084625885	2725268	Hujiaoplasma nucleasis	Hujiaoplasma	Hujiaoplasmataceae	Candidatus Izemoplasmatales	Mollicutes	Mycoplasmatota					
barcode17_120_filtered	195	17.090723379016502	0.00036556915101316556	195105	Haematobacter massiliensis	Haematobacter	Paracoccaceae	Rhodobacterales	Alphaproteobacteria	Pseudomonadota					
barcode17_120_filtered	108	14.000000000000446	0.00029945883510514097	933068	Ilyobacter delafieldii	Ilyobacter	Fusobacteriaceae	Fusobacteriales	Fusobacteriia	Fusobacteriota					
barcode17_120_filtered	44	49.999999111660664	0.0010694958206596793	1803913	Steroidobacter cummioxidans	Steroidobacter	Steroidobacteraceae	Steroidobacterales	Gammaproteobacteria	Pseudomonadota					
barcode17_120_filtered	149	19.313858546242866	0.00041312182726022686	1532023	Qipengyuania sediminis	Qipengyuania	Erythrobacteraceae	Sphingomonadales	Alphaproteobacteria	Pseudomonadota					
barcode17_120_filtered	149	29.747361845537082	0.0006362935946939548	3127706	Parerythrobacter aurantius	Parerythrobacter	Erythrobacteraceae	Sphingomonadales	Alphaproteobacteria	Pseudomonadota					
barcode17_120_filtered	177	47.0	0.0010053260892815127	433287	Anaerotignum aminivorans	Anaerotignum	Anaerotignaceae	Lachnospirales	Clostridia	Bacillota					
barcode17_120_filtered	1	44.000000000000185	0.0009411563389018457	233055	Desulfitobacterium dichloroeliminans	Desulfitobacterium	Desulfitobacteriaceae	Eubacteriales	Clostridia	Bacillota					
barcode17_120_filtered	235	16.0	0.0003422386686915788	360412	Longilinea arvoryzae	Longilinea	Anaerolineaceae	Anaerolineales	Anaerolineae	Chloroflexota					
barcode17_120_filtered	182	51.03875425149125	0.0010917147066691888	1549748	Kiloniella litopenaei	Kiloniella	Kiloniellaceae	Rhodospirillales	Alphaproteobacteria	Pseudomonadota					
barcode17_120_filtered	133	85.00000192346732	0.0018181429685668184	55583	Dehalobacter restrictus	Dehalobacter	Desulfitobacteriaceae	Eubacteriales	Clostridia	Bacillota					
barcode17_120_filtered	104	34.98269793630881	0.000748276998060123	1716543	Clostridium thermarum	Clostridium	Clostridiaceae	Eubacteriales	Clostridia	Bacillota					
barcode17_120_filtered	95	62.00000325196279	0.0013261749107390812	2059302	Pseudochryseolinea flava	Pseudochryseolinea	Fulvivirgaceae	Cytophagales	Cytophagia	Bacteroidota	FCB group				
barcode17_120_filtered	124	21.239094191237506	0.0004543024575140105	2699202	Stagnihabitans tardus	Stagnihabitans	Paracoccaceae	Rhodobacterales	Alphaproteobacteria	Pseudomonadota					
barcode17_120_filtered	132	39.49032241033947	0.0008446947104947375	2607497	Actinotalea subterranea	Actinotalea	Cellulomonadaceae	Micrococcales	Actinomycetes	Actinomycetota					
barcode17_120_filtered	73	107.99999886369832	0.0023101109893627586	2763058	Parabacteroides segnis	Parabacteroides	Tannerellaceae	Bacteroidales	Bacteroidia	Bacteroidota	FCB group				
barcode17_120_filtered	56	25.4880978196463	0.0005451882915797801	2763052	Lawsonibacter faecis	Lawsonibacter	Oscillospiraceae	Eubacteriales	Clostridia	Bacillota					
barcode17_120_filtered	56	23.935918587173017	0.0005119873069490068	2763053	Lawsonibacter hominis	Lawsonibacter	Oscillospiraceae	Eubacteriales	Clostridia	Bacillota					
barcode17_120_filtered	169	94.0	0.0020106521785630254	1960156	Abditibacterium utsteinense	Abditibacterium	Abditibacteriaceae	Abditibacteriales	Abditibacteriia	Abditibacteriota					
barcode17_120_filtered	175	12.000000000040178	0.0002566790015195435	340268	Tardiphaga alba	Tardiphaga	Nitrobacteraceae	Hyphomicrobiales	Alphaproteobacteria	Pseudomonadota					
barcode17_120_filtered	117	146.0246710127044	0.003123455562719608	1332188	Candidatus Saccharimonas aalborgensis	Candidatus Saccharimonas	Candidatus Saccharimonadaceae	Candidatus Saccharimonadales	Candidatus Saccharimonadia	Candidatus Saccharimonadota	Bacteria candidate phyla				
barcode17_120_filtered	126	42.976428378419165	0.0009192622270843226	2054628	Alteraurantiacibacter palmitatis	Alteraurantiacibacter	Erythrobacteraceae	Sphingomonadales	Alphaproteobacteria	Pseudomonadota					
barcode17_120_filtered	114	20.04774989691419	0.00042881970218635305	392610	Sphingorhabdus lacus	Sphingorhabdus	Sphingorhabdaceae	Sphingomonadales	Alphaproteobacteria	Pseudomonadota					
barcode17_120_filtered	240	32.0	0.0006844773373831576	2884263	Dermatobacter hominis	Dermatobacter	Iamiaceae	Acidimicrobiales	Acidimicrobiia	Actinomycetota					
barcode17_120_filtered	93	47.18748729125884	0.0010093364268413262	1121298	Clostridium amylolyticum	Clostridium	Clostridiaceae	Eubacteriales	Clostridia	Bacillota					
barcode17_120_filtered	160	42.56312723153215	0.0009104217499418655	2994654	Kaistia nematophila	Kaistia	Kaistiaceae	Hyphomicrobiales	Alphaproteobacteria	Pseudomonadota					
barcode17_120_filtered	57	45.834766342121576	0.0009804018382948295	2818044	Sinanaerobacter chloroacetimidivorans	Sinanaerobacter	Anaerovoracaceae	Peptostreptococcales	Clostridia	Bacillota					
barcode17_120_filtered	57	65.50185442576692	0.0014010792159690044	3408580	Anoxybacterium hadale	Anoxybacterium	Anaerovoracaceae	Peptostreptococcales	Clostridia	Bacillota					
barcode17_120_filtered	170	30.3785148334443	0.0006497939045890847	2786951	Falsiroseomonas ponticola	Falsiroseomonas	Roseomonadaceae	Acetobacterales	Alphaproteobacteria	Pseudomonadota					
barcode17_120_filtered	170	35.31564185691442	0.0007553986408186866	484882	Falsiroseomonas stagni	Falsiroseomonas	Roseomonadaceae	Acetobacterales	Alphaproteobacteria	Pseudomonadota					
barcode17_120_filtered	127	33.09474586894578	0.0007078938604296332	2766473	Falsiroseomonas oryzae	Falsiroseomonas	Roseomonadaceae	Acetobacterales	Alphaproteobacteria	Pseudomonadota					
barcode17_120_filtered	57	10.214102713646083	0.00021847880716232984	33953	Clostridium aminobutyricum	Clostridium	Clostridiaceae	Eubacteriales	Clostridia	Bacillota					
barcode17_120_filtered	153	29.128811757730297	0.0006230628597833265	433286	Anaerocolumna cellulosilytica	Anaerocolumna	Lachnospiraceae	Lachnospirales	Clostridia	Bacillota					
barcode17_120_filtered	253	47.82706850591113	0.0010230170158052475	2771361	Roseococcus microcysteis	Roseococcus	Roseomonadaceae	Acetobacterales	Alphaproteobacteria	Pseudomonadota					
barcode17_120_filtered	159	21.434981070896505	0.00045849246157080075	2984948	Sabulicella glaciei	Sabulicella	Acetobacteraceae	Acetobacterales	Alphaproteobacteria	Pseudomonadota					
barcode17_120_filtered	159	61.73795553331497	0.0013205697318413503	2835040	Roseococcus pinisoli	Roseococcus	Roseomonadaceae	Acetobacterales	Alphaproteobacteria	Pseudomonadota					
barcode17_120_filtered	22	52.406210180856085	0.0011209644752167031	2904799	Sphingomonas cremea	Sphingomonas	Sphingomonadaceae	Sphingomonadales	Alphaproteobacteria	Pseudomonadota					
barcode17_120_filtered	122	12.796205405300638	0.0002737097688883797	2940653	Clostridium caldaquaticum	Clostridium	Clostridiaceae	Eubacteriales	Clostridia	Bacillota					
barcode17_120_filtered	93	25.37319961637125	0.0005427306285720358	1325933	Clostridium polynesiense	Clostridium	Clostridiaceae	Eubacteriales	Clostridia	Bacillota					
barcode17_120_filtered	113	20.978917821261188	0.0004487373066086541	1054297	Clostridium punense	Clostridium	Clostridiaceae	Eubacteriales	Clostridia	Bacillota					
barcode17_120_filtered	89	33.425074099822375	0.0007149595538025363	2904245	Fulvivirga ulvae	Fulvivirga	Fulvivirgaceae	Cytophagales	Cytophagia	Bacteroidota	FCB group				
barcode17_120_filtered	17	233.00057071323005	0.00498386282032962	2763673	Yanshouia hominis	Yanshouia	Oscillospiraceae	Eubacteriales	Clostridia	Bacillota					
barcode17_120_filtered	134	121.00094408027448	0.0025882001257785817	173676	Novosphingobium hassiacum	Novosphingobium	Sphingomonadaceae	Sphingomonadales	Alphaproteobacteria	Pseudomonadota					
barcode17_120_filtered	146	55.86949669776289	0.001195043885644433	884684	Mageeibacillus indolicus	Mageeibacillus	Oscillospiraceae	Eubacteriales	Clostridia	Bacillota					
barcode17_120_filtered	123	37.95376743105776	0.0008118279273396882	2038680	Paludihabitans psychrotolerans	Paludihabitans	Oscillospiraceae	Eubacteriales	Clostridia	Bacillota					
barcode17_120_filtered	39	36.05871996892214	0.0007712930198053976	673862	Candidatus Babela massiliensis	Candidatus Babela	Candidatus Babeliaceae	Candidatus Babeliales	Candidatus Babeliae		Bacteria candidate phyla				
barcode17_120_filtered	31	23.301038481820232	0.0004984072743218377	2066483	Candidatus Chromulinivorax destructor	Candidatus Chromulinivorax	Candidatus Chromulinivoraceae	Candidatus Babeliales	Candidatus Babeliae		Bacteria candidate phyla				
barcode17_120_filtered	24	24.0	0.0005133580030373682	1203471	Geotalea daltonii	Geotalea	Geobacteraceae	Geobacterales	Desulfuromonadia	Thermodesulfobacteriota					
barcode17_120_filtered	208	49.702518378701456	0.0010631327325340946	74312	Brevundimonas variabilis	Brevundimonas	Caulobacteraceae	Caulobacterales	Alphaproteobacteria	Pseudomonadota					
barcode17_120_filtered	208	22.29748162129854	0.0004769412765780099	74313	Brevundimonas subvibrioides	Brevundimonas	Caulobacteraceae	Caulobacterales	Alphaproteobacteria	Pseudomonadota					
barcode17_120_filtered	238	24.999999999999996	0.0005347479198305918	1473598	Paludibaculum fermentans	Paludibaculum	Bryobacteraceae	Bryobacterales	Terriglobia	Acidobacteriota					
barcode17_120_filtered	19	96.01395603603108	0.002053730530598941	342666	Gracilibacter thermotolerans	Gracilibacter	Gracilibacteraceae	Eubacteriales	Clostridia	Bacillota					
barcode17_120_filtered	58	16.803728529486317	0.00035943035506163113	2576756	Caproicibacter fermentans	Caproicibacter	Acutalibacteraceae	Eubacteriales	Clostridia	Bacillota					
barcode17_120_filtered	88	39.45246040594028	0.0008438848453710141	2991836	Faecalispora anaeroviscerum	Faecalispora	Oscillospiraceae	Eubacteriales	Clostridia	Bacillota					
barcode17_120_filtered	23	11.429992657617074	0.00024448659189358675	2922725	Anaeromyxobacter soli	Anaeromyxobacter	Anaeromyxobacteraceae	Myxococcales	Myxococcia	Myxococcota					
barcode17_120_filtered	23	18.997649212765445	0.00040635813592790413	2918171	Anaeromyxobacter paludicola	Anaeromyxobacter	Anaeromyxobacteraceae	Myxococcales	Myxococcia	Myxococcota					
barcode17_120_filtered	210	64.0	0.0013689546747663152	758823	Vampirovibrio chlorellavorus	Vampirovibrio		Vampirovibrionales	Vampirovibriophyceae	Candidatus Melainabacteria	Cyanobacteriota/Melainabacteria group				
barcode17_120_filtered	144	22.999999415877383	0.0004919680737498104	2655001	Alkalibaculum sporogenes	Alkalibaculum	Eubacteriaceae	Eubacteriales	Clostridia	Bacillota					
barcode17_120_filtered	30	23.601378349905737	0.0005048315191098744	1470354	Candidatus Soleaferrea massiliensis	Candidatus Soleaferrea		Eubacteriales	Clostridia	Bacillota					
barcode17_120_filtered	154	90.0222238318749	0.0019255678773047614	1841868	Provencibacterium massiliense	Provencibacterium	Oscillospiraceae	Eubacteriales	Clostridia	Bacillota					
barcode17_120_filtered	92	56.0	0.0011978353404205257	1855912	Luteitalea pratensis	Luteitalea	Vicinamibacteraceae	Vicinamibacterales	Vicinamibacteria	Acidobacteriota					
barcode17_120_filtered	124	29.389521561033337	0.0006286394207831562	2593021	Tabrizicola flagellatus	Tabrizicola	Paracoccaceae	Rhodobacterales	Alphaproteobacteria	Pseudomonadota					
barcode17_120_filtered	79	68.99996615165189	0.0014759035347190839	65655	Hydrogenophaga palleronii	Hydrogenophaga	Comamonadaceae	Burkholderiales	Betaproteobacteria	Pseudomonadota					
barcode17_120_filtered	220	13.005558987738214	0.0002781878245970827	121428	Sphingobium xenophagum	Sphingobium	Sphingobiaceae	Sphingomonadales	Alphaproteobacteria	Pseudomonadota					
barcode17_120_filtered	22	16.5912109517002	0.0003548846217556887	2303576	Sphingomonas mesophila	Sphingomonas	Sphingomonadaceae	Sphingomonadales	Alphaproteobacteria	Pseudomonadota					
barcode17_120_filtered	82	93.00000000000001	0.001989262261769802	985	Cytophaga hutchinsonii	Cytophaga	Cytophagaceae	Cytophagales	Cytophagia	Bacteroidota	FCB group				
barcode17_120_filtered	254	48.0	0.0010267160060747364	1348470	Asprobacter aquaticus	Asprobacter	Hyphomonadaceae	Hyphomonadales	Alphaproteobacteria	Pseudomonadota					
barcode17_120_filtered	151	49.00000000000001	0.0010481059228679601	2675059	Lysobacter helvus	Lysobacter	Lysobacteraceae	Lysobacterales	Gammaproteobacteria	Pseudomonadota					
barcode17_120_filtered	6	22.860678249893592	0.0004889880056018821	59610	Desulforamulus reducens	Desulforamulus	Peptococcaceae	Eubacteriales	Clostridia	Bacillota					
barcode17_120_filtered	103	32.001825180556644	0.0006845163778433968	2835041	Bdellovibrio reynosensis	Bdellovibrio	Pseudobdellovibrionaceae	Bdellovibrionales	Bdellovibrionia	Bdellovibrionota					
barcode17_120_filtered	244	16.858632979603716	0.00036060475668122	220343	Gemmobacter nectariphilus	Gemmobacter	Paracoccaceae	Rhodobacterales	Alphaproteobacteria	Pseudomonadota					
barcode17_120_filtered	228	59.000000002431385	0.0012620050908522039	1796619	Irregularibacter muris	Irregularibacter	Eubacteriaceae	Eubacteriales	Clostridia	Bacillota					
barcode17_120_filtered	180	27.322898479176114	0.0005844345250192748	2917991	Devosia lacusdianchii	Devosia	Devosiaceae	Hyphomicrobiales	Alphaproteobacteria	Pseudomonadota					
barcode17_120_filtered	183	14.198948689965977	0.00030371433102962457	1310417	Ferruginibacter paludis	Ferruginibacter	Chitinophagaceae	Chitinophagales	Chitinophagia	Bacteroidota	FCB group				
barcode17_120_filtered	192	62.7100314562674	0.0013413623549499989	1550728	Blastomonas fulva	Blastomonas	Blastomonadaceae	Sphingomonadales	Alphaproteobacteria	Pseudomonadota					
barcode17_120_filtered	71	22.65090679210494	0.00048450101157418966	1965019	Geofilum rhodophaeum	Geofilum	Marinilabiliaceae	Marinilabiliales	Bacteroidia	Bacteroidota	FCB group				
barcode17_120_filtered	98	40.00000000005401	0.0008555966717301022	185243	Propionicimonas paludicola	Propionicimonas	Nocardioidaceae	Propionibacteriales	Actinomycetes	Actinomycetota					
barcode17_120_filtered	62	29.281337381338304	0.0006263253701811363	2763677	Zongyangia hominis	Zongyangia	Oscillospiraceae	Eubacteriales	Clostridia	Bacillota					
barcode17_120_filtered	65	23.804488119962446	0.0005091760201912782	2763042	Dysosmobacter segnis	Dysosmobacter	Oscillospiraceae	Eubacteriales	Clostridia	Bacillota					
barcode17_120_filtered	127	33.211097443366896	0.0007103826109252614	2184016	Falsiroseomonas bella	Falsiroseomonas	Roseomonadaceae	Acetobacterales	Alphaproteobacteria	Pseudomonadota					
barcode17_120_filtered	180	29.80831699735813	0.0006375974203195253	408174	Devosia insulae	Devosia	Devosiaceae	Hyphomicrobiales	Alphaproteobacteria	Pseudomonadota					
barcode17_120_filtered	36	22.055014468123478	0.0004717549243465055	2708020	Legionella antarctica	Legionella	Legionellaceae	Legionellales	Gammaproteobacteria	Pseudomonadota					
barcode17_120_filtered	175	29.999999526910425	0.0006416974936773636	912	Nitrobacter hamburgensis	Nitrobacter	Nitrobacteraceae	Hyphomicrobiales	Alphaproteobacteria	Pseudomonadota					
barcode17_120_filtered	28	35.238901303376934	0.0007537571667638539	112901	Sporomusa malonica	Sporomusa	Sporomusaceae	Selenomonadales	Negativicutes	Bacillota					
barcode17_120_filtered	76	13.000000000057266	0.0002780689183131327	2594430	Flavobacterium franklandianum	Flavobacterium	Flavobacteriaceae	Flavobacteriales	Flavobacteriia	Bacteroidota	FCB group				
barcode17_120_filtered	223	21.0	0.00044918825265769717	261934	Pleomorphomonas oryzae	Pleomorphomonas	Pleomorphomonadaceae	Hyphomicrobiales	Alphaproteobacteria	Pseudomonadota					
barcode17_120_filtered	199	30.784951869420052	0.0006584875589702905	1549638	Quisquiliibacterium transsilvanicum	Quisquiliibacterium	Burkholderiaceae	Burkholderiales	Betaproteobacteria	Pseudomonadota					
barcode17_120_filtered	192	22.502939764537746	0.00048133600916638674	1538021	Novosphingobium tardum	Novosphingobium	Sphingomonadaceae	Sphingomonadales	Alphaproteobacteria	Pseudomonadota					
barcode17_120_filtered	194	30.635636447204924	0.0006552937145131638	29345	Sedimentibacter hydroxybenzoicus	Sedimentibacter			Tissierellia	Bacillota					
barcode17_120_filtered	42	37.0	0.000791426921349276	2588534	Methylophilus medardicus	Methylophilus	Methylophilaceae	Nitrosomonadales	Betaproteobacteria	Pseudomonadota					
barcode17_120_filtered	78	19.0	0.0004064084190712498	2963406	Microcella humidisoli	Microcella	Microbacteriaceae	Micrococcales	Actinomycetes	Actinomycetota					
barcode17_120_filtered	122	15.311744655919886	0.00032751694414921364	3381661	Candidatus Clostridium stratigraminis	Clostridium	Clostridiaceae	Eubacteriales	Clostridia	Bacillota					
barcode17_120_filtered	180	27.868784487305753	0.0005961109813117527	665118	Devosia enhydra	Devosia	Devosiaceae	Hyphomicrobiales	Alphaproteobacteria	Pseudomonadota					
barcode17_120_filtered	226	38.84783387931472	0.0008309519342755175	1141888	Sphingomonas difficilis	Sphingomonas	Sphingomonadaceae	Sphingomonadales	Alphaproteobacteria	Pseudomonadota					
barcode17_120_filtered	163	14.999999999999998	0.0003208487518983551	147266	Agrobacterium albertimagni	Agrobacterium	Rhizobiaceae	Hyphomicrobiales	Alphaproteobacteria	Pseudomonadota					
barcode17_120_filtered	201	18.0	0.00038501850227802613	111831	Defluviicoccus vanus	Defluviicoccus	Rhodospirillaceae	Rhodospirillales	Alphaproteobacteria	Pseudomonadota					
barcode17_120_filtered	189	20.0	0.0004277983358644735	1658620	Rubrivirga profundi	Rubrivirga	Rubricoccaceae	Rhodothermales	Rhodothermia	Rhodothermota	FCB group				
barcode17_120_filtered	136	14.0	0.00029945883510513143	1384639	Aridibacter kavangonensis	Aridibacter	Blastocatellaceae	Blastocatellales	Blastocatellia	Acidobacteriota					
barcode17_120_filtered	236	14.999474695491276	0.0003208375156786224	2547397	Antarcticimicrobium luteum	Antarcticimicrobium	Paracoccaceae	Rhodobacterales	Alphaproteobacteria	Pseudomonadota					
barcode17_120_filtered	36	11.944985531876522	0.00025550224662309945	96232	Legionella lytica	Legionella	Legionellaceae	Legionellales	Gammaproteobacteria	Pseudomonadota					
barcode18_120_filtered	195	174.63840464119693	0.0037480878362277747	2494374	Tabrizicola piscis	Tabrizicola	Paracoccaceae	Rhodobacterales	Alphaproteobacteria	Pseudomonadota					
barcode18_120_filtered	195	1064.4895041277964	0.02284606395947539	2909234	Alitabrizicola rongguiensis	Aliitabrizicola	Paracoccaceae	Rhodobacterales	Alphaproteobacteria	Pseudomonadota					
barcode18_120_filtered	195	349.246508448701	0.007495525356241168	909926	Tabrizicola aquatica	Tabrizicola	Paracoccaceae	Rhodobacterales	Alphaproteobacteria	Pseudomonadota					
barcode18_120_filtered	195	39.433748150432415	0.0008463267405767355	2709381	Pseudotabrizicola algicola	Pseudotabrizicola	Paracoccaceae	Rhodobacterales	Alphaproteobacteria	Pseudomonadota					
barcode18_120_filtered	221	3128.8586189402718	0.06715153493883916	288966	Lutispora thermophila	Lutispora	Lutisporaceae	Lutisporales	Clostridia	Bacillota					
barcode18_120_filtered	190	1057.6927620323106	0.022700192343055127	937251	Youngiibacter multivorans	Youngiibacter	Clostridiaceae	Eubacteriales	Clostridia	Bacillota					
barcode18_120_filtered	68	47.67319595240371	0.0010231616936172835	398199	Proteiniclasticum ruminis	Proteiniclasticum	Clostridiaceae	Eubacteriales	Clostridia	Bacillota					
barcode18_120_filtered	68	40.9103473421432	0.0008780174988655878	2804028	Proteiniclasticum sediminis	Proteiniclasticum	Clostridiaceae	Eubacteriales	Clostridia	Bacillota					
barcode18_120_filtered	143	1412.1846175950334	0.030308293290875078	879969	Macellibacteroides fermentans	Macellibacteroides	Porphyromonadaceae	Bacteroidales	Bacteroidia	Bacteroidota	FCB group				
barcode18_120_filtered	14	636.6576548609642	0.013663940740459376	394284	Psychrosinus fermentans	Psychrosinus	Sporomusaceae	Selenomonadales	Negativicutes	Bacillota					
barcode18_120_filtered	252	55.56918245625614	0.001192625283432548	3133167	Faecousia intestinalis	Faecousia	Oscillospiraceae	Eubacteriales	Clostridia	Bacillota					
barcode18_120_filtered	90	321.69350019533823	0.006904182946202048	44749	Sporobacter termitidis	Sporobacter	Oscillospiraceae	Eubacteriales	Clostridia	Bacillota					
barcode18_120_filtered	118	624.3581722443739	0.013399969357521867	100176	Papillibacter cinnamivorans	Papillibacter	Oscillospiraceae	Eubacteriales	Clostridia	Bacillota					
barcode18_120_filtered	71	36.11575213983716	0.0007751159406755626	286730	Alkaliflexus imshenetskii	Alkaliflexus	Marinilabiliaceae	Marinilabiliales	Bacteroidia	Bacteroidota	FCB group				
barcode18_120_filtered	219	675.36793659215	0.014494740451391812	2010828	Aquipluma nitroreducens	Aquipluma	Prolixibacteraceae	Marinilabiliales	Bacteroidia	Bacteroidota	FCB group				
barcode18_120_filtered	86	91.49602036125495	0.0019636867485353254	1940525	Labilibaculum manganireducens	Labilibaculum	Marinifilaceae	Marinilabiliales	Bacteroidia	Bacteroidota	FCB group				
barcode18_120_filtered	86	201.96531849762695	0.004334577810396767	2283627	Ancylomarina euxinus	Ancylomarina	Marinifilaceae	Marinilabiliales	Bacteroidia	Bacteroidota	FCB group				
barcode18_120_filtered	209	310.79283437713127	0.006670232956542286	185300	Paludibacter propionicigenes	Paludibacter	Paludibacteraceae	Bacteroidales	Bacteroidia	Bacteroidota	FCB group				
barcode18_120_filtered	27	240.980000211042	0.005171910550951668	1547922	Piscinibacter sakaiensis	Piscinibacter	Sphaerotilaceae	Burkholderiales	Betaproteobacteria	Pseudomonadota					
barcode18_120_filtered	27	93.26703079625413	0.0020016961582232503	391953	Aquincola tertiaricarbonis	Aquincola	Sphaerotilaceae	Burkholderiales	Betaproteobacteria	Pseudomonadota					
barcode18_120_filtered	27	186.62116120964689	0.0040052616476294566	1597781	Eleftheria terrae	Eleftheria		Burkholderiales	Betaproteobacteria	Pseudomonadota					
barcode18_120_filtered	27	28.734317173792615	0.0006166956512381984	392597	Piscinibacter aquaticus	Piscinibacter	Sphaerotilaceae	Burkholderiales	Betaproteobacteria	Pseudomonadota					
barcode18_120_filtered	27	664.7336765960243	0.014266508061038425	413882	Caldimonas brevitalea	Caldimonas	Sphaerotilaceae	Burkholderiales	Betaproteobacteria	Pseudomonadota					
barcode18_120_filtered	27	97.01747530877303	0.0020821881639003525	2732868	Pseudaquabacterium terrae	Pseudaquabacterium	Sphaerotilaceae	Burkholderiales	Betaproteobacteria	Pseudomonadota					
barcode18_120_filtered	27	124.61299262570654	0.002674442903071351	3119538	Aquincola agrisoli	Aquincola	Sphaerotilaceae	Burkholderiales	Betaproteobacteria	Pseudomonadota					
barcode18_120_filtered	27	82.55876404994781	0.0017718754356772935	2824118	Ideonella alba	Ideonella	Sphaerotilaceae	Burkholderiales	Betaproteobacteria	Pseudomonadota					
barcode18_120_filtered	184	72.13232378227302	0.0015481032704269438	2585369	Rubellimicrobium rubrum	Rubellimicrobium	Roseobacteraceae	Rhodobacterales	Alphaproteobacteria	Pseudomonadota					
barcode18_120_filtered	184	183.75018616439687	0.003943644807580308	687525	Rubellimicrobium roseum	Rubellimicrobium	Roseobacteraceae	Rhodobacterales	Alphaproteobacteria	Pseudomonadota					
barcode18_120_filtered	184	17.261742118859285	0.0003704713507932198	2817372	Rubellimicrobium arenae	Rubellimicrobium	Roseobacteraceae	Rhodobacterales	Alphaproteobacteria	Pseudomonadota					
barcode18_120_filtered	184	15.679157736019793	0.00033650593930591475	295419	Rubellimicrobium thermophilum	Rubellimicrobium	Roseobacteraceae	Rhodobacterales	Alphaproteobacteria	Pseudomonadota					
barcode18_120_filtered	56	479.447285656813	0.010289893240692214	1689270	Intestinimonas timonensis	Intestinimonas		Eubacteriales	Clostridia	Bacillota					
barcode18_120_filtered	41	16.724448022322292	0.00035893994982878253	3073143	Bengtsoniella intestinalis	Bengtsoniella	Oscillospiraceae	Eubacteriales	Clostridia	Bacillota					
barcode18_120_filtered	56	366.1928331301543	0.007859227220890122	2108523	Lawsonibacter asaccharolyticus	Lawsonibacter	Oscillospiraceae	Eubacteriales	Clostridia	Bacillota					
barcode18_120_filtered	56	103.98113417394768	0.0022316421464984265	3133171	Pseudoflavonifractor intestinihominis	Pseudoflavonifractor	Oscillospiraceae	Eubacteriales	Clostridia	Bacillota					
barcode18_120_filtered	131	48.175863237101346	0.0010339499342640972	1870986	Colidextribacter massiliensis	Colidextribacter		Eubacteriales	Clostridia	Bacillota					
barcode18_120_filtered	60	37.98099480000526	0.0008151477615144711	2981773	Muriventricola aceti	Muriventricola	Oscillospiraceae	Eubacteriales	Clostridia	Bacillota					
barcode18_120_filtered	5	15.339435107582526	0.0003292148153749952	84032	Clostridium thermosuccinogenes	Clostridium	Clostridiaceae	Eubacteriales	Clostridia	Bacillota					
barcode18_120_filtered	3	1630.9708509551492	0.035003881421538166	29355	Ruminiclostridium cellobioparum	Ruminiclostridium	Oscillospiraceae	Eubacteriales	Clostridia	Bacillota					
barcode18_120_filtered	4	808.5032829115364	0.017352090031152862	1521	Ruminiclostridium cellulolyticum	Ruminiclostridium	Oscillospiraceae	Eubacteriales	Clostridia	Bacillota					
barcode18_120_filtered	3	305.5638675355768	0.006558008918220732	48256	Ruminiclostridium hungatei	Ruminiclostridium	Oscillospiraceae	Eubacteriales	Clostridia	Bacillota					
barcode18_120_filtered	3	38.18679439459471	0.0008195646305231299	396504	Ruminiclostridium sufflavum	Ruminiclostridium	Oscillospiraceae	Eubacteriales	Clostridia	Bacillota					
barcode18_120_filtered	203	39.023439056112366	0.0008375206905634281	1297424	Anaerobacterium chartisolvens	Anaerobacterium	Oscillospiraceae	Eubacteriales	Clostridia	Bacillota					
barcode18_120_filtered	137	195.60356958816095	0.004198042013739129	35830	Acetivibrio cellulolyticus	Acetivibrio	Oscillospiraceae	Eubacteriales	Clostridia	Bacillota					
barcode18_120_filtered	186	30.572540909480512	0.0006561475921681013	35825	Pseudobacteroides cellulosolvens	Pseudobacteroides	Oscillospiraceae	Eubacteriales	Clostridia	Bacillota					
barcode18_120_filtered	54	737.701231641701	0.015832537057168326	253314	Acetivibrio straminisolvens	Acetivibrio	Oscillospiraceae	Eubacteriales	Clostridia	Bacillota					
barcode18_120_filtered	100	5814.61768488846	0.12479327134155599	1096341	Fonticella tunisiensis	Fonticella	Clostridiaceae	Eubacteriales	Clostridia	Bacillota					
barcode18_120_filtered	233	28.96131210276923	0.0006215674143187799	655338	Fervidicella metallireducens	Fervidicella	Clostridiaceae	Eubacteriales	Clostridia	Bacillota					
barcode18_120_filtered	66	27.03200857364017	0.0005801607196986773	1147123	Caloramator quimbayensis	Caloramator	Clostridiaceae	Eubacteriales	Clostridia	Bacillota					
barcode18_120_filtered	225	480.57111196375814	0.010314012790568703	130788	Sedimentibacter saalensis	Sedimentibacter			Tissierellia	Bacillota					
barcode18_120_filtered	121	666.6189323294427	0.014306969402271595	2941510	Pumilibacter muris	Pumilibacter	Pumilibacteraceae	Eubacteriales	Clostridia	Bacillota					
barcode18_120_filtered	102	169.31199728508906	0.0036337725304779384	2508949	Candidatus Borkfalkia ceftriaxoniphila	Candidatus Borkfalkia	Christensenellaceae	Christensenellales	Clostridia	Bacillota					
barcode18_120_filtered	125	324.05856314601067	0.006954941905524545	320502	Acetivibrio alkalicellulosi	Acetivibrio	Oscillospiraceae	Eubacteriales	Clostridia	Bacillota					
barcode18_120_filtered	248	41.0	0.0008799416233849852	1337094	Ercella succinigenes	Ercella	Oscillospiraceae	Eubacteriales	Clostridia	Bacillota					
barcode18_120_filtered	52	200.09344945573915	0.004294403774214258	2763033	Christensenella tenuis	Christensenella	Christensenellaceae	Christensenellales	Clostridia	Bacillota					
barcode18_120_filtered	52	35.81005881184447	0.0007685551532782004	626937	Christensenella minuta	Christensenella	Christensenellaceae	Christensenellales	Clostridia	Bacillota					
barcode18_120_filtered	52	46.65418172577513	0.0010012916196457727	1816678	Christensenella timonensis	Christensenella	Christensenellaceae	Christensenellales	Clostridia	Bacillota					
barcode18_120_filtered	52	29.642453445500838	0.0006361860635597038	270498	Christensenella hongkongensis	Christensenella	Christensenellaceae	Christensenellales	Clostridia	Bacillota					
barcode18_120_filtered	52	113.26320984480589	0.002430853969283725	1805714	Christensenella massiliensis	Christensenella	Christensenellaceae	Christensenellales	Clostridia	Bacillota					
barcode18_120_filtered	196	1299.414389131683	0.02788801968347176	2496273	Xylanivirga thermophila	Xylanivirga	Xylanivirgaceae	Caldicoprobacterales	Clostridia	Bacillota					
barcode18_120_filtered	93	36.59713735391637	0.0007854474257182548	1121298	Clostridium amylolyticum	Clostridium	Clostridiaceae	Eubacteriales	Clostridia	Bacillota					
barcode18_120_filtered	67	12.723799257931745	0.00027307806279632023	3376993	Vescimonas sanitatis	Vescimonas	Oscillospiraceae	Eubacteriales	Clostridia	Bacillota					
barcode18_120_filtered	60	20.888775162815573	0.0004483147006656559	2763047	Flintibacter faecis	Flintibacter		Eubacteriales	Clostridia	Bacillota					
barcode18_120_filtered	207	165.09179749666689	0.003543198641384446	203699	Derxia gummosa	Derxia	Alcaligenaceae	Burkholderiales	Betaproteobacteria	Pseudomonadota					
barcode18_120_filtered	99	28.372161762523433	0.0006089230751282018	47671	Lautropia mirabilis	Lautropia	Burkholderiaceae	Burkholderiales	Betaproteobacteria	Pseudomonadota					
barcode18_120_filtered	159	46.683594699888474	0.0010019228806260134	2835040	Roseococcus pinisoli	Roseococcus	Roseomonadaceae	Acetobacterales	Alphaproteobacteria	Pseudomonadota					
barcode18_120_filtered	253	40.054766524601625	0.0008596550312186467	2771361	Roseococcus microcysteis	Roseococcus	Roseomonadaceae	Acetobacterales	Alphaproteobacteria	Pseudomonadota					
barcode18_120_filtered	139	71.57268397862161	0.0015360922861016786	173675	Sphingopyxis witflariensis	Sphingopyxis	Sphingopyxidaceae	Sphingomonadales	Alphaproteobacteria	Pseudomonadota					
barcode18_120_filtered	139	56.53582963491858	0.0012133714563016392	33052	Sphingopyxis terrae	Sphingopyxis	Sphingopyxidaceae	Sphingomonadales	Alphaproteobacteria	Pseudomonadota					
barcode18_120_filtered	139	22.644418127954683	0.0004859942938566056	651663	Sphingopyxis bauzanensis	Sphingopyxis	Sphingopyxidaceae	Sphingomonadales	Alphaproteobacteria	Pseudomonadota					
barcode18_120_filtered	139	23.416755238314327	0.0005025701858246626	2871171	Sphingopyxis jiangsuensis	Sphingopyxis	Sphingopyxidaceae	Sphingomonadales	Alphaproteobacteria	Pseudomonadota					
barcode18_120_filtered	141	58.10713748136023	0.0012470948508683571	501571	Butyricicoccus pullicaecorum	Butyricicoccus	Butyricicoccaceae	Eubacteriales	Clostridia	Bacillota					
barcode18_120_filtered	148	227.45625680879374	0.004881664094278099	1495	Clostridium cylindrosporum	Clostridium	Clostridiaceae	Eubacteriales	Clostridia	Bacillota					
barcode18_120_filtered	120	38.49832849621239	0.0008262507725503796	3103142	Sphingomonas rustica	Sphingomonas	Sphingomonadaceae	Sphingomonadales	Alphaproteobacteria	Pseudomonadota					
barcode18_120_filtered	120	1554.9197349670787	0.03337167306878737	2873268	Hephaestia mangrovi	Hephaestia	Sphingomonadaceae	Sphingomonadales	Alphaproteobacteria	Pseudomonadota					
barcode18_120_filtered	120	208.3298308078289	0.004471172915135616	1632740	Sphingomonas zeicaulis	Sphingomonas	Sphingomonadaceae	Sphingomonadales	Alphaproteobacteria	Pseudomonadota					
barcode18_120_filtered	120	225.64430155161625	0.004842775927192691	2305907	Sphingomonas gilva	Sphingomonas	Sphingomonadaceae	Sphingomonadales	Alphaproteobacteria	Pseudomonadota					
barcode18_120_filtered	120	39.880822314970025	0.0008559218421893383	397260	Sphingomonas sanxanigenens	Sphingomonas	Sphingomonadaceae	Sphingomonadales	Alphaproteobacteria	Pseudomonadota					
barcode18_120_filtered	155	75.86491718708199	0.001628212155794351	1460355	Sphingomonas mohensis	Sphingomonas	Sphingomonadaceae	Sphingomonadales	Alphaproteobacteria	Pseudomonadota					
barcode18_120_filtered	158	27.60824787436322	0.0005925279622776156	2175090	Sphingomonas pokkalii	Sphingomonas	Sphingomonadaceae	Sphingomonadales	Alphaproteobacteria	Pseudomonadota					
barcode18_120_filtered	158	52.03936296989668	0.0011168683300402773	2782540	Sphingomonas beigongshangi	Sphingomonas	Sphingomonadaceae	Sphingomonadales	Alphaproteobacteria	Pseudomonadota					
barcode18_120_filtered	222	572.8127168348796	0.012293701267006043	913099	Sedimentibacter acidaminivorans	Sedimentibacter			Tissierellia	Bacillota					
barcode18_120_filtered	70	1573.5494062555385	0.03377150290285313	1852363	Beduinella massiliensis	Beduinella	Beduinellaceae	Eubacteriales	Clostridia	Bacillota					
barcode18_120_filtered	26	211.10215320444112	0.004530672472945897	3046383	Aristaeella lactis	Aristaeella	Aristaeellaceae	Eubacteriales	Clostridia	Bacillota					
barcode18_120_filtered	26	51.91654845411682	0.0011142324860307512	3046382	Aristaeella hokkaidonensis	Aristaeella	Aristaeellaceae	Eubacteriales	Clostridia	Bacillota					
barcode18_120_filtered	37	21.563339430946897	0.00046279219279192377	192843	Rhodoferax ferrireducens	Rhodoferax	Comamonadaceae	Burkholderiales	Betaproteobacteria	Pseudomonadota					
barcode18_120_filtered	37	484.27555128288986	0.01039351743320792	2527691	Rhodoferax aquaticus	Rhodoferax	Comamonadaceae	Burkholderiales	Betaproteobacteria	Pseudomonadota					
barcode18_120_filtered	17	273.97675141558346	0.0058800865222042205	2763673	Yanshouia hominis	Yanshouia	Oscillospiraceae	Eubacteriales	Clostridia	Bacillota					
barcode18_120_filtered	182	38.000365019740926	0.0008155634849925081	1549748	Kiloniella litopenaei	Kiloniella	Kiloniellaceae	Rhodospirillales	Alphaproteobacteria	Pseudomonadota					
barcode18_120_filtered	59	227.64141218516642	0.004885637897265022	2941519	Vermiculatibacterium agrestimuris	Vermiculatibacterium	Oscillospiraceae	Eubacteriales	Clostridia	Bacillota					
barcode18_120_filtered	56	115.51344810949803	0.002479148562250462	1673721	Intestinimonas massiliensis (ex Afouda et al. 2020)	Intestinimonas		Eubacteriales	Clostridia	Bacillota					
barcode18_120_filtered	50	410.15496678300093	0.008802742129523134	1537567	Fusibacter fontis	Fusibacter	Eubacteriales Family XII. Incertae Sedis	Eubacteriales	Clostridia	Bacillota					
barcode18_120_filtered	50	95.29018199799192	0.002045117010730822	1488331	Fusibacter bizertensis	Fusibacter	Eubacteriales Family XII. Incertae Sedis	Eubacteriales	Clostridia	Bacillota					
barcode18_120_filtered	114	14.999660048447874	0.0003219225661769299	392610	Sphingorhabdus lacus	Sphingorhabdus	Sphingorhabdaceae	Sphingomonadales	Alphaproteobacteria	Pseudomonadota					
barcode18_120_filtered	40	78.22152394515871	0.0016787896283890352	2954386	Candidatus Accumulibacter necessarius	Candidatus Accumulibacter			Betaproteobacteria	Pseudomonadota					
barcode18_120_filtered	40	17.698190636519413	0.00037983840487014237	1860102	Candidatus Accumulibacter aalborgensis	Candidatus Accumulibacter			Betaproteobacteria	Pseudomonadota					
barcode18_120_filtered	40	38.83839968298934	0.0008335493772371838	1860101	Candidatus Propionivibrio aalborgensis	Propionivibrio	Rhodocyclaceae	Rhodocyclales	Betaproteobacteria	Pseudomonadota					
barcode18_120_filtered	130	40.673822539353665	0.0008729412057207724	1516126	Dysgonomonas termitidis	Dysgonomonas	Dysgonomonadaceae	Bacteroidales	Bacteroidia	Bacteroidota	FCB group				
barcode18_120_filtered	181	206.0004722184717	0.004421180242487696	52692	Acetobacterium malicum	Acetobacterium	Eubacteriaceae	Eubacteriales	Clostridia	Bacillota					
barcode18_120_filtered	145	31.627911483925406	0.0006787979457424863	112729	Caloramator viterbiensis	Caloramator	Clostridiaceae	Eubacteriales	Clostridia	Bacillota					
barcode18_120_filtered	43	260.9999997693109	0.005601579597572882	2725268	Hujiaoplasma nucleasis	Hujiaoplasma	Hujiaoplasmataceae	Candidatus Izemoplasmatales	Mollicutes	Mycoplasmatota					
barcode18_120_filtered	149	284.56372369659346	0.006107304024050166	3019556	Erythrobacter oryzae	Erythrobacter	Erythrobacteraceae	Sphingomonadales	Alphaproteobacteria	Pseudomonadota					
barcode18_120_filtered	149	381.9434032165977	0.008197265811404852	1161202	Erythrobacter colymbi	Erythrobacter	Erythrobacteraceae	Sphingomonadales	Alphaproteobacteria	Pseudomonadota					
barcode18_120_filtered	149	21.398230323249276	0.0004592486226391655	35811	Erythrobacter ramosus	Erythrobacter	Erythrobacteraceae	Sphingomonadales	Alphaproteobacteria	Pseudomonadota					
barcode18_120_filtered	149	24.632945460634875	0.0005286720492045086	198312	Erythrobacter sanguineus	Erythrobacter	Erythrobacteraceae	Sphingomonadales	Alphaproteobacteria	Pseudomonadota					
barcode18_120_filtered	149	16.685237899230636	0.00035809842252716305	2987523	Erythrobacter fulvus	Erythrobacter	Erythrobacteraceae	Sphingomonadales	Alphaproteobacteria	Pseudomonadota					
barcode18_120_filtered	149	13.188665334050832	0.00028305501425185284	1112	Erythrobacter neustonensis	Erythrobacter	Erythrobacteraceae	Sphingomonadales	Alphaproteobacteria	Pseudomonadota					
barcode18_120_filtered	54	227.1896152625493	0.004875941435861899	1515	Acetivibrio thermocellus	Acetivibrio	Oscillospiraceae	Eubacteriales	Clostridia	Bacillota					
barcode18_120_filtered	56	29.092294042857826	0.0006243785475137963	1650661	Clostridium phoceensis	Clostridium	Clostridiaceae	Eubacteriales	Clostridia	Bacillota					
barcode18_120_filtered	56	21.12331619169034	0.0004533484180729351	2763052	Lawsonibacter faecis	Lawsonibacter	Oscillospiraceae	Eubacteriales	Clostridia	Bacillota					
barcode18_120_filtered	123	44.83606151397392	0.0009622711403608601	2038680	Paludihabitans psychrotolerans	Paludihabitans	Oscillospiraceae	Eubacteriales	Clostridia	Bacillota					
barcode18_120_filtered	124	156.59384568560858	0.0033608156776754215	2528036	Tabrizicola caldifontis	Tabrizicola	Paracoccaceae	Rhodobacterales	Alphaproteobacteria	Pseudomonadota					
barcode18_120_filtered	124	16.40438441092167	0.0003520707475409209	2583234	Paragemmobacter kunshanensis	Paragemmobacter	Paracoccaceae	Rhodobacterales	Alphaproteobacteria	Pseudomonadota					
barcode18_120_filtered	83	427.10209589075674	0.009166461258762002	1794912	Anaerosporomusa subterranea	Anaerosporomusa	Acetonemataceae		Negativicutes	Bacillota					
barcode18_120_filtered	23	188.00000000019617	0.004034854273086581	2590199	Anaeromyxobacter diazotrophicus	Anaeromyxobacter	Anaeromyxobacteraceae	Myxococcales	Myxococcia	Myxococcota					
barcode18_120_filtered	79	26.00671414055954	0.0005581558599939808	65655	Hydrogenophaga palleronii	Hydrogenophaga	Comamonadaceae	Burkholderiales	Betaproteobacteria	Pseudomonadota					
barcode18_120_filtered	12	80.8509716737494	0.0017352228113866463	288965	Acetivibrio clariflavus	Acetivibrio	Oscillospiraceae	Eubacteriales	Clostridia	Bacillota					
barcode18_120_filtered	20	100.64897743490098	0.0021601274291733054	209080	Propionispora hippei	Propionispora	Sporomusaceae	Selenomonadales	Negativicutes	Bacillota					
barcode18_120_filtered	20	12.358687556284902	0.00026524203880939396	112903	Propionispora vibrioides	Propionispora	Sporomusaceae	Selenomonadales	Negativicutes	Bacillota					
barcode18_120_filtered	2	367.5387499504082	0.00788811327532318	1076412	Pelosinus defluvii	Pelosinus	Sporomusaceae	Selenomonadales	Negativicutes	Bacillota					
barcode18_120_filtered	9	40.1264414012253	0.0008611933167623578	380084	Pelosinus propionicus	Pelosinus	Sporomusaceae	Selenomonadales	Negativicutes	Bacillota					
barcode18_120_filtered	9	27.702157059565316	0.0005945434403477984	365349	Pelosinus fermentans	Pelosinus	Sporomusaceae	Selenomonadales	Negativicutes	Bacillota					
barcode18_120_filtered	150	30.790430981292435	0.000660823946887849	2672568	Sandarakinorhabdus rubra	Sandarakinorhabdus	Sphingosinicellaceae	Sphingomonadales	Alphaproteobacteria	Pseudomonadota					
barcode18_120_filtered	171	40.00001053357116	0.0008584798586421246	2913411	Sandaracinobacteroides sayramensis	Sandaracinobacteroides	Sphingosinicellaceae	Sphingomonadales	Alphaproteobacteria	Pseudomonadota					
barcode18_120_filtered	211	96.87136292098384	0.00207905230117577	1305696	Novosphingobium arabidopsis	Novosphingobium	Sphingomonadaceae	Sphingomonadales	Alphaproteobacteria	Pseudomonadota					
barcode18_120_filtered	65	623.6385665989253	0.013384525187769355	351091	Oscillibacter valericigenes	Oscillibacter	Oscillospiraceae	Eubacteriales	Clostridia	Bacillota					
barcode18_120_filtered	124	43.091804788687845	0.0009248359185450454	2852097	Paragemmobacter amnigenus	Paragemmobacter	Paracoccaceae	Rhodobacterales	Alphaproteobacteria	Pseudomonadota					
barcode18_120_filtered	124	22.063635774945773	0.0004735295483312395	2699202	Stagnihabitans tardus	Stagnihabitans	Paracoccaceae	Rhodobacterales	Alphaproteobacteria	Pseudomonadota					
barcode18_120_filtered	195	15.741032190924228	0.0003378338882887116	2030009	Pseudotabrizicola formosa	Pseudotabrizicola	Paracoccaceae	Rhodobacterales	Alphaproteobacteria	Pseudomonadota					
barcode18_120_filtered	195	240.83973122447273	0.0051689000992503915	2305252	Pseudotabrizicola alkalilacus	Pseudotabrizicola	Paracoccaceae	Rhodobacterales	Alphaproteobacteria	Pseudomonadota					
barcode18_120_filtered	114	20.044318831511653	0.0004301909866401608	940136	Sphingorhabdus wooponensis	Sphingorhabdus	Sphingorhabdaceae	Sphingomonadales	Alphaproteobacteria	Pseudomonadota					
barcode18_120_filtered	114	53.7124330865118	0.0011527757455146973	1282858	Sphingorhabdus rigui	Sphingorhabdus	Sphingorhabdaceae	Sphingomonadales	Alphaproteobacteria	Pseudomonadota					
barcode18_120_filtered	114	16.243306133190817	0.00034861368702388326	1078469	Sphingorhabdus planktonica	Sphingorhabdus	Sphingorhabdaceae	Sphingomonadales	Alphaproteobacteria	Pseudomonadota					
barcode18_120_filtered	232	505.02571271289014	0.010838857207213164	2507161	Acidilutibacter cellobiosedens	Acidilutibacter	Acidilutibacteraceae	Tissierellales	Tissierellia	Bacillota					
barcode18_120_filtered	36	44.0	0.000944327595827789	2708020	Legionella antarctica	Legionella	Legionellaceae	Legionellales	Gammaproteobacteria	Pseudomonadota					
barcode18_120_filtered	237	65.93831256914439	0.0014151674586673046	2763654	Luoshenia tenuis	Luoshenia	Christensenellaceae	Christensenellales	Clostridia	Bacillota					
barcode18_120_filtered	205	87.78053713567154	0.0018839450816772875	1462919	Mobilitalea sibirica	Mobilitalea	Lachnospiraceae	Lachnospirales	Clostridia	Bacillota					
barcode18_120_filtered	55	851.520643743248	0.018275328234177105	433293	Anaerotaenia torta	Anaerotaenia	Lachnospiraceae	Lachnospirales	Clostridia	Bacillota					
barcode18_120_filtered	93	15.84873636404363	0.0003401454342628585	1325933	Clostridium polynesiense	Clostridium	Clostridiaceae	Eubacteriales	Clostridia	Bacillota					
barcode18_120_filtered	216	169.962824855714	0.0036477405858203627	642589	Caproiciproducens galactitolivorans	Caproiciproducens	Acutalibacteraceae	Eubacteriales	Clostridia	Bacillota					
barcode18_120_filtered	154	62.82147297761902	0.0013482738759844405	1841868	Provencibacterium massiliense	Provencibacterium	Oscillospiraceae	Eubacteriales	Clostridia	Bacillota					
barcode18_120_filtered	30	12.60510839204312	0.00027053072052288105	1470354	Candidatus Soleaferrea massiliensis	Candidatus Soleaferrea		Eubacteriales	Clostridia	Bacillota					
barcode18_120_filtered	10	67.54356466936358	0.001449619364496793	659425	Thermoclostridium caenicola	Thermoclostridium	Oscillospiraceae	Eubacteriales	Clostridia	Bacillota					
barcode18_120_filtered	38	95.01639346361056	0.0020392409637208773	49338	Desulfitobacterium hafniense	Desulfitobacterium	Desulfitobacteriaceae	Eubacteriales	Clostridia	Bacillota					
barcode18_120_filtered	16	63.633046765253575	0.001365691865159754	3375356	Desulfitobacterium nosdiversum	Desulfitobacterium	Desulfitobacteriaceae	Eubacteriales	Clostridia	Bacillota					
barcode18_120_filtered	11	23.365842800220793	0.0005014775035459671	2018669	Desulfosporosinus fructosivorans	Desulfosporosinus	Desulfitobacteriaceae	Eubacteriales	Clostridia	Bacillota					
barcode18_120_filtered	27	27.577064417446604	0.000591858703211714	2742824	Piscinibacter koreensis	Piscinibacter	Sphaerotilaceae	Burkholderiales	Betaproteobacteria	Pseudomonadota					
barcode18_120_filtered	149	280.97405805763196	0.006030262653080482	2969984	Parerythrobacter lacustris	Parerythrobacter	Erythrobacteraceae	Sphingomonadales	Alphaproteobacteria	Pseudomonadota					
barcode18_120_filtered	149	20.295101618031065	0.000435573284500817	3127706	Parerythrobacter aurantius	Parerythrobacter	Erythrobacteraceae	Sphingomonadales	Alphaproteobacteria	Pseudomonadota					
barcode18_120_filtered	55	55.77212863543671	0.0011969809124659121	1679721	Herbinix luporum	Herbinix	Lachnospiraceae	Lachnospirales	Clostridia	Bacillota					
barcode18_120_filtered	48	697.346963427175	0.014966454123431665	225084	Erysipelothrix inopinata	Erysipelothrix	Erysipelotrichaceae	Erysipelotrichales	Erysipelotrichia	Bacillota					
barcode18_120_filtered	48	23.67102407691054	0.0005080273013029691	2683714	Erysipelothrix aquatica	Erysipelothrix	Erysipelotrichaceae	Erysipelotrichales	Erysipelotrichia	Bacillota					
barcode18_120_filtered	48	71.97598041709182	0.0015447478305595532	38402	Erysipelothrix tonsillarum	Erysipelothrix	Erysipelotrichaceae	Erysipelotrichales	Erysipelotrichia	Bacillota					
barcode18_120_filtered	25	11.418010622960532	0.0002450532391071926	1514105	Erysipelothrix larvae	Erysipelothrix	Erysipelotrichaceae	Erysipelotrichales	Erysipelotrichia	Bacillota					
barcode18_120_filtered	128	71.0966404218909	0.0015258754436599325	118967	Anaerorhabdus furcosa	Anaerorhabdus	Erysipelotrichaceae	Erysipelotrichales	Erysipelotrichia	Bacillota					
barcode18_120_filtered	152	51.22523175949896	0.0010993954534811127	1673717	Anaeromassilibacillus senegalensis	Anaeromassilibacillus	Acutalibacteraceae	Eubacteriales	Clostridia	Bacillota					
barcode18_120_filtered	200	31.27579320121966	0.0006712407863935198	2780922	Solibaculum mannosilyticum	Solibaculum	Oscillospiraceae	Eubacteriales	Clostridia	Bacillota					
barcode18_120_filtered	58	21.43911042702831	0.0004601259910509574	2576756	Caproicibacter fermentans	Caproicibacter	Acutalibacteraceae	Eubacteriales	Clostridia	Bacillota					
barcode18_120_filtered	192	22.224905569661644	0.00047699071918405036	1244894	Sphingomonas fonticola	Sphingomonas	Sphingomonadaceae	Sphingomonadales	Alphaproteobacteria	Pseudomonadota					
barcode18_120_filtered	158	33.75363694048769	0.0007244202459648815	2559804	Sphingomonas flavalba	Sphingomonas	Sphingomonadaceae	Sphingomonadales	Alphaproteobacteria	Pseudomonadota					
barcode18_120_filtered	192	20.25313069597662	0.00043467250495721806	1538021	Novosphingobium tardum	Novosphingobium	Sphingomonadaceae	Sphingomonadales	Alphaproteobacteria	Pseudomonadota					
barcode18_120_filtered	22	30.631303051083705	0.0006574087447114157	386874	Sphingomonas sediminicola	Sphingomonas	Sphingomonadaceae	Sphingomonadales	Alphaproteobacteria	Pseudomonadota					
barcode18_120_filtered	22	18.89712939579166	0.0004055700175085131	2303576	Sphingomonas mesophila	Sphingomonas	Sphingomonadaceae	Sphingomonadales	Alphaproteobacteria	Pseudomonadota					
barcode18_120_filtered	45	45.62169510147668	0.0009791324011992248	1379270	Gemmatimonas phototrophica	Gemmatimonas	Gemmatimonadaceae	Gemmatimonadales	Gemmatimonadia	Gemmatimonadota	FCB group				
barcode18_120_filtered	195	12.124020060754532	0.0002602056071759139	2710650	Tabrizicola oligotrophica	Tabrizicola	Paracoccaceae	Rhodobacterales	Alphaproteobacteria	Pseudomonadota					
barcode18_120_filtered	195	16.296944992964725	0.00034976488373963867	933059	Gemmobacter aquatilis	Gemmobacter	Paracoccaceae	Rhodobacterales	Alphaproteobacteria	Pseudomonadota					
barcode18_120_filtered	78	15.0	0.000321929862214019	2963406	Microcella humidisoli	Microcella	Microbacteriaceae	Micrococcales	Actinomycetes	Actinomycetota					
barcode18_120_filtered	101	22.995404813638302	0.0004935271668806778	1776382	Neglectibacter timonensis	Neglectibacter	Oscillospiraceae	Eubacteriales	Clostridia	Bacillota					
barcode18_120_filtered	139	35.63631039491887	0.0007648261663501496	574956	Novosphingobium soli	Novosphingobium	Sphingomonadaceae	Sphingomonadales	Alphaproteobacteria	Pseudomonadota					
barcode18_120_filtered	226	19.00389592652816	0.0004078614398104511	1141888	Sphingomonas difficilis	Sphingomonas	Sphingomonadaceae	Sphingomonadales	Alphaproteobacteria	Pseudomonadota					
barcode18_120_filtered	22	29.53038169608033	0.0006337807807031019	2904799	Sphingomonas cremea	Sphingomonas	Sphingomonadaceae	Sphingomonadales	Alphaproteobacteria	Pseudomonadota					
barcode18_120_filtered	44	51.99999999999999	0.0011160235223419324	1803913	Steroidobacter cummioxidans	Steroidobacter	Steroidobacteraceae	Steroidobacterales	Gammaproteobacteria	Pseudomonadota					
barcode18_120_filtered	212	84.00000600984947	0.0018028073573818403	1678841	Lentimicrobium saccharophilum	Lentimicrobium	Lentimicrobiaceae	Bacteroidales	Bacteroidia	Bacteroidota	FCB group				
barcode18_120_filtered	223	13.999998515880925	0.0003004678395476011	261934	Pleomorphomonas oryzae	Pleomorphomonas	Pleomorphomonadaceae	Hyphomicrobiales	Alphaproteobacteria	Pseudomonadota					
barcode18_120_filtered	61	24.916365570228404	0.0005347548089931838	2764187	Ramlibacter cellulosilyticus	Ramlibacter	Comamonadaceae	Burkholderiales	Betaproteobacteria	Pseudomonadota					
barcode18_120_filtered	61	18.965329360711795	0.0004070337245291625	2780087	Ramlibacter pallidus	Ramlibacter	Comamonadaceae	Burkholderiales	Betaproteobacteria	Pseudomonadota					
barcode18_120_filtered	61	29.08247375138306	0.0006241677845083715	2530451	Ramlibacter humi	Ramlibacter	Comamonadaceae	Burkholderiales	Betaproteobacteria	Pseudomonadota					
barcode18_120_filtered	37	23.237469242454573	0.0004987223514283936	2596921	Caenimonas sedimenti	Caenimonas	Comamonadaceae	Burkholderiales	Betaproteobacteria	Pseudomonadota					
barcode18_120_filtered	28	39.865192017455385	0.0008555863848876547	112901	Sporomusa malonica	Sporomusa	Sporomusaceae	Selenomonadales	Negativicutes	Bacillota					
barcode18_120_filtered	105	501.3174018398197	0.010759269473318876	36849	Oxobacter pfennigii	Oxobacter	Clostridiaceae	Eubacteriales	Clostridia	Bacillota					
barcode18_120_filtered	197	16.65794810062331	0.00035751272912012944	95159	Caloramator coolhaasii	Caloramator	Clostridiaceae	Eubacteriales	Clostridia	Bacillota					
barcode18_120_filtered	213	65.58363710025476	0.0014075554170119493	1604902	Clostridium omnivorum	Clostridium	Clostridiaceae	Eubacteriales	Clostridia	Bacillota					
barcode18_120_filtered	104	32.2459469356477	0.0006920622169302421	1716543	Clostridium thermarum	Clostridium	Clostridiaceae	Eubacteriales	Clostridia	Bacillota					
barcode18_120_filtered	113	15.000000107851516	0.00032192986452872724	1054297	Clostridium punense	Clostridium	Clostridiaceae	Eubacteriales	Clostridia	Bacillota					
barcode18_120_filtered	110	33.245852557316326	0.000713522182197629	1468449	Holdemania massiliensis	Holdemania	Erysipelotrichaceae	Erysipelotrichales	Erysipelotrichia	Bacillota					
barcode18_120_filtered	220	17.04930554052374	0.0003659120389003679	365341	Sphingobium aromaticiconvertens	Sphingobium	Sphingobiaceae	Sphingomonadales	Alphaproteobacteria	Pseudomonadota					
barcode18_120_filtered	169	97.0	0.0020818131089839894	1960156	Abditibacterium utsteinense	Abditibacterium	Abditibacteriaceae	Abditibacteriales	Abditibacteriia	Abditibacteriota					
barcode18_120_filtered	75	70.67574820834854	0.0015168422588390895	553814	Acidovorax carolinensis	Acidovorax	Comamonadaceae	Burkholderiales	Betaproteobacteria	Pseudomonadota					
barcode18_120_filtered	224	52.7710501434102	0.0011325717934371421	1944642	Marasmitruncus massiliensis	Marasmitruncus	Oscillospiraceae	Eubacteriales	Clostridia	Bacillota					
barcode18_120_filtered	19	157.59144478213068	0.0033822261403213005	342666	Gracilibacter thermotolerans	Gracilibacter	Gracilibacteraceae	Eubacteriales	Clostridia	Bacillota					
barcode18_120_filtered	210	100.99989201957443	0.0021676587547661596	758823	Vampirovibrio chlorellavorus	Vampirovibrio		Vampirovibrionales	Vampirovibriophyceae	Candidatus Melainabacteria	Cyanobacteriota/Melainabacteria group				
barcode18_120_filtered	127	28.163590525808463	0.0006044467211617046	2766473	Falsiroseomonas oryzae	Falsiroseomonas	Roseomonadaceae	Acetobacterales	Alphaproteobacteria	Pseudomonadota					
barcode18_120_filtered	127	25.354767427786232	0.0005441637856330478	2184016	Falsiroseomonas bella	Falsiroseomonas	Roseomonadaceae	Acetobacterales	Alphaproteobacteria	Pseudomonadota					
barcode18_120_filtered	34	353.01444547302543	0.00757639278604596	258515	Acetanaerobacterium elongatum	Acetanaerobacterium	Oscillospiraceae	Eubacteriales	Clostridia	Bacillota					
barcode18_120_filtered	160	46.000620565681565	0.0009872648960312822	2994654	Kaistia nematophila	Kaistia	Kaistiaceae	Hyphomicrobiales	Alphaproteobacteria	Pseudomonadota					
barcode18_120_filtered	96	18.848384963979544	0.00040452386496071476	2885357	Hominenteromicrobium mulieris	Hominenteromicrobium	Oscillospiraceae	Eubacteriales	Clostridia	Bacillota					
barcode18_120_filtered	45	75.07530631502829	0.0016112655345114882	2732249	Gemmatimonas groenlandica	Gemmatimonas	Gemmatimonadaceae	Gemmatimonadales	Gemmatimonadia	Gemmatimonadota	FCB group				
barcode18_120_filtered	115	89.30335135196647	0.0019166277063992461	2014610	Roseisolibacter agri	Roseisolibacter	Gemmatimonadaceae	Gemmatimonadales	Gemmatimonadia	Gemmatimonadota	FCB group				
barcode18_120_filtered	255	12.999999999999998	0.0002790058805854831	2820301	Caproiciproducens faecalis	Caproiciproducens	Acutalibacteraceae	Eubacteriales	Clostridia	Bacillota					
barcode18_120_filtered	150	13.328946545595173	0.00028606572832543187	1981098	Sandarakinorhabdus cyanobacteriorum	Sandarakinorhabdus	Sphingosinicellaceae	Sphingomonadales	Alphaproteobacteria	Pseudomonadota					
barcode18_120_filtered	150	95.46839105356351	0.002048941731844519	1439888	Sandarakinorhabdus fusca	Sandarakinorhabdus	Sphingosinicellaceae	Sphingomonadales	Alphaproteobacteria	Pseudomonadota					
barcode18_120_filtered	228	24.00000000001299	0.0005150877795427091	1796619	Irregularibacter muris	Irregularibacter	Eubacteriaceae	Eubacteriales	Clostridia	Bacillota					
barcode18_120_filtered	238	20.0	0.00042923981628535863	1473598	Paludibaculum fermentans	Paludibaculum	Bryobacteraceae	Bryobacterales	Terriglobia	Acidobacteriota					
barcode18_120_filtered	211	26.978652592338562	0.000579015594118096	48935	Novosphingobium aromaticivorans	Novosphingobium	Sphingomonadaceae	Sphingomonadales	Alphaproteobacteria	Pseudomonadota					
barcode18_120_filtered	134	80.95192696851974	0.0017373895129956592	173676	Novosphingobium hassiacum	Novosphingobium	Sphingomonadaceae	Sphingomonadales	Alphaproteobacteria	Pseudomonadota					
barcode18_120_filtered	192	57.906368996471784	0.0012427859594898868	1550728	Blastomonas fulva	Blastomonas	Blastomonadaceae	Sphingomonadales	Alphaproteobacteria	Pseudomonadota					
barcode18_120_filtered	149	33.693577152857806	0.000723131243354462	2509361	Qipengyuania thermophila	Qipengyuania	Erythrobacteraceae	Sphingomonadales	Alphaproteobacteria	Pseudomonadota					
barcode18_120_filtered	117	82.0	0.0017598832467699704	1332188	Candidatus Saccharimonas aalborgensis	Candidatus Saccharimonas	Candidatus Saccharimonadaceae	Candidatus Saccharimonadales	Candidatus Saccharimonadia	Candidatus Saccharimonadota	Bacteria candidate phyla				
barcode18_120_filtered	180	24.722052973592426	0.0005305844738290858	2917991	Devosia lacusdianchii	Devosia	Devosiaceae	Hyphomicrobiales	Alphaproteobacteria	Pseudomonadota					
barcode18_120_filtered	236	13.995646298976755	0.0003003744323083821	2547397	Antarcticimicrobium luteum	Antarcticimicrobium	Paracoccaceae	Rhodobacterales	Alphaproteobacteria	Pseudomonadota					
barcode18_120_filtered	13	31.0	0.0006653217152423059	1032527	Pedosphaera parvula	Pedosphaera	Pedosphaeraceae	Pedosphaerales	Pedosphaerae	Verrucomicrobiota	PVC group				
barcode18_120_filtered	153	25.078226161189654	0.0005382286595095861	433286	Anaerocolumna cellulosilytica	Anaerocolumna	Lachnospiraceae	Lachnospirales	Clostridia	Bacillota					
barcode18_120_filtered	153	18.14123117391032	0.0003893469368139743	1727145	Anaerocolumna chitinilytica	Anaerocolumna	Lachnospiraceae	Lachnospirales	Clostridia	Bacillota					
barcode18_120_filtered	163	22.0	0.0004721637979138945	147266	Agrobacterium albertimagni	Agrobacterium	Rhizobiaceae	Hyphomicrobiales	Alphaproteobacteria	Pseudomonadota					
barcode18_120_filtered	194	40.783220603704784	0.0008752891059729748	29345	Sedimentibacter hydroxybenzoicus	Sedimentibacter			Tissierellia	Bacillota					
barcode18_120_filtered	170	29.26399168474685	0.00062806352072685	484882	Falsiroseomonas stagni	Falsiroseomonas	Roseomonadaceae	Acetobacterales	Alphaproteobacteria	Pseudomonadota					
barcode18_120_filtered	65	19.57186760199525	0.00042005124269209023	2763042	Dysosmobacter segnis	Dysosmobacter	Oscillospiraceae	Eubacteriales	Clostridia	Bacillota					
barcode18_120_filtered	82	100.86393812384277	0.0021647409135048027	985	Cytophaga hutchinsonii	Cytophaga	Cytophagaceae	Cytophagales	Cytophagia	Bacteroidota	FCB group				
barcode18_120_filtered	22	106.94550098033628	0.002295263359667259	2992113	Sphingomonas arvum	Sphingomonas	Sphingomonadaceae	Sphingomonadales	Alphaproteobacteria	Pseudomonadota					
barcode18_120_filtered	18	78.0	0.0016740352835128986	107709	Opitutus terrae	Opitutus	Opitutaceae	Opitutales	Opitutia	Verrucomicrobiota	PVC group				
barcode18_120_filtered	126	41.99983830917655	0.0009014001439922856	2054628	Alteraurantiacibacter palmitatis	Alteraurantiacibacter	Erythrobacteraceae	Sphingomonadales	Alphaproteobacteria	Pseudomonadota					
barcode18_120_filtered	177	69.0	0.0014808773661844873	433287	Anaerotignum aminivorans	Anaerotignum	Anaerotignaceae	Lachnospirales	Clostridia	Bacillota					
barcode18_120_filtered	217	60.99999999999999	0.0013091814396703437	1005039	Fimbriimonas ginsengisoli	Fimbriimonas	Fimbriimonadaceae	Fimbriimonadales	Fimbriimonadia	Armatimonadota					
barcode18_120_filtered	1	21.98471697085168	0.00047183579368269903	233055	Desulfitobacterium dichloroeliminans	Desulfitobacterium	Desulfitobacteriaceae	Eubacteriales	Clostridia	Bacillota					
barcode18_120_filtered	103	30.99999999998723	0.0006653217152420318	2835041	Bdellovibrio reynosensis	Bdellovibrio	Pseudobdellovibrionaceae	Bdellovibrionales	Bdellovibrionia	Bdellovibrionota					
barcode18_120_filtered	57	54.44631305429681	0.0011685262706420743	2818044	Sinanaerobacter chloroacetimidivorans	Sinanaerobacter	Anaerovoracaceae	Peptostreptococcales	Clostridia	Bacillota					
barcode18_120_filtered	57	67.55368694570322	0.001449836608698614	3408580	Anoxybacterium hadale	Anoxybacterium	Anaerovoracaceae	Peptostreptococcales	Clostridia	Bacillota					
barcode18_120_filtered	122	14.204982923224728	0.0003048672130150819	1367462	Clostridium swellfunianum	Clostridium	Clostridiaceae	Eubacteriales	Clostridia	Bacillota					
barcode18_120_filtered	150	55.412219908086776	0.001189256554665553	2675220	Sandarakinorhabdus oryzae	Sandarakinorhabdus	Sphingosinicellaceae	Sphingomonadales	Alphaproteobacteria	Pseudomonadota					
barcode18_120_filtered	6	23.000000000035328	0.0004936257887289206	59610	Desulforamulus reducens	Desulforamulus	Peptococcaceae	Eubacteriales	Clostridia	Bacillota					
barcode18_120_filtered	72	17.037492499696924	0.00036565850752665415	2086583	Pseudoruminococcus massiliensis	Pseudoruminococcus	Acutalibacteraceae	Eubacteriales	Clostridia	Bacillota					
barcode18_120_filtered	155	38.03278457650355	0.0008162592732219503	2707068	Sphingomonas montis	Sphingomonas	Sphingomonadaceae	Sphingomonadales	Alphaproteobacteria	Pseudomonadota					
barcode18_120_filtered	92	37.0	0.0007940936601279134	1855912	Luteitalea pratensis	Luteitalea	Vicinamibacteraceae	Vicinamibacterales	Vicinamibacteria	Acidobacteriota					
barcode18_120_filtered	195	12.916611055053425	0.00027721618781502823	2185115	Tabrizicola soli	Tabrizicola	Paracoccaceae	Rhodobacterales	Alphaproteobacteria	Pseudomonadota					
barcode18_120_filtered	37	23.655550502609945	0.0005076952075934658	2793270	Caenimonas aquaedulcis	Caenimonas	Comamonadaceae	Burkholderiales	Betaproteobacteria	Pseudomonadota					
barcode18_120_filtered	220	10.0005807250448	0.00021463237165825644	121428	Sphingobium xenophagum	Sphingobium	Sphingobiaceae	Sphingomonadales	Alphaproteobacteria	Pseudomonadota					
barcode18_120_filtered	81	22.999176162370464	0.0004936081075325249	319644	Saccharofermentans acetigenes	Saccharofermentans	Oscillospiraceae	Eubacteriales	Clostridia	Bacillota					
barcode18_120_filtered	159	13.261638775509907	0.00028462116958213304	2984948	Sabulicella glaciei	Sabulicella	Acetobacteraceae	Acetobacterales	Alphaproteobacteria	Pseudomonadota					
barcode18_120_filtered	107	69.0	0.0014808773661844873	1511	Acetoanaerobium sticklandii	Acetoanaerobium	Filifactoraceae	Peptostreptococcales	Clostridia	Bacillota					
barcode18_120_filtered	146	20.000119814856603	0.0004292423877507105	884684	Mageeibacillus indolicus	Mageeibacillus	Oscillospiraceae	Eubacteriales	Clostridia	Bacillota					
barcode18_120_filtered	257	11.213038879890476	0.00024065413744023858	2307010	Candidatus Galacturonatibacter soehngenii	Candidatus Galacturonatibacter	Lachnospiraceae	Lachnospirales	Clostridia	Bacillota					
barcode18_120_filtered	76	17.0	0.00036485384384255486	2594430	Flavobacterium franklandianum	Flavobacterium	Flavobacteriaceae	Flavobacteriales	Flavobacteriia	Bacteroidota	FCB group				
barcode18_120_filtered	183	34.0	0.0007297076876851097	1310417	Ferruginibacter paludis	Ferruginibacter	Chitinophagaceae	Chitinophagales	Chitinophagia	Bacteroidota	FCB group				
barcode18_120_filtered	124	92.20935742341877	0.001978996382010962	2670345	Tabrizicola thermarum	Tabrizicola	Paracoccaceae	Rhodobacterales	Alphaproteobacteria	Pseudomonadota					
barcode18_120_filtered	144	20.000303876833325	0.0004292463380871641	2655001	Alkalibaculum sporogenes	Alkalibaculum	Eubacteriaceae	Eubacteriales	Clostridia	Bacillota					
barcode18_120_filtered	235	11.0	0.00023608189895694726	360412	Longilinea arvoryzae	Longilinea	Anaerolineaceae	Anaerolineales	Anaerolineae	Chloroflexota					
barcode18_120_filtered	88	15.644654424937192	0.0003357654295603982	2991836	Faecalispora anaeroviscerum	Faecalispora	Oscillospiraceae	Eubacteriales	Clostridia	Bacillota					
barcode18_120_filtered	98	23.0	0.0004936257887281625	185243	Propionicimonas paludicola	Propionicimonas	Nocardioidaceae	Propionibacteriales	Actinomycetes	Actinomycetota					
barcode18_120_filtered	80	20.104814932281073	0.0004314893533991731	474960	Hydrogenoanaerobacterium saccharovorans	Hydrogenoanaerobacterium	Oscillospiraceae	Eubacteriales	Clostridia	Bacillota					
barcode18_120_filtered	71	14.503287507516905	0.0003112694232630147	1965019	Geofilum rhodophaeum	Geofilum	Marinilabiliaceae	Marinilabiliales	Bacteroidia	Bacteroidota	FCB group				
barcode18_120_filtered	124	31.868256403660457	0.0006839562262020959	2593021	Tabrizicola flagellatus	Tabrizicola	Paracoccaceae	Rhodobacterales	Alphaproteobacteria	Pseudomonadota					
barcode18_120_filtered	170	26.21765036165846	0.0005626829712336022	2786951	Falsiroseomonas ponticola	Falsiroseomonas	Roseomonadaceae	Acetobacterales	Alphaproteobacteria	Pseudomonadota					
barcode18_120_filtered	151	45.85684586500374	0.0009841792047260106	2675059	Lysobacter helvus	Lysobacter	Lysobacteraceae	Lysobacterales	Gammaproteobacteria	Pseudomonadota					
barcode18_120_filtered	136	16.81078660497242	0.0003607929476965365	1384639	Aridibacter kavangonensis	Aridibacter	Blastocatellaceae	Blastocatellales	Blastocatellia	Acidobacteriota					
barcode18_120_filtered	24	25.999999999803823	0.0005580117611667559	1203471	Geotalea daltonii	Geotalea	Geobacteraceae	Geobacterales	Desulfuromonadia	Thermodesulfobacteriota					
barcode18_120_filtered	208	19.011768630838205	0.00040803040371803674	657642	Brevundimonas olei	Brevundimonas	Caulobacteraceae	Caulobacterales	Alphaproteobacteria	Pseudomonadota					
barcode18_120_filtered	201	14.0	0.00030046787139975103	111831	Defluviicoccus vanus	Defluviicoccus	Rhodospirillaceae	Rhodospirillales	Alphaproteobacteria	Pseudomonadota					
barcode18_120_filtered	162	11.195870294341065	0.00024028566541488313	2897707	Merdimmobilis hominis	Merdimmobilis	Oscillospiraceae	Eubacteriales	Clostridia	Bacillota					
barcode18_120_filtered	135	21.0	0.0004507018070996266	1427356	Hyphomicrobium nitrativorans	Hyphomicrobium	Hyphomicrobiaceae	Hyphomicrobiales	Alphaproteobacteria	Pseudomonadota					
barcode18_120_filtered	31	14.6835479259638	0.00031513817070789803	2066483	Candidatus Chromulinivorax destructor	Candidatus Chromulinivorax	Candidatus Chromulinivoraceae	Candidatus Babeliales	Candidatus Babeliae		Bacteria candidate phyla				
barcode18_120_filtered	39	41.3164520740362	0.0008867333148911061	673862	Candidatus Babela massiliensis	Candidatus Babela	Candidatus Babeliaceae	Candidatus Babeliales	Candidatus Babeliae		Bacteria candidate phyla				
barcode18_120_filtered	62	21.71554785084259	0.0004660588885015794	2763677	Zongyangia hominis	Zongyangia	Oscillospiraceae	Eubacteriales	Clostridia	Bacillota					
barcode18_120_filtered	132	28.0	0.0006009357427995021	2607497	Actinotalea subterranea	Actinotalea	Cellulomonadaceae	Micrococcales	Actinomycetes	Actinomycetota					
barcode18_120_filtered	133	61.0000000000634	0.0013091814396717046	55583	Dehalobacter restrictus	Dehalobacter	Desulfitobacteriaceae	Eubacteriales	Clostridia	Bacillota					
barcode18_120_filtered	240	17.00000000613101	0.0003648538439741385	2884263	Dermatobacter hominis	Dermatobacter	Iamiaceae	Acidimicrobiales	Acidimicrobiia	Actinomycetota					
barcode18_120_filtered	175	14.999999999889301	0.00032192986221164316	912	Nitrobacter hamburgensis	Nitrobacter	Nitrobacteraceae	Hyphomicrobiales	Alphaproteobacteria	Pseudomonadota					
barcode18_120_filtered	95	48.00000000000001	0.0010301755590848608	2059302	Pseudochryseolinea flava	Pseudochryseolinea	Fulvivirgaceae	Cytophagales	Cytophagia	Bacteroidota	FCB group				
barcode18_120_filtered	89	42.0	0.0009014036141992531	2904245	Fulvivirga ulvae	Fulvivirga	Fulvivirgaceae	Cytophagales	Cytophagia	Bacteroidota	FCB group				
barcode18_120_filtered	151	16.143154134996227	0.0003464642257586004	2675060	Lysobacter xanthus	Lysobacter	Lysobacteraceae	Lysobacterales	Gammaproteobacteria	Pseudomonadota					
barcode18_120_filtered	42	40.0	0.0008584796325707173	2588534	Methylophilus medardicus	Methylophilus	Methylophilaceae	Nitrosomonadales	Betaproteobacteria	Pseudomonadota					
barcode18_120_filtered	254	32.0	0.0006867837060565738	1348470	Asprobacter aquaticus	Asprobacter	Hyphomonadaceae	Hyphomonadales	Alphaproteobacteria	Pseudomonadota					
barcode18_120_filtered	180	18.911963934178054	0.0004058883962350958	408174	Devosia insulae	Devosia	Devosiaceae	Hyphomicrobiales	Alphaproteobacteria	Pseudomonadota					
barcode18_120_filtered	180	23.36560303974313	0.000501472357808798	665118	Devosia enhydra	Devosia	Devosiaceae	Hyphomicrobiales	Alphaproteobacteria	Pseudomonadota					
barcode18_120_filtered	199	26.827345107399125	0.0005757682342661958	1549638	Quisquiliibacterium transsilvanicum	Quisquiliibacterium	Burkholderiaceae	Burkholderiales	Betaproteobacteria	Pseudomonadota					
barcode18_120_filtered	73	54.999460669963696	0.0011803979196884512	2763058	Parabacteroides segnis	Parabacteroides	Tannerellaceae	Bacteroidales	Bacteroidia	Bacteroidota	FCB group				
barcode18_120_filtered	189	24.999999999999996	0.0005365497703566982	1658620	Rubrivirga profundi	Rubrivirga	Rubricoccaceae	Rhodothermales	Rhodothermia	Rhodothermota	FCB group				
barcode18_120_filtered	208	43.988231369161795	0.0009440750175808429	74312	Brevundimonas variabilis	Brevundimonas	Caulobacteraceae	Caulobacterales	Alphaproteobacteria	Pseudomonadota					
barcode18_120_filtered	239	18.0	0.00038631583465682275	1639882	Longimicrobium terrae	Longimicrobium	Longimicrobiaceae	Longimicrobiales	Longimicrobiia	Gemmatimonadota	FCB group				
barcode18_120_filtered	122	12.998840503199974	0.00027898099547581177	3381661	Candidatus Clostridium stratigraminis	Clostridium	Clostridiaceae	Eubacteriales	Clostridia	Bacillota					
barcode18_120_filtered	206	12.999999999999998	0.0002790058805854831	3036359	Aurantibacillus circumpalustris	Aurantibacillus	Aurantibacillaceae	Sphingobacteriales	Sphingobacteriia	Bacteroidota	FCB group				
