from	to	rho	from_module	to_module
Abditibacterium	Flavobacterium	0.829	1	1
Acetanaerobacterium	Acetivibrio	0.829	2	2
Acetanaerobacterium	Acetobacterium	0.943	2	2
Acetanaerobacterium	Acidilutibacter	0.886	2	2
Acetanaerobacterium	Actinotalea	0.714	2	2
Acetanaerobacterium	Aliigemmobacter	0.886	2	2
Acetanaerobacterium	Aliitabrizicola	0.771	2	2
Acetanaerobacterium	Alkalibaculum	0.714	2	2
Acetanaerobacterium	Anaerobacterium	0.829	2	2
Acetanaerobacterium	Anaerocolumna	0.714	2	2
Acetanaerobacterium	Anaerotaenia	0.829	2	2
Acetanaerobacterium	Aquincola	0.771	2	2
Acetanaerobacterium	Asprobacter	0.714	2	2
Acetanaerobacterium	Aurantibacillus	0.771	2	2
Acetanaerobacterium	Brevundimonas	0.771	2	2
Acetanaerobacterium	Caldimonas	0.771	2	2
Acetanaerobacterium	Caloramator	0.771	2	2
Acetanaerobacterium	Candidatus Accumulibacter	0.886	2	2
Acetanaerobacterium	Candidatus Galacturonatibacter	0.714	2	2
Acetanaerobacterium	Caproicibacter	0.771	2	2
Acetanaerobacterium	Caproiciproducens	0.714	2	2
Acetanaerobacterium	Cytophaga	0.829	2	2
Acetanaerobacterium	Desulfitobacterium	0.714	2	2
Acetanaerobacterium	Desulfosporosinus	0.771	2	2
Acetanaerobacterium	Devosia	0.714	2	2
Acetanaerobacterium	Ethanoligenens	0.771	2	2
Acetanaerobacterium	Faecalispora	0.829	2	2
Acetanaerobacterium	Falsiroseomonas	0.943	2	2
Acetanaerobacterium	Fervidicella	0.771	2	2
Acetanaerobacterium	Fimbriimonas	0.829	2	2
Acetanaerobacterium	Flintibacter	0.771	2	2
Acetanaerobacterium	Fonticella	0.771	2	2
Acetanaerobacterium	Gemmatimonas	0.771	2	2
Acetanaerobacterium	Gemmobacter	0.771	2	2
Acetanaerobacterium	Geofilum	0.714	2	2
Acetanaerobacterium	Hephaestia	0.771	2	2
Acetanaerobacterium	Herbinix	0.829	2	2
Acetanaerobacterium	Hydrogenophaga	0.943	2	2
Acetanaerobacterium	Ilyobacter	0.886	2	2
Acetanaerobacterium	Kaistia	0.714	2	2
Acetanaerobacterium	Lautropia	0.714	2	2
Acetanaerobacterium	Lawsonibacter	0.943	2	2
Acetanaerobacterium	Legionella	0.771	2	2
Acetanaerobacterium	Luteitalea	0.943	2	2
Acetanaerobacterium	Lysobacter	0.771	2	2
Acetanaerobacterium	Marasmitruncus	0.886	2	2
Acetanaerobacterium	Merdimmobilis	0.771	2	2
Acetanaerobacterium	Methylophilus	0.829	2	2
Acetanaerobacterium	Mobilitalea	0.771	2	2
Acetanaerobacterium	Novosphingobium	0.771	2	2
Acetanaerobacterium	Oxobacter	1	2	2
Acetanaerobacterium	Paludihabitans	0.771	2	2
Acetanaerobacterium	Paragemmobacter	0.829	2	2
Acetanaerobacterium	Parerythrobacter	0.829	2	2
Acetanaerobacterium	Pelosinus	0.714	2	2
Acetanaerobacterium	Piscinibacter	0.771	2	2
Acetanaerobacterium	Propionispora	0.771	2	2
Acetanaerobacterium	Propionivibrio	1	2	2
Acetanaerobacterium	Pseudoflavonifractor	0.771	2	2
Acetanaerobacterium	Qipengyuania	0.771	2	2
Acetanaerobacterium	Quisquiliibacterium	0.714	2	2
Acetanaerobacterium	Rhodoferax	0.714	2	2
Acetanaerobacterium	Roseisolibacter	0.771	2	2
Acetanaerobacterium	Rubellimicrobium	0.771	2	2
Acetanaerobacterium	Sandaracinobacteroides	0.771	2	2
Acetanaerobacterium	Sandarakinorhabdus	0.714	2	2
Acetanaerobacterium	Sphingomonas	0.886	2	2
Acetanaerobacterium	Sphingopyxis	0.771	2	2
Acetanaerobacterium	Sphingorhabdus	0.714	2	2
Acetanaerobacterium	Tabrizicola	0.771	2	2
Acetanaerobacterium	Thermoclostridium	0.886	2	2
Acetanaerobacterium	Vampirovibrio	0.714	2	2
Acetanaerobacterium	Xylanivirga	0.771	2	2
Acetanaerobacterium	Zongyangia	0.886	2	2
Acetivibrio	Acetobacterium	0.771	2	2
Acetivibrio	Acidilutibacter	0.714	2	2
Acetivibrio	Actinotalea	0.886	2	2
Acetivibrio	Aliigemmobacter	0.886	2	2
Acetivibrio	Aliitabrizicola	0.771	2	2
Acetivibrio	Alkalibaculum	0.886	2	2
Acetivibrio	Anaerotignum	0.771	2	2
Acetivibrio	Asprobacter	0.886	2	2
Acetivibrio	Blastomonas	0.771	2	2
Acetivibrio	Brevundimonas	0.943	2	2
Acetivibrio	Caldimonas	0.771	2	2
Acetivibrio	Candidatus Accumulibacter	0.714	2	2
Acetivibrio	Derxia	0.771	2	2
Acetivibrio	Desulfovectis	0.771	2	2
Acetivibrio	Devosia	0.886	2	2
Acetivibrio	Erythrobacter	0.829	2	2
Acetivibrio	Ethanoligenens	0.771	2	2
Acetivibrio	Faecalispora	0.829	2	2
Acetivibrio	Falsiroseomonas	0.943	2	2
Acetivibrio	Flintibacter	0.943	2	2
Acetivibrio	Gemmatimonas	0.943	2	2
Acetivibrio	Gemmobacter	0.943	2	2
Acetivibrio	Geofilum	0.886	2	2
Acetivibrio	Hydrogenophaga	0.943	2	2
Acetivibrio	Ilyobacter	0.714	2	2
Acetivibrio	Lautropia	0.714	2	2
Acetivibrio	Lawsonibacter	0.771	2	2
Acetivibrio	Luteitalea	0.943	2	2
Acetivibrio	Lysobacter	0.771	2	2
Acetivibrio	Marasmitruncus	0.714	2	2
Acetivibrio	Muriventricola	0.771	2	2
Acetivibrio	Novosphingobium	0.943	2	2
Acetivibrio	Oxobacter	0.829	2	2
Acetivibrio	Paeniroseomonas	0.771	2	2
Acetivibrio	Parerythrobacter	0.829	2	2
Acetivibrio	Propionivibrio	0.829	2	2
Acetivibrio	Psychrosinus	0.771	2	2
Acetivibrio	Qipengyuania	0.943	2	2
Acetivibrio	Quisquiliibacterium	0.886	2	2
Acetivibrio	Roseisolibacter	0.943	2	2
Acetivibrio	Roseococcus	0.886	2	2
Acetivibrio	Rubellimicrobium	0.943	2	2
Acetivibrio	Rubrivirga	0.771	2	2
Acetivibrio	Sandaracinobacteroides	0.943	2	2
Acetivibrio	Sandarakinorhabdus	0.886	2	2
Acetivibrio	Sphingomonas	0.714	2	2
Acetivibrio	Sphingopyxis	0.771	2	2
Acetivibrio	Sphingorhabdus	0.886	2	2
Acetivibrio	Steroidobacter	0.771	2	2
Acetivibrio	Tabrizicola	0.943	2	2
Acetivibrio	Thermoclostridium	0.714	2	2
Acetivibrio	Zongyangia	0.714	2	2
Acetoanaerobium	Candidatus Babela	0.771	3	3
Acetoanaerobium	Colidextribacter	0.714	3	3
Acetoanaerobium	Stagnihabitans	0.829	3	3
Acetobacterium	Acidilutibacter	0.943	2	2
Acetobacterium	Acidovorax	0.771	2	2
Acetobacterium	Actinotalea	0.771	2	2
Acetobacterium	Aliigemmobacter	0.771	2	2
Acetobacterium	Alkalibaculum	0.771	2	2
Acetobacterium	Alteraurantiacibacter	0.771	2	2
Acetobacterium	Anaerobacterium	0.771	2	2
Acetobacterium	Anaerocolumna	0.771	2	2
Acetobacterium	Anaerotaenia	0.771	2	2
Acetobacterium	Aquincola	0.829	2	2
Acetobacterium	Asprobacter	0.771	2	2
Acetobacterium	Aurantibacillus	0.714	2	2
Acetobacterium	Brevundimonas	0.714	2	2
Acetobacterium	Caloramator	0.714	2	2
Acetobacterium	Candidatus Accumulibacter	0.943	2	2
Acetobacterium	Candidatus Galacturonatibacter	0.771	2	2
Acetobacterium	Caproicibacter	0.829	2	2
Acetobacterium	Caproiciproducens	0.771	2	2
Acetobacterium	Clostridium	0.771	2	2
Acetobacterium	Cytophaga	0.771	2	2
Acetobacterium	Desulfitobacterium	0.771	2	2
Acetobacterium	Desulfosporosinus	0.829	2	2
Acetobacterium	Devosia	0.771	2	2
Acetobacterium	Faecalispora	0.943	2	2
Acetobacterium	Falsiroseomonas	0.829	2	2
Acetobacterium	Fervidicella	0.714	2	2
Acetobacterium	Fimbriimonas	0.771	2	2
Acetobacterium	Flintibacter	0.714	2	2
Acetobacterium	Fonticella	0.714	2	2
Acetobacterium	Gemmatimonas	0.714	2	2
Acetobacterium	Gemmobacter	0.829	2	2
Acetobacterium	Geofilum	0.771	2	2
Acetobacterium	Hephaestia	0.829	2	2
Acetobacterium	Herbinix	0.771	2	2
Acetobacterium	Hydrogenoanaerobacterium	0.771	2	2
Acetobacterium	Hydrogenophaga	0.829	2	2
Acetobacterium	Ilyobacter	0.943	2	2
Acetobacterium	Kaistia	0.771	2	2
Acetobacterium	Lawsonibacter	0.886	2	2
Acetobacterium	Legionella	0.714	2	2
Acetobacterium	Luteitalea	0.829	2	2
Acetobacterium	Marasmitruncus	0.943	2	2
Acetobacterium	Merdimmobilis	0.714	2	2
Acetobacterium	Methylophilus	0.771	2	2
Acetobacterium	Mobilitalea	0.829	2	2
Acetobacterium	Novosphingobium	0.829	2	2
Acetobacterium	Opitutus	0.714	2	2
Acetobacterium	Oxobacter	0.943	2	2
Acetobacterium	Paludihabitans	0.714	2	2
Acetobacterium	Paragemmobacter	0.771	2	2
Acetobacterium	Parerythrobacter	0.943	2	2
Acetobacterium	Pelosinus	0.771	2	2
Acetobacterium	Piscinibacter	0.829	2	2
Acetobacterium	Propionispora	0.714	2	2
Acetobacterium	Propionivibrio	0.943	2	2
Acetobacterium	Pseudoflavonifractor	0.714	2	2
Acetobacterium	Qipengyuania	0.714	2	2
Acetobacterium	Quisquiliibacterium	0.771	2	2
Acetobacterium	Rhodoferax	0.771	2	2
Acetobacterium	Roseisolibacter	0.714	2	2
Acetobacterium	Rubellimicrobium	0.829	2	2
Acetobacterium	Sandaracinobacteroides	0.714	2	2
Acetobacterium	Sandarakinorhabdus	0.771	2	2
Acetobacterium	Sphingomonas	0.943	2	2
Acetobacterium	Sphingopyxis	0.886	2	2
Acetobacterium	Sphingorhabdus	0.771	2	2
Acetobacterium	Tabrizicola	0.714	2	2
Acetobacterium	Thermoclostridium	0.943	2	2
Acetobacterium	Vampirovibrio	0.771	2	2
Acetobacterium	Xylanivirga	0.829	2	2
Acetobacterium	Zongyangia	0.943	2	2
Acidilutibacter	Acidovorax	0.714	2	2
Acidilutibacter	Actinotalea	0.829	2	2
Acidilutibacter	Alkalibaculum	0.829	2	2
Acidilutibacter	Alteraurantiacibacter	0.886	2	2
Acidilutibacter	Anaerobacterium	0.714	2	2
Acidilutibacter	Anaerocolumna	0.829	2	2
Acidilutibacter	Anaerotaenia	0.714	2	2
Acidilutibacter	Aquincola	0.771	2	2
Acidilutibacter	Aurantibacillus	0.771	2	2
Acidilutibacter	Brevundimonas	0.771	2	2
Acidilutibacter	Caldimonas	0.771	2	2
Acidilutibacter	Caloramator	0.771	2	2
Acidilutibacter	Candidatus Accumulibacter	0.829	2	2
Acidilutibacter	Candidatus Galacturonatibacter	0.829	2	2
Acidilutibacter	Caproicibacter	0.943	2	2
Acidilutibacter	Caproiciproducens	0.829	2	2
Acidilutibacter	Clostridium	0.886	2	2
Acidilutibacter	Cytophaga	0.886	2	2
Acidilutibacter	Derxia	0.771	2	2
Acidilutibacter	Desulfitobacterium	0.829	2	2
Acidilutibacter	Desulfosporosinus	0.771	2	2
Acidilutibacter	Devosia	0.829	2	2
Acidilutibacter	Erythrobacter	0.714	2	2
Acidilutibacter	Faecalispora	0.886	2	2
Acidilutibacter	Falsiroseomonas	0.771	2	2
Acidilutibacter	Fervidicella	0.771	2	2
Acidilutibacter	Fimbriimonas	0.714	2	2
Acidilutibacter	Fonticella	0.771	2	2
Acidilutibacter	Gemmobacter	0.771	2	2
Acidilutibacter	Geofilum	0.829	2	2
Acidilutibacter	Hephaestia	0.771	2	2
Acidilutibacter	Herbinix	0.714	2	2
Acidilutibacter	Hydrogenoanaerobacterium	0.714	2	2
Acidilutibacter	Hydrogenophaga	0.771	2	2
Acidilutibacter	Ilyobacter	0.829	2	2
Acidilutibacter	Kaistia	0.829	2	2
Acidilutibacter	Lawsonibacter	0.771	2	2
Acidilutibacter	Legionella	0.771	2	2
Acidilutibacter	Luteitalea	0.771	2	2
Acidilutibacter	Marasmitruncus	0.829	2	2
Acidilutibacter	Merdimmobilis	0.771	2	2
Acidilutibacter	Methylophilus	0.714	2	2
Acidilutibacter	Mobilitalea	0.771	2	2
Acidilutibacter	Muriventricola	0.771	2	2
Acidilutibacter	Novosphingobium	0.771	2	2
Acidilutibacter	Opitutus	0.771	2	2
Acidilutibacter	Oxobacter	0.886	2	2
Acidilutibacter	Paludihabitans	0.771	2	2
Acidilutibacter	Paragemmobacter	0.714	2	2
Acidilutibacter	Parerythrobacter	0.886	2	2
Acidilutibacter	Pelosinus	0.829	2	2
Acidilutibacter	Piscinibacter	0.771	2	2
Acidilutibacter	Propionispora	0.771	2	2
Acidilutibacter	Propionivibrio	0.886	2	2
Acidilutibacter	Pseudoflavonifractor	0.771	2	2
Acidilutibacter	Qipengyuania	0.771	2	2
Acidilutibacter	Rhodoferax	0.829	2	2
Acidilutibacter	Rubellimicrobium	0.771	2	2
Acidilutibacter	Rubrivirga	0.771	2	2
Acidilutibacter	Sandarakinorhabdus	0.829	2	2
Acidilutibacter	Sphingomonas	0.829	2	2
Acidilutibacter	Sphingopyxis	0.771	2	2
Acidilutibacter	Sphingorhabdus	0.829	2	2
Acidilutibacter	Thermoclostridium	0.829	2	2
Acidilutibacter	Vampirovibrio	0.829	2	2
Acidilutibacter	Xylanivirga	0.771	2	2
Acidilutibacter	Zongyangia	1	2	2
Acidovorax	Actinotalea	0.714	2	2
Acidovorax	Aliigemmobacter	0.714	2	2
Acidovorax	Aliitabrizicola	0.771	2	2
Acidovorax	Alkalibaculum	0.714	2	2
Acidovorax	Alteraurantiacibacter	0.829	2	2
Acidovorax	Anaerobacterium	0.829	2	2
Acidovorax	Anaerocolumna	0.886	2	2
Acidovorax	Anaerotaenia	0.829	2	2
Acidovorax	Anaerotignum	0.943	2	2
Acidovorax	Aquincola	0.943	2	2
Acidovorax	Asprobacter	0.886	2	2
Acidovorax	Aurantibacillus	0.771	2	2
Acidovorax	Blastomonas	0.943	2	2
Acidovorax	Caloramator	0.771	2	2
Acidovorax	Candidatus Accumulibacter	0.886	2	2
Acidovorax	Candidatus Galacturonatibacter	0.886	2	2
Acidovorax	Caproicibacter	0.771	2	2
Acidovorax	Caproiciproducens	0.886	2	2
Acidovorax	Clostridium	0.829	2	2
Acidovorax	Derxia	0.771	2	2
Acidovorax	Desulfitobacterium	0.886	2	2
Acidovorax	Desulfosporosinus	0.943	2	2
Acidovorax	Desulfovectis	0.943	2	2
Acidovorax	Devosia	0.714	2	2
Acidovorax	Ethanoligenens	0.771	2	2
Acidovorax	Faecalispora	0.829	2	2
Acidovorax	Fervidicella	0.771	2	2
Acidovorax	Fimbriimonas	0.829	2	2
Acidovorax	Flintibacter	0.771	2	2
Acidovorax	Fonticella	0.771	2	2
Acidovorax	Gemmatimonas	0.771	2	2
Acidovorax	Gemmobacter	0.771	2	2
Acidovorax	Geofilum	0.714	2	2
Acidovorax	Hephaestia	0.943	2	2
Acidovorax	Herbinix	0.829	2	2
Acidovorax	Hydrogenoanaerobacterium	1	2	2
Acidovorax	Ilyobacter	0.886	2	2
Acidovorax	Kaistia	0.886	2	2
Acidovorax	Lautropia	0.714	2	2
Acidovorax	Lawsonibacter	0.771	2	2
Acidovorax	Legionella	0.771	2	2
Acidovorax	Lysobacter	0.771	2	2
Acidovorax	Marasmitruncus	0.886	2	2
Acidovorax	Merdimmobilis	0.771	2	2
Acidovorax	Methylophilus	0.829	2	2
Acidovorax	Mobilitalea	0.943	2	2
Acidovorax	Muriventricola	0.771	2	2
Acidovorax	Novosphingobium	0.771	2	2
Acidovorax	Opitutus	0.943	2	2
Acidovorax	Paeniroseomonas	0.943	2	2
Acidovorax	Paludihabitans	0.771	2	2
Acidovorax	Paragemmobacter	0.829	2	2
Acidovorax	Parerythrobacter	0.829	2	2
Acidovorax	Pelosinus	0.886	2	2
Acidovorax	Piscinibacter	0.943	2	2
Acidovorax	Propionispora	0.771	2	2
Acidovorax	Pseudoflavonifractor	0.771	2	2
Acidovorax	Psychrosinus	0.771	2	2
Acidovorax	Quisquiliibacterium	0.886	2	2
Acidovorax	Rhodoferax	0.886	2	2
Acidovorax	Roseisolibacter	0.771	2	2
Acidovorax	Rubellimicrobium	0.771	2	2
Acidovorax	Rubrivirga	0.771	2	2
Acidovorax	Sandaracinobacteroides	0.771	2	2
Acidovorax	Sandarakinorhabdus	0.714	2	2
Acidovorax	Sphingomonas	0.886	2	2
Acidovorax	Sphingopyxis	0.943	2	2
Acidovorax	Sphingorhabdus	0.714	2	2
Acidovorax	Steroidobacter	0.943	2	2
Acidovorax	Tabrizicola	0.771	2	2
Acidovorax	Thermoclostridium	0.886	2	2
Acidovorax	Vampirovibrio	0.886	2	2
Acidovorax	Xylanivirga	0.943	2	2
Acidovorax	Zongyangia	0.714	2	2
Actinotalea	Alkalibaculum	1	2	2
Actinotalea	Alteraurantiacibacter	0.886	2	2
Actinotalea	Anaerotignum	0.771	2	2
Actinotalea	Asprobacter	0.829	2	2
Actinotalea	Blastomonas	0.771	2	2
Actinotalea	Brevundimonas	0.943	2	2
Actinotalea	Caldimonas	0.771	2	2
Actinotalea	Caproicibacter	0.771	2	2
Actinotalea	Clostridium	0.886	2	2
Actinotalea	Cytophaga	0.714	2	2
Actinotalea	Derxia	0.943	2	2
Actinotalea	Desulfovectis	0.771	2	2
Actinotalea	Devosia	1	2	2
Actinotalea	Erythrobacter	0.886	2	2
Actinotalea	Faecalispora	0.886	2	2
Actinotalea	Falsiroseomonas	0.771	2	2
Actinotalea	Flintibacter	0.771	2	2
Actinotalea	Gemmatimonas	0.771	2	2
Actinotalea	Gemmobacter	0.943	2	2
Actinotalea	Geofilum	1	2	2
Actinotalea	Hydrogenoanaerobacterium	0.714	2	2
Actinotalea	Hydrogenophaga	0.771	2	2
Actinotalea	Luteitalea	0.771	2	2
Actinotalea	Muriventricola	0.943	2	2
Actinotalea	Novosphingobium	0.943	2	2
Actinotalea	Opitutus	0.771	2	2
Actinotalea	Oxobacter	0.714	2	2
Actinotalea	Paeniroseomonas	0.771	2	2
Actinotalea	Parerythrobacter	0.886	2	2
Actinotalea	Propionivibrio	0.714	2	2
Actinotalea	Psychrosinus	0.771	2	2
Actinotalea	Qipengyuania	0.943	2	2
Actinotalea	Quisquiliibacterium	0.829	2	2
Actinotalea	Roseisolibacter	0.771	2	2
Actinotalea	Roseococcus	0.886	2	2
Actinotalea	Rubellimicrobium	0.943	2	2
Actinotalea	Rubrivirga	0.943	2	2
Actinotalea	Sandaracinobacteroides	0.771	2	2
Actinotalea	Sandarakinorhabdus	1	2	2
Actinotalea	Sphingopyxis	0.771	2	2
Actinotalea	Sphingorhabdus	1	2	2
Actinotalea	Steroidobacter	0.771	2	2
Actinotalea	Tabrizicola	0.771	2	2
Actinotalea	Zongyangia	0.829	2	2
Agrobacterium	Caenimonas	0.771	3	3
Agrobacterium	Candidatus Chromulinivorax	0.886	3	3
Agrobacterium	Dermatobacter	0.829	3	3
Agrobacterium	Hyphomicrobium	0.714	3	3
Agrobacterium	Kiloniella	0.886	3	3
Agrobacterium	Microcella	0.886	3	3
Agrobacterium	Sabulicella	0.771	3	3
Aliigemmobacter	Aliitabrizicola	0.943	2	2
Aliigemmobacter	Anaerobacterium	0.886	2	2
Aliigemmobacter	Anaerotaenia	0.886	2	2
Aliigemmobacter	Anaerotignum	0.771	2	2
Aliigemmobacter	Aquincola	0.771	2	2
Aliigemmobacter	Asprobacter	0.829	2	2
Aliigemmobacter	Aurantibacillus	0.771	2	2
Aliigemmobacter	Blastomonas	0.771	2	2
Aliigemmobacter	Brevundimonas	0.771	2	2
Aliigemmobacter	Caldimonas	0.771	2	2
Aliigemmobacter	Caloramator	0.771	2	2
Aliigemmobacter	Candidatus Accumulibacter	0.829	2	2
Aliigemmobacter	Cytophaga	0.714	2	2
Aliigemmobacter	Desulfosporosinus	0.771	2	2
Aliigemmobacter	Desulfovectis	0.771	2	2
Aliigemmobacter	Erythrobacter	0.714	2	2
Aliigemmobacter	Ethanoligenens	0.943	2	2
Aliigemmobacter	Faecalispora	0.714	2	2
Aliigemmobacter	Falsiroseomonas	0.943	2	2
Aliigemmobacter	Fervidicella	0.771	2	2
Aliigemmobacter	Fimbriimonas	0.886	2	2
Aliigemmobacter	Flintibacter	0.943	2	2
Aliigemmobacter	Fonticella	0.771	2	2
Aliigemmobacter	Gemmatimonas	0.943	2	2
Aliigemmobacter	Gemmobacter	0.771	2	2
Aliigemmobacter	Hephaestia	0.771	2	2
Aliigemmobacter	Herbinix	0.886	2	2
Aliigemmobacter	Hydrogenoanaerobacterium	0.714	2	2
Aliigemmobacter	Hydrogenophaga	0.943	2	2
Aliigemmobacter	Ilyobacter	0.829	2	2
Aliigemmobacter	Lautropia	0.829	2	2
Aliigemmobacter	Lawsonibacter	0.943	2	2
Aliigemmobacter	Legionella	0.771	2	2
Aliigemmobacter	Luteitalea	0.943	2	2
Aliigemmobacter	Lysobacter	0.943	2	2
Aliigemmobacter	Marasmitruncus	0.829	2	2
Aliigemmobacter	Merdimmobilis	0.771	2	2
Aliigemmobacter	Methylophilus	0.886	2	2
Aliigemmobacter	Mobilitalea	0.771	2	2
Aliigemmobacter	Novosphingobium	0.771	2	2
Aliigemmobacter	Oxobacter	0.886	2	2
Aliigemmobacter	Paeniroseomonas	0.771	2	2
Aliigemmobacter	Paludihabitans	0.771	2	2
Aliigemmobacter	Paragemmobacter	0.886	2	2
Aliigemmobacter	Parerythrobacter	0.714	2	2
Aliigemmobacter	Piscinibacter	0.771	2	2
Aliigemmobacter	Propionispora	0.771	2	2
Aliigemmobacter	Propionivibrio	0.886	2	2
Aliigemmobacter	Pseudoflavonifractor	0.771	2	2
Aliigemmobacter	Psychrosinus	0.771	2	2
Aliigemmobacter	Qipengyuania	0.771	2	2
Aliigemmobacter	Quisquiliibacterium	0.829	2	2
Aliigemmobacter	Roseisolibacter	0.943	2	2
Aliigemmobacter	Rubellimicrobium	0.771	2	2
Aliigemmobacter	Sandaracinobacteroides	0.943	2	2
Aliigemmobacter	Sphingomonas	0.829	2	2
Aliigemmobacter	Sphingopyxis	0.771	2	2
Aliigemmobacter	Steroidobacter	0.771	2	2
Aliigemmobacter	Tabrizicola	0.943	2	2
Aliigemmobacter	Thermoclostridium	0.829	2	2
Aliigemmobacter	Xylanivirga	0.771	2	2
Aliitabrizicola	Anaerobacterium	0.943	2	2
Aliitabrizicola	Anaerocolumna	0.771	2	2
Aliitabrizicola	Anaerotaenia	0.943	2	2
Aliitabrizicola	Anaerotignum	0.829	2	2
Aliitabrizicola	Aquincola	0.829	2	2
Aliitabrizicola	Asprobacter	0.771	2	2
Aliitabrizicola	Aurantibacillus	0.886	2	2
Aliitabrizicola	Blastomonas	0.829	2	2
Aliitabrizicola	Brevundimonas	0.714	2	2
Aliitabrizicola	Caldimonas	0.829	2	2
Aliitabrizicola	Caloramator	0.886	2	2
Aliitabrizicola	Candidatus Accumulibacter	0.771	2	2
Aliitabrizicola	Candidatus Galacturonatibacter	0.771	2	2
Aliitabrizicola	Caproiciproducens	0.771	2	2
Aliitabrizicola	Cytophaga	0.771	2	2
Aliitabrizicola	Desulfitobacterium	0.771	2	2
Aliitabrizicola	Desulfosporosinus	0.829	2	2
Aliitabrizicola	Desulfovectis	0.829	2	2
Aliitabrizicola	Erythrobacter	0.771	2	2
Aliitabrizicola	Ethanoligenens	1	2	2
Aliitabrizicola	Falsiroseomonas	0.829	2	2
Aliitabrizicola	Fervidicella	0.886	2	2
Aliitabrizicola	Fimbriimonas	0.943	2	2
Aliitabrizicola	Flintibacter	0.886	2	2
Aliitabrizicola	Fonticella	0.886	2	2
Aliitabrizicola	Gemmatimonas	0.886	2	2
Aliitabrizicola	Hephaestia	0.829	2	2
Aliitabrizicola	Herbinix	0.943	2	2
Aliitabrizicola	Hydrogenoanaerobacterium	0.771	2	2
Aliitabrizicola	Hydrogenophaga	0.829	2	2
Aliitabrizicola	Ilyobacter	0.771	2	2
Aliitabrizicola	Kaistia	0.771	2	2
Aliitabrizicola	Lautropia	0.943	2	2
Aliitabrizicola	Lawsonibacter	0.886	2	2
Aliitabrizicola	Legionella	0.886	2	2
Aliitabrizicola	Luteitalea	0.829	2	2
Aliitabrizicola	Lysobacter	1	2	2
Aliitabrizicola	Marasmitruncus	0.771	2	2
Aliitabrizicola	Merdimmobilis	0.886	2	2
Aliitabrizicola	Methylophilus	0.943	2	2
Aliitabrizicola	Mobilitalea	0.829	2	2
Aliitabrizicola	Opitutus	0.714	2	2
Aliitabrizicola	Oxobacter	0.771	2	2
Aliitabrizicola	Paeniroseomonas	0.829	2	2
Aliitabrizicola	Paludihabitans	0.886	2	2
Aliitabrizicola	Paragemmobacter	0.943	2	2
Aliitabrizicola	Pelosinus	0.771	2	2
Aliitabrizicola	Piscinibacter	0.829	2	2
Aliitabrizicola	Propionispora	0.886	2	2
Aliitabrizicola	Propionivibrio	0.771	2	2
Aliitabrizicola	Pseudoflavonifractor	0.886	2	2
Aliitabrizicola	Psychrosinus	0.886	2	2
Aliitabrizicola	Qipengyuania	0.714	2	2
Aliitabrizicola	Quisquiliibacterium	0.771	2	2
Aliitabrizicola	Rhodoferax	0.771	2	2
Aliitabrizicola	Roseisolibacter	0.886	2	2
Aliitabrizicola	Sandaracinobacteroides	0.886	2	2
Aliitabrizicola	Sphingomonas	0.771	2	2
Aliitabrizicola	Sphingopyxis	0.714	2	2
Aliitabrizicola	Steroidobacter	0.829	2	2
Aliitabrizicola	Tabrizicola	0.886	2	2
Aliitabrizicola	Thermoclostridium	0.771	2	2
Aliitabrizicola	Vampirovibrio	0.771	2	2
Aliitabrizicola	Xylanivirga	0.829	2	2
Alkalibaculum	Alteraurantiacibacter	0.886	2	2
Alkalibaculum	Anaerotignum	0.771	2	2
Alkalibaculum	Asprobacter	0.829	2	2
Alkalibaculum	Blastomonas	0.771	2	2
Alkalibaculum	Brevundimonas	0.943	2	2
Alkalibaculum	Caldimonas	0.771	2	2
Alkalibaculum	Caproicibacter	0.771	2	2
Alkalibaculum	Clostridium	0.886	2	2
Alkalibaculum	Cytophaga	0.714	2	2
Alkalibaculum	Derxia	0.943	2	2
Alkalibaculum	Desulfovectis	0.771	2	2
Alkalibaculum	Devosia	1	2	2
Alkalibaculum	Erythrobacter	0.886	2	2
Alkalibaculum	Faecalispora	0.886	2	2
Alkalibaculum	Falsiroseomonas	0.771	2	2
Alkalibaculum	Flintibacter	0.771	2	2
Alkalibaculum	Gemmatimonas	0.771	2	2
Alkalibaculum	Gemmobacter	0.943	2	2
Alkalibaculum	Geofilum	1	2	2
Alkalibaculum	Hydrogenoanaerobacterium	0.714	2	2
Alkalibaculum	Hydrogenophaga	0.771	2	2
Alkalibaculum	Luteitalea	0.771	2	2
Alkalibaculum	Muriventricola	0.943	2	2
Alkalibaculum	Novosphingobium	0.943	2	2
Alkalibaculum	Opitutus	0.771	2	2
Alkalibaculum	Oxobacter	0.714	2	2
Alkalibaculum	Paeniroseomonas	0.771	2	2
Alkalibaculum	Parerythrobacter	0.886	2	2
Alkalibaculum	Propionivibrio	0.714	2	2
Alkalibaculum	Psychrosinus	0.771	2	2
Alkalibaculum	Qipengyuania	0.943	2	2
Alkalibaculum	Quisquiliibacterium	0.829	2	2
Alkalibaculum	Roseisolibacter	0.771	2	2
Alkalibaculum	Roseococcus	0.886	2	2
Alkalibaculum	Rubellimicrobium	0.943	2	2
Alkalibaculum	Rubrivirga	0.943	2	2
Alkalibaculum	Sandaracinobacteroides	0.771	2	2
Alkalibaculum	Sandarakinorhabdus	1	2	2
Alkalibaculum	Sphingopyxis	0.771	2	2
Alkalibaculum	Sphingorhabdus	1	2	2
Alkalibaculum	Steroidobacter	0.771	2	2
Alkalibaculum	Tabrizicola	0.771	2	2
Alkalibaculum	Zongyangia	0.829	2	2
Alkaliflexus	Anaeromassilibacillus	0.943	4	4
Alkaliflexus	Anaerorhabdus	0.943	4	4
Alkaliflexus	Anaerosporomusa	0.943	4	4
Alkaliflexus	Anoxybacterium	0.943	4	4
Alkaliflexus	Antarcticimicrobium	0.943	4	4
Alkaliflexus	Aquipluma	0.829	4	4
Alkaliflexus	Aridibacter	0.943	4	4
Alkaliflexus	Aristaeella	0.771	4	4
Alkaliflexus	Beduinella	0.771	4	4
Alkaliflexus	Bengtsoniella	0.943	4	4
Alkaliflexus	Butyricicoccus	0.943	4	4
Alkaliflexus	Candidatus Borkfalkia	0.829	4	4
Alkaliflexus	Candidatus Saccharimonas	0.829	4	4
Alkaliflexus	Candidatus Soleaferrea	0.771	4	4
Alkaliflexus	Defluviicoccus	0.829	4	4
Alkaliflexus	Desulforamulus	0.943	4	4
Alkaliflexus	Dysgonomonas	1	4	4
Alkaliflexus	Erysipelothrix	0.771	4	4
Alkaliflexus	Faecousia	0.829	4	4
Alkaliflexus	Ferruginibacter	1	4	4
Alkaliflexus	Fulvivirga	0.943	4	4
Alkaliflexus	Fusibacter	0.714	4	4
Alkaliflexus	Gracilibacter	0.943	4	4
Alkaliflexus	Holdemania	0.943	4	4
Alkaliflexus	Hominenteromicrobium	0.943	4	4
Alkaliflexus	Hujiaoplasma	0.829	4	4
Alkaliflexus	Irregularibacter	0.829	4	4
Alkaliflexus	Longilinea	0.771	4	4
Alkaliflexus	Longimicrobium	1	4	4
Alkaliflexus	Lutispora	0.771	4	4
Alkaliflexus	Macellibacteroides	0.771	4	4
Alkaliflexus	Mageeibacillus	0.829	4	4
Alkaliflexus	Neglectibacter	0.829	4	4
Alkaliflexus	Nitrobacter	0.771	4	4
Alkaliflexus	Paludibacter	0.771	4	4
Alkaliflexus	Paludibaculum	0.829	4	4
Alkaliflexus	Papillibacter	0.771	4	4
Alkaliflexus	Parabacteroides	0.829	4	4
Alkaliflexus	Pedosphaera	0.829	4	4
Alkaliflexus	Pleomorphomonas	0.829	4	4
Alkaliflexus	Pseudobacteroides	0.943	4	4
Alkaliflexus	Pseudochryseolinea	0.829	4	4
Alkaliflexus	Pseudoruminococcus	0.829	4	4
Alkaliflexus	Pumilibacter	0.771	4	4
Alkaliflexus	Ruminiclostridium	0.886	4	4
Alkaliflexus	Saccharofermentans	0.771	4	4
Alkaliflexus	Sedimentibacter	0.714	4	4
Alkaliflexus	Solibaculum	0.829	4	4
Alkaliflexus	Sphingobium	0.771	4	4
Alkaliflexus	Sporomusa	0.943	4	4
Alkaliflexus	Vermiculatibacterium	0.943	4	4
Alkaliflexus	Vescimonas	0.771	4	4
Alkaliflexus	Yanshouia	0.943	4	4
Alteraurantiacibacter	Anaerocolumna	0.886	2	2
Alteraurantiacibacter	Anaerotignum	0.771	2	2
Alteraurantiacibacter	Aquincola	0.771	2	2
Alteraurantiacibacter	Asprobacter	0.714	2	2
Alteraurantiacibacter	Aurantibacillus	0.771	2	2
Alteraurantiacibacter	Blastomonas	0.771	2	2
Alteraurantiacibacter	Brevundimonas	0.771	2	2
Alteraurantiacibacter	Caldimonas	0.771	2	2
Alteraurantiacibacter	Caloramator	0.771	2	2
Alteraurantiacibacter	Candidatus Accumulibacter	0.714	2	2
Alteraurantiacibacter	Candidatus Galacturonatibacter	0.886	2	2
Alteraurantiacibacter	Caproicibacter	0.943	2	2
Alteraurantiacibacter	Caproiciproducens	0.886	2	2
Alteraurantiacibacter	Clostridium	1	2	2
Alteraurantiacibacter	Cytophaga	0.829	2	2
Alteraurantiacibacter	Derxia	0.943	2	2
Alteraurantiacibacter	Desulfitobacterium	0.886	2	2
Alteraurantiacibacter	Desulfosporosinus	0.771	2	2
Alteraurantiacibacter	Desulfovectis	0.771	2	2
Alteraurantiacibacter	Devosia	0.886	2	2
Alteraurantiacibacter	Erythrobacter	0.829	2	2
Alteraurantiacibacter	Faecalispora	0.829	2	2
Alteraurantiacibacter	Fervidicella	0.771	2	2
Alteraurantiacibacter	Fonticella	0.771	2	2
Alteraurantiacibacter	Gemmobacter	0.771	2	2
Alteraurantiacibacter	Geofilum	0.886	2	2
Alteraurantiacibacter	Hephaestia	0.771	2	2
Alteraurantiacibacter	Hydrogenoanaerobacterium	0.829	2	2
Alteraurantiacibacter	Ilyobacter	0.714	2	2
Alteraurantiacibacter	Kaistia	0.886	2	2
Alteraurantiacibacter	Lautropia	0.714	2	2
Alteraurantiacibacter	Legionella	0.771	2	2
Alteraurantiacibacter	Marasmitruncus	0.714	2	2
Alteraurantiacibacter	Merdimmobilis	0.771	2	2
Alteraurantiacibacter	Mobilitalea	0.771	2	2
Alteraurantiacibacter	Muriventricola	0.943	2	2
Alteraurantiacibacter	Novosphingobium	0.771	2	2
Alteraurantiacibacter	Opitutus	0.943	2	2
Alteraurantiacibacter	Paeniroseomonas	0.771	2	2
Alteraurantiacibacter	Paludihabitans	0.771	2	2
Alteraurantiacibacter	Parerythrobacter	0.829	2	2
Alteraurantiacibacter	Pelosinus	0.886	2	2
Alteraurantiacibacter	Piscinibacter	0.771	2	2
Alteraurantiacibacter	Propionispora	0.771	2	2
Alteraurantiacibacter	Pseudoflavonifractor	0.771	2	2
Alteraurantiacibacter	Psychrosinus	0.771	2	2
Alteraurantiacibacter	Qipengyuania	0.771	2	2
Alteraurantiacibacter	Quisquiliibacterium	0.714	2	2
Alteraurantiacibacter	Rhodoferax	0.886	2	2
Alteraurantiacibacter	Rubellimicrobium	0.771	2	2
Alteraurantiacibacter	Rubrivirga	0.943	2	2
Alteraurantiacibacter	Sandarakinorhabdus	0.886	2	2
Alteraurantiacibacter	Sphingomonas	0.714	2	2
Alteraurantiacibacter	Sphingopyxis	0.771	2	2
Alteraurantiacibacter	Sphingorhabdus	0.886	2	2
Alteraurantiacibacter	Steroidobacter	0.771	2	2
Alteraurantiacibacter	Thermoclostridium	0.714	2	2
Alteraurantiacibacter	Vampirovibrio	0.886	2	2
Alteraurantiacibacter	Xylanivirga	0.771	2	2
Alteraurantiacibacter	Zongyangia	0.886	2	2
Anaerobacterium	Anaerocolumna	0.886	2	2
Anaerobacterium	Anaerotaenia	1	2	2
Anaerobacterium	Anaerotignum	0.771	2	2
Anaerobacterium	Aquincola	0.943	2	2
Anaerobacterium	Asprobacter	0.714	2	2
Anaerobacterium	Aurantibacillus	0.943	2	2
Anaerobacterium	Blastomonas	0.771	2	2
Anaerobacterium	Caldimonas	0.771	2	2
Anaerobacterium	Caloramator	0.943	2	2
Anaerobacterium	Candidatus Accumulibacter	0.886	2	2
Anaerobacterium	Candidatus Galacturonatibacter	0.886	2	2
Anaerobacterium	Caproicibacter	0.771	2	2
Anaerobacterium	Caproiciproducens	0.886	2	2
Anaerobacterium	Cytophaga	0.829	2	2
Anaerobacterium	Desulfitobacterium	0.886	2	2
Anaerobacterium	Desulfosporosinus	0.943	2	2
Anaerobacterium	Desulfovectis	0.771	2	2
Anaerobacterium	Ethanoligenens	0.943	2	2
Anaerobacterium	Falsiroseomonas	0.771	2	2
Anaerobacterium	Fervidicella	0.943	2	2
Anaerobacterium	Fimbriimonas	1	2	2
Anaerobacterium	Flintibacter	0.771	2	2
Anaerobacterium	Fonticella	0.943	2	2
Anaerobacterium	Gemmatimonas	0.771	2	2
Anaerobacterium	Hephaestia	0.943	2	2
Anaerobacterium	Herbinix	1	2	2
Anaerobacterium	Hydrogenoanaerobacterium	0.829	2	2
Anaerobacterium	Hydrogenophaga	0.771	2	2
Anaerobacterium	Ilyobacter	0.886	2	2
Anaerobacterium	Kaistia	0.886	2	2
Anaerobacterium	Lautropia	0.886	2	2
Anaerobacterium	Lawsonibacter	0.943	2	2
Anaerobacterium	Legionella	0.943	2	2
Anaerobacterium	Luteitalea	0.771	2	2
Anaerobacterium	Lysobacter	0.943	2	2
Anaerobacterium	Marasmitruncus	0.886	2	2
Anaerobacterium	Merdimmobilis	0.943	2	2
Anaerobacterium	Methylophilus	1	2	2
Anaerobacterium	Mobilitalea	0.943	2	2
Anaerobacterium	Opitutus	0.771	2	2
Anaerobacterium	Oxobacter	0.829	2	2
Anaerobacterium	Paeniroseomonas	0.771	2	2
Anaerobacterium	Paludihabitans	0.943	2	2
Anaerobacterium	Paragemmobacter	1	2	2
Anaerobacterium	Pelosinus	0.886	2	2
Anaerobacterium	Piscinibacter	0.943	2	2
Anaerobacterium	Propionispora	0.943	2	2
Anaerobacterium	Propionivibrio	0.829	2	2
Anaerobacterium	Pseudoflavonifractor	0.943	2	2
Anaerobacterium	Psychrosinus	0.771	2	2
Anaerobacterium	Quisquiliibacterium	0.714	2	2
Anaerobacterium	Rhodoferax	0.886	2	2
Anaerobacterium	Roseisolibacter	0.771	2	2
Anaerobacterium	Sandaracinobacteroides	0.771	2	2
Anaerobacterium	Sphingomonas	0.886	2	2
Anaerobacterium	Sphingopyxis	0.771	2	2
Anaerobacterium	Steroidobacter	0.771	2	2
Anaerobacterium	Tabrizicola	0.771	2	2
Anaerobacterium	Thermoclostridium	0.886	2	2
Anaerobacterium	Vampirovibrio	0.886	2	2
Anaerobacterium	Xylanivirga	0.943	2	2
Anaerobacterium	Zongyangia	0.714	2	2
Anaerocolumna	Anaerotaenia	0.886	2	2
Anaerocolumna	Anaerotignum	0.771	2	2
Anaerocolumna	Aquincola	0.943	2	2
Anaerocolumna	Aurantibacillus	0.943	2	2
Anaerocolumna	Blastomonas	0.771	2	2
Anaerocolumna	Caldimonas	0.771	2	2
Anaerocolumna	Caloramator	0.943	2	2
Anaerocolumna	Candidatus Accumulibacter	0.829	2	2
Anaerocolumna	Candidatus Galacturonatibacter	1	2	2
Anaerocolumna	Caproicibacter	0.943	2	2
Anaerocolumna	Caproiciproducens	1	2	2
Anaerocolumna	Clostridium	0.886	2	2
Anaerocolumna	Cytophaga	0.886	2	2
Anaerocolumna	Derxia	0.771	2	2
Anaerocolumna	Desulfitobacterium	1	2	2
Anaerocolumna	Desulfosporosinus	0.943	2	2
Anaerocolumna	Desulfovectis	0.771	2	2
Anaerocolumna	Erythrobacter	0.714	2	2
Anaerocolumna	Ethanoligenens	0.771	2	2
Anaerocolumna	Faecalispora	0.714	2	2
Anaerocolumna	Fervidicella	0.943	2	2
Anaerocolumna	Fimbriimonas	0.886	2	2
Anaerocolumna	Fonticella	0.943	2	2
Anaerocolumna	Hephaestia	0.943	2	2
Anaerocolumna	Herbinix	0.886	2	2
Anaerocolumna	Hydrogenoanaerobacterium	0.886	2	2
Anaerocolumna	Ilyobacter	0.829	2	2
Anaerocolumna	Kaistia	1	2	2
Anaerocolumna	Lautropia	0.829	2	2
Anaerocolumna	Lawsonibacter	0.771	2	2
Anaerocolumna	Legionella	0.943	2	2
Anaerocolumna	Lysobacter	0.771	2	2
Anaerocolumna	Marasmitruncus	0.829	2	2
Anaerocolumna	Merdimmobilis	0.943	2	2
Anaerocolumna	Methylophilus	0.886	2	2
Anaerocolumna	Mobilitalea	0.943	2	2
Anaerocolumna	Muriventricola	0.771	2	2
Anaerocolumna	Opitutus	0.943	2	2
Anaerocolumna	Oxobacter	0.714	2	2
Anaerocolumna	Paeniroseomonas	0.771	2	2
Anaerocolumna	Paludihabitans	0.943	2	2
Anaerocolumna	Paragemmobacter	0.886	2	2
Anaerocolumna	Parerythrobacter	0.714	2	2
Anaerocolumna	Pelosinus	1	2	2
Anaerocolumna	Piscinibacter	0.943	2	2
Anaerocolumna	Propionispora	0.943	2	2
Anaerocolumna	Propionivibrio	0.714	2	2
Anaerocolumna	Pseudoflavonifractor	0.943	2	2
Anaerocolumna	Psychrosinus	0.771	2	2
Anaerocolumna	Rhodoferax	1	2	2
Anaerocolumna	Rubrivirga	0.771	2	2
Anaerocolumna	Sphingomonas	0.829	2	2
Anaerocolumna	Sphingopyxis	0.771	2	2
Anaerocolumna	Steroidobacter	0.771	2	2
Anaerocolumna	Thermoclostridium	0.829	2	2
Anaerocolumna	Vampirovibrio	1	2	2
Anaerocolumna	Xylanivirga	0.943	2	2
Anaerocolumna	Zongyangia	0.829	2	2
Anaeromassilibacillus	Anaerorhabdus	0.829	4	4
Anaeromassilibacillus	Anaerosporomusa	0.829	4	4
Anaeromassilibacillus	Anoxybacterium	0.829	4	4
Anaeromassilibacillus	Antarcticimicrobium	0.829	4	4
Anaeromassilibacillus	Aridibacter	0.829	4	4
Anaeromassilibacillus	Aristaeella	0.829	4	4
Anaeromassilibacillus	Beduinella	0.714	4	4
Anaeromassilibacillus	Bengtsoniella	0.829	4	4
Anaeromassilibacillus	Butyricicoccus	0.829	4	4
Anaeromassilibacillus	Candidatus Borkfalkia	0.943	4	4
Anaeromassilibacillus	Candidatus Saccharimonas	0.771	4	4
Anaeromassilibacillus	Candidatus Soleaferrea	0.829	4	4
Anaeromassilibacillus	Defluviicoccus	0.771	4	4
Anaeromassilibacillus	Dehalobacter	0.771	4	4
Anaeromassilibacillus	Desulforamulus	0.829	4	4
Anaeromassilibacillus	Dysgonomonas	0.943	4	4
Anaeromassilibacillus	Faecousia	0.771	4	4
Anaeromassilibacillus	Ferruginibacter	0.943	4	4
Anaeromassilibacillus	Fulvivirga	0.829	4	4
Anaeromassilibacillus	Gracilibacter	0.829	4	4
Anaeromassilibacillus	Holdemania	0.829	4	4
Anaeromassilibacillus	Hominenteromicrobium	0.829	4	4
Anaeromassilibacillus	Hujiaoplasma	0.943	4	4
Anaeromassilibacillus	Irregularibacter	0.943	4	4
Anaeromassilibacillus	Longilinea	0.829	4	4
Anaeromassilibacillus	Longimicrobium	0.943	4	4
Anaeromassilibacillus	Macellibacteroides	0.886	4	4
Anaeromassilibacillus	Mageeibacillus	0.943	4	4
Anaeromassilibacillus	Neglectibacter	0.943	4	4
Anaeromassilibacillus	Nitrobacter	0.829	4	4
Anaeromassilibacillus	Paludibacter	0.714	4	4
Anaeromassilibacillus	Paludibaculum	0.771	4	4
Anaeromassilibacillus	Parabacteroides	0.943	4	4
Anaeromassilibacillus	Pedosphaera	0.771	4	4
Anaeromassilibacillus	Pleomorphomonas	0.943	4	4
Anaeromassilibacillus	Pseudobacteroides	0.829	4	4
Anaeromassilibacillus	Pseudochryseolinea	0.771	4	4
Anaeromassilibacillus	Pseudoruminococcus	0.771	4	4
Anaeromassilibacillus	Pumilibacter	0.886	4	4
Anaeromassilibacillus	Ruminiclostridium	0.714	4	4
Anaeromassilibacillus	Saccharofermentans	0.829	4	4
Anaeromassilibacillus	Solibaculum	0.943	4	4
Anaeromassilibacillus	Sphingobium	0.829	4	4
Anaeromassilibacillus	Sporomusa	0.829	4	4
Anaeromassilibacillus	Vermiculatibacterium	0.829	4	4
Anaeromassilibacillus	Vescimonas	0.829	4	4
Anaeromassilibacillus	Yanshouia	1	4	4
Anaeromyxobacter	Aristaeella	0.829	4	4
Anaeromyxobacter	Beduinella	0.886	4	4
Anaeromyxobacter	Candidatus Borkfalkia	0.714	4	4
Anaeromyxobacter	Candidatus Saccharimonas	0.771	4	4
Anaeromyxobacter	Candidatus Soleaferrea	0.829	4	4
Anaeromyxobacter	Defluviicoccus	0.771	4	4
Anaeromyxobacter	Faecousia	0.771	4	4
Anaeromyxobacter	Hujiaoplasma	0.714	4	4
Anaeromyxobacter	Irregularibacter	0.714	4	4
Anaeromyxobacter	Longilinea	0.829	4	4
Anaeromyxobacter	Macellibacteroides	0.829	4	4
Anaeromyxobacter	Mageeibacillus	0.714	4	4
Anaeromyxobacter	Neglectibacter	0.714	4	4
Anaeromyxobacter	Nitrobacter	0.829	4	4
Anaeromyxobacter	Paludibaculum	0.771	4	4
Anaeromyxobacter	Parabacteroides	0.714	4	4
Anaeromyxobacter	Pedosphaera	0.771	4	4
Anaeromyxobacter	Pleomorphomonas	0.714	4	4
Anaeromyxobacter	Pseudochryseolinea	0.771	4	4
Anaeromyxobacter	Pseudoruminococcus	0.771	4	4
Anaeromyxobacter	Pumilibacter	0.829	4	4
Anaeromyxobacter	Ramlibacter	0.714	4	3
Anaeromyxobacter	Saccharofermentans	0.829	4	4
Anaeromyxobacter	Solibaculum	0.714	4	4
Anaeromyxobacter	Sphingobium	0.829	4	4
Anaeromyxobacter	Vescimonas	0.829	4	4
Anaerorhabdus	Anaerosporomusa	1	4	4
Anaerorhabdus	Anoxybacterium	1	4	4
Anaerorhabdus	Antarcticimicrobium	1	4	4
Anaerorhabdus	Aquipluma	0.886	4	4
Anaerorhabdus	Aridibacter	1	4	4
Anaerorhabdus	Aristaeella	0.829	4	4
Anaerorhabdus	Beduinella	0.886	4	4
Anaerorhabdus	Bengtsoniella	1	4	4
Anaerorhabdus	Butyricicoccus	1	4	4
Anaerorhabdus	Candidatus Borkfalkia	0.771	4	4
Anaerorhabdus	Candidatus Saccharimonas	0.943	4	4
Anaerorhabdus	Candidatus Soleaferrea	0.829	4	4
Anaerorhabdus	Defluviicoccus	0.943	4	4
Anaerorhabdus	Desulforamulus	1	4	4
Anaerorhabdus	Dysgonomonas	0.943	4	4
Anaerorhabdus	Erysipelothrix	0.829	4	4
Anaerorhabdus	Faecousia	0.943	4	4
Anaerorhabdus	Ferruginibacter	0.943	4	4
Anaerorhabdus	Fulvivirga	1	4	4
Anaerorhabdus	Gracilibacter	1	4	4
Anaerorhabdus	Holdemania	1	4	4
Anaerorhabdus	Hominenteromicrobium	1	4	4
Anaerorhabdus	Hujiaoplasma	0.771	4	4
Anaerorhabdus	Irregularibacter	0.771	4	4
Anaerorhabdus	Lentimicrobium	0.771	4	4
Anaerorhabdus	Longilinea	0.829	4	4
Anaerorhabdus	Longimicrobium	0.943	4	4
Anaerorhabdus	Luoshenia	0.771	4	4
Anaerorhabdus	Lutispora	0.829	4	4
Anaerorhabdus	Macellibacteroides	0.714	4	4
Anaerorhabdus	Mageeibacillus	0.771	4	4
Anaerorhabdus	Neglectibacter	0.771	4	4
Anaerorhabdus	Nitrobacter	0.829	4	4
Anaerorhabdus	Paludibacter	0.886	4	4
Anaerorhabdus	Paludibaculum	0.943	4	4
Anaerorhabdus	Papillibacter	0.829	4	4
Anaerorhabdus	Parabacteroides	0.771	4	4
Anaerorhabdus	Pedosphaera	0.943	4	4
Anaerorhabdus	Pleomorphomonas	0.771	4	4
Anaerorhabdus	Pseudobacteroides	1	4	4
Anaerorhabdus	Pseudochryseolinea	0.943	4	4
Anaerorhabdus	Pseudoruminococcus	0.943	4	4
Anaerorhabdus	Pumilibacter	0.714	4	4
Anaerorhabdus	Ruminiclostridium	0.943	4	4
Anaerorhabdus	Saccharofermentans	0.829	4	4
Anaerorhabdus	Sedimentibacter	0.771	4	4
Anaerorhabdus	Solibaculum	0.771	4	4
Anaerorhabdus	Sphingobium	0.829	4	4
Anaerorhabdus	Sporomusa	1	4	4
Anaerorhabdus	Vermiculatibacterium	1	4	4
Anaerorhabdus	Vescimonas	0.829	4	4
Anaerorhabdus	Yanshouia	0.829	4	4
Anaerosporomusa	Anoxybacterium	1	4	4
Anaerosporomusa	Antarcticimicrobium	1	4	4
Anaerosporomusa	Aquipluma	0.886	4	4
Anaerosporomusa	Aridibacter	1	4	4
Anaerosporomusa	Aristaeella	0.829	4	4
Anaerosporomusa	Beduinella	0.886	4	4
Anaerosporomusa	Bengtsoniella	1	4	4
Anaerosporomusa	Butyricicoccus	1	4	4
Anaerosporomusa	Candidatus Borkfalkia	0.771	4	4
Anaerosporomusa	Candidatus Saccharimonas	0.943	4	4
Anaerosporomusa	Candidatus Soleaferrea	0.829	4	4
Anaerosporomusa	Defluviicoccus	0.943	4	4
Anaerosporomusa	Desulforamulus	1	4	4
Anaerosporomusa	Dysgonomonas	0.943	4	4
Anaerosporomusa	Erysipelothrix	0.829	4	4
Anaerosporomusa	Faecousia	0.943	4	4
Anaerosporomusa	Ferruginibacter	0.943	4	4
Anaerosporomusa	Fulvivirga	1	4	4
Anaerosporomusa	Gracilibacter	1	4	4
Anaerosporomusa	Holdemania	1	4	4
Anaerosporomusa	Hominenteromicrobium	1	4	4
Anaerosporomusa	Hujiaoplasma	0.771	4	4
Anaerosporomusa	Irregularibacter	0.771	4	4
Anaerosporomusa	Lentimicrobium	0.771	4	4
Anaerosporomusa	Longilinea	0.829	4	4
Anaerosporomusa	Longimicrobium	0.943	4	4
Anaerosporomusa	Luoshenia	0.771	4	4
Anaerosporomusa	Lutispora	0.829	4	4
Anaerosporomusa	Macellibacteroides	0.714	4	4
Anaerosporomusa	Mageeibacillus	0.771	4	4
Anaerosporomusa	Neglectibacter	0.771	4	4
Anaerosporomusa	Nitrobacter	0.829	4	4
Anaerosporomusa	Paludibacter	0.886	4	4
Anaerosporomusa	Paludibaculum	0.943	4	4
Anaerosporomusa	Papillibacter	0.829	4	4
Anaerosporomusa	Parabacteroides	0.771	4	4
Anaerosporomusa	Pedosphaera	0.943	4	4
Anaerosporomusa	Pleomorphomonas	0.771	4	4
Anaerosporomusa	Pseudobacteroides	1	4	4
Anaerosporomusa	Pseudochryseolinea	0.943	4	4
Anaerosporomusa	Pseudoruminococcus	0.943	4	4
Anaerosporomusa	Pumilibacter	0.714	4	4
Anaerosporomusa	Ruminiclostridium	0.943	4	4
Anaerosporomusa	Saccharofermentans	0.829	4	4
Anaerosporomusa	Sedimentibacter	0.771	4	4
Anaerosporomusa	Solibaculum	0.771	4	4
Anaerosporomusa	Sphingobium	0.829	4	4
Anaerosporomusa	Sporomusa	1	4	4
Anaerosporomusa	Vermiculatibacterium	1	4	4
Anaerosporomusa	Vescimonas	0.829	4	4
Anaerosporomusa	Yanshouia	0.829	4	4
Anaerotaenia	Anaerotignum	0.771	2	2
Anaerotaenia	Aquincola	0.943	2	2
Anaerotaenia	Asprobacter	0.714	2	2
Anaerotaenia	Aurantibacillus	0.943	2	2
Anaerotaenia	Blastomonas	0.771	2	2
Anaerotaenia	Caldimonas	0.771	2	2
Anaerotaenia	Caloramator	0.943	2	2
Anaerotaenia	Candidatus Accumulibacter	0.886	2	2
Anaerotaenia	Candidatus Galacturonatibacter	0.886	2	2
Anaerotaenia	Caproicibacter	0.771	2	2
Anaerotaenia	Caproiciproducens	0.886	2	2
Anaerotaenia	Cytophaga	0.829	2	2
Anaerotaenia	Desulfitobacterium	0.886	2	2
Anaerotaenia	Desulfosporosinus	0.943	2	2
Anaerotaenia	Desulfovectis	0.771	2	2
Anaerotaenia	Ethanoligenens	0.943	2	2
Anaerotaenia	Falsiroseomonas	0.771	2	2
Anaerotaenia	Fervidicella	0.943	2	2
Anaerotaenia	Fimbriimonas	1	2	2
Anaerotaenia	Flintibacter	0.771	2	2
Anaerotaenia	Fonticella	0.943	2	2
Anaerotaenia	Gemmatimonas	0.771	2	2
Anaerotaenia	Hephaestia	0.943	2	2
Anaerotaenia	Herbinix	1	2	2
Anaerotaenia	Hydrogenoanaerobacterium	0.829	2	2
Anaerotaenia	Hydrogenophaga	0.771	2	2
Anaerotaenia	Ilyobacter	0.886	2	2
Anaerotaenia	Kaistia	0.886	2	2
Anaerotaenia	Lautropia	0.886	2	2
Anaerotaenia	Lawsonibacter	0.943	2	2
Anaerotaenia	Legionella	0.943	2	2
Anaerotaenia	Luteitalea	0.771	2	2
Anaerotaenia	Lysobacter	0.943	2	2
Anaerotaenia	Marasmitruncus	0.886	2	2
Anaerotaenia	Merdimmobilis	0.943	2	2
Anaerotaenia	Methylophilus	1	2	2
Anaerotaenia	Mobilitalea	0.943	2	2
Anaerotaenia	Opitutus	0.771	2	2
Anaerotaenia	Oxobacter	0.829	2	2
Anaerotaenia	Paeniroseomonas	0.771	2	2
Anaerotaenia	Paludihabitans	0.943	2	2
Anaerotaenia	Paragemmobacter	1	2	2
Anaerotaenia	Pelosinus	0.886	2	2
Anaerotaenia	Piscinibacter	0.943	2	2
Anaerotaenia	Propionispora	0.943	2	2
Anaerotaenia	Propionivibrio	0.829	2	2
Anaerotaenia	Pseudoflavonifractor	0.943	2	2
Anaerotaenia	Psychrosinus	0.771	2	2
Anaerotaenia	Quisquiliibacterium	0.714	2	2
Anaerotaenia	Rhodoferax	0.886	2	2
Anaerotaenia	Roseisolibacter	0.771	2	2
Anaerotaenia	Sandaracinobacteroides	0.771	2	2
Anaerotaenia	Sphingomonas	0.886	2	2
Anaerotaenia	Sphingopyxis	0.771	2	2
Anaerotaenia	Steroidobacter	0.771	2	2
Anaerotaenia	Tabrizicola	0.771	2	2
Anaerotaenia	Thermoclostridium	0.886	2	2
Anaerotaenia	Vampirovibrio	0.886	2	2
Anaerotaenia	Xylanivirga	0.943	2	2
Anaerotaenia	Zongyangia	0.714	2	2
Anaerotignum	Aquincola	0.829	2	2
Anaerotignum	Asprobacter	0.943	2	2
Anaerotignum	Aurantibacillus	0.714	2	2
Anaerotignum	Blastomonas	1	2	2
Anaerotignum	Brevundimonas	0.714	2	2
Anaerotignum	Caloramator	0.714	2	2
Anaerotignum	Candidatus Accumulibacter	0.771	2	2
Anaerotignum	Candidatus Galacturonatibacter	0.771	2	2
Anaerotignum	Caproiciproducens	0.771	2	2
Anaerotignum	Clostridium	0.771	2	2
Anaerotignum	Derxia	0.829	2	2
Anaerotignum	Desulfitobacterium	0.771	2	2
Anaerotignum	Desulfosporosinus	0.829	2	2
Anaerotignum	Desulfovectis	1	2	2
Anaerotignum	Devosia	0.771	2	2
Anaerotignum	Erythrobacter	0.771	2	2
Anaerotignum	Ethanoligenens	0.829	2	2
Anaerotignum	Faecalispora	0.771	2	2
Anaerotignum	Fervidicella	0.714	2	2
Anaerotignum	Fimbriimonas	0.771	2	2
Anaerotignum	Flintibacter	0.886	2	2
Anaerotignum	Fonticella	0.714	2	2
Anaerotignum	Gemmatimonas	0.886	2	2
Anaerotignum	Gemmobacter	0.829	2	2
Anaerotignum	Geofilum	0.771	2	2
Anaerotignum	Hephaestia	0.829	2	2
Anaerotignum	Herbinix	0.771	2	2
Anaerotignum	Hydrogenoanaerobacterium	0.943	2	2
Anaerotignum	Ilyobacter	0.771	2	2
Anaerotignum	Kaistia	0.771	2	2
Anaerotignum	Lautropia	0.771	2	2
Anaerotignum	Lawsonibacter	0.714	2	2
Anaerotignum	Legionella	0.714	2	2
Anaerotignum	Lysobacter	0.829	2	2
Anaerotignum	Marasmitruncus	0.771	2	2
Anaerotignum	Merdimmobilis	0.714	2	2
Anaerotignum	Methylophilus	0.771	2	2
Anaerotignum	Mobilitalea	0.829	2	2
Anaerotignum	Muriventricola	0.829	2	2
Anaerotignum	Novosphingobium	0.829	2	2
Anaerotignum	Opitutus	0.886	2	2
Anaerotignum	Paeniroseomonas	1	2	2
Anaerotignum	Paludihabitans	0.714	2	2
Anaerotignum	Paragemmobacter	0.771	2	2
Anaerotignum	Parerythrobacter	0.771	2	2
Anaerotignum	Pelosinus	0.771	2	2
Anaerotignum	Piscinibacter	0.829	2	2
Anaerotignum	Propionispora	0.714	2	2
Anaerotignum	Pseudoflavonifractor	0.714	2	2
Anaerotignum	Psychrosinus	0.886	2	2
Anaerotignum	Qipengyuania	0.714	2	2
Anaerotignum	Quisquiliibacterium	0.943	2	2
Anaerotignum	Rhodoferax	0.771	2	2
Anaerotignum	Roseisolibacter	0.886	2	2
Anaerotignum	Rubellimicrobium	0.829	2	2
Anaerotignum	Rubrivirga	0.829	2	2
Anaerotignum	Sandaracinobacteroides	0.886	2	2
Anaerotignum	Sandarakinorhabdus	0.771	2	2
Anaerotignum	Sphingomonas	0.771	2	2
Anaerotignum	Sphingopyxis	0.886	2	2
Anaerotignum	Sphingorhabdus	0.771	2	2
Anaerotignum	Steroidobacter	1	2	2
Anaerotignum	Tabrizicola	0.886	2	2
Anaerotignum	Thermoclostridium	0.771	2	2
Anaerotignum	Vampirovibrio	0.771	2	2
Anaerotignum	Xylanivirga	0.829	2	2
Anoxybacterium	Antarcticimicrobium	1	4	4
Anoxybacterium	Aquipluma	0.886	4	4
Anoxybacterium	Aridibacter	1	4	4
Anoxybacterium	Aristaeella	0.829	4	4
Anoxybacterium	Beduinella	0.886	4	4
Anoxybacterium	Bengtsoniella	1	4	4
Anoxybacterium	Butyricicoccus	1	4	4
Anoxybacterium	Candidatus Borkfalkia	0.771	4	4
Anoxybacterium	Candidatus Saccharimonas	0.943	4	4
Anoxybacterium	Candidatus Soleaferrea	0.829	4	4
Anoxybacterium	Defluviicoccus	0.943	4	4
Anoxybacterium	Desulforamulus	1	4	4
Anoxybacterium	Dysgonomonas	0.943	4	4
Anoxybacterium	Erysipelothrix	0.829	4	4
Anoxybacterium	Faecousia	0.943	4	4
Anoxybacterium	Ferruginibacter	0.943	4	4
Anoxybacterium	Fulvivirga	1	4	4
Anoxybacterium	Gracilibacter	1	4	4
Anoxybacterium	Holdemania	1	4	4
Anoxybacterium	Hominenteromicrobium	1	4	4
Anoxybacterium	Hujiaoplasma	0.771	4	4
Anoxybacterium	Irregularibacter	0.771	4	4
Anoxybacterium	Lentimicrobium	0.771	4	4
Anoxybacterium	Longilinea	0.829	4	4
Anoxybacterium	Longimicrobium	0.943	4	4
Anoxybacterium	Luoshenia	0.771	4	4
Anoxybacterium	Lutispora	0.829	4	4
Anoxybacterium	Macellibacteroides	0.714	4	4
Anoxybacterium	Mageeibacillus	0.771	4	4
Anoxybacterium	Neglectibacter	0.771	4	4
Anoxybacterium	Nitrobacter	0.829	4	4
Anoxybacterium	Paludibacter	0.886	4	4
Anoxybacterium	Paludibaculum	0.943	4	4
Anoxybacterium	Papillibacter	0.829	4	4
Anoxybacterium	Parabacteroides	0.771	4	4
Anoxybacterium	Pedosphaera	0.943	4	4
Anoxybacterium	Pleomorphomonas	0.771	4	4
Anoxybacterium	Pseudobacteroides	1	4	4
Anoxybacterium	Pseudochryseolinea	0.943	4	4
Anoxybacterium	Pseudoruminococcus	0.943	4	4
Anoxybacterium	Pumilibacter	0.714	4	4
Anoxybacterium	Ruminiclostridium	0.943	4	4
Anoxybacterium	Saccharofermentans	0.829	4	4
Anoxybacterium	Sedimentibacter	0.771	4	4
Anoxybacterium	Solibaculum	0.771	4	4
Anoxybacterium	Sphingobium	0.829	4	4
Anoxybacterium	Sporomusa	1	4	4
Anoxybacterium	Vermiculatibacterium	1	4	4
Anoxybacterium	Vescimonas	0.829	4	4
Anoxybacterium	Yanshouia	0.829	4	4
Antarcticimicrobium	Aquipluma	0.886	4	4
Antarcticimicrobium	Aridibacter	1	4	4
Antarcticimicrobium	Aristaeella	0.829	4	4
Antarcticimicrobium	Beduinella	0.886	4	4
Antarcticimicrobium	Bengtsoniella	1	4	4
Antarcticimicrobium	Butyricicoccus	1	4	4
Antarcticimicrobium	Candidatus Borkfalkia	0.771	4	4
Antarcticimicrobium	Candidatus Saccharimonas	0.943	4	4
Antarcticimicrobium	Candidatus Soleaferrea	0.829	4	4
Antarcticimicrobium	Defluviicoccus	0.943	4	4
Antarcticimicrobium	Desulforamulus	1	4	4
Antarcticimicrobium	Dysgonomonas	0.943	4	4
Antarcticimicrobium	Erysipelothrix	0.829	4	4
Antarcticimicrobium	Faecousia	0.943	4	4
Antarcticimicrobium	Ferruginibacter	0.943	4	4
Antarcticimicrobium	Fulvivirga	1	4	4
Antarcticimicrobium	Gracilibacter	1	4	4
Antarcticimicrobium	Holdemania	1	4	4
Antarcticimicrobium	Hominenteromicrobium	1	4	4
Antarcticimicrobium	Hujiaoplasma	0.771	4	4
Antarcticimicrobium	Irregularibacter	0.771	4	4
Antarcticimicrobium	Lentimicrobium	0.771	4	4
Antarcticimicrobium	Longilinea	0.829	4	4
Antarcticimicrobium	Longimicrobium	0.943	4	4
Antarcticimicrobium	Luoshenia	0.771	4	4
Antarcticimicrobium	Lutispora	0.829	4	4
Antarcticimicrobium	Macellibacteroides	0.714	4	4
Antarcticimicrobium	Mageeibacillus	0.771	4	4
Antarcticimicrobium	Neglectibacter	0.771	4	4
Antarcticimicrobium	Nitrobacter	0.829	4	4
Antarcticimicrobium	Paludibacter	0.886	4	4
Antarcticimicrobium	Paludibaculum	0.943	4	4
Antarcticimicrobium	Papillibacter	0.829	4	4
Antarcticimicrobium	Parabacteroides	0.771	4	4
Antarcticimicrobium	Pedosphaera	0.943	4	4
Antarcticimicrobium	Pleomorphomonas	0.771	4	4
Antarcticimicrobium	Pseudobacteroides	1	4	4
Antarcticimicrobium	Pseudochryseolinea	0.943	4	4
Antarcticimicrobium	Pseudoruminococcus	0.943	4	4
Antarcticimicrobium	Pumilibacter	0.714	4	4
Antarcticimicrobium	Ruminiclostridium	0.943	4	4
Antarcticimicrobium	Saccharofermentans	0.829	4	4
Antarcticimicrobium	Sedimentibacter	0.771	4	4
Antarcticimicrobium	Solibaculum	0.771	4	4
Antarcticimicrobium	Sphingobium	0.829	4	4
Antarcticimicrobium	Sporomusa	1	4	4
Antarcticimicrobium	Vermiculatibacterium	1	4	4
Antarcticimicrobium	Vescimonas	0.829	4	4
Antarcticimicrobium	Yanshouia	0.829	4	4
Aquincola	Asprobacter	0.771	2	2
Aquincola	Aurantibacillus	0.886	2	2
Aquincola	Blastomonas	0.829	2	2
Aquincola	Caloramator	0.886	2	2
Aquincola	Candidatus Accumulibacter	0.943	2	2
Aquincola	Candidatus Galacturonatibacter	0.943	2	2
Aquincola	Caproicibacter	0.829	2	2
Aquincola	Caproiciproducens	0.943	2	2
Aquincola	Clostridium	0.771	2	2
Aquincola	Cytophaga	0.771	2	2
Aquincola	Desulfitobacterium	0.943	2	2
Aquincola	Desulfosporosinus	1	2	2
Aquincola	Desulfovectis	0.829	2	2
Aquincola	Ethanoligenens	0.829	2	2
Aquincola	Faecalispora	0.771	2	2
Aquincola	Fervidicella	0.886	2	2
Aquincola	Fimbriimonas	0.943	2	2
Aquincola	Flintibacter	0.714	2	2
Aquincola	Fonticella	0.886	2	2
Aquincola	Gemmatimonas	0.714	2	2
Aquincola	Hephaestia	1	2	2
Aquincola	Herbinix	0.943	2	2
Aquincola	Hydrogenoanaerobacterium	0.943	2	2
Aquincola	Ilyobacter	0.943	2	2
Aquincola	Kaistia	0.943	2	2
Aquincola	Lautropia	0.771	2	2
Aquincola	Lawsonibacter	0.886	2	2
Aquincola	Legionella	0.886	2	2
Aquincola	Lysobacter	0.829	2	2
Aquincola	Marasmitruncus	0.943	2	2
Aquincola	Merdimmobilis	0.886	2	2
Aquincola	Methylophilus	0.943	2	2
Aquincola	Mobilitalea	1	2	2
Aquincola	Opitutus	0.886	2	2
Aquincola	Oxobacter	0.771	2	2
Aquincola	Paeniroseomonas	0.829	2	2
Aquincola	Paludihabitans	0.886	2	2
Aquincola	Paragemmobacter	0.943	2	2
Aquincola	Parerythrobacter	0.771	2	2
Aquincola	Pelosinus	0.943	2	2
Aquincola	Piscinibacter	1	2	2
Aquincola	Propionispora	0.886	2	2
Aquincola	Propionivibrio	0.771	2	2
Aquincola	Pseudoflavonifractor	0.886	2	2
Aquincola	Psychrosinus	0.714	2	2
Aquincola	Quisquiliibacterium	0.771	2	2
Aquincola	Rhodoferax	0.943	2	2
Aquincola	Roseisolibacter	0.714	2	2
Aquincola	Sandaracinobacteroides	0.714	2	2
Aquincola	Sphingomonas	0.943	2	2
Aquincola	Sphingopyxis	0.886	2	2
Aquincola	Steroidobacter	0.829	2	2
Aquincola	Tabrizicola	0.714	2	2
Aquincola	Thermoclostridium	0.943	2	2
Aquincola	Vampirovibrio	0.943	2	2
Aquincola	Xylanivirga	1	2	2
Aquincola	Zongyangia	0.771	2	2
Aquipluma	Aridibacter	0.886	4	4
Aquipluma	Bengtsoniella	0.886	4	4
Aquipluma	Butyricicoccus	0.886	4	4
Aquipluma	Candidatus Saccharimonas	0.771	4	4
Aquipluma	Defluviicoccus	0.771	4	4
Aquipluma	Desulforamulus	0.886	4	4
Aquipluma	Dysgonomonas	0.829	4	4
Aquipluma	Faecousia	0.771	4	4
Aquipluma	Ferruginibacter	0.829	4	4
Aquipluma	Fulvivirga	0.886	4	4
Aquipluma	Fusibacter	0.886	4	4
Aquipluma	Gracilibacter	0.886	4	4
Aquipluma	Holdemania	0.886	4	4
Aquipluma	Hominenteromicrobium	0.886	4	4
Aquipluma	Lentimicrobium	0.714	4	4
Aquipluma	Longimicrobium	0.829	4	4
Aquipluma	Luoshenia	0.714	4	4
Aquipluma	Lutispora	0.829	4	4
Aquipluma	Paludibacter	0.829	4	4
Aquipluma	Paludibaculum	0.771	4	4
Aquipluma	Pedosphaera	0.771	4	4
Aquipluma	Pseudobacteroides	0.886	4	4
Aquipluma	Pseudochryseolinea	0.771	4	4
Aquipluma	Pseudoruminococcus	0.771	4	4
Aquipluma	Ruminiclostridium	0.943	4	4
Aquipluma	Sporomusa	0.886	4	4
Aquipluma	Vermiculatibacterium	0.886	4	4
Aridibacter	Aristaeella	0.829	4	4
Aridibacter	Beduinella	0.886	4	4
Aridibacter	Bengtsoniella	1	4	4
Aridibacter	Butyricicoccus	1	4	4
Aridibacter	Candidatus Borkfalkia	0.771	4	4
Aridibacter	Candidatus Saccharimonas	0.943	4	4
Aridibacter	Candidatus Soleaferrea	0.829	4	4
Aridibacter	Defluviicoccus	0.943	4	4
Aridibacter	Desulforamulus	1	4	4
Aridibacter	Dysgonomonas	0.943	4	4
Aridibacter	Erysipelothrix	0.829	4	4
Aridibacter	Faecousia	0.943	4	4
Aridibacter	Ferruginibacter	0.943	4	4
Aridibacter	Fulvivirga	1	4	4
Aridibacter	Gracilibacter	1	4	4
Aridibacter	Holdemania	1	4	4
Aridibacter	Hominenteromicrobium	1	4	4
Aridibacter	Hujiaoplasma	0.771	4	4
Aridibacter	Irregularibacter	0.771	4	4
Aridibacter	Lentimicrobium	0.771	4	4
Aridibacter	Longilinea	0.829	4	4
Aridibacter	Longimicrobium	0.943	4	4
Aridibacter	Luoshenia	0.771	4	4
Aridibacter	Lutispora	0.829	4	4
Aridibacter	Macellibacteroides	0.714	4	4
Aridibacter	Mageeibacillus	0.771	4	4
Aridibacter	Neglectibacter	0.771	4	4
Aridibacter	Nitrobacter	0.829	4	4
Aridibacter	Paludibacter	0.886	4	4
Aridibacter	Paludibaculum	0.943	4	4
Aridibacter	Papillibacter	0.829	4	4
Aridibacter	Parabacteroides	0.771	4	4
Aridibacter	Pedosphaera	0.943	4	4
Aridibacter	Pleomorphomonas	0.771	4	4
Aridibacter	Pseudobacteroides	1	4	4
Aridibacter	Pseudochryseolinea	0.943	4	4
Aridibacter	Pseudoruminococcus	0.943	4	4
Aridibacter	Pumilibacter	0.714	4	4
Aridibacter	Ruminiclostridium	0.943	4	4
Aridibacter	Saccharofermentans	0.829	4	4
Aridibacter	Sedimentibacter	0.771	4	4
Aridibacter	Solibaculum	0.771	4	4
Aridibacter	Sphingobium	0.829	4	4
Aridibacter	Sporomusa	1	4	4
Aridibacter	Vermiculatibacterium	1	4	4
Aridibacter	Vescimonas	0.829	4	4
Aridibacter	Yanshouia	0.829	4	4
Aristaeella	Beduinella	0.886	4	4
Aristaeella	Bengtsoniella	0.829	4	4
Aristaeella	Butyricicoccus	0.829	4	4
Aristaeella	Candidatus Borkfalkia	0.943	4	4
Aristaeella	Candidatus Saccharimonas	0.943	4	4
Aristaeella	Candidatus Soleaferrea	1	4	4
Aristaeella	Defluviicoccus	0.943	4	4
Aristaeella	Dehalobacter	0.771	4	4
Aristaeella	Desulforamulus	0.829	4	4
Aristaeella	Dysgonomonas	0.771	4	4
Aristaeella	Faecousia	0.943	4	4
Aristaeella	Ferruginibacter	0.771	4	4
Aristaeella	Fulvivirga	0.829	4	4
Aristaeella	Gracilibacter	0.829	4	4
Aristaeella	Holdemania	0.829	4	4
Aristaeella	Hominenteromicrobium	0.829	4	4
Aristaeella	Hujiaoplasma	0.943	4	4
Aristaeella	Irregularibacter	0.943	4	4
Aristaeella	Lentimicrobium	0.771	4	4
Aristaeella	Longilinea	1	4	4
Aristaeella	Longimicrobium	0.771	4	4
Aristaeella	Luoshenia	0.771	4	4
Aristaeella	Macellibacteroides	0.886	4	4
Aristaeella	Mageeibacillus	0.943	4	4
Aristaeella	Neglectibacter	0.943	4	4
Aristaeella	Nitrobacter	1	4	4
Aristaeella	Paludibacter	0.886	4	4
Aristaeella	Paludibaculum	0.943	4	4
Aristaeella	Parabacteroides	0.943	4	4
Aristaeella	Pedosphaera	0.943	4	4
Aristaeella	Pleomorphomonas	0.943	4	4
Aristaeella	Pseudobacteroides	0.829	4	4
Aristaeella	Pseudochryseolinea	0.943	4	4
Aristaeella	Pseudoruminococcus	0.943	4	4
Aristaeella	Pumilibacter	0.886	4	4
Aristaeella	Saccharofermentans	1	4	4
Aristaeella	Solibaculum	0.943	4	4
Aristaeella	Sphingobium	1	4	4
Aristaeella	Sporomusa	0.829	4	4
Aristaeella	Vermiculatibacterium	0.829	4	4
Aristaeella	Vescimonas	1	4	4
Aristaeella	Yanshouia	0.829	4	4
Aristaeella	Youngiibacter	0.829	4	4
Asprobacter	Blastomonas	0.943	2	2
Asprobacter	Brevundimonas	0.771	2	2
Asprobacter	Candidatus Accumulibacter	0.829	2	2
Asprobacter	Clostridium	0.714	2	2
Asprobacter	Derxia	0.771	2	2
Asprobacter	Desulfosporosinus	0.771	2	2
Asprobacter	Desulfovectis	0.943	2	2
Asprobacter	Devosia	0.829	2	2
Asprobacter	Erythrobacter	0.714	2	2
Asprobacter	Ethanoligenens	0.771	2	2
Asprobacter	Faecalispora	0.886	2	2
Asprobacter	Falsiroseomonas	0.771	2	2
Asprobacter	Fimbriimonas	0.714	2	2
Asprobacter	Flintibacter	0.943	2	2
Asprobacter	Gemmatimonas	0.943	2	2
Asprobacter	Gemmobacter	0.943	2	2
Asprobacter	Geofilum	0.829	2	2
Asprobacter	Hephaestia	0.771	2	2
Asprobacter	Herbinix	0.714	2	2
Asprobacter	Hydrogenoanaerobacterium	0.886	2	2
Asprobacter	Hydrogenophaga	0.771	2	2
Asprobacter	Ilyobacter	0.829	2	2
Asprobacter	Lawsonibacter	0.771	2	2
Asprobacter	Luteitalea	0.771	2	2
Asprobacter	Lysobacter	0.771	2	2
Asprobacter	Marasmitruncus	0.829	2	2
Asprobacter	Methylophilus	0.714	2	2
Asprobacter	Mobilitalea	0.771	2	2
Asprobacter	Muriventricola	0.771	2	2
Asprobacter	Novosphingobium	0.943	2	2
Asprobacter	Opitutus	0.771	2	2
Asprobacter	Oxobacter	0.714	2	2
Asprobacter	Paeniroseomonas	0.943	2	2
Asprobacter	Paragemmobacter	0.714	2	2
Asprobacter	Parerythrobacter	0.886	2	2
Asprobacter	Piscinibacter	0.771	2	2
Asprobacter	Propionivibrio	0.714	2	2
Asprobacter	Psychrosinus	0.771	2	2
Asprobacter	Qipengyuania	0.771	2	2
Asprobacter	Quisquiliibacterium	1	2	2
Asprobacter	Roseisolibacter	0.943	2	2
Asprobacter	Rubellimicrobium	0.943	2	2
Asprobacter	Rubrivirga	0.771	2	2
Asprobacter	Sandaracinobacteroides	0.943	2	2
Asprobacter	Sandarakinorhabdus	0.829	2	2
Asprobacter	Sphingomonas	0.829	2	2
Asprobacter	Sphingopyxis	0.943	2	2
Asprobacter	Sphingorhabdus	0.829	2	2
Asprobacter	Steroidobacter	0.943	2	2
Asprobacter	Tabrizicola	0.943	2	2
Asprobacter	Thermoclostridium	0.829	2	2
Asprobacter	Xylanivirga	0.771	2	2
Aurantibacillus	Blastomonas	0.714	2	2
Aurantibacillus	Caldimonas	0.886	2	2
Aurantibacillus	Caloramator	1	2	2
Aurantibacillus	Candidatus Accumulibacter	0.771	2	2
Aurantibacillus	Candidatus Galacturonatibacter	0.943	2	2
Aurantibacillus	Caproicibacter	0.886	2	2
Aurantibacillus	Caproiciproducens	0.943	2	2
Aurantibacillus	Clostridium	0.771	2	2
Aurantibacillus	Cytophaga	0.943	2	2
Aurantibacillus	Derxia	0.714	2	2
Aurantibacillus	Desulfitobacterium	0.943	2	2
Aurantibacillus	Desulfosporosinus	0.886	2	2
Aurantibacillus	Desulfovectis	0.714	2	2
Aurantibacillus	Erythrobacter	0.771	2	2
Aurantibacillus	Ethanoligenens	0.886	2	2
Aurantibacillus	Falsiroseomonas	0.714	2	2
Aurantibacillus	Fervidicella	1	2	2
Aurantibacillus	Fimbriimonas	0.943	2	2
Aurantibacillus	Fonticella	1	2	2
Aurantibacillus	Hephaestia	0.886	2	2
Aurantibacillus	Herbinix	0.943	2	2
Aurantibacillus	Hydrogenoanaerobacterium	0.771	2	2
Aurantibacillus	Hydrogenophaga	0.714	2	2
Aurantibacillus	Ilyobacter	0.771	2	2
Aurantibacillus	Kaistia	0.943	2	2
Aurantibacillus	Lautropia	0.943	2	2
Aurantibacillus	Lawsonibacter	0.829	2	2
Aurantibacillus	Legionella	1	2	2
Aurantibacillus	Luteitalea	0.714	2	2
Aurantibacillus	Lysobacter	0.886	2	2
Aurantibacillus	Marasmitruncus	0.771	2	2
Aurantibacillus	Merdimmobilis	1	2	2
Aurantibacillus	Methylophilus	0.943	2	2
Aurantibacillus	Mobilitalea	0.886	2	2
Aurantibacillus	Muriventricola	0.714	2	2
Aurantibacillus	Opitutus	0.829	2	2
Aurantibacillus	Oxobacter	0.771	2	2
Aurantibacillus	Paeniroseomonas	0.714	2	2
Aurantibacillus	Paludihabitans	1	2	2
Aurantibacillus	Paragemmobacter	0.943	2	2
Aurantibacillus	Pelosinus	0.943	2	2
Aurantibacillus	Piscinibacter	0.886	2	2
Aurantibacillus	Propionispora	1	2	2
Aurantibacillus	Propionivibrio	0.771	2	2
Aurantibacillus	Pseudoflavonifractor	1	2	2
Aurantibacillus	Psychrosinus	0.829	2	2
Aurantibacillus	Rhodoferax	0.943	2	2
Aurantibacillus	Rubrivirga	0.714	2	2
Aurantibacillus	Sphingomonas	0.771	2	2
Aurantibacillus	Steroidobacter	0.714	2	2
Aurantibacillus	Thermoclostridium	0.771	2	2
Aurantibacillus	Vampirovibrio	0.943	2	2
Aurantibacillus	Xylanivirga	0.886	2	2
Aurantibacillus	Zongyangia	0.771	2	2
Bdellovibrio	Geotalea	0.829	5	5
Beduinella	Bengtsoniella	0.886	4	4
Beduinella	Butyricicoccus	0.886	4	4
Beduinella	Candidatus Borkfalkia	0.771	4	4
Beduinella	Candidatus Saccharimonas	0.943	4	4
Beduinella	Candidatus Soleaferrea	0.886	4	4
Beduinella	Defluviicoccus	0.943	4	4
Beduinella	Desulforamulus	0.886	4	4
Beduinella	Dysgonomonas	0.771	4	4
Beduinella	Erysipelothrix	0.886	4	4
Beduinella	Faecousia	0.943	4	4
Beduinella	Ferruginibacter	0.771	4	4
Beduinella	Fulvivirga	0.886	4	4
Beduinella	Gracilibacter	0.886	4	4
Beduinella	Holdemania	0.886	4	4
Beduinella	Hominenteromicrobium	0.886	4	4
Beduinella	Hujiaoplasma	0.771	4	4
Beduinella	Irregularibacter	0.771	4	4
Beduinella	Lentimicrobium	0.771	4	4
Beduinella	Longilinea	0.886	4	4
Beduinella	Longimicrobium	0.771	4	4
Beduinella	Luoshenia	0.771	4	4
Beduinella	Lutispora	0.714	4	4
Beduinella	Macellibacteroides	0.829	4	4
Beduinella	Mageeibacillus	0.771	4	4
Beduinella	Neglectibacter	0.771	4	4
Beduinella	Nitrobacter	0.886	4	4
Beduinella	Paludibacter	0.829	4	4
Beduinella	Paludibaculum	0.943	4	4
Beduinella	Papillibacter	0.886	4	4
Beduinella	Parabacteroides	0.771	4	4
Beduinella	Pedosphaera	0.943	4	4
Beduinella	Pleomorphomonas	0.771	4	4
Beduinella	Pseudobacteroides	0.886	4	4
Beduinella	Pseudochryseolinea	0.943	4	4
Beduinella	Pseudoruminococcus	0.943	4	4
Beduinella	Pumilibacter	0.829	4	4
Beduinella	Ruminiclostridium	0.714	4	4
Beduinella	Saccharofermentans	0.886	4	4
Beduinella	Sedimentibacter	0.771	4	4
Beduinella	Solibaculum	0.771	4	4
Beduinella	Sphingobium	0.886	4	4
Beduinella	Sporomusa	0.886	4	4
Beduinella	Vermiculatibacterium	0.886	4	4
Beduinella	Vescimonas	0.886	4	4
Beduinella	Yanshouia	0.714	4	4
Beduinella	Youngiibacter	0.714	4	4
Bengtsoniella	Butyricicoccus	1	4	4
Bengtsoniella	Candidatus Borkfalkia	0.771	4	4
Bengtsoniella	Candidatus Saccharimonas	0.943	4	4
Bengtsoniella	Candidatus Soleaferrea	0.829	4	4
Bengtsoniella	Defluviicoccus	0.943	4	4
Bengtsoniella	Desulforamulus	1	4	4
Bengtsoniella	Dysgonomonas	0.943	4	4
Bengtsoniella	Erysipelothrix	0.829	4	4
Bengtsoniella	Faecousia	0.943	4	4
Bengtsoniella	Ferruginibacter	0.943	4	4
Bengtsoniella	Fulvivirga	1	4	4
Bengtsoniella	Gracilibacter	1	4	4
Bengtsoniella	Holdemania	1	4	4
Bengtsoniella	Hominenteromicrobium	1	4	4
Bengtsoniella	Hujiaoplasma	0.771	4	4
Bengtsoniella	Irregularibacter	0.771	4	4
Bengtsoniella	Lentimicrobium	0.771	4	4
Bengtsoniella	Longilinea	0.829	4	4
Bengtsoniella	Longimicrobium	0.943	4	4
Bengtsoniella	Luoshenia	0.771	4	4
Bengtsoniella	Lutispora	0.829	4	4
Bengtsoniella	Macellibacteroides	0.714	4	4
Bengtsoniella	Mageeibacillus	0.771	4	4
Bengtsoniella	Neglectibacter	0.771	4	4
Bengtsoniella	Nitrobacter	0.829	4	4
Bengtsoniella	Paludibacter	0.886	4	4
Bengtsoniella	Paludibaculum	0.943	4	4
Bengtsoniella	Papillibacter	0.829	4	4
Bengtsoniella	Parabacteroides	0.771	4	4
Bengtsoniella	Pedosphaera	0.943	4	4
Bengtsoniella	Pleomorphomonas	0.771	4	4
Bengtsoniella	Pseudobacteroides	1	4	4
Bengtsoniella	Pseudochryseolinea	0.943	4	4
Bengtsoniella	Pseudoruminococcus	0.943	4	4
Bengtsoniella	Pumilibacter	0.714	4	4
Bengtsoniella	Ruminiclostridium	0.943	4	4
Bengtsoniella	Saccharofermentans	0.829	4	4
Bengtsoniella	Sedimentibacter	0.771	4	4
Bengtsoniella	Solibaculum	0.771	4	4
Bengtsoniella	Sphingobium	0.829	4	4
Bengtsoniella	Sporomusa	1	4	4
Bengtsoniella	Vermiculatibacterium	1	4	4
Bengtsoniella	Vescimonas	0.829	4	4
Bengtsoniella	Yanshouia	0.829	4	4
Blastomonas	Brevundimonas	0.714	2	2
Blastomonas	Caloramator	0.714	2	2
Blastomonas	Candidatus Accumulibacter	0.771	2	2
Blastomonas	Candidatus Galacturonatibacter	0.771	2	2
Blastomonas	Caproiciproducens	0.771	2	2
Blastomonas	Clostridium	0.771	2	2
Blastomonas	Derxia	0.829	2	2
Blastomonas	Desulfitobacterium	0.771	2	2
Blastomonas	Desulfosporosinus	0.829	2	2
Blastomonas	Desulfovectis	1	2	2
Blastomonas	Devosia	0.771	2	2
Blastomonas	Erythrobacter	0.771	2	2
Blastomonas	Ethanoligenens	0.829	2	2
Blastomonas	Faecalispora	0.771	2	2
Blastomonas	Fervidicella	0.714	2	2
Blastomonas	Fimbriimonas	0.771	2	2
Blastomonas	Flintibacter	0.886	2	2
Blastomonas	Fonticella	0.714	2	2
Blastomonas	Gemmatimonas	0.886	2	2
Blastomonas	Gemmobacter	0.829	2	2
Blastomonas	Geofilum	0.771	2	2
Blastomonas	Hephaestia	0.829	2	2
Blastomonas	Herbinix	0.771	2	2
Blastomonas	Hydrogenoanaerobacterium	0.943	2	2
Blastomonas	Ilyobacter	0.771	2	2
Blastomonas	Kaistia	0.771	2	2
Blastomonas	Lautropia	0.771	2	2
Blastomonas	Lawsonibacter	0.714	2	2
Blastomonas	Legionella	0.714	2	2
Blastomonas	Lysobacter	0.829	2	2
Blastomonas	Marasmitruncus	0.771	2	2
Blastomonas	Merdimmobilis	0.714	2	2
Blastomonas	Methylophilus	0.771	2	2
Blastomonas	Mobilitalea	0.829	2	2
Blastomonas	Muriventricola	0.829	2	2
Blastomonas	Novosphingobium	0.829	2	2
Blastomonas	Opitutus	0.886	2	2
Blastomonas	Paeniroseomonas	1	2	2
Blastomonas	Paludihabitans	0.714	2	2
Blastomonas	Paragemmobacter	0.771	2	2
Blastomonas	Parerythrobacter	0.771	2	2
Blastomonas	Pelosinus	0.771	2	2
Blastomonas	Piscinibacter	0.829	2	2
Blastomonas	Propionispora	0.714	2	2
Blastomonas	Pseudoflavonifractor	0.714	2	2
Blastomonas	Psychrosinus	0.886	2	2
Blastomonas	Qipengyuania	0.714	2	2
Blastomonas	Quisquiliibacterium	0.943	2	2
Blastomonas	Rhodoferax	0.771	2	2
Blastomonas	Roseisolibacter	0.886	2	2
Blastomonas	Rubellimicrobium	0.829	2	2
Blastomonas	Rubrivirga	0.829	2	2
Blastomonas	Sandaracinobacteroides	0.886	2	2
Blastomonas	Sandarakinorhabdus	0.771	2	2
Blastomonas	Sphingomonas	0.771	2	2
Blastomonas	Sphingopyxis	0.886	2	2
Blastomonas	Sphingorhabdus	0.771	2	2
Blastomonas	Steroidobacter	1	2	2
Blastomonas	Tabrizicola	0.886	2	2
Blastomonas	Thermoclostridium	0.771	2	2
Blastomonas	Vampirovibrio	0.771	2	2
Blastomonas	Xylanivirga	0.829	2	2
Brevundimonas	Caldimonas	0.886	2	2
Brevundimonas	Caproicibacter	0.714	2	2
Brevundimonas	Clostridium	0.771	2	2
Brevundimonas	Cytophaga	0.771	2	2
Brevundimonas	Derxia	0.886	2	2
Brevundimonas	Desulfovectis	0.714	2	2
Brevundimonas	Devosia	0.943	2	2
Brevundimonas	Erythrobacter	0.943	2	2
Brevundimonas	Ethanoligenens	0.714	2	2
Brevundimonas	Faecalispora	0.771	2	2
Brevundimonas	Falsiroseomonas	0.886	2	2
Brevundimonas	Flintibacter	0.829	2	2
Brevundimonas	Gemmatimonas	0.829	2	2
Brevundimonas	Gemmobacter	0.886	2	2
Brevundimonas	Geofilum	0.943	2	2
Brevundimonas	Hydrogenophaga	0.886	2	2
Brevundimonas	Lautropia	0.771	2	2
Brevundimonas	Luteitalea	0.886	2	2
Brevundimonas	Lysobacter	0.714	2	2
Brevundimonas	Muriventricola	0.886	2	2
Brevundimonas	Novosphingobium	0.886	2	2
Brevundimonas	Oxobacter	0.771	2	2
Brevundimonas	Paeniroseomonas	0.714	2	2
Brevundimonas	Parerythrobacter	0.771	2	2
Brevundimonas	Propionivibrio	0.771	2	2
Brevundimonas	Psychrosinus	0.829	2	2
Brevundimonas	Qipengyuania	1	2	2
Brevundimonas	Quisquiliibacterium	0.771	2	2
Brevundimonas	Roseisolibacter	0.829	2	2
Brevundimonas	Roseococcus	0.943	2	2
Brevundimonas	Rubellimicrobium	0.886	2	2
Brevundimonas	Rubrivirga	0.886	2	2
Brevundimonas	Sandaracinobacteroides	0.829	2	2
Brevundimonas	Sandarakinorhabdus	0.943	2	2
Brevundimonas	Sphingorhabdus	0.943	2	2
Brevundimonas	Steroidobacter	0.714	2	2
Brevundimonas	Tabrizicola	0.829	2	2
Brevundimonas	Zongyangia	0.771	2	2
Butyricicoccus	Candidatus Borkfalkia	0.771	4	4
Butyricicoccus	Candidatus Saccharimonas	0.943	4	4
Butyricicoccus	Candidatus Soleaferrea	0.829	4	4
Butyricicoccus	Defluviicoccus	0.943	4	4
Butyricicoccus	Desulforamulus	1	4	4
Butyricicoccus	Dysgonomonas	0.943	4	4
Butyricicoccus	Erysipelothrix	0.829	4	4
Butyricicoccus	Faecousia	0.943	4	4
Butyricicoccus	Ferruginibacter	0.943	4	4
Butyricicoccus	Fulvivirga	1	4	4
Butyricicoccus	Gracilibacter	1	4	4
Butyricicoccus	Holdemania	1	4	4
Butyricicoccus	Hominenteromicrobium	1	4	4
Butyricicoccus	Hujiaoplasma	0.771	4	4
Butyricicoccus	Irregularibacter	0.771	4	4
Butyricicoccus	Lentimicrobium	0.771	4	4
Butyricicoccus	Longilinea	0.829	4	4
Butyricicoccus	Longimicrobium	0.943	4	4
Butyricicoccus	Luoshenia	0.771	4	4
Butyricicoccus	Lutispora	0.829	4	4
Butyricicoccus	Macellibacteroides	0.714	4	4
Butyricicoccus	Mageeibacillus	0.771	4	4
Butyricicoccus	Neglectibacter	0.771	4	4
Butyricicoccus	Nitrobacter	0.829	4	4
Butyricicoccus	Paludibacter	0.886	4	4
Butyricicoccus	Paludibaculum	0.943	4	4
Butyricicoccus	Papillibacter	0.829	4	4
Butyricicoccus	Parabacteroides	0.771	4	4
Butyricicoccus	Pedosphaera	0.943	4	4
Butyricicoccus	Pleomorphomonas	0.771	4	4
Butyricicoccus	Pseudobacteroides	1	4	4
Butyricicoccus	Pseudochryseolinea	0.943	4	4
Butyricicoccus	Pseudoruminococcus	0.943	4	4
Butyricicoccus	Pumilibacter	0.714	4	4
Butyricicoccus	Ruminiclostridium	0.943	4	4
Butyricicoccus	Saccharofermentans	0.829	4	4
Butyricicoccus	Sedimentibacter	0.771	4	4
Butyricicoccus	Solibaculum	0.771	4	4
Butyricicoccus	Sphingobium	0.829	4	4
Butyricicoccus	Sporomusa	1	4	4
Butyricicoccus	Vermiculatibacterium	1	4	4
Butyricicoccus	Vescimonas	0.829	4	4
Butyricicoccus	Yanshouia	0.829	4	4
Caenimonas	Candidatus Chromulinivorax	0.943	3	3
Caenimonas	Dermatobacter	0.714	3	3
Caenimonas	Kiloniella	0.943	3	3
Caenimonas	Microcella	0.943	3	3
Caenimonas	Propionicimonas	0.771	3	3
Caldimonas	Caloramator	0.886	2	2
Caldimonas	Candidatus Galacturonatibacter	0.771	2	2
Caldimonas	Caproicibacter	0.829	2	2
Caldimonas	Caproiciproducens	0.771	2	2
Caldimonas	Clostridium	0.771	2	2
Caldimonas	Cytophaga	0.943	2	2
Caldimonas	Derxia	0.829	2	2
Caldimonas	Desulfitobacterium	0.771	2	2
Caldimonas	Devosia	0.771	2	2
Caldimonas	Erythrobacter	0.943	2	2
Caldimonas	Ethanoligenens	0.829	2	2
Caldimonas	Falsiroseomonas	0.829	2	2
Caldimonas	Fervidicella	0.886	2	2
Caldimonas	Fimbriimonas	0.771	2	2
Caldimonas	Flintibacter	0.714	2	2
Caldimonas	Fonticella	0.886	2	2
Caldimonas	Gemmatimonas	0.714	2	2
Caldimonas	Geofilum	0.771	2	2
Caldimonas	Herbinix	0.771	2	2
Caldimonas	Hydrogenophaga	0.829	2	2
Caldimonas	Intestinimonas	0.771	2	2
Caldimonas	Kaistia	0.771	2	2
Caldimonas	Lautropia	0.943	2	2
Caldimonas	Lawsonibacter	0.714	2	2
Caldimonas	Legionella	0.886	2	2
Caldimonas	Luteitalea	0.829	2	2
Caldimonas	Lysobacter	0.829	2	2
Caldimonas	Merdimmobilis	0.886	2	2
Caldimonas	Methylophilus	0.771	2	2
Caldimonas	Muriventricola	0.829	2	2
Caldimonas	Opitutus	0.714	2	2
Caldimonas	Oxobacter	0.771	2	2
Caldimonas	Paludihabitans	0.886	2	2
Caldimonas	Paragemmobacter	0.771	2	2
Caldimonas	Pelosinus	0.771	2	2
Caldimonas	Propionispora	0.886	2	2
Caldimonas	Propionivibrio	0.771	2	2
Caldimonas	Pseudoflavonifractor	0.886	2	2
Caldimonas	Psychrosinus	0.886	2	2
Caldimonas	Qipengyuania	0.886	2	2
Caldimonas	Rhodoferax	0.771	2	2
Caldimonas	Roseisolibacter	0.714	2	2
Caldimonas	Roseococcus	0.714	2	2
Caldimonas	Rubrivirga	0.829	2	2
Caldimonas	Sandaracinobacteroides	0.714	2	2
Caldimonas	Sandarakinorhabdus	0.771	2	2
Caldimonas	Sphingorhabdus	0.771	2	2
Caldimonas	Tabrizicola	0.714	2	2
Caldimonas	Vampirovibrio	0.771	2	2
Caldimonas	Zongyangia	0.771	2	2
Caloramator	Candidatus Accumulibacter	0.771	2	2
Caloramator	Candidatus Galacturonatibacter	0.943	2	2
Caloramator	Caproicibacter	0.886	2	2
Caloramator	Caproiciproducens	0.943	2	2
Caloramator	Clostridium	0.771	2	2
Caloramator	Cytophaga	0.943	2	2
Caloramator	Derxia	0.714	2	2
Caloramator	Desulfitobacterium	0.943	2	2
Caloramator	Desulfosporosinus	0.886	2	2
Caloramator	Desulfovectis	0.714	2	2
Caloramator	Erythrobacter	0.771	2	2
Caloramator	Ethanoligenens	0.886	2	2
Caloramator	Falsiroseomonas	0.714	2	2
Caloramator	Fervidicella	1	2	2
Caloramator	Fimbriimonas	0.943	2	2
Caloramator	Fonticella	1	2	2
Caloramator	Hephaestia	0.886	2	2
Caloramator	Herbinix	0.943	2	2
Caloramator	Hydrogenoanaerobacterium	0.771	2	2
Caloramator	Hydrogenophaga	0.714	2	2
Caloramator	Ilyobacter	0.771	2	2
Caloramator	Kaistia	0.943	2	2
Caloramator	Lautropia	0.943	2	2
Caloramator	Lawsonibacter	0.829	2	2
Caloramator	Legionella	1	2	2
Caloramator	Luteitalea	0.714	2	2
Caloramator	Lysobacter	0.886	2	2
Caloramator	Marasmitruncus	0.771	2	2
Caloramator	Merdimmobilis	1	2	2
Caloramator	Methylophilus	0.943	2	2
Caloramator	Mobilitalea	0.886	2	2
Caloramator	Muriventricola	0.714	2	2
Caloramator	Opitutus	0.829	2	2
Caloramator	Oxobacter	0.771	2	2
Caloramator	Paeniroseomonas	0.714	2	2
Caloramator	Paludihabitans	1	2	2
Caloramator	Paragemmobacter	0.943	2	2
Caloramator	Pelosinus	0.943	2	2
Caloramator	Piscinibacter	0.886	2	2
Caloramator	Propionispora	1	2	2
Caloramator	Propionivibrio	0.771	2	2
Caloramator	Pseudoflavonifractor	1	2	2
Caloramator	Psychrosinus	0.829	2	2
Caloramator	Rhodoferax	0.943	2	2
Caloramator	Rubrivirga	0.714	2	2
Caloramator	Sphingomonas	0.771	2	2
Caloramator	Steroidobacter	0.714	2	2
Caloramator	Thermoclostridium	0.771	2	2
Caloramator	Vampirovibrio	0.943	2	2
Caloramator	Xylanivirga	0.886	2	2
Caloramator	Zongyangia	0.771	2	2
Candidatus Accumulibacter	Candidatus Galacturonatibacter	0.829	2	2
Candidatus Accumulibacter	Caproicibacter	0.771	2	2
Candidatus Accumulibacter	Caproiciproducens	0.829	2	2
Candidatus Accumulibacter	Clostridium	0.714	2	2
Candidatus Accumulibacter	Cytophaga	0.714	2	2
Candidatus Accumulibacter	Desulfitobacterium	0.829	2	2
Candidatus Accumulibacter	Desulfosporosinus	0.943	2	2
Candidatus Accumulibacter	Desulfovectis	0.771	2	2
Candidatus Accumulibacter	Ethanoligenens	0.771	2	2
Candidatus Accumulibacter	Faecalispora	0.886	2	2
Candidatus Accumulibacter	Falsiroseomonas	0.771	2	2
Candidatus Accumulibacter	Fervidicella	0.771	2	2
Candidatus Accumulibacter	Fimbriimonas	0.886	2	2
Candidatus Accumulibacter	Flintibacter	0.771	2	2
Candidatus Accumulibacter	Fonticella	0.771	2	2
Candidatus Accumulibacter	Gemmatimonas	0.771	2	2
Candidatus Accumulibacter	Gemmobacter	0.771	2	2
Candidatus Accumulibacter	Hephaestia	0.943	2	2
Candidatus Accumulibacter	Herbinix	0.886	2	2
Candidatus Accumulibacter	Hydrogenoanaerobacterium	0.886	2	2
Candidatus Accumulibacter	Hydrogenophaga	0.771	2	2
Candidatus Accumulibacter	Ilyobacter	1	2	2
Candidatus Accumulibacter	Kaistia	0.829	2	2
Candidatus Accumulibacter	Lawsonibacter	0.943	2	2
Candidatus Accumulibacter	Legionella	0.771	2	2
Candidatus Accumulibacter	Luteitalea	0.771	2	2
Candidatus Accumulibacter	Lysobacter	0.771	2	2
Candidatus Accumulibacter	Marasmitruncus	1	2	2
Candidatus Accumulibacter	Merdimmobilis	0.771	2	2
Candidatus Accumulibacter	Methylophilus	0.886	2	2
Candidatus Accumulibacter	Mobilitalea	0.943	2	2
Candidatus Accumulibacter	Novosphingobium	0.771	2	2
Candidatus Accumulibacter	Opitutus	0.771	2	2
Candidatus Accumulibacter	Oxobacter	0.886	2	2
Candidatus Accumulibacter	Paeniroseomonas	0.771	2	2
Candidatus Accumulibacter	Paludihabitans	0.771	2	2
Candidatus Accumulibacter	Paragemmobacter	0.886	2	2
Candidatus Accumulibacter	Parerythrobacter	0.886	2	2
Candidatus Accumulibacter	Pelosinus	0.829	2	2
Candidatus Accumulibacter	Piscinibacter	0.943	2	2
Candidatus Accumulibacter	Propionispora	0.771	2	2
Candidatus Accumulibacter	Propionivibrio	0.886	2	2
Candidatus Accumulibacter	Pseudoflavonifractor	0.771	2	2
Candidatus Accumulibacter	Quisquiliibacterium	0.829	2	2
Candidatus Accumulibacter	Rhodoferax	0.829	2	2
Candidatus Accumulibacter	Roseisolibacter	0.771	2	2
Candidatus Accumulibacter	Rubellimicrobium	0.771	2	2
Candidatus Accumulibacter	Sandaracinobacteroides	0.771	2	2
Candidatus Accumulibacter	Sphingomonas	1	2	2
Candidatus Accumulibacter	Sphingopyxis	0.943	2	2
Candidatus Accumulibacter	Steroidobacter	0.771	2	2
Candidatus Accumulibacter	Tabrizicola	0.771	2	2
Candidatus Accumulibacter	Thermoclostridium	1	2	2
Candidatus Accumulibacter	Vampirovibrio	0.829	2	2
Candidatus Accumulibacter	Xylanivirga	0.943	2	2
Candidatus Accumulibacter	Zongyangia	0.829	2	2
Candidatus Babela	Ramlibacter	0.714	3	3
Candidatus Borkfalkia	Candidatus Saccharimonas	0.829	4	4
Candidatus Borkfalkia	Candidatus Soleaferrea	0.943	4	4
Candidatus Borkfalkia	Defluviicoccus	0.829	4	4
Candidatus Borkfalkia	Dehalobacter	0.829	4	4
Candidatus Borkfalkia	Desulforamulus	0.771	4	4
Candidatus Borkfalkia	Dysgonomonas	0.829	4	4
Candidatus Borkfalkia	Faecousia	0.829	4	4
Candidatus Borkfalkia	Ferruginibacter	0.829	4	4
Candidatus Borkfalkia	Fulvivirga	0.771	4	4
Candidatus Borkfalkia	Gracilibacter	0.771	4	4
Candidatus Borkfalkia	Holdemania	0.771	4	4
Candidatus Borkfalkia	Hominenteromicrobium	0.771	4	4
Candidatus Borkfalkia	Hujiaoplasma	1	4	4
Candidatus Borkfalkia	Irregularibacter	1	4	4
Candidatus Borkfalkia	Longilinea	0.943	4	4
Candidatus Borkfalkia	Longimicrobium	0.829	4	4
Candidatus Borkfalkia	Macellibacteroides	0.943	4	4
Candidatus Borkfalkia	Mageeibacillus	1	4	4
Candidatus Borkfalkia	Neglectibacter	1	4	4
Candidatus Borkfalkia	Nitrobacter	0.943	4	4
Candidatus Borkfalkia	Paludibacter	0.771	4	4
Candidatus Borkfalkia	Paludibaculum	0.829	4	4
Candidatus Borkfalkia	Parabacteroides	1	4	4
Candidatus Borkfalkia	Pedosphaera	0.829	4	4
Candidatus Borkfalkia	Pleomorphomonas	1	4	4
Candidatus Borkfalkia	Provencibacterium	0.714	4	4
Candidatus Borkfalkia	Pseudobacteroides	0.771	4	4
Candidatus Borkfalkia	Pseudochryseolinea	0.829	4	4
Candidatus Borkfalkia	Pseudoruminococcus	0.829	4	4
Candidatus Borkfalkia	Pumilibacter	0.943	4	4
Candidatus Borkfalkia	Saccharofermentans	0.943	4	4
Candidatus Borkfalkia	Solibaculum	1	4	4
Candidatus Borkfalkia	Sphingobium	0.943	4	4
Candidatus Borkfalkia	Sporomusa	0.771	4	4
Candidatus Borkfalkia	Vermiculatibacterium	0.771	4	4
Candidatus Borkfalkia	Vescimonas	0.943	4	4
Candidatus Borkfalkia	Yanshouia	0.943	4	4
Candidatus Borkfalkia	Youngiibacter	0.771	4	4
Candidatus Chromulinivorax	Dermatobacter	0.886	3	3
Candidatus Chromulinivorax	Kiloniella	1	3	3
Candidatus Chromulinivorax	Microcella	1	3	3
Candidatus Chromulinivorax	Propionicimonas	0.829	3	3
Candidatus Chromulinivorax	Sabulicella	0.771	3	3
Candidatus Galacturonatibacter	Caproicibacter	0.943	2	2
Candidatus Galacturonatibacter	Caproiciproducens	1	2	2
Candidatus Galacturonatibacter	Clostridium	0.886	2	2
Candidatus Galacturonatibacter	Cytophaga	0.886	2	2
Candidatus Galacturonatibacter	Derxia	0.771	2	2
Candidatus Galacturonatibacter	Desulfitobacterium	1	2	2
Candidatus Galacturonatibacter	Desulfosporosinus	0.943	2	2
Candidatus Galacturonatibacter	Desulfovectis	0.771	2	2
Candidatus Galacturonatibacter	Erythrobacter	0.714	2	2
Candidatus Galacturonatibacter	Ethanoligenens	0.771	2	2
Candidatus Galacturonatibacter	Faecalispora	0.714	2	2
Candidatus Galacturonatibacter	Fervidicella	0.943	2	2
Candidatus Galacturonatibacter	Fimbriimonas	0.886	2	2
Candidatus Galacturonatibacter	Fonticella	0.943	2	2
Candidatus Galacturonatibacter	Hephaestia	0.943	2	2
Candidatus Galacturonatibacter	Herbinix	0.886	2	2
Candidatus Galacturonatibacter	Hydrogenoanaerobacterium	0.886	2	2
Candidatus Galacturonatibacter	Ilyobacter	0.829	2	2
Candidatus Galacturonatibacter	Kaistia	1	2	2
Candidatus Galacturonatibacter	Lautropia	0.829	2	2
Candidatus Galacturonatibacter	Lawsonibacter	0.771	2	2
Candidatus Galacturonatibacter	Legionella	0.943	2	2
Candidatus Galacturonatibacter	Lysobacter	0.771	2	2
Candidatus Galacturonatibacter	Marasmitruncus	0.829	2	2
Candidatus Galacturonatibacter	Merdimmobilis	0.943	2	2
Candidatus Galacturonatibacter	Methylophilus	0.886	2	2
Candidatus Galacturonatibacter	Mobilitalea	0.943	2	2
Candidatus Galacturonatibacter	Muriventricola	0.771	2	2
Candidatus Galacturonatibacter	Opitutus	0.943	2	2
Candidatus Galacturonatibacter	Oxobacter	0.714	2	2
Candidatus Galacturonatibacter	Paeniroseomonas	0.771	2	2
Candidatus Galacturonatibacter	Paludihabitans	0.943	2	2
Candidatus Galacturonatibacter	Paragemmobacter	0.886	2	2
Candidatus Galacturonatibacter	Parerythrobacter	0.714	2	2
Candidatus Galacturonatibacter	Pelosinus	1	2	2
Candidatus Galacturonatibacter	Piscinibacter	0.943	2	2
Candidatus Galacturonatibacter	Propionispora	0.943	2	2
Candidatus Galacturonatibacter	Propionivibrio	0.714	2	2
Candidatus Galacturonatibacter	Pseudoflavonifractor	0.943	2	2
Candidatus Galacturonatibacter	Psychrosinus	0.771	2	2
Candidatus Galacturonatibacter	Rhodoferax	1	2	2
Candidatus Galacturonatibacter	Rubrivirga	0.771	2	2
Candidatus Galacturonatibacter	Sphingomonas	0.829	2	2
Candidatus Galacturonatibacter	Sphingopyxis	0.771	2	2
Candidatus Galacturonatibacter	Steroidobacter	0.771	2	2
Candidatus Galacturonatibacter	Thermoclostridium	0.829	2	2
Candidatus Galacturonatibacter	Vampirovibrio	1	2	2
Candidatus Galacturonatibacter	Xylanivirga	0.943	2	2
Candidatus Galacturonatibacter	Zongyangia	0.829	2	2
Candidatus Saccharimonas	Candidatus Soleaferrea	0.943	4	4
Candidatus Saccharimonas	Defluviicoccus	1	4	4
Candidatus Saccharimonas	Desulforamulus	0.943	4	4
Candidatus Saccharimonas	Dysgonomonas	0.829	4	4
Candidatus Saccharimonas	Erysipelothrix	0.771	4	4
Candidatus Saccharimonas	Faecousia	1	4	4
Candidatus Saccharimonas	Ferruginibacter	0.829	4	4
Candidatus Saccharimonas	Fulvivirga	0.943	4	4
Candidatus Saccharimonas	Gracilibacter	0.943	4	4
Candidatus Saccharimonas	Holdemania	0.943	4	4
Candidatus Saccharimonas	Hominenteromicrobium	0.943	4	4
Candidatus Saccharimonas	Hujiaoplasma	0.829	4	4
Candidatus Saccharimonas	Irregularibacter	0.829	4	4
Candidatus Saccharimonas	Lentimicrobium	0.829	4	4
Candidatus Saccharimonas	Longilinea	0.943	4	4
Candidatus Saccharimonas	Longimicrobium	0.829	4	4
Candidatus Saccharimonas	Luoshenia	0.829	4	4
Candidatus Saccharimonas	Lutispora	0.771	4	4
Candidatus Saccharimonas	Macellibacteroides	0.771	4	4
Candidatus Saccharimonas	Mageeibacillus	0.829	4	4
Candidatus Saccharimonas	Neglectibacter	0.829	4	4
Candidatus Saccharimonas	Nitrobacter	0.943	4	4
Candidatus Saccharimonas	Paludibacter	0.943	4	4
Candidatus Saccharimonas	Paludibaculum	1	4	4
Candidatus Saccharimonas	Papillibacter	0.771	4	4
Candidatus Saccharimonas	Parabacteroides	0.829	4	4
Candidatus Saccharimonas	Pedosphaera	1	4	4
Candidatus Saccharimonas	Pleomorphomonas	0.829	4	4
Candidatus Saccharimonas	Pseudobacteroides	0.943	4	4
Candidatus Saccharimonas	Pseudochryseolinea	1	4	4
Candidatus Saccharimonas	Pseudoruminococcus	1	4	4
Candidatus Saccharimonas	Pumilibacter	0.771	4	4
Candidatus Saccharimonas	Ruminiclostridium	0.829	4	4
Candidatus Saccharimonas	Saccharofermentans	0.943	4	4
Candidatus Saccharimonas	Sedimentibacter	0.714	4	4
Candidatus Saccharimonas	Solibaculum	0.829	4	4
Candidatus Saccharimonas	Sphingobium	0.943	4	4
Candidatus Saccharimonas	Sporomusa	0.943	4	4
Candidatus Saccharimonas	Vermiculatibacterium	0.943	4	4
Candidatus Saccharimonas	Vescimonas	0.943	4	4
Candidatus Saccharimonas	Yanshouia	0.771	4	4
Candidatus Saccharimonas	Youngiibacter	0.771	4	4
Candidatus Soleaferrea	Defluviicoccus	0.943	4	4
Candidatus Soleaferrea	Dehalobacter	0.771	4	4
Candidatus Soleaferrea	Desulforamulus	0.829	4	4
Candidatus Soleaferrea	Dysgonomonas	0.771	4	4
Candidatus Soleaferrea	Faecousia	0.943	4	4
Candidatus Soleaferrea	Ferruginibacter	0.771	4	4
Candidatus Soleaferrea	Fulvivirga	0.829	4	4
Candidatus Soleaferrea	Gracilibacter	0.829	4	4
Candidatus Soleaferrea	Holdemania	0.829	4	4
Candidatus Soleaferrea	Hominenteromicrobium	0.829	4	4
Candidatus Soleaferrea	Hujiaoplasma	0.943	4	4
Candidatus Soleaferrea	Irregularibacter	0.943	4	4
Candidatus Soleaferrea	Lentimicrobium	0.771	4	4
Candidatus Soleaferrea	Longilinea	1	4	4
Candidatus Soleaferrea	Longimicrobium	0.771	4	4
Candidatus Soleaferrea	Luoshenia	0.771	4	4
Candidatus Soleaferrea	Macellibacteroides	0.886	4	4
Candidatus Soleaferrea	Mageeibacillus	0.943	4	4
Candidatus Soleaferrea	Neglectibacter	0.943	4	4
Candidatus Soleaferrea	Nitrobacter	1	4	4
Candidatus Soleaferrea	Paludibacter	0.886	4	4
Candidatus Soleaferrea	Paludibaculum	0.943	4	4
Candidatus Soleaferrea	Parabacteroides	0.943	4	4
Candidatus Soleaferrea	Pedosphaera	0.943	4	4
Candidatus Soleaferrea	Pleomorphomonas	0.943	4	4
Candidatus Soleaferrea	Pseudobacteroides	0.829	4	4
Candidatus Soleaferrea	Pseudochryseolinea	0.943	4	4
Candidatus Soleaferrea	Pseudoruminococcus	0.943	4	4
Candidatus Soleaferrea	Pumilibacter	0.886	4	4
Candidatus Soleaferrea	Saccharofermentans	1	4	4
Candidatus Soleaferrea	Solibaculum	0.943	4	4
Candidatus Soleaferrea	Sphingobium	1	4	4
Candidatus Soleaferrea	Sporomusa	0.829	4	4
Candidatus Soleaferrea	Vermiculatibacterium	0.829	4	4
Candidatus Soleaferrea	Vescimonas	1	4	4
Candidatus Soleaferrea	Yanshouia	0.829	4	4
Candidatus Soleaferrea	Youngiibacter	0.829	4	4
Caproicibacter	Caproiciproducens	0.943	2	2
Caproicibacter	Clostridium	0.943	2	2
Caproicibacter	Cytophaga	0.943	2	2
Caproicibacter	Derxia	0.829	2	2
Caproicibacter	Desulfitobacterium	0.943	2	2
Caproicibacter	Desulfosporosinus	0.829	2	2
Caproicibacter	Devosia	0.771	2	2
Caproicibacter	Erythrobacter	0.771	2	2
Caproicibacter	Faecalispora	0.771	2	2
Caproicibacter	Fervidicella	0.886	2	2
Caproicibacter	Fimbriimonas	0.771	2	2
Caproicibacter	Fonticella	0.886	2	2
Caproicibacter	Geofilum	0.771	2	2
Caproicibacter	Hephaestia	0.829	2	2
Caproicibacter	Herbinix	0.771	2	2
Caproicibacter	Hydrogenoanaerobacterium	0.771	2	2
Caproicibacter	Ilyobacter	0.771	2	2
Caproicibacter	Kaistia	0.943	2	2
Caproicibacter	Lautropia	0.771	2	2
Caproicibacter	Lawsonibacter	0.714	2	2
Caproicibacter	Legionella	0.886	2	2
Caproicibacter	Marasmitruncus	0.771	2	2
Caproicibacter	Merdimmobilis	0.886	2	2
Caproicibacter	Methylophilus	0.771	2	2
Caproicibacter	Mobilitalea	0.829	2	2
Caproicibacter	Muriventricola	0.829	2	2
Caproicibacter	Opitutus	0.886	2	2
Caproicibacter	Oxobacter	0.771	2	2
Caproicibacter	Paludihabitans	0.886	2	2
Caproicibacter	Paragemmobacter	0.771	2	2
Caproicibacter	Parerythrobacter	0.771	2	2
Caproicibacter	Pelosinus	0.943	2	2
Caproicibacter	Piscinibacter	0.829	2	2
Caproicibacter	Propionispora	0.886	2	2
Caproicibacter	Propionivibrio	0.771	2	2
Caproicibacter	Pseudoflavonifractor	0.886	2	2
Caproicibacter	Psychrosinus	0.714	2	2
Caproicibacter	Qipengyuania	0.714	2	2
Caproicibacter	Rhodoferax	0.943	2	2
Caproicibacter	Rubrivirga	0.829	2	2
Caproicibacter	Sandarakinorhabdus	0.771	2	2
Caproicibacter	Sphingomonas	0.771	2	2
Caproicibacter	Sphingopyxis	0.714	2	2
Caproicibacter	Sphingorhabdus	0.771	2	2
Caproicibacter	Thermoclostridium	0.771	2	2
Caproicibacter	Vampirovibrio	0.943	2	2
Caproicibacter	Xylanivirga	0.829	2	2
Caproicibacter	Zongyangia	0.943	2	2
Caproiciproducens	Clostridium	0.886	2	2
Caproiciproducens	Cytophaga	0.886	2	2
Caproiciproducens	Derxia	0.771	2	2
Caproiciproducens	Desulfitobacterium	1	2	2
Caproiciproducens	Desulfosporosinus	0.943	2	2
Caproiciproducens	Desulfovectis	0.771	2	2
Caproiciproducens	Erythrobacter	0.714	2	2
Caproiciproducens	Ethanoligenens	0.771	2	2
Caproiciproducens	Faecalispora	0.714	2	2
Caproiciproducens	Fervidicella	0.943	2	2
Caproiciproducens	Fimbriimonas	0.886	2	2
Caproiciproducens	Fonticella	0.943	2	2
Caproiciproducens	Hephaestia	0.943	2	2
Caproiciproducens	Herbinix	0.886	2	2
Caproiciproducens	Hydrogenoanaerobacterium	0.886	2	2
Caproiciproducens	Ilyobacter	0.829	2	2
Caproiciproducens	Kaistia	1	2	2
Caproiciproducens	Lautropia	0.829	2	2
Caproiciproducens	Lawsonibacter	0.771	2	2
Caproiciproducens	Legionella	0.943	2	2
Caproiciproducens	Lysobacter	0.771	2	2
Caproiciproducens	Marasmitruncus	0.829	2	2
Caproiciproducens	Merdimmobilis	0.943	2	2
Caproiciproducens	Methylophilus	0.886	2	2
Caproiciproducens	Mobilitalea	0.943	2	2
Caproiciproducens	Muriventricola	0.771	2	2
Caproiciproducens	Opitutus	0.943	2	2
Caproiciproducens	Oxobacter	0.714	2	2
Caproiciproducens	Paeniroseomonas	0.771	2	2
Caproiciproducens	Paludihabitans	0.943	2	2
Caproiciproducens	Paragemmobacter	0.886	2	2
Caproiciproducens	Parerythrobacter	0.714	2	2
Caproiciproducens	Pelosinus	1	2	2
Caproiciproducens	Piscinibacter	0.943	2	2
Caproiciproducens	Propionispora	0.943	2	2
Caproiciproducens	Propionivibrio	0.714	2	2
Caproiciproducens	Pseudoflavonifractor	0.943	2	2
Caproiciproducens	Psychrosinus	0.771	2	2
Caproiciproducens	Rhodoferax	1	2	2
Caproiciproducens	Rubrivirga	0.771	2	2
Caproiciproducens	Sphingomonas	0.829	2	2
Caproiciproducens	Sphingopyxis	0.771	2	2
Caproiciproducens	Steroidobacter	0.771	2	2
Caproiciproducens	Thermoclostridium	0.829	2	2
Caproiciproducens	Vampirovibrio	1	2	2
Caproiciproducens	Xylanivirga	0.943	2	2
Caproiciproducens	Zongyangia	0.829	2	2
Christensenella	Oscillibacter	0.771	6	6
Christensenella	Proteiniclasticum	1	6	6
Christensenella	Ruminiclostridium	0.714	6	4
Christensenella	Sporobacter	0.886	6	6
Clostridium	Cytophaga	0.829	2	2
Clostridium	Derxia	0.943	2	2
Clostridium	Desulfitobacterium	0.886	2	2
Clostridium	Desulfosporosinus	0.771	2	2
Clostridium	Desulfovectis	0.771	2	2
Clostridium	Devosia	0.886	2	2
Clostridium	Erythrobacter	0.829	2	2
Clostridium	Faecalispora	0.829	2	2
Clostridium	Fervidicella	0.771	2	2
Clostridium	Fonticella	0.771	2	2
Clostridium	Gemmobacter	0.771	2	2
Clostridium	Geofilum	0.886	2	2
Clostridium	Hephaestia	0.771	2	2
Clostridium	Hydrogenoanaerobacterium	0.829	2	2
Clostridium	Ilyobacter	0.714	2	2
Clostridium	Kaistia	0.886	2	2
Clostridium	Lautropia	0.714	2	2
Clostridium	Legionella	0.771	2	2
Clostridium	Marasmitruncus	0.714	2	2
Clostridium	Merdimmobilis	0.771	2	2
Clostridium	Mobilitalea	0.771	2	2
Clostridium	Muriventricola	0.943	2	2
Clostridium	Novosphingobium	0.771	2	2
Clostridium	Opitutus	0.943	2	2
Clostridium	Paeniroseomonas	0.771	2	2
Clostridium	Paludihabitans	0.771	2	2
Clostridium	Parerythrobacter	0.829	2	2
Clostridium	Pelosinus	0.886	2	2
Clostridium	Piscinibacter	0.771	2	2
Clostridium	Propionispora	0.771	2	2
Clostridium	Pseudoflavonifractor	0.771	2	2
Clostridium	Psychrosinus	0.771	2	2
Clostridium	Qipengyuania	0.771	2	2
Clostridium	Quisquiliibacterium	0.714	2	2
Clostridium	Rhodoferax	0.886	2	2
Clostridium	Rubellimicrobium	0.771	2	2
Clostridium	Rubrivirga	0.943	2	2
Clostridium	Sandarakinorhabdus	0.886	2	2
Clostridium	Sphingomonas	0.714	2	2
Clostridium	Sphingopyxis	0.771	2	2
Clostridium	Sphingorhabdus	0.886	2	2
Clostridium	Steroidobacter	0.771	2	2
Clostridium	Thermoclostridium	0.714	2	2
Clostridium	Vampirovibrio	0.886	2	2
Clostridium	Xylanivirga	0.771	2	2
Clostridium	Zongyangia	0.886	2	2
Colidextribacter	Dysosmobacter	0.943	3	3
Colidextribacter	Stagnihabitans	0.943	3	3
Cytophaga	Derxia	0.771	2	2
Cytophaga	Desulfitobacterium	0.886	2	2
Cytophaga	Desulfosporosinus	0.771	2	2
Cytophaga	Devosia	0.714	2	2
Cytophaga	Erythrobacter	0.829	2	2
Cytophaga	Ethanoligenens	0.771	2	2
Cytophaga	Falsiroseomonas	0.771	2	2
Cytophaga	Fervidicella	0.943	2	2
Cytophaga	Fimbriimonas	0.829	2	2
Cytophaga	Fonticella	0.943	2	2
Cytophaga	Geofilum	0.714	2	2
Cytophaga	Hephaestia	0.771	2	2
Cytophaga	Herbinix	0.829	2	2
Cytophaga	Hydrogenophaga	0.771	2	2
Cytophaga	Ilyobacter	0.714	2	2
Cytophaga	Intestinimonas	0.714	2	2
Cytophaga	Kaistia	0.886	2	2
Cytophaga	Lautropia	0.886	2	2
Cytophaga	Lawsonibacter	0.771	2	2
Cytophaga	Legionella	0.943	2	2
Cytophaga	Luteitalea	0.771	2	2
Cytophaga	Lysobacter	0.771	2	2
Cytophaga	Marasmitruncus	0.714	2	2
Cytophaga	Merdimmobilis	0.943	2	2
Cytophaga	Methylophilus	0.829	2	2
Cytophaga	Mobilitalea	0.771	2	2
Cytophaga	Muriventricola	0.771	2	2
Cytophaga	Opitutus	0.771	2	2
Cytophaga	Oxobacter	0.829	2	2
Cytophaga	Paludihabitans	0.943	2	2
Cytophaga	Paragemmobacter	0.829	2	2
Cytophaga	Pelosinus	0.886	2	2
Cytophaga	Piscinibacter	0.771	2	2
Cytophaga	Propionispora	0.943	2	2
Cytophaga	Propionivibrio	0.829	2	2
Cytophaga	Pseudoflavonifractor	0.943	2	2
Cytophaga	Psychrosinus	0.771	2	2
Cytophaga	Qipengyuania	0.771	2	2
Cytophaga	Rhodoferax	0.886	2	2
Cytophaga	Rubrivirga	0.771	2	2
Cytophaga	Sandarakinorhabdus	0.714	2	2
Cytophaga	Sphingomonas	0.714	2	2
Cytophaga	Sphingorhabdus	0.714	2	2
Cytophaga	Thermoclostridium	0.714	2	2
Cytophaga	Vampirovibrio	0.886	2	2
Cytophaga	Xylanivirga	0.771	2	2
Cytophaga	Zongyangia	0.886	2	2
Defluviicoccus	Desulforamulus	0.943	4	4
Defluviicoccus	Dysgonomonas	0.829	4	4
Defluviicoccus	Erysipelothrix	0.771	4	4
Defluviicoccus	Faecousia	1	4	4
Defluviicoccus	Ferruginibacter	0.829	4	4
Defluviicoccus	Fulvivirga	0.943	4	4
Defluviicoccus	Gracilibacter	0.943	4	4
Defluviicoccus	Holdemania	0.943	4	4
Defluviicoccus	Hominenteromicrobium	0.943	4	4
Defluviicoccus	Hujiaoplasma	0.829	4	4
Defluviicoccus	Irregularibacter	0.829	4	4
Defluviicoccus	Lentimicrobium	0.829	4	4
Defluviicoccus	Longilinea	0.943	4	4
Defluviicoccus	Longimicrobium	0.829	4	4
Defluviicoccus	Luoshenia	0.829	4	4
Defluviicoccus	Lutispora	0.771	4	4
Defluviicoccus	Macellibacteroides	0.771	4	4
Defluviicoccus	Mageeibacillus	0.829	4	4
Defluviicoccus	Neglectibacter	0.829	4	4
Defluviicoccus	Nitrobacter	0.943	4	4
Defluviicoccus	Paludibacter	0.943	4	4
Defluviicoccus	Paludibaculum	1	4	4
Defluviicoccus	Papillibacter	0.771	4	4
Defluviicoccus	Parabacteroides	0.829	4	4
Defluviicoccus	Pedosphaera	1	4	4
Defluviicoccus	Pleomorphomonas	0.829	4	4
Defluviicoccus	Pseudobacteroides	0.943	4	4
Defluviicoccus	Pseudochryseolinea	1	4	4
Defluviicoccus	Pseudoruminococcus	1	4	4
Defluviicoccus	Pumilibacter	0.771	4	4
Defluviicoccus	Ruminiclostridium	0.829	4	4
Defluviicoccus	Saccharofermentans	0.943	4	4
Defluviicoccus	Sedimentibacter	0.714	4	4
Defluviicoccus	Solibaculum	0.829	4	4
Defluviicoccus	Sphingobium	0.943	4	4
Defluviicoccus	Sporomusa	0.943	4	4
Defluviicoccus	Vermiculatibacterium	0.943	4	4
Defluviicoccus	Vescimonas	0.943	4	4
Defluviicoccus	Yanshouia	0.771	4	4
Defluviicoccus	Youngiibacter	0.771	4	4
Dehalobacter	Hujiaoplasma	0.829	4	4
Dehalobacter	Irregularibacter	0.829	4	4
Dehalobacter	Lentimicrobium	0.829	4	4
Dehalobacter	Longilinea	0.771	4	4
Dehalobacter	Luoshenia	0.829	4	4
Dehalobacter	Lutispora	0.771	4	4
Dehalobacter	Macellibacteroides	0.771	4	4
Dehalobacter	Mageeibacillus	0.829	4	4
Dehalobacter	Neglectibacter	0.829	4	4
Dehalobacter	Nitrobacter	0.771	4	4
Dehalobacter	Paludibacter	0.771	4	4
Dehalobacter	Parabacteroides	0.829	4	4
Dehalobacter	Pleomorphomonas	0.829	4	4
Dehalobacter	Pumilibacter	0.771	4	4
Dehalobacter	Saccharofermentans	0.771	4	4
Dehalobacter	Sedimentibacter	0.714	4	4
Dehalobacter	Solibaculum	0.829	4	4
Dehalobacter	Sphingobium	0.771	4	4
Dehalobacter	Vescimonas	0.771	4	4
Dehalobacter	Yanshouia	0.771	4	4
Dehalobacter	Youngiibacter	0.943	4	4
Dermatobacter	Hyphomicrobium	0.771	3	3
Dermatobacter	Kiloniella	0.886	3	3
Dermatobacter	Microcella	0.886	3	3
Dermatobacter	Propionicimonas	0.829	3	3
Dermatobacter	Roseococcus	0.771	3	2
Dermatobacter	Sabulicella	0.943	3	3
Derxia	Desulfitobacterium	0.771	2	2
Derxia	Desulfovectis	0.829	2	2
Derxia	Devosia	0.943	2	2
Derxia	Erythrobacter	0.943	2	2
Derxia	Faecalispora	0.771	2	2
Derxia	Fervidicella	0.714	2	2
Derxia	Flintibacter	0.714	2	2
Derxia	Fonticella	0.714	2	2
Derxia	Gemmatimonas	0.714	2	2
Derxia	Gemmobacter	0.829	2	2
Derxia	Geofilum	0.943	2	2
Derxia	Hydrogenoanaerobacterium	0.771	2	2
Derxia	Kaistia	0.771	2	2
Derxia	Lautropia	0.771	2	2
Derxia	Legionella	0.714	2	2
Derxia	Merdimmobilis	0.714	2	2
Derxia	Muriventricola	1	2	2
Derxia	Novosphingobium	0.829	2	2
Derxia	Opitutus	0.886	2	2
Derxia	Paeniroseomonas	0.829	2	2
Derxia	Paludihabitans	0.714	2	2
Derxia	Parerythrobacter	0.771	2	2
Derxia	Pelosinus	0.771	2	2
Derxia	Propionispora	0.714	2	2
Derxia	Pseudoflavonifractor	0.714	2	2
Derxia	Psychrosinus	0.886	2	2
Derxia	Qipengyuania	0.886	2	2
Derxia	Quisquiliibacterium	0.771	2	2
Derxia	Rhodoferax	0.771	2	2
Derxia	Roseisolibacter	0.714	2	2
Derxia	Roseococcus	0.771	2	2
Derxia	Rubellimicrobium	0.829	2	2
Derxia	Rubrivirga	1	2	2
Derxia	Sandaracinobacteroides	0.714	2	2
Derxia	Sandarakinorhabdus	0.943	2	2
Derxia	Sphingopyxis	0.714	2	2
Derxia	Sphingorhabdus	0.943	2	2
Derxia	Steroidobacter	0.829	2	2
Derxia	Tabrizicola	0.714	2	2
Derxia	Vampirovibrio	0.771	2	2
Derxia	Zongyangia	0.771	2	2
Desulfitobacterium	Desulfosporosinus	0.943	2	2
Desulfitobacterium	Desulfovectis	0.771	2	2
Desulfitobacterium	Erythrobacter	0.714	2	2
Desulfitobacterium	Ethanoligenens	0.771	2	2
Desulfitobacterium	Faecalispora	0.714	2	2
Desulfitobacterium	Fervidicella	0.943	2	2
Desulfitobacterium	Fimbriimonas	0.886	2	2
Desulfitobacterium	Fonticella	0.943	2	2
Desulfitobacterium	Hephaestia	0.943	2	2
Desulfitobacterium	Herbinix	0.886	2	2
Desulfitobacterium	Hydrogenoanaerobacterium	0.886	2	2
Desulfitobacterium	Ilyobacter	0.829	2	2
Desulfitobacterium	Kaistia	1	2	2
Desulfitobacterium	Lautropia	0.829	2	2
Desulfitobacterium	Lawsonibacter	0.771	2	2
Desulfitobacterium	Legionella	0.943	2	2
Desulfitobacterium	Lysobacter	0.771	2	2
Desulfitobacterium	Marasmitruncus	0.829	2	2
Desulfitobacterium	Merdimmobilis	0.943	2	2
Desulfitobacterium	Methylophilus	0.886	2	2
Desulfitobacterium	Mobilitalea	0.943	2	2
Desulfitobacterium	Muriventricola	0.771	2	2
Desulfitobacterium	Opitutus	0.943	2	2
Desulfitobacterium	Oxobacter	0.714	2	2
Desulfitobacterium	Paeniroseomonas	0.771	2	2
Desulfitobacterium	Paludihabitans	0.943	2	2
Desulfitobacterium	Paragemmobacter	0.886	2	2
Desulfitobacterium	Parerythrobacter	0.714	2	2
Desulfitobacterium	Pelosinus	1	2	2
Desulfitobacterium	Piscinibacter	0.943	2	2
Desulfitobacterium	Propionispora	0.943	2	2
Desulfitobacterium	Propionivibrio	0.714	2	2
Desulfitobacterium	Pseudoflavonifractor	0.943	2	2
Desulfitobacterium	Psychrosinus	0.771	2	2
Desulfitobacterium	Rhodoferax	1	2	2
Desulfitobacterium	Rubrivirga	0.771	2	2
Desulfitobacterium	Sphingomonas	0.829	2	2
Desulfitobacterium	Sphingopyxis	0.771	2	2
Desulfitobacterium	Steroidobacter	0.771	2	2
Desulfitobacterium	Thermoclostridium	0.829	2	2
Desulfitobacterium	Vampirovibrio	1	2	2
Desulfitobacterium	Xylanivirga	0.943	2	2
Desulfitobacterium	Zongyangia	0.829	2	2
Desulforamulus	Dysgonomonas	0.943	4	4
Desulforamulus	Erysipelothrix	0.829	4	4
Desulforamulus	Faecousia	0.943	4	4
Desulforamulus	Ferruginibacter	0.943	4	4
Desulforamulus	Fulvivirga	1	4	4
Desulforamulus	Gracilibacter	1	4	4
Desulforamulus	Holdemania	1	4	4
Desulforamulus	Hominenteromicrobium	1	4	4
Desulforamulus	Hujiaoplasma	0.771	4	4
Desulforamulus	Irregularibacter	0.771	4	4
Desulforamulus	Lentimicrobium	0.771	4	4
Desulforamulus	Longilinea	0.829	4	4
Desulforamulus	Longimicrobium	0.943	4	4
Desulforamulus	Luoshenia	0.771	4	4
Desulforamulus	Lutispora	0.829	4	4
Desulforamulus	Macellibacteroides	0.714	4	4
Desulforamulus	Mageeibacillus	0.771	4	4
Desulforamulus	Neglectibacter	0.771	4	4
Desulforamulus	Nitrobacter	0.829	4	4
Desulforamulus	Paludibacter	0.886	4	4
Desulforamulus	Paludibaculum	0.943	4	4
Desulforamulus	Papillibacter	0.829	4	4
Desulforamulus	Parabacteroides	0.771	4	4
Desulforamulus	Pedosphaera	0.943	4	4
Desulforamulus	Pleomorphomonas	0.771	4	4
Desulforamulus	Pseudobacteroides	1	4	4
Desulforamulus	Pseudochryseolinea	0.943	4	4
Desulforamulus	Pseudoruminococcus	0.943	4	4
Desulforamulus	Pumilibacter	0.714	4	4
Desulforamulus	Ruminiclostridium	0.943	4	4
Desulforamulus	Saccharofermentans	0.829	4	4
Desulforamulus	Sedimentibacter	0.771	4	4
Desulforamulus	Solibaculum	0.771	4	4
Desulforamulus	Sphingobium	0.829	4	4
Desulforamulus	Sporomusa	1	4	4
Desulforamulus	Vermiculatibacterium	1	4	4
Desulforamulus	Vescimonas	0.829	4	4
Desulforamulus	Yanshouia	0.829	4	4
Desulfosporosinus	Desulfovectis	0.829	2	2
Desulfosporosinus	Ethanoligenens	0.829	2	2
Desulfosporosinus	Faecalispora	0.771	2	2
Desulfosporosinus	Fervidicella	0.886	2	2
Desulfosporosinus	Fimbriimonas	0.943	2	2
Desulfosporosinus	Flintibacter	0.714	2	2
Desulfosporosinus	Fonticella	0.886	2	2
Desulfosporosinus	Gemmatimonas	0.714	2	2
Desulfosporosinus	Hephaestia	1	2	2
Desulfosporosinus	Herbinix	0.943	2	2
Desulfosporosinus	Hydrogenoanaerobacterium	0.943	2	2
Desulfosporosinus	Ilyobacter	0.943	2	2
Desulfosporosinus	Kaistia	0.943	2	2
Desulfosporosinus	Lautropia	0.771	2	2
Desulfosporosinus	Lawsonibacter	0.886	2	2
Desulfosporosinus	Legionella	0.886	2	2
Desulfosporosinus	Lysobacter	0.829	2	2
Desulfosporosinus	Marasmitruncus	0.943	2	2
Desulfosporosinus	Merdimmobilis	0.886	2	2
Desulfosporosinus	Methylophilus	0.943	2	2
Desulfosporosinus	Mobilitalea	1	2	2
Desulfosporosinus	Opitutus	0.886	2	2
Desulfosporosinus	Oxobacter	0.771	2	2
Desulfosporosinus	Paeniroseomonas	0.829	2	2
Desulfosporosinus	Paludihabitans	0.886	2	2
Desulfosporosinus	Paragemmobacter	0.943	2	2
Desulfosporosinus	Parerythrobacter	0.771	2	2
Desulfosporosinus	Pelosinus	0.943	2	2
Desulfosporosinus	Piscinibacter	1	2	2
Desulfosporosinus	Propionispora	0.886	2	2
Desulfosporosinus	Propionivibrio	0.771	2	2
Desulfosporosinus	Pseudoflavonifractor	0.886	2	2
Desulfosporosinus	Psychrosinus	0.714	2	2
Desulfosporosinus	Quisquiliibacterium	0.771	2	2
Desulfosporosinus	Rhodoferax	0.943	2	2
Desulfosporosinus	Roseisolibacter	0.714	2	2
Desulfosporosinus	Sandaracinobacteroides	0.714	2	2
Desulfosporosinus	Sphingomonas	0.943	2	2
Desulfosporosinus	Sphingopyxis	0.886	2	2
Desulfosporosinus	Steroidobacter	0.829	2	2
Desulfosporosinus	Tabrizicola	0.714	2	2
Desulfosporosinus	Thermoclostridium	0.943	2	2
Desulfosporosinus	Vampirovibrio	0.943	2	2
Desulfosporosinus	Xylanivirga	1	2	2
Desulfosporosinus	Zongyangia	0.771	2	2
Desulfovectis	Devosia	0.771	2	2
Desulfovectis	Erythrobacter	0.771	2	2
Desulfovectis	Ethanoligenens	0.829	2	2
Desulfovectis	Faecalispora	0.771	2	2
Desulfovectis	Fervidicella	0.714	2	2
Desulfovectis	Fimbriimonas	0.771	2	2
Desulfovectis	Flintibacter	0.886	2	2
Desulfovectis	Fonticella	0.714	2	2
Desulfovectis	Gemmatimonas	0.886	2	2
Desulfovectis	Gemmobacter	0.829	2	2
Desulfovectis	Geofilum	0.771	2	2
Desulfovectis	Hephaestia	0.829	2	2
Desulfovectis	Herbinix	0.771	2	2
Desulfovectis	Hydrogenoanaerobacterium	0.943	2	2
Desulfovectis	Ilyobacter	0.771	2	2
Desulfovectis	Kaistia	0.771	2	2
Desulfovectis	Lautropia	0.771	2	2
Desulfovectis	Lawsonibacter	0.714	2	2
Desulfovectis	Legionella	0.714	2	2
Desulfovectis	Lysobacter	0.829	2	2
Desulfovectis	Marasmitruncus	0.771	2	2
Desulfovectis	Merdimmobilis	0.714	2	2
Desulfovectis	Methylophilus	0.771	2	2
Desulfovectis	Mobilitalea	0.829	2	2
Desulfovectis	Muriventricola	0.829	2	2
Desulfovectis	Novosphingobium	0.829	2	2
Desulfovectis	Opitutus	0.886	2	2
Desulfovectis	Paeniroseomonas	1	2	2
Desulfovectis	Paludihabitans	0.714	2	2
Desulfovectis	Paragemmobacter	0.771	2	2
Desulfovectis	Parerythrobacter	0.771	2	2
Desulfovectis	Pelosinus	0.771	2	2
Desulfovectis	Piscinibacter	0.829	2	2
Desulfovectis	Propionispora	0.714	2	2
Desulfovectis	Pseudoflavonifractor	0.714	2	2
Desulfovectis	Psychrosinus	0.886	2	2
Desulfovectis	Qipengyuania	0.714	2	2
Desulfovectis	Quisquiliibacterium	0.943	2	2
Desulfovectis	Rhodoferax	0.771	2	2
Desulfovectis	Roseisolibacter	0.886	2	2
Desulfovectis	Rubellimicrobium	0.829	2	2
Desulfovectis	Rubrivirga	0.829	2	2
Desulfovectis	Sandaracinobacteroides	0.886	2	2
Desulfovectis	Sandarakinorhabdus	0.771	2	2
Desulfovectis	Sphingomonas	0.771	2	2
Desulfovectis	Sphingopyxis	0.886	2	2
Desulfovectis	Sphingorhabdus	0.771	2	2
Desulfovectis	Steroidobacter	1	2	2
Desulfovectis	Tabrizicola	0.886	2	2
Desulfovectis	Thermoclostridium	0.771	2	2
Desulfovectis	Vampirovibrio	0.771	2	2
Desulfovectis	Xylanivirga	0.829	2	2
Devosia	Erythrobacter	0.886	2	2
Devosia	Faecalispora	0.886	2	2
Devosia	Falsiroseomonas	0.771	2	2
Devosia	Flintibacter	0.771	2	2
Devosia	Gemmatimonas	0.771	2	2
Devosia	Gemmobacter	0.943	2	2
Devosia	Geofilum	1	2	2
Devosia	Hydrogenoanaerobacterium	0.714	2	2
Devosia	Hydrogenophaga	0.771	2	2
Devosia	Luteitalea	0.771	2	2
Devosia	Muriventricola	0.943	2	2
Devosia	Novosphingobium	0.943	2	2
Devosia	Opitutus	0.771	2	2
Devosia	Oxobacter	0.714	2	2
Devosia	Paeniroseomonas	0.771	2	2
Devosia	Parerythrobacter	0.886	2	2
Devosia	Propionivibrio	0.714	2	2
Devosia	Psychrosinus	0.771	2	2
Devosia	Qipengyuania	0.943	2	2
Devosia	Quisquiliibacterium	0.829	2	2
Devosia	Roseisolibacter	0.771	2	2
Devosia	Roseococcus	0.886	2	2
Devosia	Rubellimicrobium	0.943	2	2
Devosia	Rubrivirga	0.943	2	2
Devosia	Sandaracinobacteroides	0.771	2	2
Devosia	Sandarakinorhabdus	1	2	2
Devosia	Sphingopyxis	0.771	2	2
Devosia	Sphingorhabdus	1	2	2
Devosia	Steroidobacter	0.771	2	2
Devosia	Tabrizicola	0.771	2	2
Devosia	Zongyangia	0.829	2	2
Dysgonomonas	Erysipelothrix	0.771	4	4
Dysgonomonas	Faecousia	0.829	4	4
Dysgonomonas	Ferruginibacter	1	4	4
Dysgonomonas	Fulvivirga	0.943	4	4
Dysgonomonas	Fusibacter	0.714	4	4
Dysgonomonas	Gracilibacter	0.943	4	4
Dysgonomonas	Holdemania	0.943	4	4
Dysgonomonas	Hominenteromicrobium	0.943	4	4
Dysgonomonas	Hujiaoplasma	0.829	4	4
Dysgonomonas	Irregularibacter	0.829	4	4
Dysgonomonas	Longilinea	0.771	4	4
Dysgonomonas	Longimicrobium	1	4	4
Dysgonomonas	Lutispora	0.771	4	4
Dysgonomonas	Macellibacteroides	0.771	4	4
Dysgonomonas	Mageeibacillus	0.829	4	4
Dysgonomonas	Neglectibacter	0.829	4	4
Dysgonomonas	Nitrobacter	0.771	4	4
Dysgonomonas	Paludibacter	0.771	4	4
Dysgonomonas	Paludibaculum	0.829	4	4
Dysgonomonas	Papillibacter	0.771	4	4
Dysgonomonas	Parabacteroides	0.829	4	4
Dysgonomonas	Pedosphaera	0.829	4	4
Dysgonomonas	Pleomorphomonas	0.829	4	4
Dysgonomonas	Pseudobacteroides	0.943	4	4
Dysgonomonas	Pseudochryseolinea	0.829	4	4
Dysgonomonas	Pseudoruminococcus	0.829	4	4
Dysgonomonas	Pumilibacter	0.771	4	4
Dysgonomonas	Ruminiclostridium	0.886	4	4
Dysgonomonas	Saccharofermentans	0.771	4	4
Dysgonomonas	Sedimentibacter	0.714	4	4
Dysgonomonas	Solibaculum	0.829	4	4
Dysgonomonas	Sphingobium	0.771	4	4
Dysgonomonas	Sporomusa	0.943	4	4
Dysgonomonas	Vermiculatibacterium	0.943	4	4
Dysgonomonas	Vescimonas	0.771	4	4
Dysgonomonas	Yanshouia	0.943	4	4
Dysosmobacter	Stagnihabitans	0.886	3	3
Ercella	Flavobacterium	0.829	1	1
Erysipelothrix	Faecousia	0.771	4	4
Erysipelothrix	Ferruginibacter	0.771	4	4
Erysipelothrix	Fulvivirga	0.829	4	4
Erysipelothrix	Gracilibacter	0.829	4	4
Erysipelothrix	Holdemania	0.829	4	4
Erysipelothrix	Hominenteromicrobium	0.829	4	4
Erysipelothrix	Lentimicrobium	0.771	4	4
Erysipelothrix	Longimicrobium	0.771	4	4
Erysipelothrix	Luoshenia	0.771	4	4
Erysipelothrix	Lutispora	0.829	4	4
Erysipelothrix	Macellibacteroides	0.714	4	4
Erysipelothrix	Paludibacter	0.714	4	4
Erysipelothrix	Paludibaculum	0.771	4	4
Erysipelothrix	Papillibacter	1	4	4
Erysipelothrix	Pedosphaera	0.771	4	4
Erysipelothrix	Pseudobacteroides	0.829	4	4
Erysipelothrix	Pseudochryseolinea	0.771	4	4
Erysipelothrix	Pseudoruminococcus	0.771	4	4
Erysipelothrix	Pumilibacter	0.714	4	4
Erysipelothrix	Sedimentibacter	0.943	4	4
Erysipelothrix	Sporomusa	0.829	4	4
Erysipelothrix	Vermiculatibacterium	0.829	4	4
Erythrobacter	Ethanoligenens	0.771	2	2
Erythrobacter	Falsiroseomonas	0.771	2	2
Erythrobacter	Fervidicella	0.771	2	2
Erythrobacter	Flintibacter	0.771	2	2
Erythrobacter	Fonticella	0.771	2	2
Erythrobacter	Gemmatimonas	0.771	2	2
Erythrobacter	Gemmobacter	0.771	2	2
Erythrobacter	Geofilum	0.886	2	2
Erythrobacter	Hydrogenophaga	0.771	2	2
Erythrobacter	Kaistia	0.714	2	2
Erythrobacter	Lautropia	0.886	2	2
Erythrobacter	Legionella	0.771	2	2
Erythrobacter	Luteitalea	0.771	2	2
Erythrobacter	Lysobacter	0.771	2	2
Erythrobacter	Merdimmobilis	0.771	2	2
Erythrobacter	Muriventricola	0.943	2	2
Erythrobacter	Novosphingobium	0.771	2	2
Erythrobacter	Opitutus	0.771	2	2
Erythrobacter	Paeniroseomonas	0.771	2	2
Erythrobacter	Paludihabitans	0.771	2	2
Erythrobacter	Pelosinus	0.714	2	2
Erythrobacter	Propionispora	0.771	2	2
Erythrobacter	Pseudoflavonifractor	0.771	2	2
Erythrobacter	Psychrosinus	0.943	2	2
Erythrobacter	Qipengyuania	0.943	2	2
Erythrobacter	Quisquiliibacterium	0.714	2	2
Erythrobacter	Rhodoferax	0.714	2	2
Erythrobacter	Roseisolibacter	0.771	2	2
Erythrobacter	Roseococcus	0.829	2	2
Erythrobacter	Rubellimicrobium	0.771	2	2
Erythrobacter	Rubrivirga	0.943	2	2
Erythrobacter	Sandaracinobacteroides	0.771	2	2
Erythrobacter	Sandarakinorhabdus	0.886	2	2
Erythrobacter	Sphingorhabdus	0.886	2	2
Erythrobacter	Steroidobacter	0.771	2	2
Erythrobacter	Tabrizicola	0.771	2	2
Erythrobacter	Vampirovibrio	0.714	2	2
Erythrobacter	Zongyangia	0.714	2	2
Ethanoligenens	Falsiroseomonas	0.829	2	2
Ethanoligenens	Fervidicella	0.886	2	2
Ethanoligenens	Fimbriimonas	0.943	2	2
Ethanoligenens	Flintibacter	0.886	2	2
Ethanoligenens	Fonticella	0.886	2	2
Ethanoligenens	Gemmatimonas	0.886	2	2
Ethanoligenens	Hephaestia	0.829	2	2
Ethanoligenens	Herbinix	0.943	2	2
Ethanoligenens	Hydrogenoanaerobacterium	0.771	2	2
Ethanoligenens	Hydrogenophaga	0.829	2	2
Ethanoligenens	Ilyobacter	0.771	2	2
Ethanoligenens	Kaistia	0.771	2	2
Ethanoligenens	Lautropia	0.943	2	2
Ethanoligenens	Lawsonibacter	0.886	2	2
Ethanoligenens	Legionella	0.886	2	2
Ethanoligenens	Luteitalea	0.829	2	2
Ethanoligenens	Lysobacter	1	2	2
Ethanoligenens	Marasmitruncus	0.771	2	2
Ethanoligenens	Merdimmobilis	0.886	2	2
Ethanoligenens	Methylophilus	0.943	2	2
Ethanoligenens	Mobilitalea	0.829	2	2
Ethanoligenens	Opitutus	0.714	2	2
Ethanoligenens	Oxobacter	0.771	2	2
Ethanoligenens	Paeniroseomonas	0.829	2	2
Ethanoligenens	Paludihabitans	0.886	2	2
Ethanoligenens	Paragemmobacter	0.943	2	2
Ethanoligenens	Pelosinus	0.771	2	2
Ethanoligenens	Piscinibacter	0.829	2	2
Ethanoligenens	Propionispora	0.886	2	2
Ethanoligenens	Propionivibrio	0.771	2	2
Ethanoligenens	Pseudoflavonifractor	0.886	2	2
Ethanoligenens	Psychrosinus	0.886	2	2
Ethanoligenens	Qipengyuania	0.714	2	2
Ethanoligenens	Quisquiliibacterium	0.771	2	2
Ethanoligenens	Rhodoferax	0.771	2	2
Ethanoligenens	Roseisolibacter	0.886	2	2
Ethanoligenens	Sandaracinobacteroides	0.886	2	2
Ethanoligenens	Sphingomonas	0.771	2	2
Ethanoligenens	Sphingopyxis	0.714	2	2
Ethanoligenens	Steroidobacter	0.829	2	2
Ethanoligenens	Tabrizicola	0.886	2	2
Ethanoligenens	Thermoclostridium	0.771	2	2
Ethanoligenens	Vampirovibrio	0.771	2	2
Ethanoligenens	Xylanivirga	0.829	2	2
Faecalispora	Falsiroseomonas	0.771	2	2
Faecalispora	Flintibacter	0.771	2	2
Faecalispora	Gemmatimonas	0.771	2	2
Faecalispora	Gemmobacter	0.943	2	2
Faecalispora	Geofilum	0.886	2	2
Faecalispora	Hephaestia	0.771	2	2
Faecalispora	Hydrogenoanaerobacterium	0.829	2	2
Faecalispora	Hydrogenophaga	0.771	2	2
Faecalispora	Ilyobacter	0.886	2	2
Faecalispora	Kaistia	0.714	2	2
Faecalispora	Lawsonibacter	0.771	2	2
Faecalispora	Luteitalea	0.771	2	2
Faecalispora	Marasmitruncus	0.886	2	2
Faecalispora	Mobilitalea	0.771	2	2
Faecalispora	Muriventricola	0.771	2	2
Faecalispora	Novosphingobium	0.943	2	2
Faecalispora	Opitutus	0.771	2	2
Faecalispora	Oxobacter	0.829	2	2
Faecalispora	Paeniroseomonas	0.771	2	2
Faecalispora	Parerythrobacter	1	2	2
Faecalispora	Pelosinus	0.714	2	2
Faecalispora	Piscinibacter	0.771	2	2
Faecalispora	Propionivibrio	0.829	2	2
Faecalispora	Qipengyuania	0.771	2	2
Faecalispora	Quisquiliibacterium	0.886	2	2
Faecalispora	Rhodoferax	0.714	2	2
Faecalispora	Roseisolibacter	0.771	2	2
Faecalispora	Rubellimicrobium	0.943	2	2
Faecalispora	Rubrivirga	0.771	2	2
Faecalispora	Sandaracinobacteroides	0.771	2	2
Faecalispora	Sandarakinorhabdus	0.886	2	2
Faecalispora	Sphingomonas	0.886	2	2
Faecalispora	Sphingopyxis	0.943	2	2
Faecalispora	Sphingorhabdus	0.886	2	2
Faecalispora	Steroidobacter	0.771	2	2
Faecalispora	Tabrizicola	0.771	2	2
Faecalispora	Thermoclostridium	0.886	2	2
Faecalispora	Vampirovibrio	0.714	2	2
Faecalispora	Xylanivirga	0.771	2	2
Faecalispora	Zongyangia	0.886	2	2
Faecousia	Ferruginibacter	0.829	4	4
Faecousia	Fulvivirga	0.943	4	4
Faecousia	Gracilibacter	0.943	4	4
Faecousia	Holdemania	0.943	4	4
Faecousia	Hominenteromicrobium	0.943	4	4
Faecousia	Hujiaoplasma	0.829	4	4
Faecousia	Irregularibacter	0.829	4	4
Faecousia	Lentimicrobium	0.829	4	4
Faecousia	Longilinea	0.943	4	4
Faecousia	Longimicrobium	0.829	4	4
Faecousia	Luoshenia	0.829	4	4
Faecousia	Lutispora	0.771	4	4
Faecousia	Macellibacteroides	0.771	4	4
Faecousia	Mageeibacillus	0.829	4	4
Faecousia	Neglectibacter	0.829	4	4
Faecousia	Nitrobacter	0.943	4	4
Faecousia	Paludibacter	0.943	4	4
Faecousia	Paludibaculum	1	4	4
Faecousia	Papillibacter	0.771	4	4
Faecousia	Parabacteroides	0.829	4	4
Faecousia	Pedosphaera	1	4	4
Faecousia	Pleomorphomonas	0.829	4	4
Faecousia	Pseudobacteroides	0.943	4	4
Faecousia	Pseudochryseolinea	1	4	4
Faecousia	Pseudoruminococcus	1	4	4
Faecousia	Pumilibacter	0.771	4	4
Faecousia	Ruminiclostridium	0.829	4	4
Faecousia	Saccharofermentans	0.943	4	4
Faecousia	Sedimentibacter	0.714	4	4
Faecousia	Solibaculum	0.829	4	4
Faecousia	Sphingobium	0.943	4	4
Faecousia	Sporomusa	0.943	4	4
Faecousia	Vermiculatibacterium	0.943	4	4
Faecousia	Vescimonas	0.943	4	4
Faecousia	Yanshouia	0.771	4	4
Faecousia	Youngiibacter	0.771	4	4
Falsiroseomonas	Fervidicella	0.714	2	2
Falsiroseomonas	Fimbriimonas	0.771	2	2
Falsiroseomonas	Flintibacter	0.886	2	2
Falsiroseomonas	Fonticella	0.714	2	2
Falsiroseomonas	Gemmatimonas	0.886	2	2
Falsiroseomonas	Gemmobacter	0.829	2	2
Falsiroseomonas	Geofilum	0.771	2	2
Falsiroseomonas	Herbinix	0.771	2	2
Falsiroseomonas	Hydrogenophaga	1	2	2
Falsiroseomonas	Ilyobacter	0.771	2	2
Falsiroseomonas	Intestinimonas	0.714	2	2
Falsiroseomonas	Lautropia	0.771	2	2
Falsiroseomonas	Lawsonibacter	0.886	2	2
Falsiroseomonas	Legionella	0.714	2	2
Falsiroseomonas	Luteitalea	1	2	2
Falsiroseomonas	Lysobacter	0.829	2	2
Falsiroseomonas	Marasmitruncus	0.771	2	2
Falsiroseomonas	Merdimmobilis	0.714	2	2
Falsiroseomonas	Methylophilus	0.771	2	2
Falsiroseomonas	Novosphingobium	0.829	2	2
Falsiroseomonas	Oxobacter	0.943	2	2
Falsiroseomonas	Paludihabitans	0.714	2	2
Falsiroseomonas	Paragemmobacter	0.771	2	2
Falsiroseomonas	Parerythrobacter	0.771	2	2
Falsiroseomonas	Propionispora	0.714	2	2
Falsiroseomonas	Propionivibrio	0.943	2	2
Falsiroseomonas	Pseudoflavonifractor	0.714	2	2
Falsiroseomonas	Psychrosinus	0.714	2	2
Falsiroseomonas	Qipengyuania	0.886	2	2
Falsiroseomonas	Quisquiliibacterium	0.771	2	2
Falsiroseomonas	Roseisolibacter	0.886	2	2
Falsiroseomonas	Roseococcus	0.771	2	2
Falsiroseomonas	Rubellimicrobium	0.829	2	2
Falsiroseomonas	Sandaracinobacteroides	0.886	2	2
Falsiroseomonas	Sandarakinorhabdus	0.771	2	2
Falsiroseomonas	Sphingomonas	0.771	2	2
Falsiroseomonas	Sphingopyxis	0.714	2	2
Falsiroseomonas	Sphingorhabdus	0.771	2	2
Falsiroseomonas	Tabrizicola	0.886	2	2
Falsiroseomonas	Thermoclostridium	0.771	2	2
Falsiroseomonas	Zongyangia	0.771	2	2
Ferruginibacter	Fulvivirga	0.943	4	4
Ferruginibacter	Fusibacter	0.714	4	4
Ferruginibacter	Gracilibacter	0.943	4	4
Ferruginibacter	Holdemania	0.943	4	4
Ferruginibacter	Hominenteromicrobium	0.943	4	4
Ferruginibacter	Hujiaoplasma	0.829	4	4
Ferruginibacter	Irregularibacter	0.829	4	4
Ferruginibacter	Longilinea	0.771	4	4
Ferruginibacter	Longimicrobium	1	4	4
Ferruginibacter	Lutispora	0.771	4	4
Ferruginibacter	Macellibacteroides	0.771	4	4
Ferruginibacter	Mageeibacillus	0.829	4	4
Ferruginibacter	Neglectibacter	0.829	4	4
Ferruginibacter	Nitrobacter	0.771	4	4
Ferruginibacter	Paludibacter	0.771	4	4
Ferruginibacter	Paludibaculum	0.829	4	4
Ferruginibacter	Papillibacter	0.771	4	4
Ferruginibacter	Parabacteroides	0.829	4	4
Ferruginibacter	Pedosphaera	0.829	4	4
Ferruginibacter	Pleomorphomonas	0.829	4	4
Ferruginibacter	Pseudobacteroides	0.943	4	4
Ferruginibacter	Pseudochryseolinea	0.829	4	4
Ferruginibacter	Pseudoruminococcus	0.829	4	4
Ferruginibacter	Pumilibacter	0.771	4	4
Ferruginibacter	Ruminiclostridium	0.886	4	4
Ferruginibacter	Saccharofermentans	0.771	4	4
Ferruginibacter	Sedimentibacter	0.714	4	4
Ferruginibacter	Solibaculum	0.829	4	4
Ferruginibacter	Sphingobium	0.771	4	4
Ferruginibacter	Sporomusa	0.943	4	4
Ferruginibacter	Vermiculatibacterium	0.943	4	4
Ferruginibacter	Vescimonas	0.771	4	4
Ferruginibacter	Yanshouia	0.943	4	4
Fervidicella	Fimbriimonas	0.943	2	2
Fervidicella	Fonticella	1	2	2
Fervidicella	Hephaestia	0.886	2	2
Fervidicella	Herbinix	0.943	2	2
Fervidicella	Hydrogenoanaerobacterium	0.771	2	2
Fervidicella	Hydrogenophaga	0.714	2	2
Fervidicella	Ilyobacter	0.771	2	2
Fervidicella	Kaistia	0.943	2	2
Fervidicella	Lautropia	0.943	2	2
Fervidicella	Lawsonibacter	0.829	2	2
Fervidicella	Legionella	1	2	2
Fervidicella	Luteitalea	0.714	2	2
Fervidicella	Lysobacter	0.886	2	2
Fervidicella	Marasmitruncus	0.771	2	2
Fervidicella	Merdimmobilis	1	2	2
Fervidicella	Methylophilus	0.943	2	2
Fervidicella	Mobilitalea	0.886	2	2
Fervidicella	Muriventricola	0.714	2	2
Fervidicella	Opitutus	0.829	2	2
Fervidicella	Oxobacter	0.771	2	2
Fervidicella	Paeniroseomonas	0.714	2	2
Fervidicella	Paludihabitans	1	2	2
Fervidicella	Paragemmobacter	0.943	2	2
Fervidicella	Pelosinus	0.943	2	2
Fervidicella	Piscinibacter	0.886	2	2
Fervidicella	Propionispora	1	2	2
Fervidicella	Propionivibrio	0.771	2	2
Fervidicella	Pseudoflavonifractor	1	2	2
Fervidicella	Psychrosinus	0.829	2	2
Fervidicella	Rhodoferax	0.943	2	2
Fervidicella	Rubrivirga	0.714	2	2
Fervidicella	Sphingomonas	0.771	2	2
Fervidicella	Steroidobacter	0.714	2	2
Fervidicella	Thermoclostridium	0.771	2	2
Fervidicella	Vampirovibrio	0.943	2	2
Fervidicella	Xylanivirga	0.886	2	2
Fervidicella	Zongyangia	0.771	2	2
Fimbriimonas	Flintibacter	0.771	2	2
Fimbriimonas	Fonticella	0.943	2	2
Fimbriimonas	Gemmatimonas	0.771	2	2
Fimbriimonas	Hephaestia	0.943	2	2
Fimbriimonas	Herbinix	1	2	2
Fimbriimonas	Hydrogenoanaerobacterium	0.829	2	2
Fimbriimonas	Hydrogenophaga	0.771	2	2
Fimbriimonas	Ilyobacter	0.886	2	2
Fimbriimonas	Kaistia	0.886	2	2
Fimbriimonas	Lautropia	0.886	2	2
Fimbriimonas	Lawsonibacter	0.943	2	2
Fimbriimonas	Legionella	0.943	2	2
Fimbriimonas	Luteitalea	0.771	2	2
Fimbriimonas	Lysobacter	0.943	2	2
Fimbriimonas	Marasmitruncus	0.886	2	2
Fimbriimonas	Merdimmobilis	0.943	2	2
Fimbriimonas	Methylophilus	1	2	2
Fimbriimonas	Mobilitalea	0.943	2	2
Fimbriimonas	Opitutus	0.771	2	2
Fimbriimonas	Oxobacter	0.829	2	2
Fimbriimonas	Paeniroseomonas	0.771	2	2
Fimbriimonas	Paludihabitans	0.943	2	2
Fimbriimonas	Paragemmobacter	1	2	2
Fimbriimonas	Pelosinus	0.886	2	2
Fimbriimonas	Piscinibacter	0.943	2	2
Fimbriimonas	Propionispora	0.943	2	2
Fimbriimonas	Propionivibrio	0.829	2	2
Fimbriimonas	Pseudoflavonifractor	0.943	2	2
Fimbriimonas	Psychrosinus	0.771	2	2
Fimbriimonas	Quisquiliibacterium	0.714	2	2
Fimbriimonas	Rhodoferax	0.886	2	2
Fimbriimonas	Roseisolibacter	0.771	2	2
Fimbriimonas	Sandaracinobacteroides	0.771	2	2
Fimbriimonas	Sphingomonas	0.886	2	2
Fimbriimonas	Sphingopyxis	0.771	2	2
Fimbriimonas	Steroidobacter	0.771	2	2
Fimbriimonas	Tabrizicola	0.771	2	2
Fimbriimonas	Thermoclostridium	0.886	2	2
Fimbriimonas	Vampirovibrio	0.886	2	2
Fimbriimonas	Xylanivirga	0.943	2	2
Fimbriimonas	Zongyangia	0.714	2	2
Flintibacter	Gemmatimonas	1	2	2
Flintibacter	Gemmobacter	0.886	2	2
Flintibacter	Geofilum	0.771	2	2
Flintibacter	Hephaestia	0.714	2	2
Flintibacter	Herbinix	0.771	2	2
Flintibacter	Hydrogenoanaerobacterium	0.771	2	2
Flintibacter	Hydrogenophaga	0.886	2	2
Flintibacter	Ilyobacter	0.771	2	2
Flintibacter	Lautropia	0.771	2	2
Flintibacter	Lawsonibacter	0.829	2	2
Flintibacter	Luteitalea	0.886	2	2
Flintibacter	Lysobacter	0.886	2	2
Flintibacter	Marasmitruncus	0.771	2	2
Flintibacter	Methylophilus	0.771	2	2
Flintibacter	Mobilitalea	0.714	2	2
Flintibacter	Muriventricola	0.714	2	2
Flintibacter	Novosphingobium	0.886	2	2
Flintibacter	Oxobacter	0.771	2	2
Flintibacter	Paeniroseomonas	0.886	2	2
Flintibacter	Paragemmobacter	0.771	2	2
Flintibacter	Parerythrobacter	0.771	2	2
Flintibacter	Piscinibacter	0.714	2	2
Flintibacter	Propionivibrio	0.771	2	2
Flintibacter	Psychrosinus	0.829	2	2
Flintibacter	Qipengyuania	0.829	2	2
Flintibacter	Quisquiliibacterium	0.943	2	2
Flintibacter	Roseisolibacter	1	2	2
Flintibacter	Roseococcus	0.714	2	2
Flintibacter	Rubellimicrobium	0.886	2	2
Flintibacter	Rubrivirga	0.714	2	2
Flintibacter	Sandaracinobacteroides	1	2	2
Flintibacter	Sandarakinorhabdus	0.771	2	2
Flintibacter	Sphingomonas	0.771	2	2
Flintibacter	Sphingopyxis	0.829	2	2
Flintibacter	Sphingorhabdus	0.771	2	2
Flintibacter	Steroidobacter	0.886	2	2
Flintibacter	Tabrizicola	1	2	2
Flintibacter	Thermoclostridium	0.771	2	2
Flintibacter	Xylanivirga	0.714	2	2
Fonticella	Hephaestia	0.886	2	2
Fonticella	Herbinix	0.943	2	2
Fonticella	Hydrogenoanaerobacterium	0.771	2	2
Fonticella	Hydrogenophaga	0.714	2	2
Fonticella	Ilyobacter	0.771	2	2
Fonticella	Kaistia	0.943	2	2
Fonticella	Lautropia	0.943	2	2
Fonticella	Lawsonibacter	0.829	2	2
Fonticella	Legionella	1	2	2
Fonticella	Luteitalea	0.714	2	2
Fonticella	Lysobacter	0.886	2	2
Fonticella	Marasmitruncus	0.771	2	2
Fonticella	Merdimmobilis	1	2	2
Fonticella	Methylophilus	0.943	2	2
Fonticella	Mobilitalea	0.886	2	2
Fonticella	Muriventricola	0.714	2	2
Fonticella	Opitutus	0.829	2	2
Fonticella	Oxobacter	0.771	2	2
Fonticella	Paeniroseomonas	0.714	2	2
Fonticella	Paludihabitans	1	2	2
Fonticella	Paragemmobacter	0.943	2	2
Fonticella	Pelosinus	0.943	2	2
Fonticella	Piscinibacter	0.886	2	2
Fonticella	Propionispora	1	2	2
Fonticella	Propionivibrio	0.771	2	2
Fonticella	Pseudoflavonifractor	1	2	2
Fonticella	Psychrosinus	0.829	2	2
Fonticella	Rhodoferax	0.943	2	2
Fonticella	Rubrivirga	0.714	2	2
Fonticella	Sphingomonas	0.771	2	2
Fonticella	Steroidobacter	0.714	2	2
Fonticella	Thermoclostridium	0.771	2	2
Fonticella	Vampirovibrio	0.943	2	2
Fonticella	Xylanivirga	0.886	2	2
Fonticella	Zongyangia	0.771	2	2
Fulvivirga	Gracilibacter	1	4	4
Fulvivirga	Holdemania	1	4	4
Fulvivirga	Hominenteromicrobium	1	4	4
Fulvivirga	Hujiaoplasma	0.771	4	4
Fulvivirga	Irregularibacter	0.771	4	4
Fulvivirga	Lentimicrobium	0.771	4	4
Fulvivirga	Longilinea	0.829	4	4
Fulvivirga	Longimicrobium	0.943	4	4
Fulvivirga	Luoshenia	0.771	4	4
Fulvivirga	Lutispora	0.829	4	4
Fulvivirga	Macellibacteroides	0.714	4	4
Fulvivirga	Mageeibacillus	0.771	4	4
Fulvivirga	Neglectibacter	0.771	4	4
Fulvivirga	Nitrobacter	0.829	4	4
Fulvivirga	Paludibacter	0.886	4	4
Fulvivirga	Paludibaculum	0.943	4	4
Fulvivirga	Papillibacter	0.829	4	4
Fulvivirga	Parabacteroides	0.771	4	4
Fulvivirga	Pedosphaera	0.943	4	4
Fulvivirga	Pleomorphomonas	0.771	4	4
Fulvivirga	Pseudobacteroides	1	4	4
Fulvivirga	Pseudochryseolinea	0.943	4	4
Fulvivirga	Pseudoruminococcus	0.943	4	4
Fulvivirga	Pumilibacter	0.714	4	4
Fulvivirga	Ruminiclostridium	0.943	4	4
Fulvivirga	Saccharofermentans	0.829	4	4
Fulvivirga	Sedimentibacter	0.771	4	4
Fulvivirga	Solibaculum	0.771	4	4
Fulvivirga	Sphingobium	0.829	4	4
Fulvivirga	Sporomusa	1	4	4
Fulvivirga	Vermiculatibacterium	1	4	4
Fulvivirga	Vescimonas	0.829	4	4
Fulvivirga	Yanshouia	0.829	4	4
Fusibacter	Longimicrobium	0.714	4	4
Fusibacter	Lutispora	0.714	4	4
Fusibacter	Ruminiclostridium	0.771	4	4
Gemmatimonas	Gemmobacter	0.886	2	2
Gemmatimonas	Geofilum	0.771	2	2
Gemmatimonas	Hephaestia	0.714	2	2
Gemmatimonas	Herbinix	0.771	2	2
Gemmatimonas	Hydrogenoanaerobacterium	0.771	2	2
Gemmatimonas	Hydrogenophaga	0.886	2	2
Gemmatimonas	Ilyobacter	0.771	2	2
Gemmatimonas	Lautropia	0.771	2	2
Gemmatimonas	Lawsonibacter	0.829	2	2
Gemmatimonas	Luteitalea	0.886	2	2
Gemmatimonas	Lysobacter	0.886	2	2
Gemmatimonas	Marasmitruncus	0.771	2	2
Gemmatimonas	Methylophilus	0.771	2	2
Gemmatimonas	Mobilitalea	0.714	2	2
Gemmatimonas	Muriventricola	0.714	2	2
Gemmatimonas	Novosphingobium	0.886	2	2
Gemmatimonas	Oxobacter	0.771	2	2
Gemmatimonas	Paeniroseomonas	0.886	2	2
Gemmatimonas	Paragemmobacter	0.771	2	2
Gemmatimonas	Parerythrobacter	0.771	2	2
Gemmatimonas	Piscinibacter	0.714	2	2
Gemmatimonas	Propionivibrio	0.771	2	2
Gemmatimonas	Psychrosinus	0.829	2	2
Gemmatimonas	Qipengyuania	0.829	2	2
Gemmatimonas	Quisquiliibacterium	0.943	2	2
Gemmatimonas	Roseisolibacter	1	2	2
Gemmatimonas	Roseococcus	0.714	2	2
Gemmatimonas	Rubellimicrobium	0.886	2	2
Gemmatimonas	Rubrivirga	0.714	2	2
Gemmatimonas	Sandaracinobacteroides	1	2	2
Gemmatimonas	Sandarakinorhabdus	0.771	2	2
Gemmatimonas	Sphingomonas	0.771	2	2
Gemmatimonas	Sphingopyxis	0.829	2	2
Gemmatimonas	Sphingorhabdus	0.771	2	2
Gemmatimonas	Steroidobacter	0.886	2	2
Gemmatimonas	Tabrizicola	1	2	2
Gemmatimonas	Thermoclostridium	0.771	2	2
Gemmatimonas	Xylanivirga	0.714	2	2
Gemmobacter	Geofilum	0.943	2	2
Gemmobacter	Hydrogenoanaerobacterium	0.771	2	2
Gemmobacter	Hydrogenophaga	0.829	2	2
Gemmobacter	Ilyobacter	0.771	2	2
Gemmobacter	Lawsonibacter	0.714	2	2
Gemmobacter	Luteitalea	0.829	2	2
Gemmobacter	Marasmitruncus	0.771	2	2
Gemmobacter	Muriventricola	0.829	2	2
Gemmobacter	Novosphingobium	1	2	2
Gemmobacter	Opitutus	0.714	2	2
Gemmobacter	Oxobacter	0.771	2	2
Gemmobacter	Paeniroseomonas	0.829	2	2
Gemmobacter	Parerythrobacter	0.943	2	2
Gemmobacter	Propionivibrio	0.771	2	2
Gemmobacter	Psychrosinus	0.714	2	2
Gemmobacter	Qipengyuania	0.886	2	2
Gemmobacter	Quisquiliibacterium	0.943	2	2
Gemmobacter	Roseisolibacter	0.886	2	2
Gemmobacter	Roseococcus	0.829	2	2
Gemmobacter	Rubellimicrobium	1	2	2
Gemmobacter	Rubrivirga	0.829	2	2
Gemmobacter	Sandaracinobacteroides	0.886	2	2
Gemmobacter	Sandarakinorhabdus	0.943	2	2
Gemmobacter	Sphingomonas	0.771	2	2
Gemmobacter	Sphingopyxis	0.886	2	2
Gemmobacter	Sphingorhabdus	0.943	2	2
Gemmobacter	Steroidobacter	0.829	2	2
Gemmobacter	Tabrizicola	0.886	2	2
Gemmobacter	Thermoclostridium	0.771	2	2
Gemmobacter	Zongyangia	0.771	2	2
Geofilum	Hydrogenoanaerobacterium	0.714	2	2
Geofilum	Hydrogenophaga	0.771	2	2
Geofilum	Luteitalea	0.771	2	2
Geofilum	Muriventricola	0.943	2	2
Geofilum	Novosphingobium	0.943	2	2
Geofilum	Opitutus	0.771	2	2
Geofilum	Oxobacter	0.714	2	2
Geofilum	Paeniroseomonas	0.771	2	2
Geofilum	Parerythrobacter	0.886	2	2
Geofilum	Propionivibrio	0.714	2	2
Geofilum	Psychrosinus	0.771	2	2
Geofilum	Qipengyuania	0.943	2	2
Geofilum	Quisquiliibacterium	0.829	2	2
Geofilum	Roseisolibacter	0.771	2	2
Geofilum	Roseococcus	0.886	2	2
Geofilum	Rubellimicrobium	0.943	2	2
Geofilum	Rubrivirga	0.943	2	2
Geofilum	Sandaracinobacteroides	0.771	2	2
Geofilum	Sandarakinorhabdus	1	2	2
Geofilum	Sphingopyxis	0.771	2	2
Geofilum	Sphingorhabdus	1	2	2
Geofilum	Steroidobacter	0.771	2	2
Geofilum	Tabrizicola	0.771	2	2
Geofilum	Zongyangia	0.829	2	2
Gracilibacter	Holdemania	1	4	4
Gracilibacter	Hominenteromicrobium	1	4	4
Gracilibacter	Hujiaoplasma	0.771	4	4
Gracilibacter	Irregularibacter	0.771	4	4
Gracilibacter	Lentimicrobium	0.771	4	4
Gracilibacter	Longilinea	0.829	4	4
Gracilibacter	Longimicrobium	0.943	4	4
Gracilibacter	Luoshenia	0.771	4	4
Gracilibacter	Lutispora	0.829	4	4
Gracilibacter	Macellibacteroides	0.714	4	4
Gracilibacter	Mageeibacillus	0.771	4	4
Gracilibacter	Neglectibacter	0.771	4	4
Gracilibacter	Nitrobacter	0.829	4	4
Gracilibacter	Paludibacter	0.886	4	4
Gracilibacter	Paludibaculum	0.943	4	4
Gracilibacter	Papillibacter	0.829	4	4
Gracilibacter	Parabacteroides	0.771	4	4
Gracilibacter	Pedosphaera	0.943	4	4
Gracilibacter	Pleomorphomonas	0.771	4	4
Gracilibacter	Pseudobacteroides	1	4	4
Gracilibacter	Pseudochryseolinea	0.943	4	4
Gracilibacter	Pseudoruminococcus	0.943	4	4
Gracilibacter	Pumilibacter	0.714	4	4
Gracilibacter	Ruminiclostridium	0.943	4	4
Gracilibacter	Saccharofermentans	0.829	4	4
Gracilibacter	Sedimentibacter	0.771	4	4
Gracilibacter	Solibaculum	0.771	4	4
Gracilibacter	Sphingobium	0.829	4	4
Gracilibacter	Sporomusa	1	4	4
Gracilibacter	Vermiculatibacterium	1	4	4
Gracilibacter	Vescimonas	0.829	4	4
Gracilibacter	Yanshouia	0.829	4	4
Hephaestia	Herbinix	0.943	2	2
Hephaestia	Hydrogenoanaerobacterium	0.943	2	2
Hephaestia	Ilyobacter	0.943	2	2
Hephaestia	Kaistia	0.943	2	2
Hephaestia	Lautropia	0.771	2	2
Hephaestia	Lawsonibacter	0.886	2	2
Hephaestia	Legionella	0.886	2	2
Hephaestia	Lysobacter	0.829	2	2
Hephaestia	Marasmitruncus	0.943	2	2
Hephaestia	Merdimmobilis	0.886	2	2
Hephaestia	Methylophilus	0.943	2	2
Hephaestia	Mobilitalea	1	2	2
Hephaestia	Opitutus	0.886	2	2
Hephaestia	Oxobacter	0.771	2	2
Hephaestia	Paeniroseomonas	0.829	2	2
Hephaestia	Paludihabitans	0.886	2	2
Hephaestia	Paragemmobacter	0.943	2	2
Hephaestia	Parerythrobacter	0.771	2	2
Hephaestia	Pelosinus	0.943	2	2
Hephaestia	Piscinibacter	1	2	2
Hephaestia	Propionispora	0.886	2	2
Hephaestia	Propionivibrio	0.771	2	2
Hephaestia	Pseudoflavonifractor	0.886	2	2
Hephaestia	Psychrosinus	0.714	2	2
Hephaestia	Quisquiliibacterium	0.771	2	2
Hephaestia	Rhodoferax	0.943	2	2
Hephaestia	Roseisolibacter	0.714	2	2
Hephaestia	Sandaracinobacteroides	0.714	2	2
Hephaestia	Sphingomonas	0.943	2	2
Hephaestia	Sphingopyxis	0.886	2	2
Hephaestia	Steroidobacter	0.829	2	2
Hephaestia	Tabrizicola	0.714	2	2
Hephaestia	Thermoclostridium	0.943	2	2
Hephaestia	Vampirovibrio	0.943	2	2
Hephaestia	Xylanivirga	1	2	2
Hephaestia	Zongyangia	0.771	2	2
Herbinix	Hydrogenoanaerobacterium	0.829	2	2
Herbinix	Hydrogenophaga	0.771	2	2
Herbinix	Ilyobacter	0.886	2	2
Herbinix	Kaistia	0.886	2	2
Herbinix	Lautropia	0.886	2	2
Herbinix	Lawsonibacter	0.943	2	2
Herbinix	Legionella	0.943	2	2
Herbinix	Luteitalea	0.771	2	2
Herbinix	Lysobacter	0.943	2	2
Herbinix	Marasmitruncus	0.886	2	2
Herbinix	Merdimmobilis	0.943	2	2
Herbinix	Methylophilus	1	2	2
Herbinix	Mobilitalea	0.943	2	2
Herbinix	Opitutus	0.771	2	2
Herbinix	Oxobacter	0.829	2	2
Herbinix	Paeniroseomonas	0.771	2	2
Herbinix	Paludihabitans	0.943	2	2
Herbinix	Paragemmobacter	1	2	2
Herbinix	Pelosinus	0.886	2	2
Herbinix	Piscinibacter	0.943	2	2
Herbinix	Propionispora	0.943	2	2
Herbinix	Propionivibrio	0.829	2	2
Herbinix	Pseudoflavonifractor	0.943	2	2
Herbinix	Psychrosinus	0.771	2	2
Herbinix	Quisquiliibacterium	0.714	2	2
Herbinix	Rhodoferax	0.886	2	2
Herbinix	Roseisolibacter	0.771	2	2
Herbinix	Sandaracinobacteroides	0.771	2	2
Herbinix	Sphingomonas	0.886	2	2
Herbinix	Sphingopyxis	0.771	2	2
Herbinix	Steroidobacter	0.771	2	2
Herbinix	Tabrizicola	0.771	2	2
Herbinix	Thermoclostridium	0.886	2	2
Herbinix	Vampirovibrio	0.886	2	2
Herbinix	Xylanivirga	0.943	2	2
Herbinix	Zongyangia	0.714	2	2
Holdemania	Hominenteromicrobium	1	4	4
Holdemania	Hujiaoplasma	0.771	4	4
Holdemania	Irregularibacter	0.771	4	4
Holdemania	Lentimicrobium	0.771	4	4
Holdemania	Longilinea	0.829	4	4
Holdemania	Longimicrobium	0.943	4	4
Holdemania	Luoshenia	0.771	4	4
Holdemania	Lutispora	0.829	4	4
Holdemania	Macellibacteroides	0.714	4	4
Holdemania	Mageeibacillus	0.771	4	4
Holdemania	Neglectibacter	0.771	4	4
Holdemania	Nitrobacter	0.829	4	4
Holdemania	Paludibacter	0.886	4	4
Holdemania	Paludibaculum	0.943	4	4
Holdemania	Papillibacter	0.829	4	4
Holdemania	Parabacteroides	0.771	4	4
Holdemania	Pedosphaera	0.943	4	4
Holdemania	Pleomorphomonas	0.771	4	4
Holdemania	Pseudobacteroides	1	4	4
Holdemania	Pseudochryseolinea	0.943	4	4
Holdemania	Pseudoruminococcus	0.943	4	4
Holdemania	Pumilibacter	0.714	4	4
Holdemania	Ruminiclostridium	0.943	4	4
Holdemania	Saccharofermentans	0.829	4	4
Holdemania	Sedimentibacter	0.771	4	4
Holdemania	Solibaculum	0.771	4	4
Holdemania	Sphingobium	0.829	4	4
Holdemania	Sporomusa	1	4	4
Holdemania	Vermiculatibacterium	1	4	4
Holdemania	Vescimonas	0.829	4	4
Holdemania	Yanshouia	0.829	4	4
Hominenteromicrobium	Hujiaoplasma	0.771	4	4
Hominenteromicrobium	Irregularibacter	0.771	4	4
Hominenteromicrobium	Lentimicrobium	0.771	4	4
Hominenteromicrobium	Longilinea	0.829	4	4
Hominenteromicrobium	Longimicrobium	0.943	4	4
Hominenteromicrobium	Luoshenia	0.771	4	4
Hominenteromicrobium	Lutispora	0.829	4	4
Hominenteromicrobium	Macellibacteroides	0.714	4	4
Hominenteromicrobium	Mageeibacillus	0.771	4	4
Hominenteromicrobium	Neglectibacter	0.771	4	4
Hominenteromicrobium	Nitrobacter	0.829	4	4
Hominenteromicrobium	Paludibacter	0.886	4	4
Hominenteromicrobium	Paludibaculum	0.943	4	4
Hominenteromicrobium	Papillibacter	0.829	4	4
Hominenteromicrobium	Parabacteroides	0.771	4	4
Hominenteromicrobium	Pedosphaera	0.943	4	4
Hominenteromicrobium	Pleomorphomonas	0.771	4	4
Hominenteromicrobium	Pseudobacteroides	1	4	4
Hominenteromicrobium	Pseudochryseolinea	0.943	4	4
Hominenteromicrobium	Pseudoruminococcus	0.943	4	4
Hominenteromicrobium	Pumilibacter	0.714	4	4
Hominenteromicrobium	Ruminiclostridium	0.943	4	4
Hominenteromicrobium	Saccharofermentans	0.829	4	4
Hominenteromicrobium	Sedimentibacter	0.771	4	4
Hominenteromicrobium	Solibaculum	0.771	4	4
Hominenteromicrobium	Sphingobium	0.829	4	4
Hominenteromicrobium	Sporomusa	1	4	4
Hominenteromicrobium	Vermiculatibacterium	1	4	4
Hominenteromicrobium	Vescimonas	0.829	4	4
Hominenteromicrobium	Yanshouia	0.829	4	4
Hujiaoplasma	Irregularibacter	1	4	4
Hujiaoplasma	Longilinea	0.943	4	4
Hujiaoplasma	Longimicrobium	0.829	4	4
Hujiaoplasma	Macellibacteroides	0.943	4	4
Hujiaoplasma	Mageeibacillus	1	4	4
Hujiaoplasma	Neglectibacter	1	4	4
Hujiaoplasma	Nitrobacter	0.943	4	4
Hujiaoplasma	Paludibacter	0.771	4	4
Hujiaoplasma	Paludibaculum	0.829	4	4
Hujiaoplasma	Parabacteroides	1	4	4
Hujiaoplasma	Pedosphaera	0.829	4	4
Hujiaoplasma	Pleomorphomonas	1	4	4
Hujiaoplasma	Provencibacterium	0.714	4	4
Hujiaoplasma	Pseudobacteroides	0.771	4	4
Hujiaoplasma	Pseudochryseolinea	0.829	4	4
Hujiaoplasma	Pseudoruminococcus	0.829	4	4
Hujiaoplasma	Pumilibacter	0.943	4	4
Hujiaoplasma	Saccharofermentans	0.943	4	4
Hujiaoplasma	Solibaculum	1	4	4
Hujiaoplasma	Sphingobium	0.943	4	4
Hujiaoplasma	Sporomusa	0.771	4	4
Hujiaoplasma	Vermiculatibacterium	0.771	4	4
Hujiaoplasma	Vescimonas	0.943	4	4
Hujiaoplasma	Yanshouia	0.943	4	4
Hujiaoplasma	Youngiibacter	0.771	4	4
Hydrogenoanaerobacterium	Ilyobacter	0.886	2	2
Hydrogenoanaerobacterium	Kaistia	0.886	2	2
Hydrogenoanaerobacterium	Lautropia	0.714	2	2
Hydrogenoanaerobacterium	Lawsonibacter	0.771	2	2
Hydrogenoanaerobacterium	Legionella	0.771	2	2
Hydrogenoanaerobacterium	Lysobacter	0.771	2	2
Hydrogenoanaerobacterium	Marasmitruncus	0.886	2	2
Hydrogenoanaerobacterium	Merdimmobilis	0.771	2	2
Hydrogenoanaerobacterium	Methylophilus	0.829	2	2
Hydrogenoanaerobacterium	Mobilitalea	0.943	2	2
Hydrogenoanaerobacterium	Muriventricola	0.771	2	2
Hydrogenoanaerobacterium	Novosphingobium	0.771	2	2
Hydrogenoanaerobacterium	Opitutus	0.943	2	2
Hydrogenoanaerobacterium	Paeniroseomonas	0.943	2	2
Hydrogenoanaerobacterium	Paludihabitans	0.771	2	2
Hydrogenoanaerobacterium	Paragemmobacter	0.829	2	2
Hydrogenoanaerobacterium	Parerythrobacter	0.829	2	2
Hydrogenoanaerobacterium	Pelosinus	0.886	2	2
Hydrogenoanaerobacterium	Piscinibacter	0.943	2	2
Hydrogenoanaerobacterium	Propionispora	0.771	2	2
Hydrogenoanaerobacterium	Pseudoflavonifractor	0.771	2	2
Hydrogenoanaerobacterium	Psychrosinus	0.771	2	2
Hydrogenoanaerobacterium	Quisquiliibacterium	0.886	2	2
Hydrogenoanaerobacterium	Rhodoferax	0.886	2	2
Hydrogenoanaerobacterium	Roseisolibacter	0.771	2	2
Hydrogenoanaerobacterium	Rubellimicrobium	0.771	2	2
Hydrogenoanaerobacterium	Rubrivirga	0.771	2	2
Hydrogenoanaerobacterium	Sandaracinobacteroides	0.771	2	2
Hydrogenoanaerobacterium	Sandarakinorhabdus	0.714	2	2
Hydrogenoanaerobacterium	Sphingomonas	0.886	2	2
Hydrogenoanaerobacterium	Sphingopyxis	0.943	2	2
Hydrogenoanaerobacterium	Sphingorhabdus	0.714	2	2
Hydrogenoanaerobacterium	Steroidobacter	0.943	2	2
Hydrogenoanaerobacterium	Tabrizicola	0.771	2	2
Hydrogenoanaerobacterium	Thermoclostridium	0.886	2	2
Hydrogenoanaerobacterium	Vampirovibrio	0.886	2	2
Hydrogenoanaerobacterium	Xylanivirga	0.943	2	2
Hydrogenoanaerobacterium	Zongyangia	0.714	2	2
Hydrogenophaga	Ilyobacter	0.771	2	2
Hydrogenophaga	Intestinimonas	0.714	2	2
Hydrogenophaga	Lautropia	0.771	2	2
Hydrogenophaga	Lawsonibacter	0.886	2	2
Hydrogenophaga	Legionella	0.714	2	2
Hydrogenophaga	Luteitalea	1	2	2
Hydrogenophaga	Lysobacter	0.829	2	2
Hydrogenophaga	Marasmitruncus	0.771	2	2
Hydrogenophaga	Merdimmobilis	0.714	2	2
Hydrogenophaga	Methylophilus	0.771	2	2
Hydrogenophaga	Novosphingobium	0.829	2	2
Hydrogenophaga	Oxobacter	0.943	2	2
Hydrogenophaga	Paludihabitans	0.714	2	2
Hydrogenophaga	Paragemmobacter	0.771	2	2
Hydrogenophaga	Parerythrobacter	0.771	2	2
Hydrogenophaga	Propionispora	0.714	2	2
Hydrogenophaga	Propionivibrio	0.943	2	2
Hydrogenophaga	Pseudoflavonifractor	0.714	2	2
Hydrogenophaga	Psychrosinus	0.714	2	2
Hydrogenophaga	Qipengyuania	0.886	2	2
Hydrogenophaga	Quisquiliibacterium	0.771	2	2
Hydrogenophaga	Roseisolibacter	0.886	2	2
Hydrogenophaga	Roseococcus	0.771	2	2
Hydrogenophaga	Rubellimicrobium	0.829	2	2
Hydrogenophaga	Sandaracinobacteroides	0.886	2	2
Hydrogenophaga	Sandarakinorhabdus	0.771	2	2
Hydrogenophaga	Sphingomonas	0.771	2	2
Hydrogenophaga	Sphingopyxis	0.714	2	2
Hydrogenophaga	Sphingorhabdus	0.771	2	2
Hydrogenophaga	Tabrizicola	0.886	2	2
Hydrogenophaga	Thermoclostridium	0.771	2	2
Hydrogenophaga	Zongyangia	0.771	2	2
Hyphomicrobium	Ramlibacter	0.943	3	3
Ilyobacter	Kaistia	0.829	2	2
Ilyobacter	Lawsonibacter	0.943	2	2
Ilyobacter	Legionella	0.771	2	2
Ilyobacter	Luteitalea	0.771	2	2
Ilyobacter	Lysobacter	0.771	2	2
Ilyobacter	Marasmitruncus	1	2	2
Ilyobacter	Merdimmobilis	0.771	2	2
Ilyobacter	Methylophilus	0.886	2	2
Ilyobacter	Mobilitalea	0.943	2	2
Ilyobacter	Novosphingobium	0.771	2	2
Ilyobacter	Opitutus	0.771	2	2
Ilyobacter	Oxobacter	0.886	2	2
Ilyobacter	Paeniroseomonas	0.771	2	2
Ilyobacter	Paludihabitans	0.771	2	2
Ilyobacter	Paragemmobacter	0.886	2	2
Ilyobacter	Parerythrobacter	0.886	2	2
Ilyobacter	Pelosinus	0.829	2	2
Ilyobacter	Piscinibacter	0.943	2	2
Ilyobacter	Propionispora	0.771	2	2
Ilyobacter	Propionivibrio	0.886	2	2
Ilyobacter	Pseudoflavonifractor	0.771	2	2
Ilyobacter	Quisquiliibacterium	0.829	2	2
Ilyobacter	Rhodoferax	0.829	2	2
Ilyobacter	Roseisolibacter	0.771	2	2
Ilyobacter	Rubellimicrobium	0.771	2	2
Ilyobacter	Sandaracinobacteroides	0.771	2	2
Ilyobacter	Sphingomonas	1	2	2
Ilyobacter	Sphingopyxis	0.943	2	2
Ilyobacter	Steroidobacter	0.771	2	2
Ilyobacter	Tabrizicola	0.771	2	2
Ilyobacter	Thermoclostridium	1	2	2
Ilyobacter	Vampirovibrio	0.829	2	2
Ilyobacter	Xylanivirga	0.943	2	2
Ilyobacter	Zongyangia	0.829	2	2
Intestinimonas	Luteitalea	0.714	2	2
Irregularibacter	Longilinea	0.943	4	4
Irregularibacter	Longimicrobium	0.829	4	4
Irregularibacter	Macellibacteroides	0.943	4	4
Irregularibacter	Mageeibacillus	1	4	4
Irregularibacter	Neglectibacter	1	4	4
Irregularibacter	Nitrobacter	0.943	4	4
Irregularibacter	Paludibacter	0.771	4	4
Irregularibacter	Paludibaculum	0.829	4	4
Irregularibacter	Parabacteroides	1	4	4
Irregularibacter	Pedosphaera	0.829	4	4
Irregularibacter	Pleomorphomonas	1	4	4
Irregularibacter	Provencibacterium	0.714	4	4
Irregularibacter	Pseudobacteroides	0.771	4	4
Irregularibacter	Pseudochryseolinea	0.829	4	4
Irregularibacter	Pseudoruminococcus	0.829	4	4
Irregularibacter	Pumilibacter	0.943	4	4
Irregularibacter	Saccharofermentans	0.943	4	4
Irregularibacter	Solibaculum	1	4	4
Irregularibacter	Sphingobium	0.943	4	4
Irregularibacter	Sporomusa	0.771	4	4
Irregularibacter	Vermiculatibacterium	0.771	4	4
Irregularibacter	Vescimonas	0.943	4	4
Irregularibacter	Yanshouia	0.943	4	4
Irregularibacter	Youngiibacter	0.771	4	4
Kaistia	Lautropia	0.829	2	2
Kaistia	Lawsonibacter	0.771	2	2
Kaistia	Legionella	0.943	2	2
Kaistia	Lysobacter	0.771	2	2
Kaistia	Marasmitruncus	0.829	2	2
Kaistia	Merdimmobilis	0.943	2	2
Kaistia	Methylophilus	0.886	2	2
Kaistia	Mobilitalea	0.943	2	2
Kaistia	Muriventricola	0.771	2	2
Kaistia	Opitutus	0.943	2	2
Kaistia	Oxobacter	0.714	2	2
Kaistia	Paeniroseomonas	0.771	2	2
Kaistia	Paludihabitans	0.943	2	2
Kaistia	Paragemmobacter	0.886	2	2
Kaistia	Parerythrobacter	0.714	2	2
Kaistia	Pelosinus	1	2	2
Kaistia	Piscinibacter	0.943	2	2
Kaistia	Propionispora	0.943	2	2
Kaistia	Propionivibrio	0.714	2	2
Kaistia	Pseudoflavonifractor	0.943	2	2
Kaistia	Psychrosinus	0.771	2	2
Kaistia	Rhodoferax	1	2	2
Kaistia	Rubrivirga	0.771	2	2
Kaistia	Sphingomonas	0.829	2	2
Kaistia	Sphingopyxis	0.771	2	2
Kaistia	Steroidobacter	0.771	2	2
Kaistia	Thermoclostridium	0.829	2	2
Kaistia	Vampirovibrio	1	2	2
Kaistia	Xylanivirga	0.943	2	2
Kaistia	Zongyangia	0.829	2	2
Kiloniella	Microcella	1	3	3
Kiloniella	Propionicimonas	0.829	3	3
Kiloniella	Sabulicella	0.771	3	3
Lautropia	Lawsonibacter	0.771	2	2
Lautropia	Legionella	0.943	2	2
Lautropia	Luteitalea	0.771	2	2
Lautropia	Lysobacter	0.943	2	2
Lautropia	Merdimmobilis	0.943	2	2
Lautropia	Methylophilus	0.886	2	2
Lautropia	Mobilitalea	0.771	2	2
Lautropia	Muriventricola	0.771	2	2
Lautropia	Opitutus	0.771	2	2
Lautropia	Oxobacter	0.714	2	2
Lautropia	Paeniroseomonas	0.771	2	2
Lautropia	Paludihabitans	0.943	2	2
Lautropia	Paragemmobacter	0.886	2	2
Lautropia	Pelosinus	0.829	2	2
Lautropia	Piscinibacter	0.771	2	2
Lautropia	Propionispora	0.943	2	2
Lautropia	Propionivibrio	0.714	2	2
Lautropia	Pseudoflavonifractor	0.943	2	2
Lautropia	Psychrosinus	0.943	2	2
Lautropia	Qipengyuania	0.771	2	2
Lautropia	Rhodoferax	0.829	2	2
Lautropia	Roseisolibacter	0.771	2	2
Lautropia	Rubrivirga	0.771	2	2
Lautropia	Sandaracinobacteroides	0.771	2	2
Lautropia	Steroidobacter	0.771	2	2
Lautropia	Tabrizicola	0.771	2	2
Lautropia	Vampirovibrio	0.829	2	2
Lautropia	Xylanivirga	0.771	2	2
Lawsonibacter	Legionella	0.829	2	2
Lawsonibacter	Luteitalea	0.886	2	2
Lawsonibacter	Lysobacter	0.886	2	2
Lawsonibacter	Marasmitruncus	0.943	2	2
Lawsonibacter	Merdimmobilis	0.829	2	2
Lawsonibacter	Methylophilus	0.943	2	2
Lawsonibacter	Mobilitalea	0.886	2	2
Lawsonibacter	Novosphingobium	0.714	2	2
Lawsonibacter	Oxobacter	0.943	2	2
Lawsonibacter	Paeniroseomonas	0.714	2	2
Lawsonibacter	Paludihabitans	0.829	2	2
Lawsonibacter	Paragemmobacter	0.943	2	2
Lawsonibacter	Parerythrobacter	0.771	2	2
Lawsonibacter	Pelosinus	0.771	2	2
Lawsonibacter	Piscinibacter	0.886	2	2
Lawsonibacter	Propionispora	0.829	2	2
Lawsonibacter	Propionivibrio	0.943	2	2
Lawsonibacter	Pseudoflavonifractor	0.829	2	2
Lawsonibacter	Quisquiliibacterium	0.771	2	2
Lawsonibacter	Rhodoferax	0.771	2	2
Lawsonibacter	Roseisolibacter	0.829	2	2
Lawsonibacter	Rubellimicrobium	0.714	2	2
Lawsonibacter	Sandaracinobacteroides	0.829	2	2
Lawsonibacter	Sphingomonas	0.943	2	2
Lawsonibacter	Sphingopyxis	0.829	2	2
Lawsonibacter	Steroidobacter	0.714	2	2
Lawsonibacter	Tabrizicola	0.829	2	2
Lawsonibacter	Thermoclostridium	0.943	2	2
Lawsonibacter	Vampirovibrio	0.771	2	2
Lawsonibacter	Xylanivirga	0.886	2	2
Lawsonibacter	Zongyangia	0.771	2	2
Legionella	Luteitalea	0.714	2	2
Legionella	Lysobacter	0.886	2	2
Legionella	Marasmitruncus	0.771	2	2
Legionella	Merdimmobilis	1	2	2
Legionella	Methylophilus	0.943	2	2
Legionella	Mobilitalea	0.886	2	2
Legionella	Muriventricola	0.714	2	2
Legionella	Opitutus	0.829	2	2
Legionella	Oxobacter	0.771	2	2
Legionella	Paeniroseomonas	0.714	2	2
Legionella	Paludihabitans	1	2	2
Legionella	Paragemmobacter	0.943	2	2
Legionella	Pelosinus	0.943	2	2
Legionella	Piscinibacter	0.886	2	2
Legionella	Propionispora	1	2	2
Legionella	Propionivibrio	0.771	2	2
Legionella	Pseudoflavonifractor	1	2	2
Legionella	Psychrosinus	0.829	2	2
Legionella	Rhodoferax	0.943	2	2
Legionella	Rubrivirga	0.714	2	2
Legionella	Sphingomonas	0.771	2	2
Legionella	Steroidobacter	0.714	2	2
Legionella	Thermoclostridium	0.771	2	2
Legionella	Vampirovibrio	0.943	2	2
Legionella	Xylanivirga	0.886	2	2
Legionella	Zongyangia	0.771	2	2
Lentimicrobium	Longilinea	0.771	4	4
Lentimicrobium	Luoshenia	1	4	4
Lentimicrobium	Lutispora	0.943	4	4
Lentimicrobium	Nitrobacter	0.771	4	4
Lentimicrobium	Paludibacter	0.943	4	4
Lentimicrobium	Paludibaculum	0.829	4	4
Lentimicrobium	Papillibacter	0.771	4	4
Lentimicrobium	Pedosphaera	0.829	4	4
Lentimicrobium	Pseudobacteroides	0.771	4	4
Lentimicrobium	Pseudochryseolinea	0.829	4	4
Lentimicrobium	Pseudoruminococcus	0.829	4	4
Lentimicrobium	Saccharofermentans	0.771	4	4
Lentimicrobium	Sedimentibacter	0.886	4	4
Lentimicrobium	Sphingobium	0.771	4	4
Lentimicrobium	Sporomusa	0.771	4	4
Lentimicrobium	Vermiculatibacterium	0.771	4	4
Lentimicrobium	Vescimonas	0.771	4	4
Lentimicrobium	Youngiibacter	0.943	4	4
Longilinea	Longimicrobium	0.771	4	4
Longilinea	Luoshenia	0.771	4	4
Longilinea	Macellibacteroides	0.886	4	4
Longilinea	Mageeibacillus	0.943	4	4
Longilinea	Neglectibacter	0.943	4	4
Longilinea	Nitrobacter	1	4	4
Longilinea	Paludibacter	0.886	4	4
Longilinea	Paludibaculum	0.943	4	4
Longilinea	Parabacteroides	0.943	4	4
Longilinea	Pedosphaera	0.943	4	4
Longilinea	Pleomorphomonas	0.943	4	4
Longilinea	Pseudobacteroides	0.829	4	4
Longilinea	Pseudochryseolinea	0.943	4	4
Longilinea	Pseudoruminococcus	0.943	4	4
Longilinea	Pumilibacter	0.886	4	4
Longilinea	Saccharofermentans	1	4	4
Longilinea	Solibaculum	0.943	4	4
Longilinea	Sphingobium	1	4	4
Longilinea	Sporomusa	0.829	4	4
Longilinea	Vermiculatibacterium	0.829	4	4
Longilinea	Vescimonas	1	4	4
Longilinea	Yanshouia	0.829	4	4
Longilinea	Youngiibacter	0.829	4	4
Longimicrobium	Lutispora	0.771	4	4
Longimicrobium	Macellibacteroides	0.771	4	4
Longimicrobium	Mageeibacillus	0.829	4	4
Longimicrobium	Neglectibacter	0.829	4	4
Longimicrobium	Nitrobacter	0.771	4	4
Longimicrobium	Paludibacter	0.771	4	4
Longimicrobium	Paludibaculum	0.829	4	4
Longimicrobium	Papillibacter	0.771	4	4
Longimicrobium	Parabacteroides	0.829	4	4
Longimicrobium	Pedosphaera	0.829	4	4
Longimicrobium	Pleomorphomonas	0.829	4	4
Longimicrobium	Pseudobacteroides	0.943	4	4
Longimicrobium	Pseudochryseolinea	0.829	4	4
Longimicrobium	Pseudoruminococcus	0.829	4	4
Longimicrobium	Pumilibacter	0.771	4	4
Longimicrobium	Ruminiclostridium	0.886	4	4
Longimicrobium	Saccharofermentans	0.771	4	4
Longimicrobium	Sedimentibacter	0.714	4	4
Longimicrobium	Solibaculum	0.829	4	4
Longimicrobium	Sphingobium	0.771	4	4
Longimicrobium	Sporomusa	0.943	4	4
Longimicrobium	Vermiculatibacterium	0.943	4	4
Longimicrobium	Vescimonas	0.771	4	4
Longimicrobium	Yanshouia	0.943	4	4
Luoshenia	Lutispora	0.943	4	4
Luoshenia	Nitrobacter	0.771	4	4
Luoshenia	Paludibacter	0.943	4	4
Luoshenia	Paludibaculum	0.829	4	4
Luoshenia	Papillibacter	0.771	4	4
Luoshenia	Pedosphaera	0.829	4	4
Luoshenia	Pseudobacteroides	0.771	4	4
Luoshenia	Pseudochryseolinea	0.829	4	4
Luoshenia	Pseudoruminococcus	0.829	4	4
Luoshenia	Saccharofermentans	0.771	4	4
Luoshenia	Sedimentibacter	0.886	4	4
Luoshenia	Sphingobium	0.771	4	4
Luoshenia	Sporomusa	0.771	4	4
Luoshenia	Vermiculatibacterium	0.771	4	4
Luoshenia	Vescimonas	0.771	4	4
Luoshenia	Youngiibacter	0.943	4	4
Luteitalea	Lysobacter	0.829	2	2
Luteitalea	Marasmitruncus	0.771	2	2
Luteitalea	Merdimmobilis	0.714	2	2
Luteitalea	Methylophilus	0.771	2	2
Luteitalea	Novosphingobium	0.829	2	2
Luteitalea	Oxobacter	0.943	2	2
Luteitalea	Paludihabitans	0.714	2	2
Luteitalea	Paragemmobacter	0.771	2	2
Luteitalea	Parerythrobacter	0.771	2	2
Luteitalea	Propionispora	0.714	2	2
Luteitalea	Propionivibrio	0.943	2	2
Luteitalea	Pseudoflavonifractor	0.714	2	2
Luteitalea	Psychrosinus	0.714	2	2
Luteitalea	Qipengyuania	0.886	2	2
Luteitalea	Quisquiliibacterium	0.771	2	2
Luteitalea	Roseisolibacter	0.886	2	2
Luteitalea	Roseococcus	0.771	2	2
Luteitalea	Rubellimicrobium	0.829	2	2
Luteitalea	Sandaracinobacteroides	0.886	2	2
Luteitalea	Sandarakinorhabdus	0.771	2	2
Luteitalea	Sphingomonas	0.771	2	2
Luteitalea	Sphingopyxis	0.714	2	2
Luteitalea	Sphingorhabdus	0.771	2	2
Luteitalea	Tabrizicola	0.886	2	2
Luteitalea	Thermoclostridium	0.771	2	2
Luteitalea	Zongyangia	0.771	2	2
Lutispora	Paludibacter	0.886	4	4
Lutispora	Paludibaculum	0.771	4	4
Lutispora	Papillibacter	0.829	4	4
Lutispora	Pedosphaera	0.771	4	4
Lutispora	Pseudobacteroides	0.829	4	4
Lutispora	Pseudochryseolinea	0.771	4	4
Lutispora	Pseudoruminococcus	0.771	4	4
Lutispora	Ruminiclostridium	0.714	4	4
Lutispora	Sedimentibacter	0.943	4	4
Lutispora	Sporomusa	0.829	4	4
Lutispora	Vermiculatibacterium	0.829	4	4
Lutispora	Youngiibacter	0.829	4	4
Lysobacter	Marasmitruncus	0.771	2	2
Lysobacter	Merdimmobilis	0.886	2	2
Lysobacter	Methylophilus	0.943	2	2
Lysobacter	Mobilitalea	0.829	2	2
Lysobacter	Opitutus	0.714	2	2
Lysobacter	Oxobacter	0.771	2	2
Lysobacter	Paeniroseomonas	0.829	2	2
Lysobacter	Paludihabitans	0.886	2	2
Lysobacter	Paragemmobacter	0.943	2	2
Lysobacter	Pelosinus	0.771	2	2
Lysobacter	Piscinibacter	0.829	2	2
Lysobacter	Propionispora	0.886	2	2
Lysobacter	Propionivibrio	0.771	2	2
Lysobacter	Pseudoflavonifractor	0.886	2	2
Lysobacter	Psychrosinus	0.886	2	2
Lysobacter	Qipengyuania	0.714	2	2
Lysobacter	Quisquiliibacterium	0.771	2	2
Lysobacter	Rhodoferax	0.771	2	2
Lysobacter	Roseisolibacter	0.886	2	2
Lysobacter	Sandaracinobacteroides	0.886	2	2
Lysobacter	Sphingomonas	0.771	2	2
Lysobacter	Sphingopyxis	0.714	2	2
Lysobacter	Steroidobacter	0.829	2	2
Lysobacter	Tabrizicola	0.886	2	2
Lysobacter	Thermoclostridium	0.771	2	2
Lysobacter	Vampirovibrio	0.771	2	2
Lysobacter	Xylanivirga	0.829	2	2
Macellibacteroides	Mageeibacillus	0.943	4	4
Macellibacteroides	Neglectibacter	0.943	4	4
Macellibacteroides	Nitrobacter	0.886	4	4
Macellibacteroides	Paludibaculum	0.771	4	4
Macellibacteroides	Papillibacter	0.714	4	4
Macellibacteroides	Parabacteroides	0.943	4	4
Macellibacteroides	Pedosphaera	0.771	4	4
Macellibacteroides	Pleomorphomonas	0.943	4	4
Macellibacteroides	Pseudobacteroides	0.714	4	4
Macellibacteroides	Pseudochryseolinea	0.771	4	4
Macellibacteroides	Pseudoruminococcus	0.771	4	4
Macellibacteroides	Pumilibacter	1	4	4
Macellibacteroides	Saccharofermentans	0.886	4	4
Macellibacteroides	Solibaculum	0.943	4	4
Macellibacteroides	Sphingobium	0.886	4	4
Macellibacteroides	Sporomusa	0.714	4	4
Macellibacteroides	Vermiculatibacterium	0.714	4	4
Macellibacteroides	Vescimonas	0.886	4	4
Macellibacteroides	Yanshouia	0.886	4	4
Macellibacteroides	Youngiibacter	0.714	4	4
Mageeibacillus	Neglectibacter	1	4	4
Mageeibacillus	Nitrobacter	0.943	4	4
Mageeibacillus	Paludibacter	0.771	4	4
Mageeibacillus	Paludibaculum	0.829	4	4
Mageeibacillus	Parabacteroides	1	4	4
Mageeibacillus	Pedosphaera	0.829	4	4
Mageeibacillus	Pleomorphomonas	1	4	4
Mageeibacillus	Provencibacterium	0.714	4	4
Mageeibacillus	Pseudobacteroides	0.771	4	4
Mageeibacillus	Pseudochryseolinea	0.829	4	4
Mageeibacillus	Pseudoruminococcus	0.829	4	4
Mageeibacillus	Pumilibacter	0.943	4	4
Mageeibacillus	Saccharofermentans	0.943	4	4
Mageeibacillus	Solibaculum	1	4	4
Mageeibacillus	Sphingobium	0.943	4	4
Mageeibacillus	Sporomusa	0.771	4	4
Mageeibacillus	Vermiculatibacterium	0.771	4	4
Mageeibacillus	Vescimonas	0.943	4	4
Mageeibacillus	Yanshouia	0.943	4	4
Mageeibacillus	Youngiibacter	0.771	4	4
Marasmitruncus	Merdimmobilis	0.771	2	2
Marasmitruncus	Methylophilus	0.886	2	2
Marasmitruncus	Mobilitalea	0.943	2	2
Marasmitruncus	Novosphingobium	0.771	2	2
Marasmitruncus	Opitutus	0.771	2	2
Marasmitruncus	Oxobacter	0.886	2	2
Marasmitruncus	Paeniroseomonas	0.771	2	2
Marasmitruncus	Paludihabitans	0.771	2	2
Marasmitruncus	Paragemmobacter	0.886	2	2
Marasmitruncus	Parerythrobacter	0.886	2	2
Marasmitruncus	Pelosinus	0.829	2	2
Marasmitruncus	Piscinibacter	0.943	2	2
Marasmitruncus	Propionispora	0.771	2	2
Marasmitruncus	Propionivibrio	0.886	2	2
Marasmitruncus	Pseudoflavonifractor	0.771	2	2
Marasmitruncus	Quisquiliibacterium	0.829	2	2
Marasmitruncus	Rhodoferax	0.829	2	2
Marasmitruncus	Roseisolibacter	0.771	2	2
Marasmitruncus	Rubellimicrobium	0.771	2	2
Marasmitruncus	Sandaracinobacteroides	0.771	2	2
Marasmitruncus	Sphingomonas	1	2	2
Marasmitruncus	Sphingopyxis	0.943	2	2
Marasmitruncus	Steroidobacter	0.771	2	2
Marasmitruncus	Tabrizicola	0.771	2	2
Marasmitruncus	Thermoclostridium	1	2	2
Marasmitruncus	Vampirovibrio	0.829	2	2
Marasmitruncus	Xylanivirga	0.943	2	2
Marasmitruncus	Zongyangia	0.829	2	2
Merdimmobilis	Methylophilus	0.943	2	2
Merdimmobilis	Mobilitalea	0.886	2	2
Merdimmobilis	Muriventricola	0.714	2	2
Merdimmobilis	Opitutus	0.829	2	2
Merdimmobilis	Oxobacter	0.771	2	2
Merdimmobilis	Paeniroseomonas	0.714	2	2
Merdimmobilis	Paludihabitans	1	2	2
Merdimmobilis	Paragemmobacter	0.943	2	2
Merdimmobilis	Pelosinus	0.943	2	2
Merdimmobilis	Piscinibacter	0.886	2	2
Merdimmobilis	Propionispora	1	2	2
Merdimmobilis	Propionivibrio	0.771	2	2
Merdimmobilis	Pseudoflavonifractor	1	2	2
Merdimmobilis	Psychrosinus	0.829	2	2
Merdimmobilis	Rhodoferax	0.943	2	2
Merdimmobilis	Rubrivirga	0.714	2	2
Merdimmobilis	Sphingomonas	0.771	2	2
Merdimmobilis	Steroidobacter	0.714	2	2
Merdimmobilis	Thermoclostridium	0.771	2	2
Merdimmobilis	Vampirovibrio	0.943	2	2
Merdimmobilis	Xylanivirga	0.886	2	2
Merdimmobilis	Zongyangia	0.771	2	2
Methylophilus	Mobilitalea	0.943	2	2
Methylophilus	Opitutus	0.771	2	2
Methylophilus	Oxobacter	0.829	2	2
Methylophilus	Paeniroseomonas	0.771	2	2
Methylophilus	Paludihabitans	0.943	2	2
Methylophilus	Paragemmobacter	1	2	2
Methylophilus	Pelosinus	0.886	2	2
Methylophilus	Piscinibacter	0.943	2	2
Methylophilus	Propionispora	0.943	2	2
Methylophilus	Propionivibrio	0.829	2	2
Methylophilus	Pseudoflavonifractor	0.943	2	2
Methylophilus	Psychrosinus	0.771	2	2
Methylophilus	Quisquiliibacterium	0.714	2	2
Methylophilus	Rhodoferax	0.886	2	2
Methylophilus	Roseisolibacter	0.771	2	2
Methylophilus	Sandaracinobacteroides	0.771	2	2
Methylophilus	Sphingomonas	0.886	2	2
Methylophilus	Sphingopyxis	0.771	2	2
Methylophilus	Steroidobacter	0.771	2	2
Methylophilus	Tabrizicola	0.771	2	2
Methylophilus	Thermoclostridium	0.886	2	2
Methylophilus	Vampirovibrio	0.886	2	2
Methylophilus	Xylanivirga	0.943	2	2
Methylophilus	Zongyangia	0.714	2	2
Microcella	Propionicimonas	0.829	3	3
Microcella	Sabulicella	0.771	3	3
Mobilitalea	Opitutus	0.886	2	2
Mobilitalea	Oxobacter	0.771	2	2
Mobilitalea	Paeniroseomonas	0.829	2	2
Mobilitalea	Paludihabitans	0.886	2	2
Mobilitalea	Paragemmobacter	0.943	2	2
Mobilitalea	Parerythrobacter	0.771	2	2
Mobilitalea	Pelosinus	0.943	2	2
Mobilitalea	Piscinibacter	1	2	2
Mobilitalea	Propionispora	0.886	2	2
Mobilitalea	Propionivibrio	0.771	2	2
Mobilitalea	Pseudoflavonifractor	0.886	2	2
Mobilitalea	Psychrosinus	0.714	2	2
Mobilitalea	Quisquiliibacterium	0.771	2	2
Mobilitalea	Rhodoferax	0.943	2	2
Mobilitalea	Roseisolibacter	0.714	2	2
Mobilitalea	Sandaracinobacteroides	0.714	2	2
Mobilitalea	Sphingomonas	0.943	2	2
Mobilitalea	Sphingopyxis	0.886	2	2
Mobilitalea	Steroidobacter	0.829	2	2
Mobilitalea	Tabrizicola	0.714	2	2
Mobilitalea	Thermoclostridium	0.943	2	2
Mobilitalea	Vampirovibrio	0.943	2	2
Mobilitalea	Xylanivirga	1	2	2
Mobilitalea	Zongyangia	0.771	2	2
Muriventricola	Novosphingobium	0.829	2	2
Muriventricola	Opitutus	0.886	2	2
Muriventricola	Paeniroseomonas	0.829	2	2
Muriventricola	Paludihabitans	0.714	2	2
Muriventricola	Parerythrobacter	0.771	2	2
Muriventricola	Pelosinus	0.771	2	2
Muriventricola	Propionispora	0.714	2	2
Muriventricola	Pseudoflavonifractor	0.714	2	2
Muriventricola	Psychrosinus	0.886	2	2
Muriventricola	Qipengyuania	0.886	2	2
Muriventricola	Quisquiliibacterium	0.771	2	2
Muriventricola	Rhodoferax	0.771	2	2
Muriventricola	Roseisolibacter	0.714	2	2
Muriventricola	Roseococcus	0.771	2	2
Muriventricola	Rubellimicrobium	0.829	2	2
Muriventricola	Rubrivirga	1	2	2
Muriventricola	Sandaracinobacteroides	0.714	2	2
Muriventricola	Sandarakinorhabdus	0.943	2	2
Muriventricola	Sphingopyxis	0.714	2	2
Muriventricola	Sphingorhabdus	0.943	2	2
Muriventricola	Steroidobacter	0.829	2	2
Muriventricola	Tabrizicola	0.714	2	2
Muriventricola	Vampirovibrio	0.771	2	2
Muriventricola	Zongyangia	0.771	2	2
Neglectibacter	Nitrobacter	0.943	4	4
Neglectibacter	Paludibacter	0.771	4	4
Neglectibacter	Paludibaculum	0.829	4	4
Neglectibacter	Parabacteroides	1	4	4
Neglectibacter	Pedosphaera	0.829	4	4
Neglectibacter	Pleomorphomonas	1	4	4
Neglectibacter	Provencibacterium	0.714	4	4
Neglectibacter	Pseudobacteroides	0.771	4	4
Neglectibacter	Pseudochryseolinea	0.829	4	4
Neglectibacter	Pseudoruminococcus	0.829	4	4
Neglectibacter	Pumilibacter	0.943	4	4
Neglectibacter	Saccharofermentans	0.943	4	4
Neglectibacter	Solibaculum	1	4	4
Neglectibacter	Sphingobium	0.943	4	4
Neglectibacter	Sporomusa	0.771	4	4
Neglectibacter	Vermiculatibacterium	0.771	4	4
Neglectibacter	Vescimonas	0.943	4	4
Neglectibacter	Yanshouia	0.943	4	4
Neglectibacter	Youngiibacter	0.771	4	4
Nitrobacter	Paludibacter	0.886	4	4
Nitrobacter	Paludibaculum	0.943	4	4
Nitrobacter	Parabacteroides	0.943	4	4
Nitrobacter	Pedosphaera	0.943	4	4
Nitrobacter	Pleomorphomonas	0.943	4	4
Nitrobacter	Pseudobacteroides	0.829	4	4
Nitrobacter	Pseudochryseolinea	0.943	4	4
Nitrobacter	Pseudoruminococcus	0.943	4	4
Nitrobacter	Pumilibacter	0.886	4	4
Nitrobacter	Saccharofermentans	1	4	4
Nitrobacter	Solibaculum	0.943	4	4
Nitrobacter	Sphingobium	1	4	4
Nitrobacter	Sporomusa	0.829	4	4
Nitrobacter	Vermiculatibacterium	0.829	4	4
Nitrobacter	Vescimonas	1	4	4
Nitrobacter	Yanshouia	0.829	4	4
Nitrobacter	Youngiibacter	0.829	4	4
Novosphingobium	Opitutus	0.714	2	2
Novosphingobium	Oxobacter	0.771	2	2
Novosphingobium	Paeniroseomonas	0.829	2	2
Novosphingobium	Parerythrobacter	0.943	2	2
Novosphingobium	Propionivibrio	0.771	2	2
Novosphingobium	Psychrosinus	0.714	2	2
Novosphingobium	Qipengyuania	0.886	2	2
Novosphingobium	Quisquiliibacterium	0.943	2	2
Novosphingobium	Roseisolibacter	0.886	2	2
Novosphingobium	Roseococcus	0.829	2	2
Novosphingobium	Rubellimicrobium	1	2	2
Novosphingobium	Rubrivirga	0.829	2	2
Novosphingobium	Sandaracinobacteroides	0.886	2	2
Novosphingobium	Sandarakinorhabdus	0.943	2	2
Novosphingobium	Sphingomonas	0.771	2	2
Novosphingobium	Sphingopyxis	0.886	2	2
Novosphingobium	Sphingorhabdus	0.943	2	2
Novosphingobium	Steroidobacter	0.829	2	2
Novosphingobium	Tabrizicola	0.886	2	2
Novosphingobium	Thermoclostridium	0.771	2	2
Novosphingobium	Zongyangia	0.771	2	2
Opitutus	Paeniroseomonas	0.886	2	2
Opitutus	Paludihabitans	0.829	2	2
Opitutus	Paragemmobacter	0.771	2	2
Opitutus	Parerythrobacter	0.771	2	2
Opitutus	Pelosinus	0.943	2	2
Opitutus	Piscinibacter	0.886	2	2
Opitutus	Propionispora	0.829	2	2
Opitutus	Pseudoflavonifractor	0.829	2	2
Opitutus	Psychrosinus	0.829	2	2
Opitutus	Quisquiliibacterium	0.771	2	2
Opitutus	Rhodoferax	0.943	2	2
Opitutus	Rubellimicrobium	0.714	2	2
Opitutus	Rubrivirga	0.886	2	2
Opitutus	Sandarakinorhabdus	0.771	2	2
Opitutus	Sphingomonas	0.771	2	2
Opitutus	Sphingopyxis	0.829	2	2
Opitutus	Sphingorhabdus	0.771	2	2
Opitutus	Steroidobacter	0.886	2	2
Opitutus	Thermoclostridium	0.771	2	2
Opitutus	Vampirovibrio	0.943	2	2
Opitutus	Xylanivirga	0.886	2	2
Opitutus	Zongyangia	0.771	2	2
Oscillibacter	Proteiniclasticum	0.771	6	6
Oscillibacter	Provencibacterium	0.771	6	4
Oscillibacter	Sporobacter	0.771	6	6
Oxobacter	Paludihabitans	0.771	2	2
Oxobacter	Paragemmobacter	0.829	2	2
Oxobacter	Parerythrobacter	0.829	2	2
Oxobacter	Pelosinus	0.714	2	2
Oxobacter	Piscinibacter	0.771	2	2
Oxobacter	Propionispora	0.771	2	2
Oxobacter	Propionivibrio	1	2	2
Oxobacter	Pseudoflavonifractor	0.771	2	2
Oxobacter	Qipengyuania	0.771	2	2
Oxobacter	Quisquiliibacterium	0.714	2	2
Oxobacter	Rhodoferax	0.714	2	2
Oxobacter	Roseisolibacter	0.771	2	2
Oxobacter	Rubellimicrobium	0.771	2	2
Oxobacter	Sandaracinobacteroides	0.771	2	2
Oxobacter	Sandarakinorhabdus	0.714	2	2
Oxobacter	Sphingomonas	0.886	2	2
Oxobacter	Sphingopyxis	0.771	2	2
Oxobacter	Sphingorhabdus	0.714	2	2
Oxobacter	Tabrizicola	0.771	2	2
Oxobacter	Thermoclostridium	0.886	2	2
Oxobacter	Vampirovibrio	0.714	2	2
Oxobacter	Xylanivirga	0.771	2	2
Oxobacter	Zongyangia	0.886	2	2
Paeniroseomonas	Paludihabitans	0.714	2	2
Paeniroseomonas	Paragemmobacter	0.771	2	2
Paeniroseomonas	Parerythrobacter	0.771	2	2
Paeniroseomonas	Pelosinus	0.771	2	2
Paeniroseomonas	Piscinibacter	0.829	2	2
Paeniroseomonas	Propionispora	0.714	2	2
Paeniroseomonas	Pseudoflavonifractor	0.714	2	2
Paeniroseomonas	Psychrosinus	0.886	2	2
Paeniroseomonas	Qipengyuania	0.714	2	2
Paeniroseomonas	Quisquiliibacterium	0.943	2	2
Paeniroseomonas	Rhodoferax	0.771	2	2
Paeniroseomonas	Roseisolibacter	0.886	2	2
Paeniroseomonas	Rubellimicrobium	0.829	2	2
Paeniroseomonas	Rubrivirga	0.829	2	2
Paeniroseomonas	Sandaracinobacteroides	0.886	2	2
Paeniroseomonas	Sandarakinorhabdus	0.771	2	2
Paeniroseomonas	Sphingomonas	0.771	2	2
Paeniroseomonas	Sphingopyxis	0.886	2	2
Paeniroseomonas	Sphingorhabdus	0.771	2	2
Paeniroseomonas	Steroidobacter	1	2	2
Paeniroseomonas	Tabrizicola	0.886	2	2
Paeniroseomonas	Thermoclostridium	0.771	2	2
Paeniroseomonas	Vampirovibrio	0.771	2	2
Paeniroseomonas	Xylanivirga	0.829	2	2
Paludibacter	Paludibaculum	0.943	4	4
Paludibacter	Papillibacter	0.714	4	4
Paludibacter	Parabacteroides	0.771	4	4
Paludibacter	Pedosphaera	0.943	4	4
Paludibacter	Pleomorphomonas	0.771	4	4
Paludibacter	Pseudobacteroides	0.886	4	4
Paludibacter	Pseudochryseolinea	0.943	4	4
Paludibacter	Pseudoruminococcus	0.943	4	4
Paludibacter	Ruminiclostridium	0.771	4	4
Paludibacter	Saccharofermentans	0.886	4	4
Paludibacter	Sedimentibacter	0.771	4	4
Paludibacter	Solibaculum	0.771	4	4
Paludibacter	Sphingobium	0.886	4	4
Paludibacter	Sporomusa	0.886	4	4
Paludibacter	Vermiculatibacterium	0.886	4	4
Paludibacter	Vescimonas	0.886	4	4
Paludibacter	Yanshouia	0.714	4	4
Paludibacter	Youngiibacter	0.886	4	4
Paludibaculum	Papillibacter	0.771	4	4
Paludibaculum	Parabacteroides	0.829	4	4
Paludibaculum	Pedosphaera	1	4	4
Paludibaculum	Pleomorphomonas	0.829	4	4
Paludibaculum	Pseudobacteroides	0.943	4	4
Paludibaculum	Pseudochryseolinea	1	4	4
Paludibaculum	Pseudoruminococcus	1	4	4
Paludibaculum	Pumilibacter	0.771	4	4
Paludibaculum	Ruminiclostridium	0.829	4	4
Paludibaculum	Saccharofermentans	0.943	4	4
Paludibaculum	Sedimentibacter	0.714	4	4
Paludibaculum	Solibaculum	0.829	4	4
Paludibaculum	Sphingobium	0.943	4	4
Paludibaculum	Sporomusa	0.943	4	4
Paludibaculum	Vermiculatibacterium	0.943	4	4
Paludibaculum	Vescimonas	0.943	4	4
Paludibaculum	Yanshouia	0.771	4	4
Paludibaculum	Youngiibacter	0.771	4	4
Paludihabitans	Paragemmobacter	0.943	2	2
Paludihabitans	Pelosinus	0.943	2	2
Paludihabitans	Piscinibacter	0.886	2	2
Paludihabitans	Propionispora	1	2	2
Paludihabitans	Propionivibrio	0.771	2	2
Paludihabitans	Pseudoflavonifractor	1	2	2
Paludihabitans	Psychrosinus	0.829	2	2
Paludihabitans	Rhodoferax	0.943	2	2
Paludihabitans	Rubrivirga	0.714	2	2
Paludihabitans	Sphingomonas	0.771	2	2
Paludihabitans	Steroidobacter	0.714	2	2
Paludihabitans	Thermoclostridium	0.771	2	2
Paludihabitans	Vampirovibrio	0.943	2	2
Paludihabitans	Xylanivirga	0.886	2	2
Paludihabitans	Zongyangia	0.771	2	2
Papillibacter	Pedosphaera	0.771	4	4
Papillibacter	Pseudobacteroides	0.829	4	4
Papillibacter	Pseudochryseolinea	0.771	4	4
Papillibacter	Pseudoruminococcus	0.771	4	4
Papillibacter	Pumilibacter	0.714	4	4
Papillibacter	Sedimentibacter	0.943	4	4
Papillibacter	Sporomusa	0.829	4	4
Papillibacter	Vermiculatibacterium	0.829	4	4
Parabacteroides	Pedosphaera	0.829	4	4
Parabacteroides	Pleomorphomonas	1	4	4
Parabacteroides	Provencibacterium	0.714	4	4
Parabacteroides	Pseudobacteroides	0.771	4	4
Parabacteroides	Pseudochryseolinea	0.829	4	4
Parabacteroides	Pseudoruminococcus	0.829	4	4
Parabacteroides	Pumilibacter	0.943	4	4
Parabacteroides	Saccharofermentans	0.943	4	4
Parabacteroides	Solibaculum	1	4	4
Parabacteroides	Sphingobium	0.943	4	4
Parabacteroides	Sporomusa	0.771	4	4
Parabacteroides	Vermiculatibacterium	0.771	4	4
Parabacteroides	Vescimonas	0.943	4	4
Parabacteroides	Yanshouia	0.943	4	4
Parabacteroides	Youngiibacter	0.771	4	4
Paragemmobacter	Pelosinus	0.886	2	2
Paragemmobacter	Piscinibacter	0.943	2	2
Paragemmobacter	Propionispora	0.943	2	2
Paragemmobacter	Propionivibrio	0.829	2	2
Paragemmobacter	Pseudoflavonifractor	0.943	2	2
Paragemmobacter	Psychrosinus	0.771	2	2
Paragemmobacter	Quisquiliibacterium	0.714	2	2
Paragemmobacter	Rhodoferax	0.886	2	2
Paragemmobacter	Roseisolibacter	0.771	2	2
Paragemmobacter	Sandaracinobacteroides	0.771	2	2
Paragemmobacter	Sphingomonas	0.886	2	2
Paragemmobacter	Sphingopyxis	0.771	2	2
Paragemmobacter	Steroidobacter	0.771	2	2
Paragemmobacter	Tabrizicola	0.771	2	2
Paragemmobacter	Thermoclostridium	0.886	2	2
Paragemmobacter	Vampirovibrio	0.886	2	2
Paragemmobacter	Xylanivirga	0.943	2	2
Paragemmobacter	Zongyangia	0.714	2	2
Parerythrobacter	Pelosinus	0.714	2	2
Parerythrobacter	Piscinibacter	0.771	2	2
Parerythrobacter	Propionivibrio	0.829	2	2
Parerythrobacter	Qipengyuania	0.771	2	2
Parerythrobacter	Quisquiliibacterium	0.886	2	2
Parerythrobacter	Rhodoferax	0.714	2	2
Parerythrobacter	Roseisolibacter	0.771	2	2
Parerythrobacter	Rubellimicrobium	0.943	2	2
Parerythrobacter	Rubrivirga	0.771	2	2
Parerythrobacter	Sandaracinobacteroides	0.771	2	2
Parerythrobacter	Sandarakinorhabdus	0.886	2	2
Parerythrobacter	Sphingomonas	0.886	2	2
Parerythrobacter	Sphingopyxis	0.943	2	2
Parerythrobacter	Sphingorhabdus	0.886	2	2
Parerythrobacter	Steroidobacter	0.771	2	2
Parerythrobacter	Tabrizicola	0.771	2	2
Parerythrobacter	Thermoclostridium	0.886	2	2
Parerythrobacter	Vampirovibrio	0.714	2	2
Parerythrobacter	Xylanivirga	0.771	2	2
Parerythrobacter	Zongyangia	0.886	2	2
Pedosphaera	Pleomorphomonas	0.829	4	4
Pedosphaera	Pseudobacteroides	0.943	4	4
Pedosphaera	Pseudochryseolinea	1	4	4
Pedosphaera	Pseudoruminococcus	1	4	4
Pedosphaera	Pumilibacter	0.771	4	4
Pedosphaera	Ruminiclostridium	0.829	4	4
Pedosphaera	Saccharofermentans	0.943	4	4
Pedosphaera	Sedimentibacter	0.714	4	4
Pedosphaera	Solibaculum	0.829	4	4
Pedosphaera	Sphingobium	0.943	4	4
Pedosphaera	Sporomusa	0.943	4	4
Pedosphaera	Vermiculatibacterium	0.943	4	4
Pedosphaera	Vescimonas	0.943	4	4
Pedosphaera	Yanshouia	0.771	4	4
Pedosphaera	Youngiibacter	0.771	4	4
Pelosinus	Piscinibacter	0.943	2	2
Pelosinus	Propionispora	0.943	2	2
Pelosinus	Propionivibrio	0.714	2	2
Pelosinus	Pseudoflavonifractor	0.943	2	2
Pelosinus	Psychrosinus	0.771	2	2
Pelosinus	Rhodoferax	1	2	2
Pelosinus	Rubrivirga	0.771	2	2
Pelosinus	Sphingomonas	0.829	2	2
Pelosinus	Sphingopyxis	0.771	2	2
Pelosinus	Steroidobacter	0.771	2	2
Pelosinus	Thermoclostridium	0.829	2	2
Pelosinus	Vampirovibrio	1	2	2
Pelosinus	Xylanivirga	0.943	2	2
Pelosinus	Zongyangia	0.829	2	2
Piscinibacter	Propionispora	0.886	2	2
Piscinibacter	Propionivibrio	0.771	2	2
Piscinibacter	Pseudoflavonifractor	0.886	2	2
Piscinibacter	Psychrosinus	0.714	2	2
Piscinibacter	Quisquiliibacterium	0.771	2	2
Piscinibacter	Rhodoferax	0.943	2	2
Piscinibacter	Roseisolibacter	0.714	2	2
Piscinibacter	Sandaracinobacteroides	0.714	2	2
Piscinibacter	Sphingomonas	0.943	2	2
Piscinibacter	Sphingopyxis	0.886	2	2
Piscinibacter	Steroidobacter	0.829	2	2
Piscinibacter	Tabrizicola	0.714	2	2
Piscinibacter	Thermoclostridium	0.943	2	2
Piscinibacter	Vampirovibrio	0.943	2	2
Piscinibacter	Xylanivirga	1	2	2
Piscinibacter	Zongyangia	0.771	2	2
Pleomorphomonas	Provencibacterium	0.714	4	4
Pleomorphomonas	Pseudobacteroides	0.771	4	4
Pleomorphomonas	Pseudochryseolinea	0.829	4	4
Pleomorphomonas	Pseudoruminococcus	0.829	4	4
Pleomorphomonas	Pumilibacter	0.943	4	4
Pleomorphomonas	Saccharofermentans	0.943	4	4
Pleomorphomonas	Solibaculum	1	4	4
Pleomorphomonas	Sphingobium	0.943	4	4
Pleomorphomonas	Sporomusa	0.771	4	4
Pleomorphomonas	Vermiculatibacterium	0.771	4	4
Pleomorphomonas	Vescimonas	0.943	4	4
Pleomorphomonas	Yanshouia	0.943	4	4
Pleomorphomonas	Youngiibacter	0.771	4	4
Propionicimonas	Sabulicella	0.771	3	3
Propionispora	Propionivibrio	0.771	2	2
Propionispora	Pseudoflavonifractor	1	2	2
Propionispora	Psychrosinus	0.829	2	2
Propionispora	Rhodoferax	0.943	2	2
Propionispora	Rubrivirga	0.714	2	2
Propionispora	Sphingomonas	0.771	2	2
Propionispora	Steroidobacter	0.714	2	2
Propionispora	Thermoclostridium	0.771	2	2
Propionispora	Vampirovibrio	0.943	2	2
Propionispora	Xylanivirga	0.886	2	2
Propionispora	Zongyangia	0.771	2	2
Propionivibrio	Pseudoflavonifractor	0.771	2	2
Propionivibrio	Qipengyuania	0.771	2	2
Propionivibrio	Quisquiliibacterium	0.714	2	2
Propionivibrio	Rhodoferax	0.714	2	2
Propionivibrio	Roseisolibacter	0.771	2	2
Propionivibrio	Rubellimicrobium	0.771	2	2
Propionivibrio	Sandaracinobacteroides	0.771	2	2
Propionivibrio	Sandarakinorhabdus	0.714	2	2
Propionivibrio	Sphingomonas	0.886	2	2
Propionivibrio	Sphingopyxis	0.771	2	2
Propionivibrio	Sphingorhabdus	0.714	2	2
Propionivibrio	Tabrizicola	0.771	2	2
Propionivibrio	Thermoclostridium	0.886	2	2
Propionivibrio	Vampirovibrio	0.714	2	2
Propionivibrio	Xylanivirga	0.771	2	2
Propionivibrio	Zongyangia	0.886	2	2
Proteiniclasticum	Ruminiclostridium	0.714	6	4
Proteiniclasticum	Sporobacter	0.886	6	6
Provencibacterium	Solibaculum	0.714	4	4
Pseudobacteroides	Pseudochryseolinea	0.943	4	4
Pseudobacteroides	Pseudoruminococcus	0.943	4	4
Pseudobacteroides	Pumilibacter	0.714	4	4
Pseudobacteroides	Ruminiclostridium	0.943	4	4
Pseudobacteroides	Saccharofermentans	0.829	4	4
Pseudobacteroides	Sedimentibacter	0.771	4	4
Pseudobacteroides	Solibaculum	0.771	4	4
Pseudobacteroides	Sphingobium	0.829	4	4
Pseudobacteroides	Sporomusa	1	4	4
Pseudobacteroides	Vermiculatibacterium	1	4	4
Pseudobacteroides	Vescimonas	0.829	4	4
Pseudobacteroides	Yanshouia	0.829	4	4
Pseudochryseolinea	Pseudoruminococcus	1	4	4
Pseudochryseolinea	Pumilibacter	0.771	4	4
Pseudochryseolinea	Ruminiclostridium	0.829	4	4
Pseudochryseolinea	Saccharofermentans	0.943	4	4
Pseudochryseolinea	Sedimentibacter	0.714	4	4
Pseudochryseolinea	Solibaculum	0.829	4	4
Pseudochryseolinea	Sphingobium	0.943	4	4
Pseudochryseolinea	Sporomusa	0.943	4	4
Pseudochryseolinea	Vermiculatibacterium	0.943	4	4
Pseudochryseolinea	Vescimonas	0.943	4	4
Pseudochryseolinea	Yanshouia	0.771	4	4
Pseudochryseolinea	Youngiibacter	0.771	4	4
Pseudoflavonifractor	Psychrosinus	0.829	2	2
Pseudoflavonifractor	Rhodoferax	0.943	2	2
Pseudoflavonifractor	Rubrivirga	0.714	2	2
Pseudoflavonifractor	Sphingomonas	0.771	2	2
Pseudoflavonifractor	Steroidobacter	0.714	2	2
Pseudoflavonifractor	Thermoclostridium	0.771	2	2
Pseudoflavonifractor	Vampirovibrio	0.943	2	2
Pseudoflavonifractor	Xylanivirga	0.886	2	2
Pseudoflavonifractor	Zongyangia	0.771	2	2
Pseudoruminococcus	Pumilibacter	0.771	4	4
Pseudoruminococcus	Ruminiclostridium	0.829	4	4
Pseudoruminococcus	Saccharofermentans	0.943	4	4
Pseudoruminococcus	Sedimentibacter	0.714	4	4
Pseudoruminococcus	Solibaculum	0.829	4	4
Pseudoruminococcus	Sphingobium	0.943	4	4
Pseudoruminococcus	Sporomusa	0.943	4	4
Pseudoruminococcus	Vermiculatibacterium	0.943	4	4
Pseudoruminococcus	Vescimonas	0.943	4	4
Pseudoruminococcus	Yanshouia	0.771	4	4
Pseudoruminococcus	Youngiibacter	0.771	4	4
Psychrosinus	Qipengyuania	0.829	2	2
Psychrosinus	Quisquiliibacterium	0.771	2	2
Psychrosinus	Rhodoferax	0.771	2	2
Psychrosinus	Roseisolibacter	0.829	2	2
Psychrosinus	Rubellimicrobium	0.714	2	2
Psychrosinus	Rubrivirga	0.886	2	2
Psychrosinus	Sandaracinobacteroides	0.829	2	2
Psychrosinus	Sandarakinorhabdus	0.771	2	2
Psychrosinus	Sphingorhabdus	0.771	2	2
Psychrosinus	Steroidobacter	0.886	2	2
Psychrosinus	Tabrizicola	0.829	2	2
Psychrosinus	Vampirovibrio	0.771	2	2
Psychrosinus	Xylanivirga	0.714	2	2
Pumilibacter	Saccharofermentans	0.886	4	4
Pumilibacter	Solibaculum	0.943	4	4
Pumilibacter	Sphingobium	0.886	4	4
Pumilibacter	Sporomusa	0.714	4	4
Pumilibacter	Vermiculatibacterium	0.714	4	4
Pumilibacter	Vescimonas	0.886	4	4
Pumilibacter	Yanshouia	0.886	4	4
Pumilibacter	Youngiibacter	0.714	4	4
Qipengyuania	Quisquiliibacterium	0.771	2	2
Qipengyuania	Roseisolibacter	0.829	2	2
Qipengyuania	Roseococcus	0.943	2	2
Qipengyuania	Rubellimicrobium	0.886	2	2
Qipengyuania	Rubrivirga	0.886	2	2
Qipengyuania	Sandaracinobacteroides	0.829	2	2
Qipengyuania	Sandarakinorhabdus	0.943	2	2
Qipengyuania	Sphingorhabdus	0.943	2	2
Qipengyuania	Steroidobacter	0.714	2	2
Qipengyuania	Tabrizicola	0.829	2	2
Qipengyuania	Zongyangia	0.771	2	2
Quisquiliibacterium	Roseisolibacter	0.943	2	2
Quisquiliibacterium	Rubellimicrobium	0.943	2	2
Quisquiliibacterium	Rubrivirga	0.771	2	2
Quisquiliibacterium	Sandaracinobacteroides	0.943	2	2
Quisquiliibacterium	Sandarakinorhabdus	0.829	2	2
Quisquiliibacterium	Sphingomonas	0.829	2	2
Quisquiliibacterium	Sphingopyxis	0.943	2	2
Quisquiliibacterium	Sphingorhabdus	0.829	2	2
Quisquiliibacterium	Steroidobacter	0.943	2	2
Quisquiliibacterium	Tabrizicola	0.943	2	2
Quisquiliibacterium	Thermoclostridium	0.829	2	2
Quisquiliibacterium	Xylanivirga	0.771	2	2
Rhodoferax	Rubrivirga	0.771	2	2
Rhodoferax	Sphingomonas	0.829	2	2
Rhodoferax	Sphingopyxis	0.771	2	2
Rhodoferax	Steroidobacter	0.771	2	2
Rhodoferax	Thermoclostridium	0.829	2	2
Rhodoferax	Vampirovibrio	1	2	2
Rhodoferax	Xylanivirga	0.943	2	2
Rhodoferax	Zongyangia	0.829	2	2
Roseisolibacter	Roseococcus	0.714	2	2
Roseisolibacter	Rubellimicrobium	0.886	2	2
Roseisolibacter	Rubrivirga	0.714	2	2
Roseisolibacter	Sandaracinobacteroides	1	2	2
Roseisolibacter	Sandarakinorhabdus	0.771	2	2
Roseisolibacter	Sphingomonas	0.771	2	2
Roseisolibacter	Sphingopyxis	0.829	2	2
Roseisolibacter	Sphingorhabdus	0.771	2	2
Roseisolibacter	Steroidobacter	0.886	2	2
Roseisolibacter	Tabrizicola	1	2	2
Roseisolibacter	Thermoclostridium	0.771	2	2
Roseisolibacter	Xylanivirga	0.714	2	2
Roseococcus	Rubellimicrobium	0.829	2	2
Roseococcus	Rubrivirga	0.771	2	2
Roseococcus	Sabulicella	0.829	2	3
Roseococcus	Sandaracinobacteroides	0.714	2	2
Roseococcus	Sandarakinorhabdus	0.886	2	2
Roseococcus	Sphingorhabdus	0.886	2	2
Roseococcus	Tabrizicola	0.714	2	2
Rubellimicrobium	Rubrivirga	0.829	2	2
Rubellimicrobium	Sandaracinobacteroides	0.886	2	2
Rubellimicrobium	Sandarakinorhabdus	0.943	2	2
Rubellimicrobium	Sphingomonas	0.771	2	2
Rubellimicrobium	Sphingopyxis	0.886	2	2
Rubellimicrobium	Sphingorhabdus	0.943	2	2
Rubellimicrobium	Steroidobacter	0.829	2	2
Rubellimicrobium	Tabrizicola	0.886	2	2
Rubellimicrobium	Thermoclostridium	0.771	2	2
Rubellimicrobium	Zongyangia	0.771	2	2
Rubrivirga	Sandaracinobacteroides	0.714	2	2
Rubrivirga	Sandarakinorhabdus	0.943	2	2
Rubrivirga	Sphingopyxis	0.714	2	2
Rubrivirga	Sphingorhabdus	0.943	2	2
Rubrivirga	Steroidobacter	0.829	2	2
Rubrivirga	Tabrizicola	0.714	2	2
Rubrivirga	Vampirovibrio	0.771	2	2
Rubrivirga	Zongyangia	0.771	2	2
Ruminiclostridium	Sporomusa	0.943	4	4
Ruminiclostridium	Vermiculatibacterium	0.943	4	4
Ruminiclostridium	Yanshouia	0.714	4	4
Saccharofermentans	Solibaculum	0.943	4	4
Saccharofermentans	Sphingobium	1	4	4
Saccharofermentans	Sporomusa	0.829	4	4
Saccharofermentans	Vermiculatibacterium	0.829	4	4
Saccharofermentans	Vescimonas	1	4	4
Saccharofermentans	Yanshouia	0.829	4	4
Saccharofermentans	Youngiibacter	0.829	4	4
Sandaracinobacteroides	Sandarakinorhabdus	0.771	2	2
Sandaracinobacteroides	Sphingomonas	0.771	2	2
Sandaracinobacteroides	Sphingopyxis	0.829	2	2
Sandaracinobacteroides	Sphingorhabdus	0.771	2	2
Sandaracinobacteroides	Steroidobacter	0.886	2	2
Sandaracinobacteroides	Tabrizicola	1	2	2
Sandaracinobacteroides	Thermoclostridium	0.771	2	2
Sandaracinobacteroides	Xylanivirga	0.714	2	2
Sandarakinorhabdus	Sphingopyxis	0.771	2	2
Sandarakinorhabdus	Sphingorhabdus	1	2	2
Sandarakinorhabdus	Steroidobacter	0.771	2	2
Sandarakinorhabdus	Tabrizicola	0.771	2	2
Sandarakinorhabdus	Zongyangia	0.829	2	2
Sedimentibacter	Sporomusa	0.771	4	4
Sedimentibacter	Vermiculatibacterium	0.771	4	4
Sedimentibacter	Youngiibacter	0.771	4	4
Solibaculum	Sphingobium	0.943	4	4
Solibaculum	Sporomusa	0.771	4	4
Solibaculum	Vermiculatibacterium	0.771	4	4
Solibaculum	Vescimonas	0.943	4	4
Solibaculum	Yanshouia	0.943	4	4
Solibaculum	Youngiibacter	0.771	4	4
Sphingobium	Sporomusa	0.829	4	4
Sphingobium	Vermiculatibacterium	0.829	4	4
Sphingobium	Vescimonas	1	4	4
Sphingobium	Yanshouia	0.829	4	4
Sphingobium	Youngiibacter	0.829	4	4
Sphingomonas	Sphingopyxis	0.943	2	2
Sphingomonas	Steroidobacter	0.771	2	2
Sphingomonas	Tabrizicola	0.771	2	2
Sphingomonas	Thermoclostridium	1	2	2
Sphingomonas	Vampirovibrio	0.829	2	2
Sphingomonas	Xylanivirga	0.943	2	2
Sphingomonas	Zongyangia	0.829	2	2
Sphingopyxis	Sphingorhabdus	0.771	2	2
Sphingopyxis	Steroidobacter	0.886	2	2
Sphingopyxis	Tabrizicola	0.829	2	2
Sphingopyxis	Thermoclostridium	0.943	2	2
Sphingopyxis	Vampirovibrio	0.771	2	2
Sphingopyxis	Xylanivirga	0.886	2	2
Sphingopyxis	Zongyangia	0.771	2	2
Sphingorhabdus	Steroidobacter	0.771	2	2
Sphingorhabdus	Tabrizicola	0.771	2	2
Sphingorhabdus	Zongyangia	0.829	2	2
Sporomusa	Vermiculatibacterium	1	4	4
Sporomusa	Vescimonas	0.829	4	4
Sporomusa	Yanshouia	0.829	4	4
Steroidobacter	Tabrizicola	0.886	2	2
Steroidobacter	Thermoclostridium	0.771	2	2
Steroidobacter	Vampirovibrio	0.771	2	2
Steroidobacter	Xylanivirga	0.829	2	2
Tabrizicola	Thermoclostridium	0.771	2	2
Tabrizicola	Xylanivirga	0.714	2	2
Thermoclostridium	Vampirovibrio	0.829	2	2
Thermoclostridium	Xylanivirga	0.943	2	2
Thermoclostridium	Zongyangia	0.829	2	2
Vampirovibrio	Xylanivirga	0.943	2	2
Vampirovibrio	Zongyangia	0.829	2	2
Vermiculatibacterium	Vescimonas	0.829	4	4
Vermiculatibacterium	Yanshouia	0.829	4	4
Vescimonas	Yanshouia	0.829	4	4
Vescimonas	Youngiibacter	0.829	4	4
Xylanivirga	Zongyangia	0.771	2	2
