from	to	rho	from_module	to_module
OTU_1	OTU_105	0.829	1	1
OTU_1	OTU_106	0.886	1	1
OTU_1	OTU_109	0.943	1	1
OTU_1	OTU_111	0.943	1	1
OTU_1	OTU_113	0.829	1	1
OTU_1	OTU_120	0.943	1	1
OTU_1	OTU_121	0.943	1	1
OTU_1	OTU_124	0.829	1	1
OTU_1	OTU_13	0.943	1	1
OTU_1	OTU_130	0.829	1	1
OTU_1	OTU_133	1	1	1
OTU_1	OTU_139	1	1	1
OTU_1	OTU_143	0.886	1	1
OTU_1	OTU_146	0.829	1	1
OTU_1	OTU_151	0.829	1	1
OTU_1	OTU_153	0.771	1	1
OTU_1	OTU_154	0.714	1	1
OTU_1	OTU_157	0.771	1	1
OTU_1	OTU_161	0.829	1	1
OTU_1	OTU_167	0.829	1	1
OTU_1	OTU_17	0.829	1	1
OTU_1	OTU_170	0.886	1	1
OTU_1	OTU_174	0.943	1	1
OTU_1	OTU_183	0.829	1	1
OTU_1	OTU_186	0.829	1	1
OTU_1	OTU_19	0.829	1	1
OTU_1	OTU_23	0.943	1	1
OTU_1	OTU_230	0.771	1	1
OTU_1	OTU_234	0.829	1	1
OTU_1	OTU_237	1	1	1
OTU_1	OTU_239	0.943	1	1
OTU_1	OTU_240	0.829	1	1
OTU_1	OTU_242	0.943	1	1
OTU_1	OTU_245	0.771	1	1
OTU_1	OTU_252	0.714	1	1
OTU_1	OTU_255	0.943	1	1
OTU_1	OTU_257	0.943	1	1
OTU_1	OTU_26	0.943	1	1
OTU_1	OTU_27	0.943	1	1
OTU_1	OTU_276	0.886	1	1
OTU_1	OTU_280	0.771	1	1
OTU_1	OTU_292	0.771	1	1
OTU_1	OTU_298	0.943	1	1
OTU_1	OTU_300	0.829	1	1
OTU_1	OTU_302	0.771	1	1
OTU_1	OTU_305	0.943	1	1
OTU_1	OTU_31	1	1	1
OTU_1	OTU_320	1	1	1
OTU_1	OTU_321	0.829	1	1
OTU_1	OTU_325	0.771	1	1
OTU_1	OTU_327	1	1	1
OTU_1	OTU_329	0.943	1	1
OTU_1	OTU_330	0.771	1	1
OTU_1	OTU_34	0.829	1	1
OTU_1	OTU_347	0.943	1	1
OTU_1	OTU_4	0.771	1	1
OTU_1	OTU_44	0.829	1	1
OTU_1	OTU_46	0.943	1	1
OTU_1	OTU_53	0.943	1	1
OTU_1	OTU_58	0.943	1	1
OTU_1	OTU_6	0.829	1	1
OTU_1	OTU_65	0.829	1	1
OTU_1	OTU_68	0.771	1	1
OTU_1	OTU_69	0.829	1	1
OTU_1	OTU_71	0.943	1	1
OTU_1	OTU_72	1	1	1
OTU_1	OTU_81	1	1	1
OTU_1	OTU_82	0.714	1	1
OTU_1	OTU_83	0.771	1	1
OTU_1	OTU_85	0.886	1	1
OTU_1	OTU_86	0.771	1	1
OTU_1	OTU_87	0.943	1	1
OTU_1	OTU_88	0.943	1	1
OTU_1	OTU_96	1	1	1
OTU_1	OTU_98	0.829	1	1
OTU_10	OTU_104	0.943	2	2
OTU_10	OTU_108	0.829	2	2
OTU_10	OTU_11	0.829	2	2
OTU_10	OTU_119	0.714	2	2
OTU_10	OTU_12	0.771	2	2
OTU_10	OTU_123	0.771	2	2
OTU_10	OTU_125	0.943	2	2
OTU_10	OTU_128	0.943	2	2
OTU_10	OTU_132	0.829	2	2
OTU_10	OTU_135	0.771	2	2
OTU_10	OTU_136	0.714	2	2
OTU_10	OTU_142	0.714	2	2
OTU_10	OTU_145	0.714	2	2
OTU_10	OTU_148	0.771	2	2
OTU_10	OTU_156	0.771	2	2
OTU_10	OTU_158	0.943	2	2
OTU_10	OTU_159	0.943	2	2
OTU_10	OTU_16	0.771	2	2
OTU_10	OTU_163	0.886	2	2
OTU_10	OTU_165	0.886	2	2
OTU_10	OTU_172	0.771	2	2
OTU_10	OTU_173	0.714	2	2
OTU_10	OTU_175	0.771	2	2
OTU_10	OTU_179	0.771	2	2
OTU_10	OTU_18	0.714	2	2
OTU_10	OTU_180	0.829	2	2
OTU_10	OTU_182	0.886	2	2
OTU_10	OTU_184	0.943	2	2
OTU_10	OTU_189	0.829	2	2
OTU_10	OTU_192	0.771	2	2
OTU_10	OTU_194	0.771	2	2
OTU_10	OTU_196	0.714	2	2
OTU_10	OTU_2	0.771	2	2
OTU_10	OTU_20	0.714	2	2
OTU_10	OTU_200	0.886	2	2
OTU_10	OTU_201	0.943	2	2
OTU_10	OTU_202	0.943	2	2
OTU_10	OTU_211	0.771	2	2
OTU_10	OTU_214	0.714	2	2
OTU_10	OTU_216	0.714	2	2
OTU_10	OTU_225	0.829	2	2
OTU_10	OTU_228	0.943	2	2
OTU_10	OTU_231	0.829	2	2
OTU_10	OTU_232	0.886	2	2
OTU_10	OTU_243	0.771	2	2
OTU_10	OTU_247	0.829	2	2
OTU_10	OTU_248	0.829	2	2
OTU_10	OTU_250	0.771	2	2
OTU_10	OTU_251	0.771	2	2
OTU_10	OTU_253	0.771	2	2
OTU_10	OTU_254	0.771	2	2
OTU_10	OTU_256	0.771	2	2
OTU_10	OTU_258	0.714	2	2
OTU_10	OTU_261	0.771	2	2
OTU_10	OTU_265	0.714	2	2
OTU_10	OTU_269	0.943	2	2
OTU_10	OTU_273	0.714	2	2
OTU_10	OTU_275	0.714	2	2
OTU_10	OTU_278	0.714	2	2
OTU_10	OTU_281	0.886	2	2
OTU_10	OTU_284	0.771	2	2
OTU_10	OTU_286	0.829	2	2
OTU_10	OTU_287	0.771	2	2
OTU_10	OTU_299	0.943	2	2
OTU_10	OTU_301	0.771	2	2
OTU_10	OTU_303	0.771	2	2
OTU_10	OTU_308	1	2	2
OTU_10	OTU_309	0.829	2	2
OTU_10	OTU_311	0.943	2	2
OTU_10	OTU_316	0.943	2	2
OTU_10	OTU_317	0.714	2	2
OTU_10	OTU_318	0.886	2	2
OTU_10	OTU_323	0.886	2	2
OTU_10	OTU_326	0.714	2	2
OTU_10	OTU_333	0.829	2	2
OTU_10	OTU_337	0.771	2	2
OTU_10	OTU_338	0.829	2	2
OTU_10	OTU_341	0.771	2	2
OTU_10	OTU_348	0.771	2	2
OTU_10	OTU_350	0.771	2	2
OTU_10	OTU_352	0.771	2	2
OTU_10	OTU_36	0.829	2	2
OTU_10	OTU_38	0.714	2	2
OTU_10	OTU_39	0.771	2	2
OTU_10	OTU_40	0.714	2	2
OTU_10	OTU_43	0.943	2	2
OTU_10	OTU_45	0.771	2	2
OTU_10	OTU_47	0.943	2	2
OTU_10	OTU_5	0.886	2	2
OTU_10	OTU_50	0.886	2	2
OTU_10	OTU_61	1	2	2
OTU_10	OTU_62	0.771	2	2
OTU_10	OTU_64	0.771	2	2
OTU_10	OTU_66	0.829	2	2
OTU_10	OTU_67	0.771	2	2
OTU_10	OTU_7	0.771	2	2
OTU_10	OTU_70	0.714	2	2
OTU_10	OTU_73	0.943	2	2
OTU_10	OTU_78	0.714	2	2
OTU_10	OTU_79	0.771	2	2
OTU_10	OTU_80	0.829	2	2
OTU_10	OTU_91	0.771	2	2
OTU_10	OTU_94	0.829	2	2
OTU_10	OTU_95	0.771	2	2
OTU_10	OTU_97	0.771	2	2
OTU_101	OTU_127	0.886	1	1
OTU_101	OTU_3	0.829	1	1
OTU_103	OTU_105	0.771	1	1
OTU_103	OTU_113	0.771	1	1
OTU_103	OTU_114	0.943	1	1
OTU_103	OTU_124	0.771	1	1
OTU_103	OTU_127	0.714	1	1
OTU_103	OTU_130	0.771	1	1
OTU_103	OTU_140	0.943	1	1
OTU_103	OTU_143	0.771	1	1
OTU_103	OTU_146	0.771	1	1
OTU_103	OTU_151	0.771	1	1
OTU_103	OTU_153	0.829	1	1
OTU_103	OTU_154	0.943	1	1
OTU_103	OTU_161	0.771	1	1
OTU_103	OTU_167	0.771	1	1
OTU_103	OTU_17	0.771	1	1
OTU_103	OTU_170	0.771	1	1
OTU_103	OTU_183	0.771	1	1
OTU_103	OTU_19	0.771	1	1
OTU_103	OTU_23	0.714	1	1
OTU_103	OTU_230	0.829	1	1
OTU_103	OTU_234	0.771	1	1
OTU_103	OTU_245	0.829	1	1
OTU_103	OTU_279	0.943	1	1
OTU_103	OTU_292	0.714	1	1
OTU_103	OTU_294	0.771	1	1
OTU_103	OTU_295	0.886	1	1
OTU_103	OTU_300	0.771	1	1
OTU_103	OTU_302	0.829	1	1
OTU_103	OTU_321	0.771	1	1
OTU_103	OTU_330	0.829	1	1
OTU_103	OTU_34	0.771	1	1
OTU_103	OTU_4	0.886	1	1
OTU_103	OTU_44	0.771	1	1
OTU_103	OTU_56	0.714	1	1
OTU_103	OTU_6	0.771	1	1
OTU_103	OTU_65	0.771	1	1
OTU_103	OTU_69	0.771	1	1
OTU_103	OTU_83	0.714	1	1
OTU_103	OTU_85	0.771	1	1
OTU_103	OTU_86	0.829	1	1
OTU_103	OTU_98	0.771	1	1
OTU_104	OTU_108	0.771	2	2
OTU_104	OTU_11	0.771	2	2
OTU_104	OTU_115	0.771	2	2
OTU_104	OTU_123	0.714	2	2
OTU_104	OTU_125	0.829	2	2
OTU_104	OTU_128	0.886	2	2
OTU_104	OTU_129	0.771	2	2
OTU_104	OTU_132	0.771	2	2
OTU_104	OTU_135	0.886	2	2
OTU_104	OTU_136	0.771	2	2
OTU_104	OTU_148	0.829	2	2
OTU_104	OTU_156	0.886	2	2
OTU_104	OTU_158	0.829	2	2
OTU_104	OTU_159	1	2	2
OTU_104	OTU_16	0.714	2	2
OTU_104	OTU_163	0.771	2	2
OTU_104	OTU_165	0.943	2	2
OTU_104	OTU_172	0.886	2	2
OTU_104	OTU_175	0.829	2	2
OTU_104	OTU_18	0.771	2	2
OTU_104	OTU_180	0.943	2	2
OTU_104	OTU_182	0.771	2	2
OTU_104	OTU_184	0.886	2	2
OTU_104	OTU_189	0.771	2	2
OTU_104	OTU_192	0.829	2	2
OTU_104	OTU_194	0.714	2	2
OTU_104	OTU_2	0.714	2	2
OTU_104	OTU_200	0.943	2	2
OTU_104	OTU_201	1	2	2
OTU_104	OTU_202	1	2	2
OTU_104	OTU_211	0.714	2	2
OTU_104	OTU_214	0.771	2	2
OTU_104	OTU_216	0.771	2	2
OTU_104	OTU_223	0.771	2	2
OTU_104	OTU_225	0.771	2	2
OTU_104	OTU_228	1	2	2
OTU_104	OTU_231	0.943	2	2
OTU_104	OTU_232	0.771	2	2
OTU_104	OTU_238	0.771	2	2
OTU_104	OTU_243	0.714	2	2
OTU_104	OTU_247	0.771	2	2
OTU_104	OTU_248	0.771	2	2
OTU_104	OTU_251	0.886	2	2
OTU_104	OTU_254	0.886	2	2
OTU_104	OTU_258	0.771	2	2
OTU_104	OTU_259	0.771	2	2
OTU_104	OTU_268	0.771	2	2
OTU_104	OTU_269	0.886	2	2
OTU_104	OTU_272	0.714	2	2
OTU_104	OTU_273	0.771	2	2
OTU_104	OTU_275	0.771	2	2
OTU_104	OTU_278	0.771	2	2
OTU_104	OTU_281	0.943	2	2
OTU_104	OTU_284	0.714	2	2
OTU_104	OTU_286	0.771	2	2
OTU_104	OTU_287	0.886	2	2
OTU_104	OTU_299	0.886	2	2
OTU_104	OTU_301	0.886	2	2
OTU_104	OTU_303	0.886	2	2
OTU_104	OTU_308	0.943	2	2
OTU_104	OTU_309	0.771	2	2
OTU_104	OTU_311	1	2	2
OTU_104	OTU_316	0.886	2	2
OTU_104	OTU_318	0.771	2	2
OTU_104	OTU_323	0.943	2	2
OTU_104	OTU_326	0.771	2	2
OTU_104	OTU_333	0.771	2	2
OTU_104	OTU_337	0.886	2	2
OTU_104	OTU_338	0.943	2	2
OTU_104	OTU_340	0.771	2	2
OTU_104	OTU_341	0.829	2	2
OTU_104	OTU_348	0.886	2	2
OTU_104	OTU_352	0.714	2	2
OTU_104	OTU_36	0.771	2	2
OTU_104	OTU_39	0.714	2	2
OTU_104	OTU_43	0.829	2	2
OTU_104	OTU_47	0.886	2	2
OTU_104	OTU_49	0.771	2	2
OTU_104	OTU_5	0.943	2	2
OTU_104	OTU_50	0.943	2	2
OTU_104	OTU_61	0.943	2	2
OTU_104	OTU_64	0.829	2	2
OTU_104	OTU_66	0.771	2	2
OTU_104	OTU_70	0.771	2	2
OTU_104	OTU_73	0.886	2	2
OTU_104	OTU_75	0.771	2	2
OTU_104	OTU_80	0.771	2	2
OTU_104	OTU_91	0.714	2	2
OTU_104	OTU_94	0.771	2	2
OTU_104	OTU_95	0.829	2	2
OTU_105	OTU_109	0.771	1	1
OTU_105	OTU_111	0.943	1	1
OTU_105	OTU_113	1	1	1
OTU_105	OTU_114	0.829	1	1
OTU_105	OTU_120	0.771	1	1
OTU_105	OTU_121	0.771	1	1
OTU_105	OTU_124	1	1	1
OTU_105	OTU_127	0.714	1	1
OTU_105	OTU_13	0.943	1	1
OTU_105	OTU_130	1	1	1
OTU_105	OTU_133	0.829	1	1
OTU_105	OTU_139	0.829	1	1
OTU_105	OTU_140	0.829	1	1
OTU_105	OTU_143	0.714	1	1
OTU_105	OTU_146	1	1	1
OTU_105	OTU_151	1	1	1
OTU_105	OTU_153	0.943	1	1
OTU_105	OTU_154	0.886	1	1
OTU_105	OTU_161	1	1	1
OTU_105	OTU_167	1	1	1
OTU_105	OTU_17	0.829	1	1
OTU_105	OTU_170	0.714	1	1
OTU_105	OTU_174	0.771	1	1
OTU_105	OTU_183	0.829	1	1
OTU_105	OTU_19	1	1	1
OTU_105	OTU_210	0.886	1	1
OTU_105	OTU_23	0.771	1	1
OTU_105	OTU_230	0.943	1	1
OTU_105	OTU_234	1	1	1
OTU_105	OTU_237	0.829	1	1
OTU_105	OTU_239	0.771	1	1
OTU_105	OTU_242	0.771	1	1
OTU_105	OTU_245	0.943	1	1
OTU_105	OTU_255	0.771	1	1
OTU_105	OTU_257	0.943	1	1
OTU_105	OTU_26	0.943	1	1
OTU_105	OTU_27	0.771	1	1
OTU_105	OTU_276	0.886	1	1
OTU_105	OTU_279	0.829	1	1
OTU_105	OTU_280	0.771	1	1
OTU_105	OTU_292	0.943	1	1
OTU_105	OTU_294	0.829	1	1
OTU_105	OTU_295	0.771	1	1
OTU_105	OTU_298	0.771	1	1
OTU_105	OTU_300	1	1	1
OTU_105	OTU_302	0.943	1	1
OTU_105	OTU_305	0.771	1	1
OTU_105	OTU_31	0.829	1	1
OTU_105	OTU_320	0.829	1	1
OTU_105	OTU_321	1	1	1
OTU_105	OTU_325	0.771	1	1
OTU_105	OTU_327	0.829	1	1
OTU_105	OTU_329	0.943	1	1
OTU_105	OTU_330	0.943	1	1
OTU_105	OTU_34	1	1	1
OTU_105	OTU_347	0.943	1	1
OTU_105	OTU_4	0.943	1	1
OTU_105	OTU_44	1	1	1
OTU_105	OTU_46	0.771	1	1
OTU_105	OTU_53	0.943	1	1
OTU_105	OTU_58	0.943	1	1
OTU_105	OTU_6	1	1	1
OTU_105	OTU_65	1	1	1
OTU_105	OTU_69	1	1	1
OTU_105	OTU_71	0.771	1	1
OTU_105	OTU_72	0.829	1	1
OTU_105	OTU_81	0.829	1	1
OTU_105	OTU_82	0.771	1	1
OTU_105	OTU_83	0.943	1	1
OTU_105	OTU_85	0.886	1	1
OTU_105	OTU_86	0.943	1	1
OTU_105	OTU_87	0.943	1	1
OTU_105	OTU_88	0.771	1	1
OTU_105	OTU_96	0.829	1	1
OTU_105	OTU_98	1	1	1
OTU_106	OTU_109	0.771	1	1
OTU_106	OTU_111	0.829	1	1
OTU_106	OTU_120	0.771	1	1
OTU_106	OTU_121	0.771	1	1
OTU_106	OTU_13	0.829	1	1
OTU_106	OTU_133	0.886	1	1
OTU_106	OTU_139	0.886	1	1
OTU_106	OTU_157	0.714	1	1
OTU_106	OTU_174	0.771	1	1
OTU_106	OTU_186	0.714	1	1
OTU_106	OTU_23	0.714	1	1
OTU_106	OTU_237	0.886	1	1
OTU_106	OTU_239	0.771	1	1
OTU_106	OTU_240	0.829	1	1
OTU_106	OTU_242	0.771	1	1
OTU_106	OTU_255	0.771	1	1
OTU_106	OTU_257	0.829	1	1
OTU_106	OTU_26	0.829	1	1
OTU_106	OTU_27	0.771	1	1
OTU_106	OTU_276	0.886	1	1
OTU_106	OTU_280	0.771	1	1
OTU_106	OTU_292	0.714	1	1
OTU_106	OTU_298	0.771	1	1
OTU_106	OTU_305	0.771	1	1
OTU_106	OTU_31	0.886	1	1
OTU_106	OTU_320	0.886	1	1
OTU_106	OTU_325	0.771	1	1
OTU_106	OTU_327	0.886	1	1
OTU_106	OTU_329	0.829	1	1
OTU_106	OTU_347	0.829	1	1
OTU_106	OTU_46	0.771	1	1
OTU_106	OTU_53	0.829	1	1
OTU_106	OTU_58	0.829	1	1
OTU_106	OTU_68	0.714	1	1
OTU_106	OTU_71	0.771	1	1
OTU_106	OTU_72	0.886	1	1
OTU_106	OTU_81	0.886	1	1
OTU_106	OTU_82	0.771	1	1
OTU_106	OTU_83	0.714	1	1
OTU_106	OTU_87	0.829	1	1
OTU_106	OTU_88	0.771	1	1
OTU_106	OTU_96	0.886	1	1
OTU_108	OTU_117	0.829	2	2
OTU_108	OTU_119	0.714	2	2
OTU_108	OTU_12	0.771	2	2
OTU_108	OTU_123	0.943	2	2
OTU_108	OTU_125	0.943	2	2
OTU_108	OTU_126	0.829	2	2
OTU_108	OTU_128	0.771	2	2
OTU_108	OTU_135	0.771	2	2
OTU_108	OTU_136	0.886	2	2
OTU_108	OTU_14	0.714	2	2
OTU_108	OTU_145	0.714	2	2
OTU_108	OTU_147	0.771	2	2
OTU_108	OTU_156	0.771	2	2
OTU_108	OTU_158	0.943	2	2
OTU_108	OTU_159	0.771	2	2
OTU_108	OTU_163	0.886	2	2
OTU_108	OTU_165	0.714	2	2
OTU_108	OTU_172	0.771	2	2
OTU_108	OTU_173	0.714	2	2
OTU_108	OTU_175	0.943	2	2
OTU_108	OTU_178	0.771	2	2
OTU_108	OTU_179	0.771	2	2
OTU_108	OTU_180	0.829	2	2
OTU_108	OTU_181	0.771	2	2
OTU_108	OTU_182	0.886	2	2
OTU_108	OTU_184	0.771	2	2
OTU_108	OTU_192	0.943	2	2
OTU_108	OTU_196	0.714	2	2
OTU_108	OTU_20	0.714	2	2
OTU_108	OTU_200	0.714	2	2
OTU_108	OTU_201	0.771	2	2
OTU_108	OTU_202	0.771	2	2
OTU_108	OTU_211	0.943	2	2
OTU_108	OTU_214	0.886	2	2
OTU_108	OTU_216	0.886	2	2
OTU_108	OTU_228	0.771	2	2
OTU_108	OTU_231	0.829	2	2
OTU_108	OTU_232	0.886	2	2
OTU_108	OTU_246	0.829	2	2
OTU_108	OTU_248	1	2	2
OTU_108	OTU_250	0.771	2	2
OTU_108	OTU_251	0.771	2	2
OTU_108	OTU_253	0.771	2	2
OTU_108	OTU_254	0.771	2	2
OTU_108	OTU_256	0.771	2	2
OTU_108	OTU_258	0.886	2	2
OTU_108	OTU_261	0.771	2	2
OTU_108	OTU_264	0.829	2	2
OTU_108	OTU_265	0.714	2	2
OTU_108	OTU_269	0.771	2	2
OTU_108	OTU_273	0.886	2	2
OTU_108	OTU_275	0.886	2	2
OTU_108	OTU_281	0.714	2	2
OTU_108	OTU_285	0.829	2	2
OTU_108	OTU_287	0.771	2	2
OTU_108	OTU_299	0.771	2	2
OTU_108	OTU_301	0.771	2	2
OTU_108	OTU_303	0.771	2	2
OTU_108	OTU_308	0.829	2	2
OTU_108	OTU_311	0.771	2	2
OTU_108	OTU_314	0.829	2	2
OTU_108	OTU_316	0.771	2	2
OTU_108	OTU_317	0.714	2	2
OTU_108	OTU_318	0.886	2	2
OTU_108	OTU_323	0.714	2	2
OTU_108	OTU_326	0.886	2	2
OTU_108	OTU_337	0.771	2	2
OTU_108	OTU_338	0.829	2	2
OTU_108	OTU_348	0.771	2	2
OTU_108	OTU_350	0.771	2	2
OTU_108	OTU_36	1	2	2
OTU_108	OTU_38	0.714	2	2
OTU_108	OTU_40	0.714	2	2
OTU_108	OTU_43	0.943	2	2
OTU_108	OTU_45	0.771	2	2
OTU_108	OTU_47	0.771	2	2
OTU_108	OTU_5	0.714	2	2
OTU_108	OTU_50	0.714	2	2
OTU_108	OTU_55	0.771	2	2
OTU_108	OTU_61	0.829	2	2
OTU_108	OTU_62	0.771	2	2
OTU_108	OTU_67	0.771	2	2
OTU_108	OTU_7	0.771	2	2
OTU_108	OTU_70	0.886	2	2
OTU_108	OTU_73	0.771	2	2
OTU_108	OTU_78	0.714	2	2
OTU_108	OTU_79	0.771	2	2
OTU_108	OTU_91	0.943	2	2
OTU_108	OTU_94	1	2	2
OTU_108	OTU_97	0.771	2	2
OTU_109	OTU_111	0.829	1	1
OTU_109	OTU_113	0.771	1	1
OTU_109	OTU_120	1	1	1
OTU_109	OTU_121	1	1	1
OTU_109	OTU_124	0.771	1	1
OTU_109	OTU_13	0.829	1	1
OTU_109	OTU_130	0.771	1	1
OTU_109	OTU_133	0.943	1	1
OTU_109	OTU_139	0.943	1	1
OTU_109	OTU_143	0.943	1	1
OTU_109	OTU_146	0.771	1	1
OTU_109	OTU_151	0.771	1	1
OTU_109	OTU_153	0.829	1	1
OTU_109	OTU_154	0.771	1	1
OTU_109	OTU_157	0.829	1	1
OTU_109	OTU_161	0.771	1	1
OTU_109	OTU_167	0.771	1	1
OTU_109	OTU_17	0.943	1	1
OTU_109	OTU_170	0.943	1	1
OTU_109	OTU_174	1	1	1
OTU_109	OTU_183	0.943	1	1
OTU_109	OTU_186	0.943	1	1
OTU_109	OTU_19	0.771	1	1
OTU_109	OTU_23	0.886	1	1
OTU_109	OTU_230	0.829	1	1
OTU_109	OTU_234	0.771	1	1
OTU_109	OTU_237	0.943	1	1
OTU_109	OTU_239	1	1	1
OTU_109	OTU_240	0.771	1	1
OTU_109	OTU_242	1	1	1
OTU_109	OTU_245	0.829	1	1
OTU_109	OTU_252	0.886	1	1
OTU_109	OTU_255	1	1	1
OTU_109	OTU_257	0.829	1	1
OTU_109	OTU_26	0.829	1	1
OTU_109	OTU_27	1	1	1
OTU_109	OTU_276	0.771	1	1
OTU_109	OTU_292	0.714	1	1
OTU_109	OTU_298	1	1	1
OTU_109	OTU_300	0.771	1	1
OTU_109	OTU_302	0.829	1	1
OTU_109	OTU_305	1	1	1
OTU_109	OTU_31	0.943	1	1
OTU_109	OTU_320	0.943	1	1
OTU_109	OTU_321	0.771	1	1
OTU_109	OTU_327	0.943	1	1
OTU_109	OTU_329	0.829	1	1
OTU_109	OTU_330	0.829	1	1
OTU_109	OTU_34	0.771	1	1
OTU_109	OTU_347	0.829	1	1
OTU_109	OTU_4	0.714	1	1
OTU_109	OTU_44	0.771	1	1
OTU_109	OTU_46	1	1	1
OTU_109	OTU_53	0.829	1	1
OTU_109	OTU_58	0.829	1	1
OTU_109	OTU_6	0.771	1	1
OTU_109	OTU_65	0.771	1	1
OTU_109	OTU_68	0.829	1	1
OTU_109	OTU_69	0.771	1	1
OTU_109	OTU_71	1	1	1
OTU_109	OTU_72	0.943	1	1
OTU_109	OTU_81	0.943	1	1
OTU_109	OTU_83	0.714	1	1
OTU_109	OTU_85	0.771	1	1
OTU_109	OTU_86	0.829	1	1
OTU_109	OTU_87	0.829	1	1
OTU_109	OTU_88	1	1	1
OTU_109	OTU_96	0.943	1	1
OTU_109	OTU_98	0.771	1	1
OTU_11	OTU_115	0.829	2	2
OTU_11	OTU_119	0.886	2	2
OTU_11	OTU_12	0.943	2	2
OTU_11	OTU_125	0.771	2	2
OTU_11	OTU_126	0.829	2	2
OTU_11	OTU_128	0.943	2	2
OTU_11	OTU_129	0.829	2	2
OTU_11	OTU_132	1	2	2
OTU_11	OTU_136	0.714	2	2
OTU_11	OTU_14	0.714	2	2
OTU_11	OTU_142	0.943	2	2
OTU_11	OTU_145	0.886	2	2
OTU_11	OTU_148	0.771	2	2
OTU_11	OTU_158	0.771	2	2
OTU_11	OTU_159	0.771	2	2
OTU_11	OTU_16	0.943	2	2
OTU_11	OTU_163	0.886	2	2
OTU_11	OTU_165	0.886	2	2
OTU_11	OTU_173	0.886	2	2
OTU_11	OTU_179	0.943	2	2
OTU_11	OTU_18	0.886	2	2
OTU_11	OTU_181	0.771	2	2
OTU_11	OTU_182	0.886	2	2
OTU_11	OTU_184	0.943	2	2
OTU_11	OTU_189	1	2	2
OTU_11	OTU_194	0.943	2	2
OTU_11	OTU_196	0.886	2	2
OTU_11	OTU_2	0.943	2	2
OTU_11	OTU_20	0.886	2	2
OTU_11	OTU_200	0.886	2	2
OTU_11	OTU_201	0.771	2	2
OTU_11	OTU_202	0.771	2	2
OTU_11	OTU_214	0.714	2	2
OTU_11	OTU_223	0.829	2	2
OTU_11	OTU_225	1	2	2
OTU_11	OTU_228	0.771	2	2
OTU_11	OTU_232	0.886	2	2
OTU_11	OTU_243	0.943	2	2
OTU_11	OTU_246	0.829	2	2
OTU_11	OTU_247	1	2	2
OTU_11	OTU_250	0.943	2	2
OTU_11	OTU_251	0.771	2	2
OTU_11	OTU_253	0.943	2	2
OTU_11	OTU_254	0.771	2	2
OTU_11	OTU_256	0.943	2	2
OTU_11	OTU_259	0.829	2	2
OTU_11	OTU_261	0.943	2	2
OTU_11	OTU_265	0.886	2	2
OTU_11	OTU_269	0.771	2	2
OTU_11	OTU_272	0.771	2	2
OTU_11	OTU_278	0.886	2	2
OTU_11	OTU_281	0.886	2	2
OTU_11	OTU_284	0.943	2	2
OTU_11	OTU_286	1	2	2
OTU_11	OTU_299	0.943	2	2
OTU_11	OTU_303	0.771	2	2
OTU_11	OTU_308	0.829	2	2
OTU_11	OTU_309	1	2	2
OTU_11	OTU_311	0.771	2	2
OTU_11	OTU_314	0.829	2	2
OTU_11	OTU_316	0.771	2	2
OTU_11	OTU_317	0.886	2	2
OTU_11	OTU_318	0.886	2	2
OTU_11	OTU_323	0.714	2	2
OTU_11	OTU_333	1	2	2
OTU_11	OTU_337	0.771	2	2
OTU_11	OTU_340	0.829	2	2
OTU_11	OTU_341	0.943	2	2
OTU_11	OTU_348	0.771	2	2
OTU_11	OTU_350	0.943	2	2
OTU_11	OTU_352	0.943	2	2
OTU_11	OTU_38	0.886	2	2
OTU_11	OTU_39	0.943	2	2
OTU_11	OTU_40	0.886	2	2
OTU_11	OTU_43	0.771	2	2
OTU_11	OTU_45	0.943	2	2
OTU_11	OTU_47	0.943	2	2
OTU_11	OTU_49	0.829	2	2
OTU_11	OTU_5	0.886	2	2
OTU_11	OTU_50	0.886	2	2
OTU_11	OTU_55	0.771	2	2
OTU_11	OTU_61	0.829	2	2
OTU_11	OTU_62	0.943	2	2
OTU_11	OTU_64	0.943	2	2
OTU_11	OTU_66	0.829	2	2
OTU_11	OTU_67	0.771	2	2
OTU_11	OTU_7	0.943	2	2
OTU_11	OTU_70	0.714	2	2
OTU_11	OTU_73	0.771	2	2
OTU_11	OTU_78	0.886	2	2
OTU_11	OTU_79	0.943	2	2
OTU_11	OTU_80	1	2	2
OTU_11	OTU_95	0.943	2	2
OTU_11	OTU_97	0.771	2	2
OTU_111	OTU_113	0.943	1	1
OTU_111	OTU_114	0.771	1	1
OTU_111	OTU_120	0.829	1	1
OTU_111	OTU_121	0.829	1	1
OTU_111	OTU_124	0.943	1	1
OTU_111	OTU_13	1	1	1
OTU_111	OTU_130	0.943	1	1
OTU_111	OTU_133	0.943	1	1
OTU_111	OTU_139	0.943	1	1
OTU_111	OTU_140	0.771	1	1
OTU_111	OTU_143	0.771	1	1
OTU_111	OTU_146	0.943	1	1
OTU_111	OTU_151	0.943	1	1
OTU_111	OTU_153	0.829	1	1
OTU_111	OTU_154	0.771	1	1
OTU_111	OTU_161	0.943	1	1
OTU_111	OTU_167	0.943	1	1
OTU_111	OTU_17	0.771	1	1
OTU_111	OTU_170	0.771	1	1
OTU_111	OTU_174	0.829	1	1
OTU_111	OTU_183	0.771	1	1
OTU_111	OTU_19	0.943	1	1
OTU_111	OTU_210	0.771	1	1
OTU_111	OTU_23	0.886	1	1
OTU_111	OTU_230	0.829	1	1
OTU_111	OTU_234	0.943	1	1
OTU_111	OTU_237	0.943	1	1
OTU_111	OTU_239	0.829	1	1
OTU_111	OTU_240	0.771	1	1
OTU_111	OTU_242	0.829	1	1
OTU_111	OTU_245	0.829	1	1
OTU_111	OTU_255	0.829	1	1
OTU_111	OTU_257	1	1	1
OTU_111	OTU_26	1	1	1
OTU_111	OTU_27	0.829	1	1
OTU_111	OTU_276	0.943	1	1
OTU_111	OTU_279	0.771	1	1
OTU_111	OTU_280	0.829	1	1
OTU_111	OTU_292	0.886	1	1
OTU_111	OTU_294	0.771	1	1
OTU_111	OTU_295	0.714	1	1
OTU_111	OTU_298	0.829	1	1
OTU_111	OTU_300	0.943	1	1
OTU_111	OTU_302	0.829	1	1
OTU_111	OTU_305	0.829	1	1
OTU_111	OTU_31	0.943	1	1
OTU_111	OTU_320	0.943	1	1
OTU_111	OTU_321	0.943	1	1
OTU_111	OTU_325	0.829	1	1
OTU_111	OTU_327	0.943	1	1
OTU_111	OTU_329	1	1	1
OTU_111	OTU_330	0.829	1	1
OTU_111	OTU_34	0.943	1	1
OTU_111	OTU_347	1	1	1
OTU_111	OTU_4	0.886	1	1
OTU_111	OTU_44	0.943	1	1
OTU_111	OTU_46	0.829	1	1
OTU_111	OTU_53	1	1	1
OTU_111	OTU_58	1	1	1
OTU_111	OTU_6	0.943	1	1
OTU_111	OTU_65	0.943	1	1
OTU_111	OTU_69	0.943	1	1
OTU_111	OTU_71	0.829	1	1
OTU_111	OTU_72	0.943	1	1
OTU_111	OTU_81	0.943	1	1
OTU_111	OTU_82	0.829	1	1
OTU_111	OTU_83	0.886	1	1
OTU_111	OTU_85	0.943	1	1
OTU_111	OTU_86	0.829	1	1
OTU_111	OTU_87	1	1	1
OTU_111	OTU_88	0.829	1	1
OTU_111	OTU_96	0.943	1	1
OTU_111	OTU_98	0.943	1	1
OTU_113	OTU_114	0.829	1	1
OTU_113	OTU_120	0.771	1	1
OTU_113	OTU_121	0.771	1	1
OTU_113	OTU_124	1	1	1
OTU_113	OTU_127	0.714	1	1
OTU_113	OTU_13	0.943	1	1
OTU_113	OTU_130	1	1	1
OTU_113	OTU_133	0.829	1	1
OTU_113	OTU_139	0.829	1	1
OTU_113	OTU_140	0.829	1	1
OTU_113	OTU_143	0.714	1	1
OTU_113	OTU_146	1	1	1
OTU_113	OTU_151	1	1	1
OTU_113	OTU_153	0.943	1	1
OTU_113	OTU_154	0.886	1	1
OTU_113	OTU_161	1	1	1
OTU_113	OTU_167	1	1	1
OTU_113	OTU_17	0.829	1	1
OTU_113	OTU_170	0.714	1	1
OTU_113	OTU_174	0.771	1	1
OTU_113	OTU_183	0.829	1	1
OTU_113	OTU_19	1	1	1
OTU_113	OTU_210	0.886	1	1
OTU_113	OTU_23	0.771	1	1
OTU_113	OTU_230	0.943	1	1
OTU_113	OTU_234	1	1	1
OTU_113	OTU_237	0.829	1	1
OTU_113	OTU_239	0.771	1	1
OTU_113	OTU_242	0.771	1	1
OTU_113	OTU_245	0.943	1	1
OTU_113	OTU_255	0.771	1	1
OTU_113	OTU_257	0.943	1	1
OTU_113	OTU_26	0.943	1	1
OTU_113	OTU_27	0.771	1	1
OTU_113	OTU_276	0.886	1	1
OTU_113	OTU_279	0.829	1	1
OTU_113	OTU_280	0.771	1	1
OTU_113	OTU_292	0.943	1	1
OTU_113	OTU_294	0.829	1	1
OTU_113	OTU_295	0.771	1	1
OTU_113	OTU_298	0.771	1	1
OTU_113	OTU_300	1	1	1
OTU_113	OTU_302	0.943	1	1
OTU_113	OTU_305	0.771	1	1
OTU_113	OTU_31	0.829	1	1
OTU_113	OTU_320	0.829	1	1
OTU_113	OTU_321	1	1	1
OTU_113	OTU_325	0.771	1	1
OTU_113	OTU_327	0.829	1	1
OTU_113	OTU_329	0.943	1	1
OTU_113	OTU_330	0.943	1	1
OTU_113	OTU_34	1	1	1
OTU_113	OTU_347	0.943	1	1
OTU_113	OTU_4	0.943	1	1
OTU_113	OTU_44	1	1	1
OTU_113	OTU_46	0.771	1	1
OTU_113	OTU_53	0.943	1	1
OTU_113	OTU_58	0.943	1	1
OTU_113	OTU_6	1	1	1
OTU_113	OTU_65	1	1	1
OTU_113	OTU_69	1	1	1
OTU_113	OTU_71	0.771	1	1
OTU_113	OTU_72	0.829	1	1
OTU_113	OTU_81	0.829	1	1
OTU_113	OTU_82	0.771	1	1
OTU_113	OTU_83	0.943	1	1
OTU_113	OTU_85	0.886	1	1
OTU_113	OTU_86	0.943	1	1
OTU_113	OTU_87	0.943	1	1
OTU_113	OTU_88	0.771	1	1
OTU_113	OTU_96	0.829	1	1
OTU_113	OTU_98	1	1	1
OTU_114	OTU_124	0.829	1	1
OTU_114	OTU_13	0.771	1	1
OTU_114	OTU_130	0.829	1	1
OTU_114	OTU_140	1	1	1
OTU_114	OTU_143	0.714	1	1
OTU_114	OTU_146	0.829	1	1
OTU_114	OTU_151	0.829	1	1
OTU_114	OTU_153	0.771	1	1
OTU_114	OTU_154	0.886	1	1
OTU_114	OTU_161	0.829	1	1
OTU_114	OTU_167	0.829	1	1
OTU_114	OTU_170	0.714	1	1
OTU_114	OTU_19	0.829	1	1
OTU_114	OTU_23	0.771	1	1
OTU_114	OTU_230	0.771	1	1
OTU_114	OTU_234	0.829	1	1
OTU_114	OTU_245	0.771	1	1
OTU_114	OTU_257	0.771	1	1
OTU_114	OTU_26	0.771	1	1
OTU_114	OTU_276	0.714	1	1
OTU_114	OTU_279	1	1	1
OTU_114	OTU_280	0.771	1	1
OTU_114	OTU_292	0.771	1	1
OTU_114	OTU_294	0.829	1	1
OTU_114	OTU_295	0.943	1	1
OTU_114	OTU_300	0.829	1	1
OTU_114	OTU_302	0.771	1	1
OTU_114	OTU_321	0.829	1	1
OTU_114	OTU_325	0.771	1	1
OTU_114	OTU_329	0.771	1	1
OTU_114	OTU_330	0.771	1	1
OTU_114	OTU_34	0.829	1	1
OTU_114	OTU_347	0.771	1	1
OTU_114	OTU_4	0.943	1	1
OTU_114	OTU_44	0.829	1	1
OTU_114	OTU_53	0.771	1	1
OTU_114	OTU_58	0.771	1	1
OTU_114	OTU_6	0.829	1	1
OTU_114	OTU_65	0.829	1	1
OTU_114	OTU_69	0.829	1	1
OTU_114	OTU_83	0.771	1	1
OTU_114	OTU_85	0.886	1	1
OTU_114	OTU_86	0.771	1	1
OTU_114	OTU_87	0.771	1	1
OTU_114	OTU_98	0.829	1	1
OTU_115	OTU_119	0.714	2	2
OTU_115	OTU_12	0.771	2	2
OTU_115	OTU_126	0.829	2	2
OTU_115	OTU_128	0.771	2	2
OTU_115	OTU_129	1	2	2
OTU_115	OTU_132	0.829	2	2
OTU_115	OTU_135	0.771	2	2
OTU_115	OTU_136	0.886	2	2
OTU_115	OTU_14	0.886	2	2
OTU_115	OTU_142	0.714	2	2
OTU_115	OTU_145	0.714	2	2
OTU_115	OTU_147	0.771	2	2
OTU_115	OTU_148	0.771	2	2
OTU_115	OTU_156	0.771	2	2
OTU_115	OTU_159	0.771	2	2
OTU_115	OTU_16	0.771	2	2
OTU_115	OTU_163	0.714	2	2
OTU_115	OTU_165	0.886	2	2
OTU_115	OTU_172	0.771	2	2
OTU_115	OTU_173	0.714	2	2
OTU_115	OTU_175	0.771	2	2
OTU_115	OTU_178	0.771	2	2
OTU_115	OTU_179	0.771	2	2
OTU_115	OTU_18	0.886	2	2
OTU_115	OTU_180	0.829	2	2
OTU_115	OTU_181	0.943	2	2
OTU_115	OTU_182	0.714	2	2
OTU_115	OTU_184	0.771	2	2
OTU_115	OTU_189	0.829	2	2
OTU_115	OTU_192	0.771	2	2
OTU_115	OTU_194	0.771	2	2
OTU_115	OTU_196	0.714	2	2
OTU_115	OTU_2	0.771	2	2
OTU_115	OTU_20	0.714	2	2
OTU_115	OTU_200	0.886	2	2
OTU_115	OTU_201	0.771	2	2
OTU_115	OTU_202	0.771	2	2
OTU_115	OTU_214	0.886	2	2
OTU_115	OTU_216	0.714	2	2
OTU_115	OTU_223	1	2	2
OTU_115	OTU_225	0.829	2	2
OTU_115	OTU_228	0.771	2	2
OTU_115	OTU_231	0.829	2	2
OTU_115	OTU_232	0.714	2	2
OTU_115	OTU_238	0.829	2	2
OTU_115	OTU_243	0.771	2	2
OTU_115	OTU_246	0.829	2	2
OTU_115	OTU_247	0.829	2	2
OTU_115	OTU_250	0.771	2	2
OTU_115	OTU_251	0.943	2	2
OTU_115	OTU_253	0.771	2	2
OTU_115	OTU_254	0.943	2	2
OTU_115	OTU_256	0.771	2	2
OTU_115	OTU_258	0.714	2	2
OTU_115	OTU_259	1	2	2
OTU_115	OTU_261	0.771	2	2
OTU_115	OTU_265	0.714	2	2
OTU_115	OTU_268	0.829	2	2
OTU_115	OTU_272	0.943	2	2
OTU_115	OTU_273	0.714	2	2
OTU_115	OTU_275	0.714	2	2
OTU_115	OTU_278	0.886	2	2
OTU_115	OTU_281	0.886	2	2
OTU_115	OTU_284	0.771	2	2
OTU_115	OTU_286	0.829	2	2
OTU_115	OTU_287	0.771	2	2
OTU_115	OTU_299	0.771	2	2
OTU_115	OTU_301	0.771	2	2
OTU_115	OTU_303	0.943	2	2
OTU_115	OTU_309	0.829	2	2
OTU_115	OTU_311	0.771	2	2
OTU_115	OTU_314	0.829	2	2
OTU_115	OTU_317	0.714	2	2
OTU_115	OTU_318	0.714	2	2
OTU_115	OTU_323	0.714	2	2
OTU_115	OTU_326	0.714	2	2
OTU_115	OTU_333	0.829	2	2
OTU_115	OTU_337	0.943	2	2
OTU_115	OTU_338	0.829	2	2
OTU_115	OTU_340	1	2	2
OTU_115	OTU_341	0.943	2	2
OTU_115	OTU_348	0.943	2	2
OTU_115	OTU_350	0.771	2	2
OTU_115	OTU_352	0.771	2	2
OTU_115	OTU_38	0.714	2	2
OTU_115	OTU_39	0.771	2	2
OTU_115	OTU_40	0.714	2	2
OTU_115	OTU_45	0.771	2	2
OTU_115	OTU_47	0.771	2	2
OTU_115	OTU_49	1	2	2
OTU_115	OTU_5	0.886	2	2
OTU_115	OTU_50	0.886	2	2
OTU_115	OTU_55	0.943	2	2
OTU_115	OTU_62	0.771	2	2
OTU_115	OTU_64	0.943	2	2
OTU_115	OTU_7	0.771	2	2
OTU_115	OTU_70	0.886	2	2
OTU_115	OTU_75	0.829	2	2
OTU_115	OTU_78	0.714	2	2
OTU_115	OTU_79	0.771	2	2
OTU_115	OTU_80	0.829	2	2
OTU_115	OTU_95	0.943	2	2
OTU_116	OTU_134	0.714	3	3
OTU_116	OTU_22	0.771	3	3
OTU_116	OTU_227	0.771	3	3
OTU_116	OTU_60	0.829	3	3
OTU_117	OTU_119	0.886	2	2
OTU_117	OTU_12	0.771	2	2
OTU_117	OTU_123	0.943	2	2
OTU_117	OTU_125	0.771	2	2
OTU_117	OTU_126	0.829	2	2
OTU_117	OTU_135	0.771	2	2
OTU_117	OTU_136	0.714	2	2
OTU_117	OTU_14	0.886	2	2
OTU_117	OTU_145	0.886	2	2
OTU_117	OTU_147	0.943	2	2
OTU_117	OTU_148	0.771	2	2
OTU_117	OTU_156	0.771	2	2
OTU_117	OTU_158	0.771	2	2
OTU_117	OTU_16	0.771	2	2
OTU_117	OTU_163	0.714	2	2
OTU_117	OTU_172	0.771	2	2
OTU_117	OTU_173	0.886	2	2
OTU_117	OTU_175	0.771	2	2
OTU_117	OTU_178	0.943	2	2
OTU_117	OTU_179	0.771	2	2
OTU_117	OTU_18	0.714	2	2
OTU_117	OTU_181	0.771	2	2
OTU_117	OTU_182	0.714	2	2
OTU_117	OTU_192	0.771	2	2
OTU_117	OTU_194	0.771	2	2
OTU_117	OTU_196	0.886	2	2
OTU_117	OTU_2	0.771	2	2
OTU_117	OTU_20	0.886	2	2
OTU_117	OTU_211	0.943	2	2
OTU_117	OTU_214	0.714	2	2
OTU_117	OTU_216	0.886	2	2
OTU_117	OTU_232	0.714	2	2
OTU_117	OTU_238	0.829	2	2
OTU_117	OTU_243	0.771	2	2
OTU_117	OTU_246	0.829	2	2
OTU_117	OTU_248	0.829	2	2
OTU_117	OTU_250	0.771	2	2
OTU_117	OTU_253	0.771	2	2
OTU_117	OTU_256	0.771	2	2
OTU_117	OTU_258	0.886	2	2
OTU_117	OTU_261	0.771	2	2
OTU_117	OTU_264	1	2	2
OTU_117	OTU_265	0.886	2	2
OTU_117	OTU_268	0.829	2	2
OTU_117	OTU_269	0.771	2	2
OTU_117	OTU_272	0.771	2	2
OTU_117	OTU_273	0.886	2	2
OTU_117	OTU_275	0.886	2	2
OTU_117	OTU_278	0.714	2	2
OTU_117	OTU_28	0.943	2	2
OTU_117	OTU_284	0.771	2	2
OTU_117	OTU_287	0.771	2	2
OTU_117	OTU_301	0.771	2	2
OTU_117	OTU_314	0.829	2	2
OTU_117	OTU_316	0.771	2	2
OTU_117	OTU_317	0.886	2	2
OTU_117	OTU_318	0.714	2	2
OTU_117	OTU_323	0.714	2	2
OTU_117	OTU_326	0.886	2	2
OTU_117	OTU_350	0.771	2	2
OTU_117	OTU_352	0.771	2	2
OTU_117	OTU_36	0.829	2	2
OTU_117	OTU_38	0.886	2	2
OTU_117	OTU_39	0.771	2	2
OTU_117	OTU_40	0.886	2	2
OTU_117	OTU_43	0.771	2	2
OTU_117	OTU_45	0.771	2	2
OTU_117	OTU_55	0.771	2	2
OTU_117	OTU_62	0.771	2	2
OTU_117	OTU_66	0.829	2	2
OTU_117	OTU_67	0.943	2	2
OTU_117	OTU_7	0.771	2	2
OTU_117	OTU_70	0.714	2	2
OTU_117	OTU_73	0.771	2	2
OTU_117	OTU_75	0.829	2	2
OTU_117	OTU_78	0.886	2	2
OTU_117	OTU_79	0.771	2	2
OTU_117	OTU_91	0.943	2	2
OTU_117	OTU_94	0.829	2	2
OTU_117	OTU_97	0.943	2	2
OTU_118	OTU_134	0.714	3	3
OTU_118	OTU_149	0.829	3	3
OTU_118	OTU_193	0.829	3	3
OTU_118	OTU_199	0.943	3	3
OTU_118	OTU_229	0.771	3	3
OTU_118	OTU_274	0.829	3	3
OTU_118	OTU_32	0.771	3	3
OTU_118	OTU_332	0.771	3	3
OTU_118	OTU_93	0.771	3	3
OTU_119	OTU_12	0.943	2	2
OTU_119	OTU_123	0.771	2	2
OTU_119	OTU_125	0.771	2	2
OTU_119	OTU_126	0.886	2	2
OTU_119	OTU_128	0.771	2	2
OTU_119	OTU_129	0.714	2	2
OTU_119	OTU_132	0.886	2	2
OTU_119	OTU_14	0.829	2	2
OTU_119	OTU_142	0.714	2	2
OTU_119	OTU_145	1	2	2
OTU_119	OTU_147	0.771	2	2
OTU_119	OTU_148	0.771	2	2
OTU_119	OTU_158	0.771	2	2
OTU_119	OTU_16	0.943	2	2
OTU_119	OTU_163	0.829	2	2
OTU_119	OTU_173	1	2	2
OTU_119	OTU_178	0.771	2	2
OTU_119	OTU_179	0.943	2	2
OTU_119	OTU_18	0.829	2	2
OTU_119	OTU_181	0.771	2	2
OTU_119	OTU_182	0.829	2	2
OTU_119	OTU_184	0.771	2	2
OTU_119	OTU_189	0.886	2	2
OTU_119	OTU_194	0.943	2	2
OTU_119	OTU_196	1	2	2
OTU_119	OTU_2	0.943	2	2
OTU_119	OTU_20	1	2	2
OTU_119	OTU_211	0.771	2	2
OTU_119	OTU_223	0.714	2	2
OTU_119	OTU_225	0.886	2	2
OTU_119	OTU_232	0.829	2	2
OTU_119	OTU_238	0.714	2	2
OTU_119	OTU_243	0.943	2	2
OTU_119	OTU_246	0.886	2	2
OTU_119	OTU_247	0.886	2	2
OTU_119	OTU_248	0.714	2	2
OTU_119	OTU_250	0.943	2	2
OTU_119	OTU_253	0.943	2	2
OTU_119	OTU_256	0.943	2	2
OTU_119	OTU_259	0.714	2	2
OTU_119	OTU_261	0.943	2	2
OTU_119	OTU_264	0.886	2	2
OTU_119	OTU_265	1	2	2
OTU_119	OTU_268	0.714	2	2
OTU_119	OTU_269	0.771	2	2
OTU_119	OTU_272	0.771	2	2
OTU_119	OTU_278	0.829	2	2
OTU_119	OTU_28	0.829	2	2
OTU_119	OTU_284	0.943	2	2
OTU_119	OTU_286	0.886	2	2
OTU_119	OTU_299	0.771	2	2
OTU_119	OTU_308	0.714	2	2
OTU_119	OTU_309	0.886	2	2
OTU_119	OTU_314	0.886	2	2
OTU_119	OTU_316	0.771	2	2
OTU_119	OTU_317	1	2	2
OTU_119	OTU_318	0.829	2	2
OTU_119	OTU_333	0.886	2	2
OTU_119	OTU_340	0.714	2	2
OTU_119	OTU_341	0.771	2	2
OTU_119	OTU_350	0.943	2	2
OTU_119	OTU_352	0.943	2	2
OTU_119	OTU_36	0.714	2	2
OTU_119	OTU_38	1	2	2
OTU_119	OTU_39	0.943	2	2
OTU_119	OTU_40	1	2	2
OTU_119	OTU_43	0.771	2	2
OTU_119	OTU_45	0.943	2	2
OTU_119	OTU_47	0.771	2	2
OTU_119	OTU_49	0.714	2	2
OTU_119	OTU_55	0.771	2	2
OTU_119	OTU_61	0.714	2	2
OTU_119	OTU_62	0.943	2	2
OTU_119	OTU_64	0.771	2	2
OTU_119	OTU_66	0.886	2	2
OTU_119	OTU_67	0.943	2	2
OTU_119	OTU_7	0.943	2	2
OTU_119	OTU_73	0.771	2	2
OTU_119	OTU_75	0.714	2	2
OTU_119	OTU_78	1	2	2
OTU_119	OTU_79	0.943	2	2
OTU_119	OTU_80	0.886	2	2
OTU_119	OTU_9	0.829	2	2
OTU_119	OTU_91	0.771	2	2
OTU_119	OTU_94	0.714	2	2
OTU_119	OTU_95	0.771	2	2
OTU_119	OTU_97	0.943	2	2
OTU_12	OTU_123	0.714	2	2
OTU_12	OTU_125	0.829	2	2
OTU_12	OTU_126	0.943	2	2
OTU_12	OTU_128	0.886	2	2
OTU_12	OTU_129	0.771	2	2
OTU_12	OTU_132	0.943	2	2
OTU_12	OTU_136	0.771	2	2
OTU_12	OTU_14	0.771	2	2
OTU_12	OTU_142	0.829	2	2
OTU_12	OTU_145	0.943	2	2
OTU_12	OTU_158	0.829	2	2
OTU_12	OTU_16	0.886	2	2
OTU_12	OTU_163	0.943	2	2
OTU_12	OTU_165	0.771	2	2
OTU_12	OTU_173	0.943	2	2
OTU_12	OTU_179	1	2	2
OTU_12	OTU_18	0.771	2	2
OTU_12	OTU_181	0.829	2	2
OTU_12	OTU_182	0.943	2	2
OTU_12	OTU_184	0.886	2	2
OTU_12	OTU_189	0.943	2	2
OTU_12	OTU_194	0.886	2	2
OTU_12	OTU_196	0.943	2	2
OTU_12	OTU_2	0.886	2	2
OTU_12	OTU_20	0.943	2	2
OTU_12	OTU_200	0.771	2	2
OTU_12	OTU_211	0.714	2	2
OTU_12	OTU_214	0.771	2	2
OTU_12	OTU_223	0.771	2	2
OTU_12	OTU_225	0.943	2	2
OTU_12	OTU_232	0.943	2	2
OTU_12	OTU_243	0.886	2	2
OTU_12	OTU_246	0.943	2	2
OTU_12	OTU_247	0.943	2	2
OTU_12	OTU_248	0.771	2	2
OTU_12	OTU_250	1	2	2
OTU_12	OTU_251	0.714	2	2
OTU_12	OTU_253	1	2	2
OTU_12	OTU_254	0.714	2	2
OTU_12	OTU_256	1	2	2
OTU_12	OTU_259	0.771	2	2
OTU_12	OTU_261	1	2	2
OTU_12	OTU_264	0.771	2	2
OTU_12	OTU_265	0.943	2	2
OTU_12	OTU_269	0.714	2	2
OTU_12	OTU_272	0.714	2	2
OTU_12	OTU_278	0.771	2	2
OTU_12	OTU_281	0.771	2	2
OTU_12	OTU_284	0.886	2	2
OTU_12	OTU_285	0.829	2	2
OTU_12	OTU_286	0.943	2	2
OTU_12	OTU_299	0.886	2	2
OTU_12	OTU_303	0.714	2	2
OTU_12	OTU_308	0.771	2	2
OTU_12	OTU_309	0.943	2	2
OTU_12	OTU_314	0.943	2	2
OTU_12	OTU_316	0.714	2	2
OTU_12	OTU_317	0.943	2	2
OTU_12	OTU_318	0.943	2	2
OTU_12	OTU_333	0.943	2	2
OTU_12	OTU_337	0.714	2	2
OTU_12	OTU_340	0.771	2	2
OTU_12	OTU_341	0.829	2	2
OTU_12	OTU_348	0.714	2	2
OTU_12	OTU_350	1	2	2
OTU_12	OTU_352	0.886	2	2
OTU_12	OTU_36	0.771	2	2
OTU_12	OTU_38	0.943	2	2
OTU_12	OTU_39	0.886	2	2
OTU_12	OTU_40	0.943	2	2
OTU_12	OTU_43	0.829	2	2
OTU_12	OTU_45	1	2	2
OTU_12	OTU_47	0.886	2	2
OTU_12	OTU_49	0.771	2	2
OTU_12	OTU_5	0.771	2	2
OTU_12	OTU_50	0.771	2	2
OTU_12	OTU_55	0.829	2	2
OTU_12	OTU_61	0.771	2	2
OTU_12	OTU_62	1	2	2
OTU_12	OTU_64	0.829	2	2
OTU_12	OTU_66	0.771	2	2
OTU_12	OTU_67	0.829	2	2
OTU_12	OTU_7	1	2	2
OTU_12	OTU_70	0.771	2	2
OTU_12	OTU_73	0.714	2	2
OTU_12	OTU_78	0.943	2	2
OTU_12	OTU_79	1	2	2
OTU_12	OTU_80	0.943	2	2
OTU_12	OTU_9	0.771	2	2
OTU_12	OTU_91	0.714	2	2
OTU_12	OTU_94	0.771	2	2
OTU_12	OTU_95	0.829	2	2
OTU_12	OTU_97	0.829	2	2
OTU_120	OTU_121	1	1	1
OTU_120	OTU_124	0.771	1	1
OTU_120	OTU_13	0.829	1	1
OTU_120	OTU_130	0.771	1	1
OTU_120	OTU_133	0.943	1	1
OTU_120	OTU_139	0.943	1	1
OTU_120	OTU_143	0.943	1	1
OTU_120	OTU_146	0.771	1	1
OTU_120	OTU_151	0.771	1	1
OTU_120	OTU_153	0.829	1	1
OTU_120	OTU_154	0.771	1	1
OTU_120	OTU_157	0.829	1	1
OTU_120	OTU_161	0.771	1	1
OTU_120	OTU_167	0.771	1	1
OTU_120	OTU_17	0.943	1	1
OTU_120	OTU_170	0.943	1	1
OTU_120	OTU_174	1	1	1
OTU_120	OTU_183	0.943	1	1
OTU_120	OTU_186	0.943	1	1
OTU_120	OTU_19	0.771	1	1
OTU_120	OTU_23	0.886	1	1
OTU_120	OTU_230	0.829	1	1
OTU_120	OTU_234	0.771	1	1
OTU_120	OTU_237	0.943	1	1
OTU_120	OTU_239	1	1	1
OTU_120	OTU_240	0.771	1	1
OTU_120	OTU_242	1	1	1
OTU_120	OTU_245	0.829	1	1
OTU_120	OTU_252	0.886	1	1
OTU_120	OTU_255	1	1	1
OTU_120	OTU_257	0.829	1	1
OTU_120	OTU_26	0.829	1	1
OTU_120	OTU_27	1	1	1
OTU_120	OTU_276	0.771	1	1
OTU_120	OTU_292	0.714	1	1
OTU_120	OTU_298	1	1	1
OTU_120	OTU_300	0.771	1	1
OTU_120	OTU_302	0.829	1	1
OTU_120	OTU_305	1	1	1
OTU_120	OTU_31	0.943	1	1
OTU_120	OTU_320	0.943	1	1
OTU_120	OTU_321	0.771	1	1
OTU_120	OTU_327	0.943	1	1
OTU_120	OTU_329	0.829	1	1
OTU_120	OTU_330	0.829	1	1
OTU_120	OTU_34	0.771	1	1
OTU_120	OTU_347	0.829	1	1
OTU_120	OTU_4	0.714	1	1
OTU_120	OTU_44	0.771	1	1
OTU_120	OTU_46	1	1	1
OTU_120	OTU_53	0.829	1	1
OTU_120	OTU_58	0.829	1	1
OTU_120	OTU_6	0.771	1	1
OTU_120	OTU_65	0.771	1	1
OTU_120	OTU_68	0.829	1	1
OTU_120	OTU_69	0.771	1	1
OTU_120	OTU_71	1	1	1
OTU_120	OTU_72	0.943	1	1
OTU_120	OTU_81	0.943	1	1
OTU_120	OTU_83	0.714	1	1
OTU_120	OTU_85	0.771	1	1
OTU_120	OTU_86	0.829	1	1
OTU_120	OTU_87	0.829	1	1
OTU_120	OTU_88	1	1	1
OTU_120	OTU_96	0.943	1	1
OTU_120	OTU_98	0.771	1	1
OTU_121	OTU_124	0.771	1	1
OTU_121	OTU_13	0.829	1	1
OTU_121	OTU_130	0.771	1	1
OTU_121	OTU_133	0.943	1	1
OTU_121	OTU_139	0.943	1	1
OTU_121	OTU_143	0.943	1	1
OTU_121	OTU_146	0.771	1	1
OTU_121	OTU_151	0.771	1	1
OTU_121	OTU_153	0.829	1	1
OTU_121	OTU_154	0.771	1	1
OTU_121	OTU_157	0.829	1	1
OTU_121	OTU_161	0.771	1	1
OTU_121	OTU_167	0.771	1	1
OTU_121	OTU_17	0.943	1	1
OTU_121	OTU_170	0.943	1	1
OTU_121	OTU_174	1	1	1
OTU_121	OTU_183	0.943	1	1
OTU_121	OTU_186	0.943	1	1
OTU_121	OTU_19	0.771	1	1
OTU_121	OTU_23	0.886	1	1
OTU_121	OTU_230	0.829	1	1
OTU_121	OTU_234	0.771	1	1
OTU_121	OTU_237	0.943	1	1
OTU_121	OTU_239	1	1	1
OTU_121	OTU_240	0.771	1	1
OTU_121	OTU_242	1	1	1
OTU_121	OTU_245	0.829	1	1
OTU_121	OTU_252	0.886	1	1
OTU_121	OTU_255	1	1	1
OTU_121	OTU_257	0.829	1	1
OTU_121	OTU_26	0.829	1	1
OTU_121	OTU_27	1	1	1
OTU_121	OTU_276	0.771	1	1
OTU_121	OTU_292	0.714	1	1
OTU_121	OTU_298	1	1	1
OTU_121	OTU_300	0.771	1	1
OTU_121	OTU_302	0.829	1	1
OTU_121	OTU_305	1	1	1
OTU_121	OTU_31	0.943	1	1
OTU_121	OTU_320	0.943	1	1
OTU_121	OTU_321	0.771	1	1
OTU_121	OTU_327	0.943	1	1
OTU_121	OTU_329	0.829	1	1
OTU_121	OTU_330	0.829	1	1
OTU_121	OTU_34	0.771	1	1
OTU_121	OTU_347	0.829	1	1
OTU_121	OTU_4	0.714	1	1
OTU_121	OTU_44	0.771	1	1
OTU_121	OTU_46	1	1	1
OTU_121	OTU_53	0.829	1	1
OTU_121	OTU_58	0.829	1	1
OTU_121	OTU_6	0.771	1	1
OTU_121	OTU_65	0.771	1	1
OTU_121	OTU_68	0.829	1	1
OTU_121	OTU_69	0.771	1	1
OTU_121	OTU_71	1	1	1
OTU_121	OTU_72	0.943	1	1
OTU_121	OTU_81	0.943	1	1
OTU_121	OTU_83	0.714	1	1
OTU_121	OTU_85	0.771	1	1
OTU_121	OTU_86	0.829	1	1
OTU_121	OTU_87	0.829	1	1
OTU_121	OTU_88	1	1	1
OTU_121	OTU_96	0.943	1	1
OTU_121	OTU_98	0.771	1	1
OTU_122	OTU_25	0.829	1	1
OTU_122	OTU_56	0.771	1	1
OTU_123	OTU_125	0.886	2	2
OTU_123	OTU_126	0.771	2	2
OTU_123	OTU_135	0.829	2	2
OTU_123	OTU_136	0.771	2	2
OTU_123	OTU_14	0.771	2	2
OTU_123	OTU_145	0.771	2	2
OTU_123	OTU_147	0.886	2	2
OTU_123	OTU_148	0.714	2	2
OTU_123	OTU_156	0.829	2	2
OTU_123	OTU_158	0.886	2	2
OTU_123	OTU_159	0.714	2	2
OTU_123	OTU_163	0.771	2	2
OTU_123	OTU_172	0.829	2	2
OTU_123	OTU_173	0.771	2	2
OTU_123	OTU_175	0.886	2	2
OTU_123	OTU_178	0.886	2	2
OTU_123	OTU_179	0.714	2	2
OTU_123	OTU_180	0.771	2	2
OTU_123	OTU_181	0.714	2	2
OTU_123	OTU_182	0.771	2	2
OTU_123	OTU_192	0.886	2	2
OTU_123	OTU_196	0.771	2	2
OTU_123	OTU_20	0.771	2	2
OTU_123	OTU_201	0.714	2	2
OTU_123	OTU_202	0.714	2	2
OTU_123	OTU_211	1	2	2
OTU_123	OTU_214	0.771	2	2
OTU_123	OTU_216	0.943	2	2
OTU_123	OTU_228	0.714	2	2
OTU_123	OTU_231	0.771	2	2
OTU_123	OTU_232	0.771	2	2
OTU_123	OTU_238	0.771	2	2
OTU_123	OTU_246	0.771	2	2
OTU_123	OTU_248	0.943	2	2
OTU_123	OTU_250	0.714	2	2
OTU_123	OTU_253	0.714	2	2
OTU_123	OTU_256	0.714	2	2
OTU_123	OTU_258	0.943	2	2
OTU_123	OTU_261	0.714	2	2
OTU_123	OTU_264	0.943	2	2
OTU_123	OTU_265	0.771	2	2
OTU_123	OTU_268	0.771	2	2
OTU_123	OTU_269	0.829	2	2
OTU_123	OTU_273	0.943	2	2
OTU_123	OTU_275	0.943	2	2
OTU_123	OTU_28	0.829	2	2
OTU_123	OTU_287	0.829	2	2
OTU_123	OTU_301	0.829	2	2
OTU_123	OTU_308	0.771	2	2
OTU_123	OTU_311	0.714	2	2
OTU_123	OTU_314	0.771	2	2
OTU_123	OTU_316	0.829	2	2
OTU_123	OTU_317	0.771	2	2
OTU_123	OTU_318	0.771	2	2
OTU_123	OTU_323	0.771	2	2
OTU_123	OTU_326	0.943	2	2
OTU_123	OTU_338	0.771	2	2
OTU_123	OTU_350	0.714	2	2
OTU_123	OTU_36	0.943	2	2
OTU_123	OTU_38	0.771	2	2
OTU_123	OTU_40	0.771	2	2
OTU_123	OTU_43	0.886	2	2
OTU_123	OTU_45	0.714	2	2
OTU_123	OTU_55	0.714	2	2
OTU_123	OTU_61	0.771	2	2
OTU_123	OTU_62	0.714	2	2
OTU_123	OTU_66	0.771	2	2
OTU_123	OTU_67	0.886	2	2
OTU_123	OTU_7	0.714	2	2
OTU_123	OTU_70	0.771	2	2
OTU_123	OTU_73	0.829	2	2
OTU_123	OTU_75	0.771	2	2
OTU_123	OTU_78	0.771	2	2
OTU_123	OTU_79	0.714	2	2
OTU_123	OTU_91	1	2	2
OTU_123	OTU_94	0.943	2	2
OTU_123	OTU_97	0.886	2	2
OTU_124	OTU_127	0.714	1	1
OTU_124	OTU_13	0.943	1	1
OTU_124	OTU_130	1	1	1
OTU_124	OTU_133	0.829	1	1
OTU_124	OTU_139	0.829	1	1
OTU_124	OTU_140	0.829	1	1
OTU_124	OTU_143	0.714	1	1
OTU_124	OTU_146	1	1	1
OTU_124	OTU_151	1	1	1
OTU_124	OTU_153	0.943	1	1
OTU_124	OTU_154	0.886	1	1
OTU_124	OTU_161	1	1	1
OTU_124	OTU_167	1	1	1
OTU_124	OTU_17	0.829	1	1
OTU_124	OTU_170	0.714	1	1
OTU_124	OTU_174	0.771	1	1
OTU_124	OTU_183	0.829	1	1
OTU_124	OTU_19	1	1	1
OTU_124	OTU_210	0.886	1	1
OTU_124	OTU_23	0.771	1	1
OTU_124	OTU_230	0.943	1	1
OTU_124	OTU_234	1	1	1
OTU_124	OTU_237	0.829	1	1
OTU_124	OTU_239	0.771	1	1
OTU_124	OTU_242	0.771	1	1
OTU_124	OTU_245	0.943	1	1
OTU_124	OTU_255	0.771	1	1
OTU_124	OTU_257	0.943	1	1
OTU_124	OTU_26	0.943	1	1
OTU_124	OTU_27	0.771	1	1
OTU_124	OTU_276	0.886	1	1
OTU_124	OTU_279	0.829	1	1
OTU_124	OTU_280	0.771	1	1
OTU_124	OTU_292	0.943	1	1
OTU_124	OTU_294	0.829	1	1
OTU_124	OTU_295	0.771	1	1
OTU_124	OTU_298	0.771	1	1
OTU_124	OTU_300	1	1	1
OTU_124	OTU_302	0.943	1	1
OTU_124	OTU_305	0.771	1	1
OTU_124	OTU_31	0.829	1	1
OTU_124	OTU_320	0.829	1	1
OTU_124	OTU_321	1	1	1
OTU_124	OTU_325	0.771	1	1
OTU_124	OTU_327	0.829	1	1
OTU_124	OTU_329	0.943	1	1
OTU_124	OTU_330	0.943	1	1
OTU_124	OTU_34	1	1	1
OTU_124	OTU_347	0.943	1	1
OTU_124	OTU_4	0.943	1	1
OTU_124	OTU_44	1	1	1
OTU_124	OTU_46	0.771	1	1
OTU_124	OTU_53	0.943	1	1
OTU_124	OTU_58	0.943	1	1
OTU_124	OTU_6	1	1	1
OTU_124	OTU_65	1	1	1
OTU_124	OTU_69	1	1	1
OTU_124	OTU_71	0.771	1	1
OTU_124	OTU_72	0.829	1	1
OTU_124	OTU_81	0.829	1	1
OTU_124	OTU_82	0.771	1	1
OTU_124	OTU_83	0.943	1	1
OTU_124	OTU_85	0.886	1	1
OTU_124	OTU_86	0.943	1	1
OTU_124	OTU_87	0.943	1	1
OTU_124	OTU_88	0.771	1	1
OTU_124	OTU_96	0.829	1	1
OTU_124	OTU_98	1	1	1
OTU_125	OTU_126	0.771	2	2
OTU_125	OTU_128	0.886	2	2
OTU_125	OTU_132	0.771	2	2
OTU_125	OTU_135	0.714	2	2
OTU_125	OTU_136	0.771	2	2
OTU_125	OTU_145	0.771	2	2
OTU_125	OTU_156	0.714	2	2
OTU_125	OTU_158	1	2	2
OTU_125	OTU_159	0.829	2	2
OTU_125	OTU_16	0.714	2	2
OTU_125	OTU_163	0.943	2	2
OTU_125	OTU_165	0.771	2	2
OTU_125	OTU_172	0.714	2	2
OTU_125	OTU_173	0.771	2	2
OTU_125	OTU_175	0.829	2	2
OTU_125	OTU_179	0.829	2	2
OTU_125	OTU_180	0.771	2	2
OTU_125	OTU_182	0.943	2	2
OTU_125	OTU_184	0.886	2	2
OTU_125	OTU_189	0.771	2	2
OTU_125	OTU_192	0.829	2	2
OTU_125	OTU_194	0.714	2	2
OTU_125	OTU_196	0.771	2	2
OTU_125	OTU_2	0.714	2	2
OTU_125	OTU_20	0.771	2	2
OTU_125	OTU_200	0.771	2	2
OTU_125	OTU_201	0.829	2	2
OTU_125	OTU_202	0.829	2	2
OTU_125	OTU_211	0.886	2	2
OTU_125	OTU_214	0.771	2	2
OTU_125	OTU_216	0.771	2	2
OTU_125	OTU_225	0.771	2	2
OTU_125	OTU_228	0.829	2	2
OTU_125	OTU_231	0.771	2	2
OTU_125	OTU_232	0.943	2	2
OTU_125	OTU_243	0.714	2	2
OTU_125	OTU_246	0.771	2	2
OTU_125	OTU_247	0.771	2	2
OTU_125	OTU_248	0.943	2	2
OTU_125	OTU_250	0.829	2	2
OTU_125	OTU_251	0.714	2	2
OTU_125	OTU_253	0.829	2	2
OTU_125	OTU_254	0.714	2	2
OTU_125	OTU_256	0.829	2	2
OTU_125	OTU_258	0.771	2	2
OTU_125	OTU_261	0.829	2	2
OTU_125	OTU_264	0.771	2	2
OTU_125	OTU_265	0.771	2	2
OTU_125	OTU_269	0.886	2	2
OTU_125	OTU_273	0.771	2	2
OTU_125	OTU_275	0.771	2	2
OTU_125	OTU_281	0.771	2	2
OTU_125	OTU_284	0.714	2	2
OTU_125	OTU_285	0.771	2	2
OTU_125	OTU_286	0.771	2	2
OTU_125	OTU_287	0.714	2	2
OTU_125	OTU_299	0.886	2	2
OTU_125	OTU_301	0.714	2	2
OTU_125	OTU_303	0.714	2	2
OTU_125	OTU_308	0.943	2	2
OTU_125	OTU_309	0.771	2	2
OTU_125	OTU_311	0.829	2	2
OTU_125	OTU_314	0.771	2	2
OTU_125	OTU_316	0.886	2	2
OTU_125	OTU_317	0.771	2	2
OTU_125	OTU_318	0.943	2	2
OTU_125	OTU_323	0.771	2	2
OTU_125	OTU_326	0.771	2	2
OTU_125	OTU_333	0.771	2	2
OTU_125	OTU_337	0.714	2	2
OTU_125	OTU_338	0.771	2	2
OTU_125	OTU_348	0.714	2	2
OTU_125	OTU_350	0.829	2	2
OTU_125	OTU_352	0.714	2	2
OTU_125	OTU_36	0.943	2	2
OTU_125	OTU_38	0.771	2	2
OTU_125	OTU_39	0.714	2	2
OTU_125	OTU_40	0.771	2	2
OTU_125	OTU_43	1	2	2
OTU_125	OTU_45	0.829	2	2
OTU_125	OTU_47	0.886	2	2
OTU_125	OTU_5	0.771	2	2
OTU_125	OTU_50	0.771	2	2
OTU_125	OTU_61	0.943	2	2
OTU_125	OTU_62	0.829	2	2
OTU_125	OTU_66	0.771	2	2
OTU_125	OTU_67	0.829	2	2
OTU_125	OTU_7	0.829	2	2
OTU_125	OTU_70	0.771	2	2
OTU_125	OTU_73	0.886	2	2
OTU_125	OTU_78	0.771	2	2
OTU_125	OTU_79	0.829	2	2
OTU_125	OTU_80	0.771	2	2
OTU_125	OTU_91	0.886	2	2
OTU_125	OTU_94	0.943	2	2
OTU_125	OTU_97	0.829	2	2
OTU_126	OTU_128	0.771	2	2
OTU_126	OTU_129	0.829	2	2
OTU_126	OTU_132	0.829	2	2
OTU_126	OTU_136	0.886	2	2
OTU_126	OTU_14	0.886	2	2
OTU_126	OTU_145	0.886	2	2
OTU_126	OTU_147	0.771	2	2
OTU_126	OTU_158	0.771	2	2
OTU_126	OTU_16	0.771	2	2
OTU_126	OTU_163	0.886	2	2
OTU_126	OTU_165	0.714	2	2
OTU_126	OTU_173	0.886	2	2
OTU_126	OTU_175	0.771	2	2
OTU_126	OTU_178	0.771	2	2
OTU_126	OTU_179	0.943	2	2
OTU_126	OTU_18	0.714	2	2
OTU_126	OTU_181	0.943	2	2
OTU_126	OTU_182	0.886	2	2
OTU_126	OTU_184	0.771	2	2
OTU_126	OTU_189	0.829	2	2
OTU_126	OTU_192	0.771	2	2
OTU_126	OTU_194	0.771	2	2
OTU_126	OTU_196	0.886	2	2
OTU_126	OTU_2	0.771	2	2
OTU_126	OTU_20	0.886	2	2
OTU_126	OTU_200	0.714	2	2
OTU_126	OTU_211	0.771	2	2
OTU_126	OTU_214	0.886	2	2
OTU_126	OTU_216	0.714	2	2
OTU_126	OTU_223	0.829	2	2
OTU_126	OTU_225	0.829	2	2
OTU_126	OTU_232	0.886	2	2
OTU_126	OTU_243	0.771	2	2
OTU_126	OTU_246	1	2	2
OTU_126	OTU_247	0.829	2	2
OTU_126	OTU_248	0.829	2	2
OTU_126	OTU_250	0.943	2	2
OTU_126	OTU_251	0.771	2	2
OTU_126	OTU_253	0.943	2	2
OTU_126	OTU_254	0.771	2	2
OTU_126	OTU_256	0.943	2	2
OTU_126	OTU_258	0.714	2	2
OTU_126	OTU_259	0.829	2	2
OTU_126	OTU_261	0.943	2	2
OTU_126	OTU_264	0.829	2	2
OTU_126	OTU_265	0.886	2	2
OTU_126	OTU_272	0.771	2	2
OTU_126	OTU_273	0.714	2	2
OTU_126	OTU_275	0.714	2	2
OTU_126	OTU_278	0.714	2	2
OTU_126	OTU_28	0.714	2	2
OTU_126	OTU_281	0.714	2	2
OTU_126	OTU_284	0.771	2	2
OTU_126	OTU_285	0.886	2	2
OTU_126	OTU_286	0.829	2	2
OTU_126	OTU_299	0.771	2	2
OTU_126	OTU_303	0.771	2	2
OTU_126	OTU_309	0.829	2	2
OTU_126	OTU_314	1	2	2
OTU_126	OTU_317	0.886	2	2
OTU_126	OTU_318	0.886	2	2
OTU_126	OTU_326	0.714	2	2
OTU_126	OTU_333	0.829	2	2
OTU_126	OTU_337	0.771	2	2
OTU_126	OTU_340	0.829	2	2
OTU_126	OTU_341	0.771	2	2
OTU_126	OTU_348	0.771	2	2
OTU_126	OTU_350	0.943	2	2
OTU_126	OTU_352	0.771	2	2
OTU_126	OTU_36	0.829	2	2
OTU_126	OTU_38	0.886	2	2
OTU_126	OTU_39	0.771	2	2
OTU_126	OTU_40	0.886	2	2
OTU_126	OTU_43	0.771	2	2
OTU_126	OTU_45	0.943	2	2
OTU_126	OTU_47	0.771	2	2
OTU_126	OTU_49	0.829	2	2
OTU_126	OTU_5	0.714	2	2
OTU_126	OTU_50	0.714	2	2
OTU_126	OTU_55	0.943	2	2
OTU_126	OTU_62	0.943	2	2
OTU_126	OTU_64	0.771	2	2
OTU_126	OTU_67	0.771	2	2
OTU_126	OTU_7	0.943	2	2
OTU_126	OTU_70	0.886	2	2
OTU_126	OTU_78	0.886	2	2
OTU_126	OTU_79	0.943	2	2
OTU_126	OTU_80	0.829	2	2
OTU_126	OTU_9	0.714	2	2
OTU_126	OTU_91	0.771	2	2
OTU_126	OTU_94	0.829	2	2
OTU_126	OTU_95	0.771	2	2
OTU_126	OTU_97	0.771	2	2
OTU_127	OTU_130	0.714	1	1
OTU_127	OTU_146	0.714	1	1
OTU_127	OTU_151	0.714	1	1
OTU_127	OTU_153	0.771	1	1
OTU_127	OTU_154	0.829	1	1
OTU_127	OTU_161	0.714	1	1
OTU_127	OTU_167	0.714	1	1
OTU_127	OTU_19	0.714	1	1
OTU_127	OTU_230	0.771	1	1
OTU_127	OTU_234	0.714	1	1
OTU_127	OTU_245	0.771	1	1
OTU_127	OTU_300	0.714	1	1
OTU_127	OTU_302	0.771	1	1
OTU_127	OTU_321	0.714	1	1
OTU_127	OTU_330	0.771	1	1
OTU_127	OTU_34	0.714	1	1
OTU_127	OTU_4	0.771	1	1
OTU_127	OTU_44	0.714	1	1
OTU_127	OTU_6	0.714	1	1
OTU_127	OTU_65	0.714	1	1
OTU_127	OTU_69	0.714	1	1
OTU_127	OTU_86	0.771	1	1
OTU_127	OTU_98	0.714	1	1
OTU_128	OTU_129	0.771	2	2
OTU_128	OTU_132	0.943	2	2
OTU_128	OTU_136	0.771	2	2
OTU_128	OTU_142	0.886	2	2
OTU_128	OTU_145	0.771	2	2
OTU_128	OTU_148	0.714	2	2
OTU_128	OTU_158	0.886	2	2
OTU_128	OTU_159	0.886	2	2
OTU_128	OTU_16	0.829	2	2
OTU_128	OTU_163	0.943	2	2
OTU_128	OTU_165	0.943	2	2
OTU_128	OTU_173	0.771	2	2
OTU_128	OTU_175	0.714	2	2
OTU_128	OTU_179	0.886	2	2
OTU_128	OTU_18	0.771	2	2
OTU_128	OTU_180	0.771	2	2
OTU_128	OTU_181	0.714	2	2
OTU_128	OTU_182	0.943	2	2
OTU_128	OTU_184	1	2	2
OTU_128	OTU_189	0.943	2	2
OTU_128	OTU_192	0.714	2	2
OTU_128	OTU_194	0.829	2	2
OTU_128	OTU_196	0.771	2	2
OTU_128	OTU_2	0.829	2	2
OTU_128	OTU_20	0.771	2	2
OTU_128	OTU_200	0.943	2	2
OTU_128	OTU_201	0.886	2	2
OTU_128	OTU_202	0.886	2	2
OTU_128	OTU_214	0.771	2	2
OTU_128	OTU_223	0.771	2	2
OTU_128	OTU_225	0.943	2	2
OTU_128	OTU_228	0.886	2	2
OTU_128	OTU_231	0.771	2	2
OTU_128	OTU_232	0.943	2	2
OTU_128	OTU_243	0.829	2	2
OTU_128	OTU_246	0.771	2	2
OTU_128	OTU_247	0.943	2	2
OTU_128	OTU_248	0.771	2	2
OTU_128	OTU_250	0.886	2	2
OTU_128	OTU_251	0.829	2	2
OTU_128	OTU_253	0.886	2	2
OTU_128	OTU_254	0.829	2	2
OTU_128	OTU_256	0.886	2	2
OTU_128	OTU_259	0.771	2	2
OTU_128	OTU_261	0.886	2	2
OTU_128	OTU_265	0.771	2	2
OTU_128	OTU_269	0.829	2	2
OTU_128	OTU_278	0.771	2	2
OTU_128	OTU_281	0.943	2	2
OTU_128	OTU_284	0.829	2	2
OTU_128	OTU_285	0.714	2	2
OTU_128	OTU_286	0.943	2	2
OTU_128	OTU_299	1	2	2
OTU_128	OTU_303	0.829	2	2
OTU_128	OTU_308	0.943	2	2
OTU_128	OTU_309	0.943	2	2
OTU_128	OTU_311	0.886	2	2
OTU_128	OTU_314	0.771	2	2
OTU_128	OTU_316	0.829	2	2
OTU_128	OTU_317	0.771	2	2
OTU_128	OTU_318	0.943	2	2
OTU_128	OTU_323	0.771	2	2
OTU_128	OTU_333	0.943	2	2
OTU_128	OTU_337	0.829	2	2
OTU_128	OTU_338	0.771	2	2
OTU_128	OTU_340	0.771	2	2
OTU_128	OTU_341	0.886	2	2
OTU_128	OTU_348	0.829	2	2
OTU_128	OTU_350	0.886	2	2
OTU_128	OTU_352	0.829	2	2
OTU_128	OTU_36	0.771	2	2
OTU_128	OTU_38	0.771	2	2
OTU_128	OTU_39	0.829	2	2
OTU_128	OTU_40	0.771	2	2
OTU_128	OTU_43	0.886	2	2
OTU_128	OTU_45	0.886	2	2
OTU_128	OTU_47	1	2	2
OTU_128	OTU_49	0.771	2	2
OTU_128	OTU_5	0.943	2	2
OTU_128	OTU_50	0.943	2	2
OTU_128	OTU_55	0.714	2	2
OTU_128	OTU_61	0.943	2	2
OTU_128	OTU_62	0.886	2	2
OTU_128	OTU_64	0.886	2	2
OTU_128	OTU_66	0.771	2	2
OTU_128	OTU_67	0.714	2	2
OTU_128	OTU_7	0.886	2	2
OTU_128	OTU_70	0.771	2	2
OTU_128	OTU_73	0.829	2	2
OTU_128	OTU_78	0.771	2	2
OTU_128	OTU_79	0.886	2	2
OTU_128	OTU_80	0.943	2	2
OTU_128	OTU_94	0.771	2	2
OTU_128	OTU_95	0.886	2	2
OTU_128	OTU_97	0.714	2	2
OTU_129	OTU_132	0.829	2	2
OTU_129	OTU_135	0.771	2	2
OTU_129	OTU_136	0.886	2	2
OTU_129	OTU_14	0.886	2	2
OTU_129	OTU_142	0.714	2	2
OTU_129	OTU_145	0.714	2	2
OTU_129	OTU_147	0.771	2	2
OTU_129	OTU_148	0.771	2	2
OTU_129	OTU_156	0.771	2	2
OTU_129	OTU_159	0.771	2	2
OTU_129	OTU_16	0.771	2	2
OTU_129	OTU_163	0.714	2	2
OTU_129	OTU_165	0.886	2	2
OTU_129	OTU_172	0.771	2	2
OTU_129	OTU_173	0.714	2	2
OTU_129	OTU_175	0.771	2	2
OTU_129	OTU_178	0.771	2	2
OTU_129	OTU_179	0.771	2	2
OTU_129	OTU_18	0.886	2	2
OTU_129	OTU_180	0.829	2	2
OTU_129	OTU_181	0.943	2	2
OTU_129	OTU_182	0.714	2	2
OTU_129	OTU_184	0.771	2	2
OTU_129	OTU_189	0.829	2	2
OTU_129	OTU_192	0.771	2	2
OTU_129	OTU_194	0.771	2	2
OTU_129	OTU_196	0.714	2	2
OTU_129	OTU_2	0.771	2	2
OTU_129	OTU_20	0.714	2	2
OTU_129	OTU_200	0.886	2	2
OTU_129	OTU_201	0.771	2	2
OTU_129	OTU_202	0.771	2	2
OTU_129	OTU_214	0.886	2	2
OTU_129	OTU_216	0.714	2	2
OTU_129	OTU_223	1	2	2
OTU_129	OTU_225	0.829	2	2
OTU_129	OTU_228	0.771	2	2
OTU_129	OTU_231	0.829	2	2
OTU_129	OTU_232	0.714	2	2
OTU_129	OTU_238	0.829	2	2
OTU_129	OTU_243	0.771	2	2
OTU_129	OTU_246	0.829	2	2
OTU_129	OTU_247	0.829	2	2
OTU_129	OTU_250	0.771	2	2
OTU_129	OTU_251	0.943	2	2
OTU_129	OTU_253	0.771	2	2
OTU_129	OTU_254	0.943	2	2
OTU_129	OTU_256	0.771	2	2
OTU_129	OTU_258	0.714	2	2
OTU_129	OTU_259	1	2	2
OTU_129	OTU_261	0.771	2	2
OTU_129	OTU_265	0.714	2	2
OTU_129	OTU_268	0.829	2	2
OTU_129	OTU_272	0.943	2	2
OTU_129	OTU_273	0.714	2	2
OTU_129	OTU_275	0.714	2	2
OTU_129	OTU_278	0.886	2	2
OTU_129	OTU_281	0.886	2	2
OTU_129	OTU_284	0.771	2	2
OTU_129	OTU_286	0.829	2	2
OTU_129	OTU_287	0.771	2	2
OTU_129	OTU_299	0.771	2	2
OTU_129	OTU_301	0.771	2	2
OTU_129	OTU_303	0.943	2	2
OTU_129	OTU_309	0.829	2	2
OTU_129	OTU_311	0.771	2	2
OTU_129	OTU_314	0.829	2	2
OTU_129	OTU_317	0.714	2	2
OTU_129	OTU_318	0.714	2	2
OTU_129	OTU_323	0.714	2	2
OTU_129	OTU_326	0.714	2	2
OTU_129	OTU_333	0.829	2	2
OTU_129	OTU_337	0.943	2	2
OTU_129	OTU_338	0.829	2	2
OTU_129	OTU_340	1	2	2
OTU_129	OTU_341	0.943	2	2
OTU_129	OTU_348	0.943	2	2
OTU_129	OTU_350	0.771	2	2
OTU_129	OTU_352	0.771	2	2
OTU_129	OTU_38	0.714	2	2
OTU_129	OTU_39	0.771	2	2
OTU_129	OTU_40	0.714	2	2
OTU_129	OTU_45	0.771	2	2
OTU_129	OTU_47	0.771	2	2
OTU_129	OTU_49	1	2	2
OTU_129	OTU_5	0.886	2	2
OTU_129	OTU_50	0.886	2	2
OTU_129	OTU_55	0.943	2	2
OTU_129	OTU_62	0.771	2	2
OTU_129	OTU_64	0.943	2	2
OTU_129	OTU_7	0.771	2	2
OTU_129	OTU_70	0.886	2	2
OTU_129	OTU_75	0.829	2	2
OTU_129	OTU_78	0.714	2	2
OTU_129	OTU_79	0.771	2	2
OTU_129	OTU_80	0.829	2	2
OTU_129	OTU_95	0.943	2	2
OTU_13	OTU_130	0.943	1	1
OTU_13	OTU_133	0.943	1	1
OTU_13	OTU_139	0.943	1	1
OTU_13	OTU_140	0.771	1	1
OTU_13	OTU_143	0.771	1	1
OTU_13	OTU_146	0.943	1	1
OTU_13	OTU_151	0.943	1	1
OTU_13	OTU_153	0.829	1	1
OTU_13	OTU_154	0.771	1	1
OTU_13	OTU_161	0.943	1	1
OTU_13	OTU_167	0.943	1	1
OTU_13	OTU_17	0.771	1	1
OTU_13	OTU_170	0.771	1	1
OTU_13	OTU_174	0.829	1	1
OTU_13	OTU_183	0.771	1	1
OTU_13	OTU_19	0.943	1	1
OTU_13	OTU_210	0.771	1	1
OTU_13	OTU_23	0.886	1	1
OTU_13	OTU_230	0.829	1	1
OTU_13	OTU_234	0.943	1	1
OTU_13	OTU_237	0.943	1	1
OTU_13	OTU_239	0.829	1	1
OTU_13	OTU_240	0.771	1	1
OTU_13	OTU_242	0.829	1	1
OTU_13	OTU_245	0.829	1	1
OTU_13	OTU_255	0.829	1	1
OTU_13	OTU_257	1	1	1
OTU_13	OTU_26	1	1	1
OTU_13	OTU_27	0.829	1	1
OTU_13	OTU_276	0.943	1	1
OTU_13	OTU_279	0.771	1	1
OTU_13	OTU_280	0.829	1	1
OTU_13	OTU_292	0.886	1	1
OTU_13	OTU_294	0.771	1	1
OTU_13	OTU_295	0.714	1	1
OTU_13	OTU_298	0.829	1	1
OTU_13	OTU_300	0.943	1	1
OTU_13	OTU_302	0.829	1	1
OTU_13	OTU_305	0.829	1	1
OTU_13	OTU_31	0.943	1	1
OTU_13	OTU_320	0.943	1	1
OTU_13	OTU_321	0.943	1	1
OTU_13	OTU_325	0.829	1	1
OTU_13	OTU_327	0.943	1	1
OTU_13	OTU_329	1	1	1
OTU_13	OTU_330	0.829	1	1
OTU_13	OTU_34	0.943	1	1
OTU_13	OTU_347	1	1	1
OTU_13	OTU_4	0.886	1	1
OTU_13	OTU_44	0.943	1	1
OTU_13	OTU_46	0.829	1	1
OTU_13	OTU_53	1	1	1
OTU_13	OTU_58	1	1	1
OTU_13	OTU_6	0.943	1	1
OTU_13	OTU_65	0.943	1	1
OTU_13	OTU_69	0.943	1	1
OTU_13	OTU_71	0.829	1	1
OTU_13	OTU_72	0.943	1	1
OTU_13	OTU_81	0.943	1	1
OTU_13	OTU_82	0.829	1	1
OTU_13	OTU_83	0.886	1	1
OTU_13	OTU_85	0.943	1	1
OTU_13	OTU_86	0.829	1	1
OTU_13	OTU_87	1	1	1
OTU_13	OTU_88	0.829	1	1
OTU_13	OTU_96	0.943	1	1
OTU_13	OTU_98	0.943	1	1
OTU_130	OTU_133	0.829	1	1
OTU_130	OTU_139	0.829	1	1
OTU_130	OTU_140	0.829	1	1
OTU_130	OTU_143	0.714	1	1
OTU_130	OTU_146	1	1	1
OTU_130	OTU_151	1	1	1
OTU_130	OTU_153	0.943	1	1
OTU_130	OTU_154	0.886	1	1
OTU_130	OTU_161	1	1	1
OTU_130	OTU_167	1	1	1
OTU_130	OTU_17	0.829	1	1
OTU_130	OTU_170	0.714	1	1
OTU_130	OTU_174	0.771	1	1
OTU_130	OTU_183	0.829	1	1
OTU_130	OTU_19	1	1	1
OTU_130	OTU_210	0.886	1	1
OTU_130	OTU_23	0.771	1	1
OTU_130	OTU_230	0.943	1	1
OTU_130	OTU_234	1	1	1
OTU_130	OTU_237	0.829	1	1
OTU_130	OTU_239	0.771	1	1
OTU_130	OTU_242	0.771	1	1
OTU_130	OTU_245	0.943	1	1
OTU_130	OTU_255	0.771	1	1
OTU_130	OTU_257	0.943	1	1
OTU_130	OTU_26	0.943	1	1
OTU_130	OTU_27	0.771	1	1
OTU_130	OTU_276	0.886	1	1
OTU_130	OTU_279	0.829	1	1
OTU_130	OTU_280	0.771	1	1
OTU_130	OTU_292	0.943	1	1
OTU_130	OTU_294	0.829	1	1
OTU_130	OTU_295	0.771	1	1
OTU_130	OTU_298	0.771	1	1
OTU_130	OTU_300	1	1	1
OTU_130	OTU_302	0.943	1	1
OTU_130	OTU_305	0.771	1	1
OTU_130	OTU_31	0.829	1	1
OTU_130	OTU_320	0.829	1	1
OTU_130	OTU_321	1	1	1
OTU_130	OTU_325	0.771	1	1
OTU_130	OTU_327	0.829	1	1
OTU_130	OTU_329	0.943	1	1
OTU_130	OTU_330	0.943	1	1
OTU_130	OTU_34	1	1	1
OTU_130	OTU_347	0.943	1	1
OTU_130	OTU_4	0.943	1	1
OTU_130	OTU_44	1	1	1
OTU_130	OTU_46	0.771	1	1
OTU_130	OTU_53	0.943	1	1
OTU_130	OTU_58	0.943	1	1
OTU_130	OTU_6	1	1	1
OTU_130	OTU_65	1	1	1
OTU_130	OTU_69	1	1	1
OTU_130	OTU_71	0.771	1	1
OTU_130	OTU_72	0.829	1	1
OTU_130	OTU_81	0.829	1	1
OTU_130	OTU_82	0.771	1	1
OTU_130	OTU_83	0.943	1	1
OTU_130	OTU_85	0.886	1	1
OTU_130	OTU_86	0.943	1	1
OTU_130	OTU_87	0.943	1	1
OTU_130	OTU_88	0.771	1	1
OTU_130	OTU_96	0.829	1	1
OTU_130	OTU_98	1	1	1
OTU_132	OTU_136	0.714	2	2
OTU_132	OTU_14	0.714	2	2
OTU_132	OTU_142	0.943	2	2
OTU_132	OTU_145	0.886	2	2
OTU_132	OTU_148	0.771	2	2
OTU_132	OTU_158	0.771	2	2
OTU_132	OTU_159	0.771	2	2
OTU_132	OTU_16	0.943	2	2
OTU_132	OTU_163	0.886	2	2
OTU_132	OTU_165	0.886	2	2
OTU_132	OTU_173	0.886	2	2
OTU_132	OTU_179	0.943	2	2
OTU_132	OTU_18	0.886	2	2
OTU_132	OTU_181	0.771	2	2
OTU_132	OTU_182	0.886	2	2
OTU_132	OTU_184	0.943	2	2
OTU_132	OTU_189	1	2	2
OTU_132	OTU_194	0.943	2	2
OTU_132	OTU_196	0.886	2	2
OTU_132	OTU_2	0.943	2	2
OTU_132	OTU_20	0.886	2	2
OTU_132	OTU_200	0.886	2	2
OTU_132	OTU_201	0.771	2	2
OTU_132	OTU_202	0.771	2	2
OTU_132	OTU_214	0.714	2	2
OTU_132	OTU_223	0.829	2	2
OTU_132	OTU_225	1	2	2
OTU_132	OTU_228	0.771	2	2
OTU_132	OTU_232	0.886	2	2
OTU_132	OTU_243	0.943	2	2
OTU_132	OTU_246	0.829	2	2
OTU_132	OTU_247	1	2	2
OTU_132	OTU_250	0.943	2	2
OTU_132	OTU_251	0.771	2	2
OTU_132	OTU_253	0.943	2	2
OTU_132	OTU_254	0.771	2	2
OTU_132	OTU_256	0.943	2	2
OTU_132	OTU_259	0.829	2	2
OTU_132	OTU_261	0.943	2	2
OTU_132	OTU_265	0.886	2	2
OTU_132	OTU_269	0.771	2	2
OTU_132	OTU_272	0.771	2	2
OTU_132	OTU_278	0.886	2	2
OTU_132	OTU_281	0.886	2	2
OTU_132	OTU_284	0.943	2	2
OTU_132	OTU_286	1	2	2
OTU_132	OTU_299	0.943	2	2
OTU_132	OTU_303	0.771	2	2
OTU_132	OTU_308	0.829	2	2
OTU_132	OTU_309	1	2	2
OTU_132	OTU_311	0.771	2	2
OTU_132	OTU_314	0.829	2	2
OTU_132	OTU_316	0.771	2	2
OTU_132	OTU_317	0.886	2	2
OTU_132	OTU_318	0.886	2	2
OTU_132	OTU_323	0.714	2	2
OTU_132	OTU_333	1	2	2
OTU_132	OTU_337	0.771	2	2
OTU_132	OTU_340	0.829	2	2
OTU_132	OTU_341	0.943	2	2
OTU_132	OTU_348	0.771	2	2
OTU_132	OTU_350	0.943	2	2
OTU_132	OTU_352	0.943	2	2
OTU_132	OTU_38	0.886	2	2
OTU_132	OTU_39	0.943	2	2
OTU_132	OTU_40	0.886	2	2
OTU_132	OTU_43	0.771	2	2
OTU_132	OTU_45	0.943	2	2
OTU_132	OTU_47	0.943	2	2
OTU_132	OTU_49	0.829	2	2
OTU_132	OTU_5	0.886	2	2
OTU_132	OTU_50	0.886	2	2
OTU_132	OTU_55	0.771	2	2
OTU_132	OTU_61	0.829	2	2
OTU_132	OTU_62	0.943	2	2
OTU_132	OTU_64	0.943	2	2
OTU_132	OTU_66	0.829	2	2
OTU_132	OTU_67	0.771	2	2
OTU_132	OTU_7	0.943	2	2
OTU_132	OTU_70	0.714	2	2
OTU_132	OTU_73	0.771	2	2
OTU_132	OTU_78	0.886	2	2
OTU_132	OTU_79	0.943	2	2
OTU_132	OTU_80	1	2	2
OTU_132	OTU_95	0.943	2	2
OTU_132	OTU_97	0.771	2	2
OTU_133	OTU_139	1	1	1
OTU_133	OTU_143	0.886	1	1
OTU_133	OTU_146	0.829	1	1
OTU_133	OTU_151	0.829	1	1
OTU_133	OTU_153	0.771	1	1
OTU_133	OTU_154	0.714	1	1
OTU_133	OTU_157	0.771	1	1
OTU_133	OTU_161	0.829	1	1
OTU_133	OTU_167	0.829	1	1
OTU_133	OTU_17	0.829	1	1
OTU_133	OTU_170	0.886	1	1
OTU_133	OTU_174	0.943	1	1
OTU_133	OTU_183	0.829	1	1
OTU_133	OTU_186	0.829	1	1
OTU_133	OTU_19	0.829	1	1
OTU_133	OTU_23	0.943	1	1
OTU_133	OTU_230	0.771	1	1
OTU_133	OTU_234	0.829	1	1
OTU_133	OTU_237	1	1	1
OTU_133	OTU_239	0.943	1	1
OTU_133	OTU_240	0.829	1	1
OTU_133	OTU_242	0.943	1	1
OTU_133	OTU_245	0.771	1	1
OTU_133	OTU_252	0.714	1	1
OTU_133	OTU_255	0.943	1	1
OTU_133	OTU_257	0.943	1	1
OTU_133	OTU_26	0.943	1	1
OTU_133	OTU_27	0.943	1	1
OTU_133	OTU_276	0.886	1	1
OTU_133	OTU_280	0.771	1	1
OTU_133	OTU_292	0.771	1	1
OTU_133	OTU_298	0.943	1	1
OTU_133	OTU_300	0.829	1	1
OTU_133	OTU_302	0.771	1	1
OTU_133	OTU_305	0.943	1	1
OTU_133	OTU_31	1	1	1
OTU_133	OTU_320	1	1	1
OTU_133	OTU_321	0.829	1	1
OTU_133	OTU_325	0.771	1	1
OTU_133	OTU_327	1	1	1
OTU_133	OTU_329	0.943	1	1
OTU_133	OTU_330	0.771	1	1
OTU_133	OTU_34	0.829	1	1
OTU_133	OTU_347	0.943	1	1
OTU_133	OTU_4	0.771	1	1
OTU_133	OTU_44	0.829	1	1
OTU_133	OTU_46	0.943	1	1
OTU_133	OTU_53	0.943	1	1
OTU_133	OTU_58	0.943	1	1
OTU_133	OTU_6	0.829	1	1
OTU_133	OTU_65	0.829	1	1
OTU_133	OTU_68	0.771	1	1
OTU_133	OTU_69	0.829	1	1
OTU_133	OTU_71	0.943	1	1
OTU_133	OTU_72	1	1	1
OTU_133	OTU_81	1	1	1
OTU_133	OTU_82	0.714	1	1
OTU_133	OTU_83	0.771	1	1
OTU_133	OTU_85	0.886	1	1
OTU_133	OTU_86	0.771	1	1
OTU_133	OTU_87	0.943	1	1
OTU_133	OTU_88	0.943	1	1
OTU_133	OTU_96	1	1	1
OTU_133	OTU_98	0.829	1	1
OTU_134	OTU_149	0.886	3	3
OTU_134	OTU_193	0.886	3	3
OTU_134	OTU_199	0.771	3	3
OTU_134	OTU_227	0.886	3	3
OTU_134	OTU_229	0.943	3	3
OTU_134	OTU_274	0.886	3	3
OTU_134	OTU_32	0.943	3	3
OTU_134	OTU_332	0.943	3	3
OTU_134	OTU_93	0.943	3	3
OTU_135	OTU_136	0.771	2	2
OTU_135	OTU_14	0.771	2	2
OTU_135	OTU_147	0.886	2	2
OTU_135	OTU_148	0.886	2	2
OTU_135	OTU_156	1	2	2
OTU_135	OTU_158	0.714	2	2
OTU_135	OTU_159	0.886	2	2
OTU_135	OTU_165	0.771	2	2
OTU_135	OTU_172	1	2	2
OTU_135	OTU_175	0.886	2	2
OTU_135	OTU_178	0.886	2	2
OTU_135	OTU_18	0.771	2	2
OTU_135	OTU_180	0.943	2	2
OTU_135	OTU_181	0.714	2	2
OTU_135	OTU_192	0.886	2	2
OTU_135	OTU_200	0.771	2	2
OTU_135	OTU_201	0.886	2	2
OTU_135	OTU_202	0.886	2	2
OTU_135	OTU_211	0.829	2	2
OTU_135	OTU_214	0.771	2	2
OTU_135	OTU_216	0.943	2	2
OTU_135	OTU_223	0.771	2	2
OTU_135	OTU_228	0.886	2	2
OTU_135	OTU_231	0.943	2	2
OTU_135	OTU_238	0.943	2	2
OTU_135	OTU_248	0.771	2	2
OTU_135	OTU_251	0.829	2	2
OTU_135	OTU_254	0.829	2	2
OTU_135	OTU_258	0.943	2	2
OTU_135	OTU_259	0.771	2	2
OTU_135	OTU_264	0.771	2	2
OTU_135	OTU_268	0.943	2	2
OTU_135	OTU_269	0.829	2	2
OTU_135	OTU_272	0.829	2	2
OTU_135	OTU_273	0.943	2	2
OTU_135	OTU_275	0.943	2	2
OTU_135	OTU_278	0.771	2	2
OTU_135	OTU_281	0.771	2	2
OTU_135	OTU_287	1	2	2
OTU_135	OTU_301	1	2	2
OTU_135	OTU_303	0.829	2	2
OTU_135	OTU_308	0.771	2	2
OTU_135	OTU_311	0.886	2	2
OTU_135	OTU_316	0.829	2	2
OTU_135	OTU_323	0.943	2	2
OTU_135	OTU_326	0.943	2	2
OTU_135	OTU_337	0.829	2	2
OTU_135	OTU_338	0.943	2	2
OTU_135	OTU_340	0.771	2	2
OTU_135	OTU_341	0.714	2	2
OTU_135	OTU_348	0.829	2	2
OTU_135	OTU_36	0.771	2	2
OTU_135	OTU_43	0.714	2	2
OTU_135	OTU_49	0.771	2	2
OTU_135	OTU_5	0.771	2	2
OTU_135	OTU_50	0.771	2	2
OTU_135	OTU_55	0.714	2	2
OTU_135	OTU_61	0.771	2	2
OTU_135	OTU_64	0.714	2	2
OTU_135	OTU_66	0.771	2	2
OTU_135	OTU_67	0.714	2	2
OTU_135	OTU_70	0.771	2	2
OTU_135	OTU_73	0.829	2	2
OTU_135	OTU_75	0.943	2	2
OTU_135	OTU_91	0.829	2	2
OTU_135	OTU_94	0.771	2	2
OTU_135	OTU_95	0.714	2	2
OTU_135	OTU_97	0.714	2	2
OTU_136	OTU_14	0.829	2	2
OTU_136	OTU_147	0.771	2	2
OTU_136	OTU_156	0.771	2	2
OTU_136	OTU_158	0.771	2	2
OTU_136	OTU_159	0.771	2	2
OTU_136	OTU_163	0.829	2	2
OTU_136	OTU_165	0.829	2	2
OTU_136	OTU_172	0.771	2	2
OTU_136	OTU_175	0.943	2	2
OTU_136	OTU_178	0.771	2	2
OTU_136	OTU_179	0.771	2	2
OTU_136	OTU_180	0.886	2	2
OTU_136	OTU_181	0.943	2	2
OTU_136	OTU_182	0.829	2	2
OTU_136	OTU_184	0.771	2	2
OTU_136	OTU_189	0.714	2	2
OTU_136	OTU_192	0.943	2	2
OTU_136	OTU_200	0.829	2	2
OTU_136	OTU_201	0.771	2	2
OTU_136	OTU_202	0.771	2	2
OTU_136	OTU_211	0.771	2	2
OTU_136	OTU_214	1	2	2
OTU_136	OTU_216	0.829	2	2
OTU_136	OTU_223	0.886	2	2
OTU_136	OTU_225	0.714	2	2
OTU_136	OTU_228	0.771	2	2
OTU_136	OTU_231	0.886	2	2
OTU_136	OTU_232	0.829	2	2
OTU_136	OTU_238	0.714	2	2
OTU_136	OTU_246	0.886	2	2
OTU_136	OTU_247	0.714	2	2
OTU_136	OTU_248	0.886	2	2
OTU_136	OTU_250	0.771	2	2
OTU_136	OTU_251	0.943	2	2
OTU_136	OTU_253	0.771	2	2
OTU_136	OTU_254	0.943	2	2
OTU_136	OTU_256	0.771	2	2
OTU_136	OTU_258	0.829	2	2
OTU_136	OTU_259	0.886	2	2
OTU_136	OTU_261	0.771	2	2
OTU_136	OTU_264	0.714	2	2
OTU_136	OTU_268	0.714	2	2
OTU_136	OTU_272	0.771	2	2
OTU_136	OTU_273	0.829	2	2
OTU_136	OTU_275	0.829	2	2
OTU_136	OTU_281	0.829	2	2
OTU_136	OTU_285	0.829	2	2
OTU_136	OTU_286	0.714	2	2
OTU_136	OTU_287	0.771	2	2
OTU_136	OTU_299	0.771	2	2
OTU_136	OTU_301	0.771	2	2
OTU_136	OTU_303	0.943	2	2
OTU_136	OTU_308	0.714	2	2
OTU_136	OTU_309	0.714	2	2
OTU_136	OTU_311	0.771	2	2
OTU_136	OTU_314	0.886	2	2
OTU_136	OTU_318	0.829	2	2
OTU_136	OTU_326	0.829	2	2
OTU_136	OTU_333	0.714	2	2
OTU_136	OTU_337	0.943	2	2
OTU_136	OTU_338	0.886	2	2
OTU_136	OTU_340	0.886	2	2
OTU_136	OTU_341	0.771	2	2
OTU_136	OTU_348	0.943	2	2
OTU_136	OTU_350	0.771	2	2
OTU_136	OTU_36	0.886	2	2
OTU_136	OTU_43	0.771	2	2
OTU_136	OTU_45	0.771	2	2
OTU_136	OTU_47	0.771	2	2
OTU_136	OTU_49	0.886	2	2
OTU_136	OTU_5	0.829	2	2
OTU_136	OTU_50	0.829	2	2
OTU_136	OTU_55	0.943	2	2
OTU_136	OTU_61	0.714	2	2
OTU_136	OTU_62	0.771	2	2
OTU_136	OTU_64	0.771	2	2
OTU_136	OTU_7	0.771	2	2
OTU_136	OTU_70	1	2	2
OTU_136	OTU_75	0.714	2	2
OTU_136	OTU_79	0.771	2	2
OTU_136	OTU_80	0.714	2	2
OTU_136	OTU_91	0.771	2	2
OTU_136	OTU_94	0.886	2	2
OTU_136	OTU_95	0.771	2	2
OTU_139	OTU_143	0.886	1	1
OTU_139	OTU_146	0.829	1	1
OTU_139	OTU_151	0.829	1	1
OTU_139	OTU_153	0.771	1	1
OTU_139	OTU_154	0.714	1	1
OTU_139	OTU_157	0.771	1	1
OTU_139	OTU_161	0.829	1	1
OTU_139	OTU_167	0.829	1	1
OTU_139	OTU_17	0.829	1	1
OTU_139	OTU_170	0.886	1	1
OTU_139	OTU_174	0.943	1	1
OTU_139	OTU_183	0.829	1	1
OTU_139	OTU_186	0.829	1	1
OTU_139	OTU_19	0.829	1	1
OTU_139	OTU_23	0.943	1	1
OTU_139	OTU_230	0.771	1	1
OTU_139	OTU_234	0.829	1	1
OTU_139	OTU_237	1	1	1
OTU_139	OTU_239	0.943	1	1
OTU_139	OTU_240	0.829	1	1
OTU_139	OTU_242	0.943	1	1
OTU_139	OTU_245	0.771	1	1
OTU_139	OTU_252	0.714	1	1
OTU_139	OTU_255	0.943	1	1
OTU_139	OTU_257	0.943	1	1
OTU_139	OTU_26	0.943	1	1
OTU_139	OTU_27	0.943	1	1
OTU_139	OTU_276	0.886	1	1
OTU_139	OTU_280	0.771	1	1
OTU_139	OTU_292	0.771	1	1
OTU_139	OTU_298	0.943	1	1
OTU_139	OTU_300	0.829	1	1
OTU_139	OTU_302	0.771	1	1
OTU_139	OTU_305	0.943	1	1
OTU_139	OTU_31	1	1	1
OTU_139	OTU_320	1	1	1
OTU_139	OTU_321	0.829	1	1
OTU_139	OTU_325	0.771	1	1
OTU_139	OTU_327	1	1	1
OTU_139	OTU_329	0.943	1	1
OTU_139	OTU_330	0.771	1	1
OTU_139	OTU_34	0.829	1	1
OTU_139	OTU_347	0.943	1	1
OTU_139	OTU_4	0.771	1	1
OTU_139	OTU_44	0.829	1	1
OTU_139	OTU_46	0.943	1	1
OTU_139	OTU_53	0.943	1	1
OTU_139	OTU_58	0.943	1	1
OTU_139	OTU_6	0.829	1	1
OTU_139	OTU_65	0.829	1	1
OTU_139	OTU_68	0.771	1	1
OTU_139	OTU_69	0.829	1	1
OTU_139	OTU_71	0.943	1	1
OTU_139	OTU_72	1	1	1
OTU_139	OTU_81	1	1	1
OTU_139	OTU_82	0.714	1	1
OTU_139	OTU_83	0.771	1	1
OTU_139	OTU_85	0.886	1	1
OTU_139	OTU_86	0.771	1	1
OTU_139	OTU_87	0.943	1	1
OTU_139	OTU_88	0.943	1	1
OTU_139	OTU_96	1	1	1
OTU_139	OTU_98	0.829	1	1
OTU_14	OTU_145	0.829	2	2
OTU_14	OTU_147	0.943	2	2
OTU_14	OTU_148	0.771	2	2
OTU_14	OTU_156	0.771	2	2
OTU_14	OTU_16	0.771	2	2
OTU_14	OTU_172	0.771	2	2
OTU_14	OTU_173	0.829	2	2
OTU_14	OTU_175	0.771	2	2
OTU_14	OTU_178	0.943	2	2
OTU_14	OTU_179	0.771	2	2
OTU_14	OTU_18	0.829	2	2
OTU_14	OTU_180	0.714	2	2
OTU_14	OTU_181	0.943	2	2
OTU_14	OTU_189	0.714	2	2
OTU_14	OTU_192	0.771	2	2
OTU_14	OTU_194	0.771	2	2
OTU_14	OTU_196	0.829	2	2
OTU_14	OTU_2	0.771	2	2
OTU_14	OTU_20	0.829	2	2
OTU_14	OTU_211	0.771	2	2
OTU_14	OTU_214	0.829	2	2
OTU_14	OTU_216	0.829	2	2
OTU_14	OTU_223	0.886	2	2
OTU_14	OTU_225	0.714	2	2
OTU_14	OTU_231	0.714	2	2
OTU_14	OTU_238	0.886	2	2
OTU_14	OTU_243	0.771	2	2
OTU_14	OTU_246	0.886	2	2
OTU_14	OTU_247	0.714	2	2
OTU_14	OTU_248	0.714	2	2
OTU_14	OTU_250	0.771	2	2
OTU_14	OTU_251	0.771	2	2
OTU_14	OTU_253	0.771	2	2
OTU_14	OTU_254	0.771	2	2
OTU_14	OTU_256	0.771	2	2
OTU_14	OTU_258	0.829	2	2
OTU_14	OTU_259	0.886	2	2
OTU_14	OTU_261	0.771	2	2
OTU_14	OTU_264	0.886	2	2
OTU_14	OTU_265	0.829	2	2
OTU_14	OTU_268	0.886	2	2
OTU_14	OTU_272	0.943	2	2
OTU_14	OTU_273	0.829	2	2
OTU_14	OTU_275	0.829	2	2
OTU_14	OTU_278	0.829	2	2
OTU_14	OTU_28	0.771	2	2
OTU_14	OTU_284	0.771	2	2
OTU_14	OTU_286	0.714	2	2
OTU_14	OTU_287	0.771	2	2
OTU_14	OTU_301	0.771	2	2
OTU_14	OTU_303	0.771	2	2
OTU_14	OTU_309	0.714	2	2
OTU_14	OTU_314	0.886	2	2
OTU_14	OTU_317	0.829	2	2
OTU_14	OTU_326	0.829	2	2
OTU_14	OTU_333	0.714	2	2
OTU_14	OTU_337	0.771	2	2
OTU_14	OTU_338	0.714	2	2
OTU_14	OTU_340	0.886	2	2
OTU_14	OTU_341	0.771	2	2
OTU_14	OTU_348	0.771	2	2
OTU_14	OTU_350	0.771	2	2
OTU_14	OTU_352	0.771	2	2
OTU_14	OTU_36	0.714	2	2
OTU_14	OTU_38	0.829	2	2
OTU_14	OTU_39	0.771	2	2
OTU_14	OTU_40	0.829	2	2
OTU_14	OTU_45	0.771	2	2
OTU_14	OTU_49	0.886	2	2
OTU_14	OTU_55	0.943	2	2
OTU_14	OTU_62	0.771	2	2
OTU_14	OTU_64	0.771	2	2
OTU_14	OTU_66	0.714	2	2
OTU_14	OTU_67	0.771	2	2
OTU_14	OTU_7	0.771	2	2
OTU_14	OTU_70	0.829	2	2
OTU_14	OTU_75	0.886	2	2
OTU_14	OTU_78	0.829	2	2
OTU_14	OTU_79	0.771	2	2
OTU_14	OTU_80	0.714	2	2
OTU_14	OTU_91	0.771	2	2
OTU_14	OTU_94	0.714	2	2
OTU_14	OTU_95	0.771	2	2
OTU_14	OTU_97	0.771	2	2
OTU_140	OTU_143	0.714	1	1
OTU_140	OTU_146	0.829	1	1
OTU_140	OTU_151	0.829	1	1
OTU_140	OTU_153	0.771	1	1
OTU_140	OTU_154	0.886	1	1
OTU_140	OTU_161	0.829	1	1
OTU_140	OTU_167	0.829	1	1
OTU_140	OTU_170	0.714	1	1
OTU_140	OTU_19	0.829	1	1
OTU_140	OTU_23	0.771	1	1
OTU_140	OTU_230	0.771	1	1
OTU_140	OTU_234	0.829	1	1
OTU_140	OTU_245	0.771	1	1
OTU_140	OTU_257	0.771	1	1
OTU_140	OTU_26	0.771	1	1
OTU_140	OTU_276	0.714	1	1
OTU_140	OTU_279	1	1	1
OTU_140	OTU_280	0.771	1	1
OTU_140	OTU_292	0.771	1	1
OTU_140	OTU_294	0.829	1	1
OTU_140	OTU_295	0.943	1	1
OTU_140	OTU_300	0.829	1	1
OTU_140	OTU_302	0.771	1	1
OTU_140	OTU_321	0.829	1	1
OTU_140	OTU_325	0.771	1	1
OTU_140	OTU_329	0.771	1	1
OTU_140	OTU_330	0.771	1	1
OTU_140	OTU_34	0.829	1	1
OTU_140	OTU_347	0.771	1	1
OTU_140	OTU_4	0.943	1	1
OTU_140	OTU_44	0.829	1	1
OTU_140	OTU_53	0.771	1	1
OTU_140	OTU_58	0.771	1	1
OTU_140	OTU_6	0.829	1	1
OTU_140	OTU_65	0.829	1	1
OTU_140	OTU_69	0.829	1	1
OTU_140	OTU_83	0.771	1	1
OTU_140	OTU_85	0.886	1	1
OTU_140	OTU_86	0.771	1	1
OTU_140	OTU_87	0.771	1	1
OTU_140	OTU_98	0.829	1	1
OTU_142	OTU_145	0.714	2	2
OTU_142	OTU_16	0.829	2	2
OTU_142	OTU_163	0.771	2	2
OTU_142	OTU_165	0.829	2	2
OTU_142	OTU_173	0.714	2	2
OTU_142	OTU_179	0.829	2	2
OTU_142	OTU_18	0.771	2	2
OTU_142	OTU_182	0.771	2	2
OTU_142	OTU_184	0.886	2	2
OTU_142	OTU_189	0.943	2	2
OTU_142	OTU_194	0.829	2	2
OTU_142	OTU_196	0.714	2	2
OTU_142	OTU_2	0.829	2	2
OTU_142	OTU_20	0.714	2	2
OTU_142	OTU_200	0.829	2	2
OTU_142	OTU_223	0.714	2	2
OTU_142	OTU_225	0.943	2	2
OTU_142	OTU_232	0.771	2	2
OTU_142	OTU_243	0.829	2	2
OTU_142	OTU_247	0.943	2	2
OTU_142	OTU_250	0.829	2	2
OTU_142	OTU_253	0.829	2	2
OTU_142	OTU_256	0.829	2	2
OTU_142	OTU_259	0.714	2	2
OTU_142	OTU_261	0.829	2	2
OTU_142	OTU_265	0.714	2	2
OTU_142	OTU_278	0.771	2	2
OTU_142	OTU_281	0.829	2	2
OTU_142	OTU_284	0.829	2	2
OTU_142	OTU_286	0.943	2	2
OTU_142	OTU_299	0.886	2	2
OTU_142	OTU_308	0.714	2	2
OTU_142	OTU_309	0.943	2	2
OTU_142	OTU_317	0.714	2	2
OTU_142	OTU_318	0.771	2	2
OTU_142	OTU_333	0.943	2	2
OTU_142	OTU_340	0.714	2	2
OTU_142	OTU_341	0.886	2	2
OTU_142	OTU_350	0.829	2	2
OTU_142	OTU_352	0.829	2	2
OTU_142	OTU_38	0.714	2	2
OTU_142	OTU_39	0.829	2	2
OTU_142	OTU_40	0.714	2	2
OTU_142	OTU_45	0.829	2	2
OTU_142	OTU_47	0.886	2	2
OTU_142	OTU_49	0.714	2	2
OTU_142	OTU_5	0.829	2	2
OTU_142	OTU_50	0.829	2	2
OTU_142	OTU_61	0.714	2	2
OTU_142	OTU_62	0.829	2	2
OTU_142	OTU_64	0.886	2	2
OTU_142	OTU_7	0.829	2	2
OTU_142	OTU_78	0.714	2	2
OTU_142	OTU_79	0.829	2	2
OTU_142	OTU_80	0.943	2	2
OTU_142	OTU_90	0.714	2	2
OTU_142	OTU_95	0.886	2	2
OTU_143	OTU_146	0.714	1	1
OTU_143	OTU_151	0.714	1	1
OTU_143	OTU_153	0.771	1	1
OTU_143	OTU_154	0.829	1	1
OTU_143	OTU_157	0.771	1	1
OTU_143	OTU_161	0.714	1	1
OTU_143	OTU_167	0.714	1	1
OTU_143	OTU_17	0.886	1	1
OTU_143	OTU_170	1	1	1
OTU_143	OTU_174	0.943	1	1
OTU_143	OTU_183	0.886	1	1
OTU_143	OTU_186	0.829	1	1
OTU_143	OTU_19	0.714	1	1
OTU_143	OTU_23	0.943	1	1
OTU_143	OTU_230	0.771	1	1
OTU_143	OTU_234	0.714	1	1
OTU_143	OTU_237	0.886	1	1
OTU_143	OTU_239	0.943	1	1
OTU_143	OTU_240	0.714	1	1
OTU_143	OTU_242	0.943	1	1
OTU_143	OTU_245	0.771	1	1
OTU_143	OTU_252	0.771	1	1
OTU_143	OTU_255	0.943	1	1
OTU_143	OTU_257	0.771	1	1
OTU_143	OTU_26	0.771	1	1
OTU_143	OTU_27	0.943	1	1
OTU_143	OTU_279	0.714	1	1
OTU_143	OTU_298	0.943	1	1
OTU_143	OTU_300	0.714	1	1
OTU_143	OTU_302	0.771	1	1
OTU_143	OTU_305	0.943	1	1
OTU_143	OTU_31	0.886	1	1
OTU_143	OTU_320	0.886	1	1
OTU_143	OTU_321	0.714	1	1
OTU_143	OTU_327	0.886	1	1
OTU_143	OTU_329	0.771	1	1
OTU_143	OTU_330	0.771	1	1
OTU_143	OTU_34	0.714	1	1
OTU_143	OTU_347	0.771	1	1
OTU_143	OTU_4	0.771	1	1
OTU_143	OTU_44	0.714	1	1
OTU_143	OTU_46	0.943	1	1
OTU_143	OTU_53	0.771	1	1
OTU_143	OTU_58	0.771	1	1
OTU_143	OTU_6	0.714	1	1
OTU_143	OTU_65	0.714	1	1
OTU_143	OTU_68	0.771	1	1
OTU_143	OTU_69	0.714	1	1
OTU_143	OTU_71	0.943	1	1
OTU_143	OTU_72	0.886	1	1
OTU_143	OTU_81	0.886	1	1
OTU_143	OTU_85	0.829	1	1
OTU_143	OTU_86	0.771	1	1
OTU_143	OTU_87	0.771	1	1
OTU_143	OTU_88	0.943	1	1
OTU_143	OTU_96	0.886	1	1
OTU_143	OTU_98	0.714	1	1
OTU_145	OTU_147	0.771	2	2
OTU_145	OTU_148	0.771	2	2
OTU_145	OTU_158	0.771	2	2
OTU_145	OTU_16	0.943	2	2
OTU_145	OTU_163	0.829	2	2
OTU_145	OTU_173	1	2	2
OTU_145	OTU_178	0.771	2	2
OTU_145	OTU_179	0.943	2	2
OTU_145	OTU_18	0.829	2	2
OTU_145	OTU_181	0.771	2	2
OTU_145	OTU_182	0.829	2	2
OTU_145	OTU_184	0.771	2	2
OTU_145	OTU_189	0.886	2	2
OTU_145	OTU_194	0.943	2	2
OTU_145	OTU_196	1	2	2
OTU_145	OTU_2	0.943	2	2
OTU_145	OTU_20	1	2	2
OTU_145	OTU_211	0.771	2	2
OTU_145	OTU_223	0.714	2	2
OTU_145	OTU_225	0.886	2	2
OTU_145	OTU_232	0.829	2	2
OTU_145	OTU_238	0.714	2	2
OTU_145	OTU_243	0.943	2	2
OTU_145	OTU_246	0.886	2	2
OTU_145	OTU_247	0.886	2	2
OTU_145	OTU_248	0.714	2	2
OTU_145	OTU_250	0.943	2	2
OTU_145	OTU_253	0.943	2	2
OTU_145	OTU_256	0.943	2	2
OTU_145	OTU_259	0.714	2	2
OTU_145	OTU_261	0.943	2	2
OTU_145	OTU_264	0.886	2	2
OTU_145	OTU_265	1	2	2
OTU_145	OTU_268	0.714	2	2
OTU_145	OTU_269	0.771	2	2
OTU_145	OTU_272	0.771	2	2
OTU_145	OTU_278	0.829	2	2
OTU_145	OTU_28	0.829	2	2
OTU_145	OTU_284	0.943	2	2
OTU_145	OTU_286	0.886	2	2
OTU_145	OTU_299	0.771	2	2
OTU_145	OTU_308	0.714	2	2
OTU_145	OTU_309	0.886	2	2
OTU_145	OTU_314	0.886	2	2
OTU_145	OTU_316	0.771	2	2
OTU_145	OTU_317	1	2	2
OTU_145	OTU_318	0.829	2	2
OTU_145	OTU_333	0.886	2	2
OTU_145	OTU_340	0.714	2	2
OTU_145	OTU_341	0.771	2	2
OTU_145	OTU_350	0.943	2	2
OTU_145	OTU_352	0.943	2	2
OTU_145	OTU_36	0.714	2	2
OTU_145	OTU_38	1	2	2
OTU_145	OTU_39	0.943	2	2
OTU_145	OTU_40	1	2	2
OTU_145	OTU_43	0.771	2	2
OTU_145	OTU_45	0.943	2	2
OTU_145	OTU_47	0.771	2	2
OTU_145	OTU_49	0.714	2	2
OTU_145	OTU_55	0.771	2	2
OTU_145	OTU_61	0.714	2	2
OTU_145	OTU_62	0.943	2	2
OTU_145	OTU_64	0.771	2	2
OTU_145	OTU_66	0.886	2	2
OTU_145	OTU_67	0.943	2	2
OTU_145	OTU_7	0.943	2	2
OTU_145	OTU_73	0.771	2	2
OTU_145	OTU_75	0.714	2	2
OTU_145	OTU_78	1	2	2
OTU_145	OTU_79	0.943	2	2
OTU_145	OTU_80	0.886	2	2
OTU_145	OTU_9	0.829	2	2
OTU_145	OTU_91	0.771	2	2
OTU_145	OTU_94	0.714	2	2
OTU_145	OTU_95	0.771	2	2
OTU_145	OTU_97	0.943	2	2
OTU_146	OTU_151	1	1	1
OTU_146	OTU_153	0.943	1	1
OTU_146	OTU_154	0.886	1	1
OTU_146	OTU_161	1	1	1
OTU_146	OTU_167	1	1	1
OTU_146	OTU_17	0.829	1	1
OTU_146	OTU_170	0.714	1	1
OTU_146	OTU_174	0.771	1	1
OTU_146	OTU_183	0.829	1	1
OTU_146	OTU_19	1	1	1
OTU_146	OTU_210	0.886	1	1
OTU_146	OTU_23	0.771	1	1
OTU_146	OTU_230	0.943	1	1
OTU_146	OTU_234	1	1	1
OTU_146	OTU_237	0.829	1	1
OTU_146	OTU_239	0.771	1	1
OTU_146	OTU_242	0.771	1	1
OTU_146	OTU_245	0.943	1	1
OTU_146	OTU_255	0.771	1	1
OTU_146	OTU_257	0.943	1	1
OTU_146	OTU_26	0.943	1	1
OTU_146	OTU_27	0.771	1	1
OTU_146	OTU_276	0.886	1	1
OTU_146	OTU_279	0.829	1	1
OTU_146	OTU_280	0.771	1	1
OTU_146	OTU_292	0.943	1	1
OTU_146	OTU_294	0.829	1	1
OTU_146	OTU_295	0.771	1	1
OTU_146	OTU_298	0.771	1	1
OTU_146	OTU_300	1	1	1
OTU_146	OTU_302	0.943	1	1
OTU_146	OTU_305	0.771	1	1
OTU_146	OTU_31	0.829	1	1
OTU_146	OTU_320	0.829	1	1
OTU_146	OTU_321	1	1	1
OTU_146	OTU_325	0.771	1	1
OTU_146	OTU_327	0.829	1	1
OTU_146	OTU_329	0.943	1	1
OTU_146	OTU_330	0.943	1	1
OTU_146	OTU_34	1	1	1
OTU_146	OTU_347	0.943	1	1
OTU_146	OTU_4	0.943	1	1
OTU_146	OTU_44	1	1	1
OTU_146	OTU_46	0.771	1	1
OTU_146	OTU_53	0.943	1	1
OTU_146	OTU_58	0.943	1	1
OTU_146	OTU_6	1	1	1
OTU_146	OTU_65	1	1	1
OTU_146	OTU_69	1	1	1
OTU_146	OTU_71	0.771	1	1
OTU_146	OTU_72	0.829	1	1
OTU_146	OTU_81	0.829	1	1
OTU_146	OTU_82	0.771	1	1
OTU_146	OTU_83	0.943	1	1
OTU_146	OTU_85	0.886	1	1
OTU_146	OTU_86	0.943	1	1
OTU_146	OTU_87	0.943	1	1
OTU_146	OTU_88	0.771	1	1
OTU_146	OTU_96	0.829	1	1
OTU_146	OTU_98	1	1	1
OTU_147	OTU_148	0.829	2	2
OTU_147	OTU_156	0.886	2	2
OTU_147	OTU_16	0.714	2	2
OTU_147	OTU_172	0.886	2	2
OTU_147	OTU_173	0.771	2	2
OTU_147	OTU_175	0.829	2	2
OTU_147	OTU_178	1	2	2
OTU_147	OTU_18	0.771	2	2
OTU_147	OTU_180	0.771	2	2
OTU_147	OTU_181	0.829	2	2
OTU_147	OTU_192	0.829	2	2
OTU_147	OTU_194	0.714	2	2
OTU_147	OTU_196	0.771	2	2
OTU_147	OTU_2	0.714	2	2
OTU_147	OTU_20	0.771	2	2
OTU_147	OTU_211	0.886	2	2
OTU_147	OTU_214	0.771	2	2
OTU_147	OTU_216	0.943	2	2
OTU_147	OTU_223	0.771	2	2
OTU_147	OTU_231	0.771	2	2
OTU_147	OTU_238	0.943	2	2
OTU_147	OTU_243	0.714	2	2
OTU_147	OTU_246	0.771	2	2
OTU_147	OTU_248	0.771	2	2
OTU_147	OTU_251	0.714	2	2
OTU_147	OTU_254	0.714	2	2
OTU_147	OTU_258	0.943	2	2
OTU_147	OTU_259	0.771	2	2
OTU_147	OTU_264	0.943	2	2
OTU_147	OTU_265	0.771	2	2
OTU_147	OTU_268	0.943	2	2
OTU_147	OTU_269	0.714	2	2
OTU_147	OTU_272	0.886	2	2
OTU_147	OTU_273	0.943	2	2
OTU_147	OTU_275	0.943	2	2
OTU_147	OTU_278	0.771	2	2
OTU_147	OTU_28	0.829	2	2
OTU_147	OTU_284	0.714	2	2
OTU_147	OTU_287	0.886	2	2
OTU_147	OTU_301	0.886	2	2
OTU_147	OTU_303	0.714	2	2
OTU_147	OTU_314	0.771	2	2
OTU_147	OTU_316	0.714	2	2
OTU_147	OTU_317	0.771	2	2
OTU_147	OTU_323	0.771	2	2
OTU_147	OTU_326	0.943	2	2
OTU_147	OTU_337	0.714	2	2
OTU_147	OTU_338	0.771	2	2
OTU_147	OTU_340	0.771	2	2
OTU_147	OTU_348	0.714	2	2
OTU_147	OTU_352	0.714	2	2
OTU_147	OTU_36	0.771	2	2
OTU_147	OTU_38	0.771	2	2
OTU_147	OTU_39	0.714	2	2
OTU_147	OTU_40	0.771	2	2
OTU_147	OTU_49	0.771	2	2
OTU_147	OTU_55	0.829	2	2
OTU_147	OTU_66	0.771	2	2
OTU_147	OTU_67	0.829	2	2
OTU_147	OTU_70	0.771	2	2
OTU_147	OTU_73	0.714	2	2
OTU_147	OTU_75	0.943	2	2
OTU_147	OTU_78	0.771	2	2
OTU_147	OTU_91	0.886	2	2
OTU_147	OTU_94	0.771	2	2
OTU_147	OTU_97	0.829	2	2
OTU_148	OTU_156	0.886	2	2
OTU_148	OTU_159	0.829	2	2
OTU_148	OTU_16	0.886	2	2
OTU_148	OTU_165	0.771	2	2
OTU_148	OTU_172	0.886	2	2
OTU_148	OTU_173	0.771	2	2
OTU_148	OTU_178	0.829	2	2
OTU_148	OTU_18	0.943	2	2
OTU_148	OTU_180	0.771	2	2
OTU_148	OTU_184	0.714	2	2
OTU_148	OTU_189	0.771	2	2
OTU_148	OTU_194	0.886	2	2
OTU_148	OTU_196	0.771	2	2
OTU_148	OTU_2	0.886	2	2
OTU_148	OTU_20	0.771	2	2
OTU_148	OTU_200	0.771	2	2
OTU_148	OTU_201	0.829	2	2
OTU_148	OTU_202	0.829	2	2
OTU_148	OTU_211	0.714	2	2
OTU_148	OTU_216	0.771	2	2
OTU_148	OTU_223	0.771	2	2
OTU_148	OTU_225	0.771	2	2
OTU_148	OTU_228	0.829	2	2
OTU_148	OTU_231	0.771	2	2
OTU_148	OTU_238	0.943	2	2
OTU_148	OTU_243	0.886	2	2
OTU_148	OTU_247	0.771	2	2
OTU_148	OTU_251	0.714	2	2
OTU_148	OTU_254	0.714	2	2
OTU_148	OTU_258	0.771	2	2
OTU_148	OTU_259	0.771	2	2
OTU_148	OTU_264	0.771	2	2
OTU_148	OTU_265	0.771	2	2
OTU_148	OTU_268	0.943	2	2
OTU_148	OTU_269	0.886	2	2
OTU_148	OTU_272	0.886	2	2
OTU_148	OTU_273	0.771	2	2
OTU_148	OTU_275	0.771	2	2
OTU_148	OTU_278	0.943	2	2
OTU_148	OTU_281	0.771	2	2
OTU_148	OTU_284	0.886	2	2
OTU_148	OTU_286	0.771	2	2
OTU_148	OTU_287	0.886	2	2
OTU_148	OTU_299	0.714	2	2
OTU_148	OTU_301	0.886	2	2
OTU_148	OTU_303	0.714	2	2
OTU_148	OTU_308	0.771	2	2
OTU_148	OTU_309	0.771	2	2
OTU_148	OTU_311	0.829	2	2
OTU_148	OTU_316	0.886	2	2
OTU_148	OTU_317	0.771	2	2
OTU_148	OTU_323	0.943	2	2
OTU_148	OTU_326	0.771	2	2
OTU_148	OTU_333	0.771	2	2
OTU_148	OTU_337	0.714	2	2
OTU_148	OTU_338	0.771	2	2
OTU_148	OTU_340	0.771	2	2
OTU_148	OTU_341	0.829	2	2
OTU_148	OTU_348	0.714	2	2
OTU_148	OTU_352	0.886	2	2
OTU_148	OTU_38	0.771	2	2
OTU_148	OTU_39	0.886	2	2
OTU_148	OTU_40	0.771	2	2
OTU_148	OTU_47	0.714	2	2
OTU_148	OTU_49	0.771	2	2
OTU_148	OTU_5	0.771	2	2
OTU_148	OTU_50	0.771	2	2
OTU_148	OTU_61	0.771	2	2
OTU_148	OTU_64	0.829	2	2
OTU_148	OTU_66	0.943	2	2
OTU_148	OTU_67	0.829	2	2
OTU_148	OTU_73	0.886	2	2
OTU_148	OTU_75	0.943	2	2
OTU_148	OTU_78	0.771	2	2
OTU_148	OTU_80	0.771	2	2
OTU_148	OTU_91	0.714	2	2
OTU_148	OTU_95	0.829	2	2
OTU_148	OTU_97	0.829	2	2
OTU_149	OTU_160	0.829	3	3
OTU_149	OTU_193	0.829	3	3
OTU_149	OTU_199	0.943	3	3
OTU_149	OTU_229	0.943	3	3
OTU_149	OTU_274	0.829	3	3
OTU_149	OTU_32	0.943	3	3
OTU_149	OTU_332	0.943	3	3
OTU_149	OTU_93	0.943	3	3
OTU_151	OTU_153	0.943	1	1
OTU_151	OTU_154	0.886	1	1
OTU_151	OTU_161	1	1	1
OTU_151	OTU_167	1	1	1
OTU_151	OTU_17	0.829	1	1
OTU_151	OTU_170	0.714	1	1
OTU_151	OTU_174	0.771	1	1
OTU_151	OTU_183	0.829	1	1
OTU_151	OTU_19	1	1	1
OTU_151	OTU_210	0.886	1	1
OTU_151	OTU_23	0.771	1	1
OTU_151	OTU_230	0.943	1	1
OTU_151	OTU_234	1	1	1
OTU_151	OTU_237	0.829	1	1
OTU_151	OTU_239	0.771	1	1
OTU_151	OTU_242	0.771	1	1
OTU_151	OTU_245	0.943	1	1
OTU_151	OTU_255	0.771	1	1
OTU_151	OTU_257	0.943	1	1
OTU_151	OTU_26	0.943	1	1
OTU_151	OTU_27	0.771	1	1
OTU_151	OTU_276	0.886	1	1
OTU_151	OTU_279	0.829	1	1
OTU_151	OTU_280	0.771	1	1
OTU_151	OTU_292	0.943	1	1
OTU_151	OTU_294	0.829	1	1
OTU_151	OTU_295	0.771	1	1
OTU_151	OTU_298	0.771	1	1
OTU_151	OTU_300	1	1	1
OTU_151	OTU_302	0.943	1	1
OTU_151	OTU_305	0.771	1	1
OTU_151	OTU_31	0.829	1	1
OTU_151	OTU_320	0.829	1	1
OTU_151	OTU_321	1	1	1
OTU_151	OTU_325	0.771	1	1
OTU_151	OTU_327	0.829	1	1
OTU_151	OTU_329	0.943	1	1
OTU_151	OTU_330	0.943	1	1
OTU_151	OTU_34	1	1	1
OTU_151	OTU_347	0.943	1	1
OTU_151	OTU_4	0.943	1	1
OTU_151	OTU_44	1	1	1
OTU_151	OTU_46	0.771	1	1
OTU_151	OTU_53	0.943	1	1
OTU_151	OTU_58	0.943	1	1
OTU_151	OTU_6	1	1	1
OTU_151	OTU_65	1	1	1
OTU_151	OTU_69	1	1	1
OTU_151	OTU_71	0.771	1	1
OTU_151	OTU_72	0.829	1	1
OTU_151	OTU_81	0.829	1	1
OTU_151	OTU_82	0.771	1	1
OTU_151	OTU_83	0.943	1	1
OTU_151	OTU_85	0.886	1	1
OTU_151	OTU_86	0.943	1	1
OTU_151	OTU_87	0.943	1	1
OTU_151	OTU_88	0.771	1	1
OTU_151	OTU_96	0.829	1	1
OTU_151	OTU_98	1	1	1
OTU_153	OTU_154	0.943	1	1
OTU_153	OTU_161	0.943	1	1
OTU_153	OTU_167	0.943	1	1
OTU_153	OTU_17	0.943	1	1
OTU_153	OTU_170	0.771	1	1
OTU_153	OTU_174	0.829	1	1
OTU_153	OTU_183	0.943	1	1
OTU_153	OTU_186	0.714	1	1
OTU_153	OTU_19	0.943	1	1
OTU_153	OTU_210	0.829	1	1
OTU_153	OTU_23	0.714	1	1
OTU_153	OTU_230	1	1	1
OTU_153	OTU_234	0.943	1	1
OTU_153	OTU_237	0.771	1	1
OTU_153	OTU_239	0.829	1	1
OTU_153	OTU_242	0.829	1	1
OTU_153	OTU_245	1	1	1
OTU_153	OTU_252	0.829	1	1
OTU_153	OTU_255	0.829	1	1
OTU_153	OTU_257	0.829	1	1
OTU_153	OTU_26	0.829	1	1
OTU_153	OTU_27	0.829	1	1
OTU_153	OTU_276	0.771	1	1
OTU_153	OTU_279	0.771	1	1
OTU_153	OTU_292	0.886	1	1
OTU_153	OTU_294	0.771	1	1
OTU_153	OTU_295	0.714	1	1
OTU_153	OTU_298	0.829	1	1
OTU_153	OTU_300	0.943	1	1
OTU_153	OTU_302	1	1	1
OTU_153	OTU_305	0.829	1	1
OTU_153	OTU_31	0.771	1	1
OTU_153	OTU_320	0.771	1	1
OTU_153	OTU_321	0.943	1	1
OTU_153	OTU_327	0.771	1	1
OTU_153	OTU_329	0.829	1	1
OTU_153	OTU_330	1	1	1
OTU_153	OTU_34	0.943	1	1
OTU_153	OTU_347	0.829	1	1
OTU_153	OTU_4	0.886	1	1
OTU_153	OTU_44	0.943	1	1
OTU_153	OTU_46	0.829	1	1
OTU_153	OTU_53	0.829	1	1
OTU_153	OTU_58	0.829	1	1
OTU_153	OTU_6	0.943	1	1
OTU_153	OTU_65	0.943	1	1
OTU_153	OTU_69	0.943	1	1
OTU_153	OTU_71	0.829	1	1
OTU_153	OTU_72	0.771	1	1
OTU_153	OTU_81	0.771	1	1
OTU_153	OTU_83	0.886	1	1
OTU_153	OTU_85	0.771	1	1
OTU_153	OTU_86	1	1	1
OTU_153	OTU_87	0.829	1	1
OTU_153	OTU_88	0.829	1	1
OTU_153	OTU_96	0.771	1	1
OTU_153	OTU_98	0.943	1	1
OTU_154	OTU_161	0.886	1	1
OTU_154	OTU_167	0.886	1	1
OTU_154	OTU_17	0.886	1	1
OTU_154	OTU_170	0.829	1	1
OTU_154	OTU_174	0.771	1	1
OTU_154	OTU_183	0.886	1	1
OTU_154	OTU_19	0.886	1	1
OTU_154	OTU_23	0.771	1	1
OTU_154	OTU_230	0.943	1	1
OTU_154	OTU_234	0.886	1	1
OTU_154	OTU_237	0.714	1	1
OTU_154	OTU_239	0.771	1	1
OTU_154	OTU_242	0.771	1	1
OTU_154	OTU_245	0.943	1	1
OTU_154	OTU_252	0.714	1	1
OTU_154	OTU_255	0.771	1	1
OTU_154	OTU_257	0.771	1	1
OTU_154	OTU_26	0.771	1	1
OTU_154	OTU_27	0.771	1	1
OTU_154	OTU_279	0.886	1	1
OTU_154	OTU_292	0.771	1	1
OTU_154	OTU_294	0.714	1	1
OTU_154	OTU_295	0.771	1	1
OTU_154	OTU_298	0.771	1	1
OTU_154	OTU_300	0.886	1	1
OTU_154	OTU_302	0.943	1	1
OTU_154	OTU_305	0.771	1	1
OTU_154	OTU_31	0.714	1	1
OTU_154	OTU_320	0.714	1	1
OTU_154	OTU_321	0.886	1	1
OTU_154	OTU_327	0.714	1	1
OTU_154	OTU_329	0.771	1	1
OTU_154	OTU_330	0.943	1	1
OTU_154	OTU_34	0.886	1	1
OTU_154	OTU_347	0.771	1	1
OTU_154	OTU_4	0.943	1	1
OTU_154	OTU_44	0.886	1	1
OTU_154	OTU_46	0.771	1	1
OTU_154	OTU_53	0.771	1	1
OTU_154	OTU_58	0.771	1	1
OTU_154	OTU_6	0.886	1	1
OTU_154	OTU_65	0.886	1	1
OTU_154	OTU_69	0.886	1	1
OTU_154	OTU_71	0.771	1	1
OTU_154	OTU_72	0.714	1	1
OTU_154	OTU_81	0.714	1	1
OTU_154	OTU_83	0.771	1	1
OTU_154	OTU_85	0.829	1	1
OTU_154	OTU_86	0.943	1	1
OTU_154	OTU_87	0.771	1	1
OTU_154	OTU_88	0.771	1	1
OTU_154	OTU_96	0.714	1	1
OTU_154	OTU_98	0.886	1	1
OTU_155	OTU_177	0.714	4	4
OTU_155	OTU_210	0.771	4	1
OTU_155	OTU_306	0.829	4	4
OTU_155	OTU_82	0.886	4	1
OTU_156	OTU_158	0.714	2	2
OTU_156	OTU_159	0.886	2	2
OTU_156	OTU_165	0.771	2	2
OTU_156	OTU_172	1	2	2
OTU_156	OTU_175	0.886	2	2
OTU_156	OTU_178	0.886	2	2
OTU_156	OTU_18	0.771	2	2
OTU_156	OTU_180	0.943	2	2
OTU_156	OTU_181	0.714	2	2
OTU_156	OTU_192	0.886	2	2
OTU_156	OTU_200	0.771	2	2
OTU_156	OTU_201	0.886	2	2
OTU_156	OTU_202	0.886	2	2
OTU_156	OTU_211	0.829	2	2
OTU_156	OTU_214	0.771	2	2
OTU_156	OTU_216	0.943	2	2
OTU_156	OTU_223	0.771	2	2
OTU_156	OTU_228	0.886	2	2
OTU_156	OTU_231	0.943	2	2
OTU_156	OTU_238	0.943	2	2
OTU_156	OTU_248	0.771	2	2
OTU_156	OTU_251	0.829	2	2
OTU_156	OTU_254	0.829	2	2
OTU_156	OTU_258	0.943	2	2
OTU_156	OTU_259	0.771	2	2
OTU_156	OTU_264	0.771	2	2
OTU_156	OTU_268	0.943	2	2
OTU_156	OTU_269	0.829	2	2
OTU_156	OTU_272	0.829	2	2
OTU_156	OTU_273	0.943	2	2
OTU_156	OTU_275	0.943	2	2
OTU_156	OTU_278	0.771	2	2
OTU_156	OTU_281	0.771	2	2
OTU_156	OTU_287	1	2	2
OTU_156	OTU_301	1	2	2
OTU_156	OTU_303	0.829	2	2
OTU_156	OTU_308	0.771	2	2
OTU_156	OTU_311	0.886	2	2
OTU_156	OTU_316	0.829	2	2
OTU_156	OTU_323	0.943	2	2
OTU_156	OTU_326	0.943	2	2
OTU_156	OTU_337	0.829	2	2
OTU_156	OTU_338	0.943	2	2
OTU_156	OTU_340	0.771	2	2
OTU_156	OTU_341	0.714	2	2
OTU_156	OTU_348	0.829	2	2
OTU_156	OTU_36	0.771	2	2
OTU_156	OTU_43	0.714	2	2
OTU_156	OTU_49	0.771	2	2
OTU_156	OTU_5	0.771	2	2
OTU_156	OTU_50	0.771	2	2
OTU_156	OTU_55	0.714	2	2
OTU_156	OTU_61	0.771	2	2
OTU_156	OTU_64	0.714	2	2
OTU_156	OTU_66	0.771	2	2
OTU_156	OTU_67	0.714	2	2
OTU_156	OTU_70	0.771	2	2
OTU_156	OTU_73	0.829	2	2
OTU_156	OTU_75	0.943	2	2
OTU_156	OTU_91	0.829	2	2
OTU_156	OTU_94	0.771	2	2
OTU_156	OTU_95	0.714	2	2
OTU_156	OTU_97	0.714	2	2
OTU_157	OTU_17	0.771	1	1
OTU_157	OTU_170	0.771	1	1
OTU_157	OTU_174	0.829	1	1
OTU_157	OTU_183	0.771	1	1
OTU_157	OTU_186	0.714	1	1
OTU_157	OTU_23	0.714	1	1
OTU_157	OTU_237	0.771	1	1
OTU_157	OTU_239	0.829	1	1
OTU_157	OTU_240	0.943	1	1
OTU_157	OTU_242	0.829	1	1
OTU_157	OTU_255	0.829	1	1
OTU_157	OTU_27	0.829	1	1
OTU_157	OTU_276	0.771	1	1
OTU_157	OTU_280	0.829	1	1
OTU_157	OTU_292	0.714	1	1
OTU_157	OTU_294	0.771	1	1
OTU_157	OTU_295	0.714	1	1
OTU_157	OTU_298	0.829	1	1
OTU_157	OTU_305	0.829	1	1
OTU_157	OTU_31	0.771	1	1
OTU_157	OTU_320	0.771	1	1
OTU_157	OTU_325	0.829	1	1
OTU_157	OTU_327	0.771	1	1
OTU_157	OTU_46	0.829	1	1
OTU_157	OTU_68	1	1	1
OTU_157	OTU_71	0.829	1	1
OTU_157	OTU_72	0.771	1	1
OTU_157	OTU_81	0.771	1	1
OTU_157	OTU_83	0.714	1	1
OTU_157	OTU_88	0.829	1	1
OTU_157	OTU_96	0.771	1	1
OTU_158	OTU_159	0.829	2	2
OTU_158	OTU_16	0.714	2	2
OTU_158	OTU_163	0.943	2	2
OTU_158	OTU_165	0.771	2	2
OTU_158	OTU_172	0.714	2	2
OTU_158	OTU_173	0.771	2	2
OTU_158	OTU_175	0.829	2	2
OTU_158	OTU_179	0.829	2	2
OTU_158	OTU_180	0.771	2	2
OTU_158	OTU_182	0.943	2	2
OTU_158	OTU_184	0.886	2	2
OTU_158	OTU_189	0.771	2	2
OTU_158	OTU_192	0.829	2	2
OTU_158	OTU_194	0.714	2	2
OTU_158	OTU_196	0.771	2	2
OTU_158	OTU_2	0.714	2	2
OTU_158	OTU_20	0.771	2	2
OTU_158	OTU_200	0.771	2	2
OTU_158	OTU_201	0.829	2	2
OTU_158	OTU_202	0.829	2	2
OTU_158	OTU_211	0.886	2	2
OTU_158	OTU_214	0.771	2	2
OTU_158	OTU_216	0.771	2	2
OTU_158	OTU_225	0.771	2	2
OTU_158	OTU_228	0.829	2	2
OTU_158	OTU_231	0.771	2	2
OTU_158	OTU_232	0.943	2	2
OTU_158	OTU_243	0.714	2	2
OTU_158	OTU_246	0.771	2	2
OTU_158	OTU_247	0.771	2	2
OTU_158	OTU_248	0.943	2	2
OTU_158	OTU_250	0.829	2	2
OTU_158	OTU_251	0.714	2	2
OTU_158	OTU_253	0.829	2	2
OTU_158	OTU_254	0.714	2	2
OTU_158	OTU_256	0.829	2	2
OTU_158	OTU_258	0.771	2	2
OTU_158	OTU_261	0.829	2	2
OTU_158	OTU_264	0.771	2	2
OTU_158	OTU_265	0.771	2	2
OTU_158	OTU_269	0.886	2	2
OTU_158	OTU_273	0.771	2	2
OTU_158	OTU_275	0.771	2	2
OTU_158	OTU_281	0.771	2	2
OTU_158	OTU_284	0.714	2	2
OTU_158	OTU_285	0.771	2	2
OTU_158	OTU_286	0.771	2	2
OTU_158	OTU_287	0.714	2	2
OTU_158	OTU_299	0.886	2	2
OTU_158	OTU_301	0.714	2	2
OTU_158	OTU_303	0.714	2	2
OTU_158	OTU_308	0.943	2	2
OTU_158	OTU_309	0.771	2	2
OTU_158	OTU_311	0.829	2	2
OTU_158	OTU_314	0.771	2	2
OTU_158	OTU_316	0.886	2	2
OTU_158	OTU_317	0.771	2	2
OTU_158	OTU_318	0.943	2	2
OTU_158	OTU_323	0.771	2	2
OTU_158	OTU_326	0.771	2	2
OTU_158	OTU_333	0.771	2	2
OTU_158	OTU_337	0.714	2	2
OTU_158	OTU_338	0.771	2	2
OTU_158	OTU_348	0.714	2	2
OTU_158	OTU_350	0.829	2	2
OTU_158	OTU_352	0.714	2	2
OTU_158	OTU_36	0.943	2	2
OTU_158	OTU_38	0.771	2	2
OTU_158	OTU_39	0.714	2	2
OTU_158	OTU_40	0.771	2	2
OTU_158	OTU_43	1	2	2
OTU_158	OTU_45	0.829	2	2
OTU_158	OTU_47	0.886	2	2
OTU_158	OTU_5	0.771	2	2
OTU_158	OTU_50	0.771	2	2
OTU_158	OTU_61	0.943	2	2
OTU_158	OTU_62	0.829	2	2
OTU_158	OTU_66	0.771	2	2
OTU_158	OTU_67	0.829	2	2
OTU_158	OTU_7	0.829	2	2
OTU_158	OTU_70	0.771	2	2
OTU_158	OTU_73	0.886	2	2
OTU_158	OTU_78	0.771	2	2
OTU_158	OTU_79	0.829	2	2
OTU_158	OTU_80	0.771	2	2
OTU_158	OTU_91	0.886	2	2
OTU_158	OTU_94	0.943	2	2
OTU_158	OTU_97	0.829	2	2
OTU_159	OTU_16	0.714	2	2
OTU_159	OTU_163	0.771	2	2
OTU_159	OTU_165	0.943	2	2
OTU_159	OTU_172	0.886	2	2
OTU_159	OTU_175	0.829	2	2
OTU_159	OTU_18	0.771	2	2
OTU_159	OTU_180	0.943	2	2
OTU_159	OTU_182	0.771	2	2
OTU_159	OTU_184	0.886	2	2
OTU_159	OTU_189	0.771	2	2
OTU_159	OTU_192	0.829	2	2
OTU_159	OTU_194	0.714	2	2
OTU_159	OTU_2	0.714	2	2
OTU_159	OTU_200	0.943	2	2
OTU_159	OTU_201	1	2	2
OTU_159	OTU_202	1	2	2
OTU_159	OTU_211	0.714	2	2
OTU_159	OTU_214	0.771	2	2
OTU_159	OTU_216	0.771	2	2
OTU_159	OTU_223	0.771	2	2
OTU_159	OTU_225	0.771	2	2
OTU_159	OTU_228	1	2	2
OTU_159	OTU_231	0.943	2	2
OTU_159	OTU_232	0.771	2	2
OTU_159	OTU_238	0.771	2	2
OTU_159	OTU_243	0.714	2	2
OTU_159	OTU_247	0.771	2	2
OTU_159	OTU_248	0.771	2	2
OTU_159	OTU_251	0.886	2	2
OTU_159	OTU_254	0.886	2	2
OTU_159	OTU_258	0.771	2	2
OTU_159	OTU_259	0.771	2	2
OTU_159	OTU_268	0.771	2	2
OTU_159	OTU_269	0.886	2	2
OTU_159	OTU_272	0.714	2	2
OTU_159	OTU_273	0.771	2	2
OTU_159	OTU_275	0.771	2	2
OTU_159	OTU_278	0.771	2	2
OTU_159	OTU_281	0.943	2	2
OTU_159	OTU_284	0.714	2	2
OTU_159	OTU_286	0.771	2	2
OTU_159	OTU_287	0.886	2	2
OTU_159	OTU_299	0.886	2	2
OTU_159	OTU_301	0.886	2	2
OTU_159	OTU_303	0.886	2	2
OTU_159	OTU_308	0.943	2	2
OTU_159	OTU_309	0.771	2	2
OTU_159	OTU_311	1	2	2
OTU_159	OTU_316	0.886	2	2
OTU_159	OTU_318	0.771	2	2
OTU_159	OTU_323	0.943	2	2
OTU_159	OTU_326	0.771	2	2
OTU_159	OTU_333	0.771	2	2
OTU_159	OTU_337	0.886	2	2
OTU_159	OTU_338	0.943	2	2
OTU_159	OTU_340	0.771	2	2
OTU_159	OTU_341	0.829	2	2
OTU_159	OTU_348	0.886	2	2
OTU_159	OTU_352	0.714	2	2
OTU_159	OTU_36	0.771	2	2
OTU_159	OTU_39	0.714	2	2
OTU_159	OTU_43	0.829	2	2
OTU_159	OTU_47	0.886	2	2
OTU_159	OTU_49	0.771	2	2
OTU_159	OTU_5	0.943	2	2
OTU_159	OTU_50	0.943	2	2
OTU_159	OTU_61	0.943	2	2
OTU_159	OTU_64	0.829	2	2
OTU_159	OTU_66	0.771	2	2
OTU_159	OTU_70	0.771	2	2
OTU_159	OTU_73	0.886	2	2
OTU_159	OTU_75	0.771	2	2
OTU_159	OTU_80	0.771	2	2
OTU_159	OTU_91	0.714	2	2
OTU_159	OTU_94	0.771	2	2
OTU_159	OTU_95	0.829	2	2
OTU_16	OTU_163	0.771	2	2
OTU_16	OTU_165	0.771	2	2
OTU_16	OTU_173	0.943	2	2
OTU_16	OTU_178	0.714	2	2
OTU_16	OTU_179	0.886	2	2
OTU_16	OTU_18	0.943	2	2
OTU_16	OTU_181	0.714	2	2
OTU_16	OTU_182	0.771	2	2
OTU_16	OTU_184	0.829	2	2
OTU_16	OTU_189	0.943	2	2
OTU_16	OTU_194	1	2	2
OTU_16	OTU_196	0.943	2	2
OTU_16	OTU_2	1	2	2
OTU_16	OTU_20	0.943	2	2
OTU_16	OTU_200	0.771	2	2
OTU_16	OTU_201	0.714	2	2
OTU_16	OTU_202	0.714	2	2
OTU_16	OTU_223	0.771	2	2
OTU_16	OTU_225	0.943	2	2
OTU_16	OTU_228	0.714	2	2
OTU_16	OTU_232	0.771	2	2
OTU_16	OTU_238	0.771	2	2
OTU_16	OTU_243	1	2	2
OTU_16	OTU_246	0.771	2	2
OTU_16	OTU_247	0.943	2	2
OTU_16	OTU_250	0.886	2	2
OTU_16	OTU_253	0.886	2	2
OTU_16	OTU_256	0.886	2	2
OTU_16	OTU_259	0.771	2	2
OTU_16	OTU_261	0.886	2	2
OTU_16	OTU_264	0.771	2	2
OTU_16	OTU_265	0.943	2	2
OTU_16	OTU_268	0.771	2	2
OTU_16	OTU_269	0.829	2	2
OTU_16	OTU_272	0.829	2	2
OTU_16	OTU_278	0.943	2	2
OTU_16	OTU_281	0.771	2	2
OTU_16	OTU_284	1	2	2
OTU_16	OTU_286	0.943	2	2
OTU_16	OTU_299	0.829	2	2
OTU_16	OTU_308	0.771	2	2
OTU_16	OTU_309	0.943	2	2
OTU_16	OTU_311	0.714	2	2
OTU_16	OTU_314	0.771	2	2
OTU_16	OTU_316	0.829	2	2
OTU_16	OTU_317	0.943	2	2
OTU_16	OTU_318	0.771	2	2
OTU_16	OTU_323	0.771	2	2
OTU_16	OTU_333	0.943	2	2
OTU_16	OTU_340	0.771	2	2
OTU_16	OTU_341	0.886	2	2
OTU_16	OTU_350	0.886	2	2
OTU_16	OTU_352	1	2	2
OTU_16	OTU_38	0.943	2	2
OTU_16	OTU_39	1	2	2
OTU_16	OTU_40	0.943	2	2
OTU_16	OTU_43	0.714	2	2
OTU_16	OTU_45	0.886	2	2
OTU_16	OTU_47	0.829	2	2
OTU_16	OTU_49	0.771	2	2
OTU_16	OTU_5	0.771	2	2
OTU_16	OTU_50	0.771	2	2
OTU_16	OTU_55	0.714	2	2
OTU_16	OTU_61	0.771	2	2
OTU_16	OTU_62	0.886	2	2
OTU_16	OTU_64	0.886	2	2
OTU_16	OTU_66	0.943	2	2
OTU_16	OTU_67	0.886	2	2
OTU_16	OTU_7	0.886	2	2
OTU_16	OTU_73	0.829	2	2
OTU_16	OTU_75	0.771	2	2
OTU_16	OTU_78	0.943	2	2
OTU_16	OTU_79	0.886	2	2
OTU_16	OTU_80	0.943	2	2
OTU_16	OTU_95	0.886	2	2
OTU_16	OTU_97	0.886	2	2
OTU_160	OTU_199	0.714	3	3
OTU_160	OTU_332	0.771	3	3
OTU_161	OTU_167	1	1	1
OTU_161	OTU_17	0.829	1	1
OTU_161	OTU_170	0.714	1	1
OTU_161	OTU_174	0.771	1	1
OTU_161	OTU_183	0.829	1	1
OTU_161	OTU_19	1	1	1
OTU_161	OTU_210	0.886	1	1
OTU_161	OTU_23	0.771	1	1
OTU_161	OTU_230	0.943	1	1
OTU_161	OTU_234	1	1	1
OTU_161	OTU_237	0.829	1	1
OTU_161	OTU_239	0.771	1	1
OTU_161	OTU_242	0.771	1	1
OTU_161	OTU_245	0.943	1	1
OTU_161	OTU_255	0.771	1	1
OTU_161	OTU_257	0.943	1	1
OTU_161	OTU_26	0.943	1	1
OTU_161	OTU_27	0.771	1	1
OTU_161	OTU_276	0.886	1	1
OTU_161	OTU_279	0.829	1	1
OTU_161	OTU_280	0.771	1	1
OTU_161	OTU_292	0.943	1	1
OTU_161	OTU_294	0.829	1	1
OTU_161	OTU_295	0.771	1	1
OTU_161	OTU_298	0.771	1	1
OTU_161	OTU_300	1	1	1
OTU_161	OTU_302	0.943	1	1
OTU_161	OTU_305	0.771	1	1
OTU_161	OTU_31	0.829	1	1
OTU_161	OTU_320	0.829	1	1
OTU_161	OTU_321	1	1	1
OTU_161	OTU_325	0.771	1	1
OTU_161	OTU_327	0.829	1	1
OTU_161	OTU_329	0.943	1	1
OTU_161	OTU_330	0.943	1	1
OTU_161	OTU_34	1	1	1
OTU_161	OTU_347	0.943	1	1
OTU_161	OTU_4	0.943	1	1
OTU_161	OTU_44	1	1	1
OTU_161	OTU_46	0.771	1	1
OTU_161	OTU_53	0.943	1	1
OTU_161	OTU_58	0.943	1	1
OTU_161	OTU_6	1	1	1
OTU_161	OTU_65	1	1	1
OTU_161	OTU_69	1	1	1
OTU_161	OTU_71	0.771	1	1
OTU_161	OTU_72	0.829	1	1
OTU_161	OTU_81	0.829	1	1
OTU_161	OTU_82	0.771	1	1
OTU_161	OTU_83	0.943	1	1
OTU_161	OTU_85	0.886	1	1
OTU_161	OTU_86	0.943	1	1
OTU_161	OTU_87	0.943	1	1
OTU_161	OTU_88	0.771	1	1
OTU_161	OTU_96	0.829	1	1
OTU_161	OTU_98	1	1	1
OTU_163	OTU_165	0.829	2	2
OTU_163	OTU_173	0.829	2	2
OTU_163	OTU_175	0.771	2	2
OTU_163	OTU_179	0.943	2	2
OTU_163	OTU_180	0.714	2	2
OTU_163	OTU_181	0.771	2	2
OTU_163	OTU_182	1	2	2
OTU_163	OTU_184	0.943	2	2
OTU_163	OTU_189	0.886	2	2
OTU_163	OTU_192	0.771	2	2
OTU_163	OTU_194	0.771	2	2
OTU_163	OTU_196	0.829	2	2
OTU_163	OTU_2	0.771	2	2
OTU_163	OTU_20	0.829	2	2
OTU_163	OTU_200	0.829	2	2
OTU_163	OTU_201	0.771	2	2
OTU_163	OTU_202	0.771	2	2
OTU_163	OTU_211	0.771	2	2
OTU_163	OTU_214	0.829	2	2
OTU_163	OTU_223	0.714	2	2
OTU_163	OTU_225	0.886	2	2
OTU_163	OTU_228	0.771	2	2
OTU_163	OTU_231	0.714	2	2
OTU_163	OTU_232	1	2	2
OTU_163	OTU_243	0.771	2	2
OTU_163	OTU_246	0.886	2	2
OTU_163	OTU_247	0.886	2	2
OTU_163	OTU_248	0.886	2	2
OTU_163	OTU_250	0.943	2	2
OTU_163	OTU_251	0.771	2	2
OTU_163	OTU_253	0.943	2	2
OTU_163	OTU_254	0.771	2	2
OTU_163	OTU_256	0.943	2	2
OTU_163	OTU_259	0.714	2	2
OTU_163	OTU_261	0.943	2	2
OTU_163	OTU_264	0.714	2	2
OTU_163	OTU_265	0.829	2	2
OTU_163	OTU_269	0.771	2	2
OTU_163	OTU_281	0.829	2	2
OTU_163	OTU_284	0.771	2	2
OTU_163	OTU_285	0.886	2	2
OTU_163	OTU_286	0.886	2	2
OTU_163	OTU_299	0.943	2	2
OTU_163	OTU_303	0.771	2	2
OTU_163	OTU_308	0.886	2	2
OTU_163	OTU_309	0.886	2	2
OTU_163	OTU_311	0.771	2	2
OTU_163	OTU_314	0.886	2	2
OTU_163	OTU_316	0.771	2	2
OTU_163	OTU_317	0.829	2	2
OTU_163	OTU_318	1	2	2
OTU_163	OTU_333	0.886	2	2
OTU_163	OTU_337	0.771	2	2
OTU_163	OTU_338	0.714	2	2
OTU_163	OTU_340	0.714	2	2
OTU_163	OTU_341	0.771	2	2
OTU_163	OTU_348	0.771	2	2
OTU_163	OTU_350	0.943	2	2
OTU_163	OTU_352	0.771	2	2
OTU_163	OTU_36	0.886	2	2
OTU_163	OTU_38	0.829	2	2
OTU_163	OTU_39	0.771	2	2
OTU_163	OTU_40	0.829	2	2
OTU_163	OTU_43	0.943	2	2
OTU_163	OTU_45	0.943	2	2
OTU_163	OTU_47	0.943	2	2
OTU_163	OTU_49	0.714	2	2
OTU_163	OTU_5	0.829	2	2
OTU_163	OTU_50	0.829	2	2
OTU_163	OTU_55	0.771	2	2
OTU_163	OTU_61	0.886	2	2
OTU_163	OTU_62	0.943	2	2
OTU_163	OTU_64	0.771	2	2
OTU_163	OTU_66	0.714	2	2
OTU_163	OTU_67	0.771	2	2
OTU_163	OTU_7	0.943	2	2
OTU_163	OTU_70	0.829	2	2
OTU_163	OTU_73	0.771	2	2
OTU_163	OTU_78	0.829	2	2
OTU_163	OTU_79	0.943	2	2
OTU_163	OTU_80	0.886	2	2
OTU_163	OTU_91	0.771	2	2
OTU_163	OTU_94	0.886	2	2
OTU_163	OTU_95	0.771	2	2
OTU_163	OTU_97	0.771	2	2
OTU_165	OTU_172	0.771	2	2
OTU_165	OTU_175	0.771	2	2
OTU_165	OTU_179	0.771	2	2
OTU_165	OTU_18	0.829	2	2
OTU_165	OTU_180	0.886	2	2
OTU_165	OTU_181	0.771	2	2
OTU_165	OTU_182	0.829	2	2
OTU_165	OTU_184	0.943	2	2
OTU_165	OTU_189	0.886	2	2
OTU_165	OTU_192	0.771	2	2
OTU_165	OTU_194	0.771	2	2
OTU_165	OTU_2	0.771	2	2
OTU_165	OTU_200	1	2	2
OTU_165	OTU_201	0.943	2	2
OTU_165	OTU_202	0.943	2	2
OTU_165	OTU_214	0.829	2	2
OTU_165	OTU_223	0.886	2	2
OTU_165	OTU_225	0.886	2	2
OTU_165	OTU_228	0.943	2	2
OTU_165	OTU_231	0.886	2	2
OTU_165	OTU_232	0.829	2	2
OTU_165	OTU_238	0.714	2	2
OTU_165	OTU_243	0.771	2	2
OTU_165	OTU_246	0.714	2	2
OTU_165	OTU_247	0.886	2	2
OTU_165	OTU_248	0.714	2	2
OTU_165	OTU_250	0.771	2	2
OTU_165	OTU_251	0.943	2	2
OTU_165	OTU_253	0.771	2	2
OTU_165	OTU_254	0.943	2	2
OTU_165	OTU_256	0.771	2	2
OTU_165	OTU_259	0.886	2	2
OTU_165	OTU_261	0.771	2	2
OTU_165	OTU_268	0.714	2	2
OTU_165	OTU_269	0.771	2	2
OTU_165	OTU_272	0.771	2	2
OTU_165	OTU_278	0.829	2	2
OTU_165	OTU_281	1	2	2
OTU_165	OTU_284	0.771	2	2
OTU_165	OTU_286	0.886	2	2
OTU_165	OTU_287	0.771	2	2
OTU_165	OTU_299	0.943	2	2
OTU_165	OTU_301	0.771	2	2
OTU_165	OTU_303	0.943	2	2
OTU_165	OTU_308	0.886	2	2
OTU_165	OTU_309	0.886	2	2
OTU_165	OTU_311	0.943	2	2
OTU_165	OTU_314	0.714	2	2
OTU_165	OTU_316	0.771	2	2
OTU_165	OTU_318	0.829	2	2
OTU_165	OTU_323	0.829	2	2
OTU_165	OTU_333	0.886	2	2
OTU_165	OTU_337	0.943	2	2
OTU_165	OTU_338	0.886	2	2
OTU_165	OTU_340	0.886	2	2
OTU_165	OTU_341	0.943	2	2
OTU_165	OTU_348	0.943	2	2
OTU_165	OTU_350	0.771	2	2
OTU_165	OTU_352	0.771	2	2
OTU_165	OTU_36	0.714	2	2
OTU_165	OTU_39	0.771	2	2
OTU_165	OTU_43	0.771	2	2
OTU_165	OTU_45	0.771	2	2
OTU_165	OTU_47	0.943	2	2
OTU_165	OTU_49	0.886	2	2
OTU_165	OTU_5	1	2	2
OTU_165	OTU_50	1	2	2
OTU_165	OTU_55	0.771	2	2
OTU_165	OTU_61	0.886	2	2
OTU_165	OTU_62	0.771	2	2
OTU_165	OTU_64	0.943	2	2
OTU_165	OTU_66	0.714	2	2
OTU_165	OTU_7	0.771	2	2
OTU_165	OTU_70	0.829	2	2
OTU_165	OTU_73	0.771	2	2
OTU_165	OTU_75	0.714	2	2
OTU_165	OTU_79	0.771	2	2
OTU_165	OTU_80	0.886	2	2
OTU_165	OTU_94	0.714	2	2
OTU_165	OTU_95	0.943	2	2
OTU_167	OTU_17	0.829	1	1
OTU_167	OTU_170	0.714	1	1
OTU_167	OTU_174	0.771	1	1
OTU_167	OTU_183	0.829	1	1
OTU_167	OTU_19	1	1	1
OTU_167	OTU_210	0.886	1	1
OTU_167	OTU_23	0.771	1	1
OTU_167	OTU_230	0.943	1	1
OTU_167	OTU_234	1	1	1
OTU_167	OTU_237	0.829	1	1
OTU_167	OTU_239	0.771	1	1
OTU_167	OTU_242	0.771	1	1
OTU_167	OTU_245	0.943	1	1
OTU_167	OTU_255	0.771	1	1
OTU_167	OTU_257	0.943	1	1
OTU_167	OTU_26	0.943	1	1
OTU_167	OTU_27	0.771	1	1
OTU_167	OTU_276	0.886	1	1
OTU_167	OTU_279	0.829	1	1
OTU_167	OTU_280	0.771	1	1
OTU_167	OTU_292	0.943	1	1
OTU_167	OTU_294	0.829	1	1
OTU_167	OTU_295	0.771	1	1
OTU_167	OTU_298	0.771	1	1
OTU_167	OTU_300	1	1	1
OTU_167	OTU_302	0.943	1	1
OTU_167	OTU_305	0.771	1	1
OTU_167	OTU_31	0.829	1	1
OTU_167	OTU_320	0.829	1	1
OTU_167	OTU_321	1	1	1
OTU_167	OTU_325	0.771	1	1
OTU_167	OTU_327	0.829	1	1
OTU_167	OTU_329	0.943	1	1
OTU_167	OTU_330	0.943	1	1
OTU_167	OTU_34	1	1	1
OTU_167	OTU_347	0.943	1	1
OTU_167	OTU_4	0.943	1	1
OTU_167	OTU_44	1	1	1
OTU_167	OTU_46	0.771	1	1
OTU_167	OTU_53	0.943	1	1
OTU_167	OTU_58	0.943	1	1
OTU_167	OTU_6	1	1	1
OTU_167	OTU_65	1	1	1
OTU_167	OTU_69	1	1	1
OTU_167	OTU_71	0.771	1	1
OTU_167	OTU_72	0.829	1	1
OTU_167	OTU_81	0.829	1	1
OTU_167	OTU_82	0.771	1	1
OTU_167	OTU_83	0.943	1	1
OTU_167	OTU_85	0.886	1	1
OTU_167	OTU_86	0.943	1	1
OTU_167	OTU_87	0.943	1	1
OTU_167	OTU_88	0.771	1	1
OTU_167	OTU_96	0.829	1	1
OTU_167	OTU_98	1	1	1
OTU_17	OTU_170	0.886	1	1
OTU_17	OTU_174	0.943	1	1
OTU_17	OTU_183	1	1	1
OTU_17	OTU_186	0.886	1	1
OTU_17	OTU_19	0.829	1	1
OTU_17	OTU_23	0.771	1	1
OTU_17	OTU_230	0.943	1	1
OTU_17	OTU_234	0.829	1	1
OTU_17	OTU_237	0.829	1	1
OTU_17	OTU_239	0.943	1	1
OTU_17	OTU_242	0.943	1	1
OTU_17	OTU_245	0.943	1	1
OTU_17	OTU_252	0.943	1	1
OTU_17	OTU_255	0.943	1	1
OTU_17	OTU_257	0.771	1	1
OTU_17	OTU_26	0.771	1	1
OTU_17	OTU_27	0.943	1	1
OTU_17	OTU_276	0.714	1	1
OTU_17	OTU_292	0.771	1	1
OTU_17	OTU_298	0.943	1	1
OTU_17	OTU_300	0.829	1	1
OTU_17	OTU_302	0.943	1	1
OTU_17	OTU_305	0.943	1	1
OTU_17	OTU_31	0.829	1	1
OTU_17	OTU_320	0.829	1	1
OTU_17	OTU_321	0.829	1	1
OTU_17	OTU_327	0.829	1	1
OTU_17	OTU_329	0.771	1	1
OTU_17	OTU_330	0.943	1	1
OTU_17	OTU_34	0.829	1	1
OTU_17	OTU_347	0.771	1	1
OTU_17	OTU_4	0.771	1	1
OTU_17	OTU_44	0.829	1	1
OTU_17	OTU_46	0.943	1	1
OTU_17	OTU_53	0.771	1	1
OTU_17	OTU_58	0.771	1	1
OTU_17	OTU_6	0.829	1	1
OTU_17	OTU_65	0.829	1	1
OTU_17	OTU_68	0.771	1	1
OTU_17	OTU_69	0.829	1	1
OTU_17	OTU_71	0.943	1	1
OTU_17	OTU_72	0.829	1	1
OTU_17	OTU_81	0.829	1	1
OTU_17	OTU_83	0.771	1	1
OTU_17	OTU_85	0.714	1	1
OTU_17	OTU_86	0.943	1	1
OTU_17	OTU_87	0.771	1	1
OTU_17	OTU_88	0.943	1	1
OTU_17	OTU_96	0.829	1	1
OTU_17	OTU_98	0.829	1	1
OTU_170	OTU_174	0.943	1	1
OTU_170	OTU_183	0.886	1	1
OTU_170	OTU_186	0.829	1	1
OTU_170	OTU_19	0.714	1	1
OTU_170	OTU_23	0.943	1	1
OTU_170	OTU_230	0.771	1	1
OTU_170	OTU_234	0.714	1	1
OTU_170	OTU_237	0.886	1	1
OTU_170	OTU_239	0.943	1	1
OTU_170	OTU_240	0.714	1	1
OTU_170	OTU_242	0.943	1	1
OTU_170	OTU_245	0.771	1	1
OTU_170	OTU_252	0.771	1	1
OTU_170	OTU_255	0.943	1	1
OTU_170	OTU_257	0.771	1	1
OTU_170	OTU_26	0.771	1	1
OTU_170	OTU_27	0.943	1	1
OTU_170	OTU_279	0.714	1	1
OTU_170	OTU_298	0.943	1	1
OTU_170	OTU_300	0.714	1	1
OTU_170	OTU_302	0.771	1	1
OTU_170	OTU_305	0.943	1	1
OTU_170	OTU_31	0.886	1	1
OTU_170	OTU_320	0.886	1	1
OTU_170	OTU_321	0.714	1	1
OTU_170	OTU_327	0.886	1	1
OTU_170	OTU_329	0.771	1	1
OTU_170	OTU_330	0.771	1	1
OTU_170	OTU_34	0.714	1	1
OTU_170	OTU_347	0.771	1	1
OTU_170	OTU_4	0.771	1	1
OTU_170	OTU_44	0.714	1	1
OTU_170	OTU_46	0.943	1	1
OTU_170	OTU_53	0.771	1	1
OTU_170	OTU_58	0.771	1	1
OTU_170	OTU_6	0.714	1	1
OTU_170	OTU_65	0.714	1	1
OTU_170	OTU_68	0.771	1	1
OTU_170	OTU_69	0.714	1	1
OTU_170	OTU_71	0.943	1	1
OTU_170	OTU_72	0.886	1	1
OTU_170	OTU_81	0.886	1	1
OTU_170	OTU_85	0.829	1	1
OTU_170	OTU_86	0.771	1	1
OTU_170	OTU_87	0.771	1	1
OTU_170	OTU_88	0.943	1	1
OTU_170	OTU_96	0.886	1	1
OTU_170	OTU_98	0.714	1	1
OTU_171	OTU_249	0.943	4	4
OTU_171	OTU_285	0.771	4	2
OTU_171	OTU_288	0.943	4	4
OTU_171	OTU_289	0.886	4	4
OTU_171	OTU_77	1	4	4
OTU_171	OTU_9	0.714	4	2
OTU_172	OTU_175	0.886	2	2
OTU_172	OTU_178	0.886	2	2
OTU_172	OTU_18	0.771	2	2
OTU_172	OTU_180	0.943	2	2
OTU_172	OTU_181	0.714	2	2
OTU_172	OTU_192	0.886	2	2
OTU_172	OTU_200	0.771	2	2
OTU_172	OTU_201	0.886	2	2
OTU_172	OTU_202	0.886	2	2
OTU_172	OTU_211	0.829	2	2
OTU_172	OTU_214	0.771	2	2
OTU_172	OTU_216	0.943	2	2
OTU_172	OTU_223	0.771	2	2
OTU_172	OTU_228	0.886	2	2
OTU_172	OTU_231	0.943	2	2
OTU_172	OTU_238	0.943	2	2
OTU_172	OTU_248	0.771	2	2
OTU_172	OTU_251	0.829	2	2
OTU_172	OTU_254	0.829	2	2
OTU_172	OTU_258	0.943	2	2
OTU_172	OTU_259	0.771	2	2
OTU_172	OTU_264	0.771	2	2
OTU_172	OTU_268	0.943	2	2
OTU_172	OTU_269	0.829	2	2
OTU_172	OTU_272	0.829	2	2
OTU_172	OTU_273	0.943	2	2
OTU_172	OTU_275	0.943	2	2
OTU_172	OTU_278	0.771	2	2
OTU_172	OTU_281	0.771	2	2
OTU_172	OTU_287	1	2	2
OTU_172	OTU_301	1	2	2
OTU_172	OTU_303	0.829	2	2
OTU_172	OTU_308	0.771	2	2
OTU_172	OTU_311	0.886	2	2
OTU_172	OTU_316	0.829	2	2
OTU_172	OTU_323	0.943	2	2
OTU_172	OTU_326	0.943	2	2
OTU_172	OTU_337	0.829	2	2
OTU_172	OTU_338	0.943	2	2
OTU_172	OTU_340	0.771	2	2
OTU_172	OTU_341	0.714	2	2
OTU_172	OTU_348	0.829	2	2
OTU_172	OTU_36	0.771	2	2
OTU_172	OTU_43	0.714	2	2
OTU_172	OTU_49	0.771	2	2
OTU_172	OTU_5	0.771	2	2
OTU_172	OTU_50	0.771	2	2
OTU_172	OTU_55	0.714	2	2
OTU_172	OTU_61	0.771	2	2
OTU_172	OTU_64	0.714	2	2
OTU_172	OTU_66	0.771	2	2
OTU_172	OTU_67	0.714	2	2
OTU_172	OTU_70	0.771	2	2
OTU_172	OTU_73	0.829	2	2
OTU_172	OTU_75	0.943	2	2
OTU_172	OTU_91	0.829	2	2
OTU_172	OTU_94	0.771	2	2
OTU_172	OTU_95	0.714	2	2
OTU_172	OTU_97	0.714	2	2
OTU_173	OTU_178	0.771	2	2
OTU_173	OTU_179	0.943	2	2
OTU_173	OTU_18	0.829	2	2
OTU_173	OTU_181	0.771	2	2
OTU_173	OTU_182	0.829	2	2
OTU_173	OTU_184	0.771	2	2
OTU_173	OTU_189	0.886	2	2
OTU_173	OTU_194	0.943	2	2
OTU_173	OTU_196	1	2	2
OTU_173	OTU_2	0.943	2	2
OTU_173	OTU_20	1	2	2
OTU_173	OTU_211	0.771	2	2
OTU_173	OTU_223	0.714	2	2
OTU_173	OTU_225	0.886	2	2
OTU_173	OTU_232	0.829	2	2
OTU_173	OTU_238	0.714	2	2
OTU_173	OTU_243	0.943	2	2
OTU_173	OTU_246	0.886	2	2
OTU_173	OTU_247	0.886	2	2
OTU_173	OTU_248	0.714	2	2
OTU_173	OTU_250	0.943	2	2
OTU_173	OTU_253	0.943	2	2
OTU_173	OTU_256	0.943	2	2
OTU_173	OTU_259	0.714	2	2
OTU_173	OTU_261	0.943	2	2
OTU_173	OTU_264	0.886	2	2
OTU_173	OTU_265	1	2	2
OTU_173	OTU_268	0.714	2	2
OTU_173	OTU_269	0.771	2	2
OTU_173	OTU_272	0.771	2	2
OTU_173	OTU_278	0.829	2	2
OTU_173	OTU_28	0.829	2	2
OTU_173	OTU_284	0.943	2	2
OTU_173	OTU_286	0.886	2	2
OTU_173	OTU_299	0.771	2	2
OTU_173	OTU_308	0.714	2	2
OTU_173	OTU_309	0.886	2	2
OTU_173	OTU_314	0.886	2	2
OTU_173	OTU_316	0.771	2	2
OTU_173	OTU_317	1	2	2
OTU_173	OTU_318	0.829	2	2
OTU_173	OTU_333	0.886	2	2
OTU_173	OTU_340	0.714	2	2
OTU_173	OTU_341	0.771	2	2
OTU_173	OTU_350	0.943	2	2
OTU_173	OTU_352	0.943	2	2
OTU_173	OTU_36	0.714	2	2
OTU_173	OTU_38	1	2	2
OTU_173	OTU_39	0.943	2	2
OTU_173	OTU_40	1	2	2
OTU_173	OTU_43	0.771	2	2
OTU_173	OTU_45	0.943	2	2
OTU_173	OTU_47	0.771	2	2
OTU_173	OTU_49	0.714	2	2
OTU_173	OTU_55	0.771	2	2
OTU_173	OTU_61	0.714	2	2
OTU_173	OTU_62	0.943	2	2
OTU_173	OTU_64	0.771	2	2
OTU_173	OTU_66	0.886	2	2
OTU_173	OTU_67	0.943	2	2
OTU_173	OTU_7	0.943	2	2
OTU_173	OTU_73	0.771	2	2
OTU_173	OTU_75	0.714	2	2
OTU_173	OTU_78	1	2	2
OTU_173	OTU_79	0.943	2	2
OTU_173	OTU_80	0.886	2	2
OTU_173	OTU_9	0.829	2	2
OTU_173	OTU_91	0.771	2	2
OTU_173	OTU_94	0.714	2	2
OTU_173	OTU_95	0.771	2	2
OTU_173	OTU_97	0.943	2	2
OTU_174	OTU_183	0.943	1	1
OTU_174	OTU_186	0.943	1	1
OTU_174	OTU_19	0.771	1	1
OTU_174	OTU_23	0.886	1	1
OTU_174	OTU_230	0.829	1	1
OTU_174	OTU_234	0.771	1	1
OTU_174	OTU_237	0.943	1	1
OTU_174	OTU_239	1	1	1
OTU_174	OTU_240	0.771	1	1
OTU_174	OTU_242	1	1	1
OTU_174	OTU_245	0.829	1	1
OTU_174	OTU_252	0.886	1	1
OTU_174	OTU_255	1	1	1
OTU_174	OTU_257	0.829	1	1
OTU_174	OTU_26	0.829	1	1
OTU_174	OTU_27	1	1	1
OTU_174	OTU_276	0.771	1	1
OTU_174	OTU_292	0.714	1	1
OTU_174	OTU_298	1	1	1
OTU_174	OTU_300	0.771	1	1
OTU_174	OTU_302	0.829	1	1
OTU_174	OTU_305	1	1	1
OTU_174	OTU_31	0.943	1	1
OTU_174	OTU_320	0.943	1	1
OTU_174	OTU_321	0.771	1	1
OTU_174	OTU_327	0.943	1	1
OTU_174	OTU_329	0.829	1	1
OTU_174	OTU_330	0.829	1	1
OTU_174	OTU_34	0.771	1	1
OTU_174	OTU_347	0.829	1	1
OTU_174	OTU_4	0.714	1	1
OTU_174	OTU_44	0.771	1	1
OTU_174	OTU_46	1	1	1
OTU_174	OTU_53	0.829	1	1
OTU_174	OTU_58	0.829	1	1
OTU_174	OTU_6	0.771	1	1
OTU_174	OTU_65	0.771	1	1
OTU_174	OTU_68	0.829	1	1
OTU_174	OTU_69	0.771	1	1
OTU_174	OTU_71	1	1	1
OTU_174	OTU_72	0.943	1	1
OTU_174	OTU_81	0.943	1	1
OTU_174	OTU_83	0.714	1	1
OTU_174	OTU_85	0.771	1	1
OTU_174	OTU_86	0.829	1	1
OTU_174	OTU_87	0.829	1	1
OTU_174	OTU_88	1	1	1
OTU_174	OTU_96	0.943	1	1
OTU_174	OTU_98	0.771	1	1
OTU_175	OTU_178	0.829	2	2
OTU_175	OTU_180	0.943	2	2
OTU_175	OTU_181	0.829	2	2
OTU_175	OTU_182	0.771	2	2
OTU_175	OTU_184	0.714	2	2
OTU_175	OTU_192	1	2	2
OTU_175	OTU_200	0.771	2	2
OTU_175	OTU_201	0.829	2	2
OTU_175	OTU_202	0.829	2	2
OTU_175	OTU_211	0.886	2	2
OTU_175	OTU_214	0.943	2	2
OTU_175	OTU_216	0.943	2	2
OTU_175	OTU_223	0.771	2	2
OTU_175	OTU_228	0.829	2	2
OTU_175	OTU_231	0.943	2	2
OTU_175	OTU_232	0.771	2	2
OTU_175	OTU_238	0.771	2	2
OTU_175	OTU_246	0.771	2	2
OTU_175	OTU_248	0.943	2	2
OTU_175	OTU_251	0.886	2	2
OTU_175	OTU_254	0.886	2	2
OTU_175	OTU_258	0.943	2	2
OTU_175	OTU_259	0.771	2	2
OTU_175	OTU_264	0.771	2	2
OTU_175	OTU_268	0.771	2	2
OTU_175	OTU_269	0.714	2	2
OTU_175	OTU_272	0.714	2	2
OTU_175	OTU_273	0.943	2	2
OTU_175	OTU_275	0.943	2	2
OTU_175	OTU_281	0.771	2	2
OTU_175	OTU_285	0.714	2	2
OTU_175	OTU_287	0.886	2	2
OTU_175	OTU_299	0.714	2	2
OTU_175	OTU_301	0.886	2	2
OTU_175	OTU_303	0.886	2	2
OTU_175	OTU_308	0.771	2	2
OTU_175	OTU_311	0.829	2	2
OTU_175	OTU_314	0.771	2	2
OTU_175	OTU_316	0.714	2	2
OTU_175	OTU_318	0.771	2	2
OTU_175	OTU_323	0.771	2	2
OTU_175	OTU_326	0.943	2	2
OTU_175	OTU_337	0.886	2	2
OTU_175	OTU_338	0.943	2	2
OTU_175	OTU_340	0.771	2	2
OTU_175	OTU_348	0.886	2	2
OTU_175	OTU_36	0.943	2	2
OTU_175	OTU_43	0.829	2	2
OTU_175	OTU_47	0.714	2	2
OTU_175	OTU_49	0.771	2	2
OTU_175	OTU_5	0.771	2	2
OTU_175	OTU_50	0.771	2	2
OTU_175	OTU_55	0.829	2	2
OTU_175	OTU_61	0.771	2	2
OTU_175	OTU_70	0.943	2	2
OTU_175	OTU_73	0.714	2	2
OTU_175	OTU_75	0.771	2	2
OTU_175	OTU_91	0.886	2	2
OTU_175	OTU_94	0.943	2	2
OTU_177	OTU_249	0.829	4	4
OTU_177	OTU_288	0.829	4	4
OTU_177	OTU_289	0.714	4	4
OTU_177	OTU_306	0.771	4	4
OTU_177	OTU_9	0.886	4	2
OTU_178	OTU_18	0.771	2	2
OTU_178	OTU_180	0.771	2	2
OTU_178	OTU_181	0.829	2	2
OTU_178	OTU_192	0.829	2	2
OTU_178	OTU_194	0.714	2	2
OTU_178	OTU_196	0.771	2	2
OTU_178	OTU_2	0.714	2	2
OTU_178	OTU_20	0.771	2	2
OTU_178	OTU_211	0.886	2	2
OTU_178	OTU_214	0.771	2	2
OTU_178	OTU_216	0.943	2	2
OTU_178	OTU_223	0.771	2	2
OTU_178	OTU_231	0.771	2	2
OTU_178	OTU_238	0.943	2	2
OTU_178	OTU_243	0.714	2	2
OTU_178	OTU_246	0.771	2	2
OTU_178	OTU_248	0.771	2	2
OTU_178	OTU_251	0.714	2	2
OTU_178	OTU_254	0.714	2	2
OTU_178	OTU_258	0.943	2	2
OTU_178	OTU_259	0.771	2	2
OTU_178	OTU_264	0.943	2	2
OTU_178	OTU_265	0.771	2	2
OTU_178	OTU_268	0.943	2	2
OTU_178	OTU_269	0.714	2	2
OTU_178	OTU_272	0.886	2	2
OTU_178	OTU_273	0.943	2	2
OTU_178	OTU_275	0.943	2	2
OTU_178	OTU_278	0.771	2	2
OTU_178	OTU_28	0.829	2	2
OTU_178	OTU_284	0.714	2	2
OTU_178	OTU_287	0.886	2	2
OTU_178	OTU_301	0.886	2	2
OTU_178	OTU_303	0.714	2	2
OTU_178	OTU_314	0.771	2	2
OTU_178	OTU_316	0.714	2	2
OTU_178	OTU_317	0.771	2	2
OTU_178	OTU_323	0.771	2	2
OTU_178	OTU_326	0.943	2	2
OTU_178	OTU_337	0.714	2	2
OTU_178	OTU_338	0.771	2	2
OTU_178	OTU_340	0.771	2	2
OTU_178	OTU_348	0.714	2	2
OTU_178	OTU_352	0.714	2	2
OTU_178	OTU_36	0.771	2	2
OTU_178	OTU_38	0.771	2	2
OTU_178	OTU_39	0.714	2	2
OTU_178	OTU_40	0.771	2	2
OTU_178	OTU_49	0.771	2	2
OTU_178	OTU_55	0.829	2	2
OTU_178	OTU_66	0.771	2	2
OTU_178	OTU_67	0.829	2	2
OTU_178	OTU_70	0.771	2	2
OTU_178	OTU_73	0.714	2	2
OTU_178	OTU_75	0.943	2	2
OTU_178	OTU_78	0.771	2	2
OTU_178	OTU_91	0.886	2	2
OTU_178	OTU_94	0.771	2	2
OTU_178	OTU_97	0.829	2	2
OTU_179	OTU_18	0.771	2	2
OTU_179	OTU_181	0.829	2	2
OTU_179	OTU_182	0.943	2	2
OTU_179	OTU_184	0.886	2	2
OTU_179	OTU_189	0.943	2	2
OTU_179	OTU_194	0.886	2	2
OTU_179	OTU_196	0.943	2	2
OTU_179	OTU_2	0.886	2	2
OTU_179	OTU_20	0.943	2	2
OTU_179	OTU_200	0.771	2	2
OTU_179	OTU_211	0.714	2	2
OTU_179	OTU_214	0.771	2	2
OTU_179	OTU_223	0.771	2	2
OTU_179	OTU_225	0.943	2	2
OTU_179	OTU_232	0.943	2	2
OTU_179	OTU_243	0.886	2	2
OTU_179	OTU_246	0.943	2	2
OTU_179	OTU_247	0.943	2	2
OTU_179	OTU_248	0.771	2	2
OTU_179	OTU_250	1	2	2
OTU_179	OTU_251	0.714	2	2
OTU_179	OTU_253	1	2	2
OTU_179	OTU_254	0.714	2	2
OTU_179	OTU_256	1	2	2
OTU_179	OTU_259	0.771	2	2
OTU_179	OTU_261	1	2	2
OTU_179	OTU_264	0.771	2	2
OTU_179	OTU_265	0.943	2	2
OTU_179	OTU_269	0.714	2	2
OTU_179	OTU_272	0.714	2	2
OTU_179	OTU_278	0.771	2	2
OTU_179	OTU_281	0.771	2	2
OTU_179	OTU_284	0.886	2	2
OTU_179	OTU_285	0.829	2	2
OTU_179	OTU_286	0.943	2	2
OTU_179	OTU_299	0.886	2	2
OTU_179	OTU_303	0.714	2	2
OTU_179	OTU_308	0.771	2	2
OTU_179	OTU_309	0.943	2	2
OTU_179	OTU_314	0.943	2	2
OTU_179	OTU_316	0.714	2	2
OTU_179	OTU_317	0.943	2	2
OTU_179	OTU_318	0.943	2	2
OTU_179	OTU_333	0.943	2	2
OTU_179	OTU_337	0.714	2	2
OTU_179	OTU_340	0.771	2	2
OTU_179	OTU_341	0.829	2	2
OTU_179	OTU_348	0.714	2	2
OTU_179	OTU_350	1	2	2
OTU_179	OTU_352	0.886	2	2
OTU_179	OTU_36	0.771	2	2
OTU_179	OTU_38	0.943	2	2
OTU_179	OTU_39	0.886	2	2
OTU_179	OTU_40	0.943	2	2
OTU_179	OTU_43	0.829	2	2
OTU_179	OTU_45	1	2	2
OTU_179	OTU_47	0.886	2	2
OTU_179	OTU_49	0.771	2	2
OTU_179	OTU_5	0.771	2	2
OTU_179	OTU_50	0.771	2	2
OTU_179	OTU_55	0.829	2	2
OTU_179	OTU_61	0.771	2	2
OTU_179	OTU_62	1	2	2
OTU_179	OTU_64	0.829	2	2
OTU_179	OTU_66	0.771	2	2
OTU_179	OTU_67	0.829	2	2
OTU_179	OTU_7	1	2	2
OTU_179	OTU_70	0.771	2	2
OTU_179	OTU_73	0.714	2	2
OTU_179	OTU_78	0.943	2	2
OTU_179	OTU_79	1	2	2
OTU_179	OTU_80	0.943	2	2
OTU_179	OTU_9	0.771	2	2
OTU_179	OTU_91	0.714	2	2
OTU_179	OTU_94	0.771	2	2
OTU_179	OTU_95	0.829	2	2
OTU_179	OTU_97	0.829	2	2
OTU_18	OTU_180	0.714	2	2
OTU_18	OTU_181	0.771	2	2
OTU_18	OTU_184	0.771	2	2
OTU_18	OTU_189	0.886	2	2
OTU_18	OTU_194	0.943	2	2
OTU_18	OTU_196	0.829	2	2
OTU_18	OTU_2	0.943	2	2
OTU_18	OTU_20	0.829	2	2
OTU_18	OTU_200	0.829	2	2
OTU_18	OTU_201	0.771	2	2
OTU_18	OTU_202	0.771	2	2
OTU_18	OTU_223	0.886	2	2
OTU_18	OTU_225	0.886	2	2
OTU_18	OTU_228	0.771	2	2
OTU_18	OTU_231	0.714	2	2
OTU_18	OTU_238	0.886	2	2
OTU_18	OTU_243	0.943	2	2
OTU_18	OTU_246	0.714	2	2
OTU_18	OTU_247	0.886	2	2
OTU_18	OTU_250	0.771	2	2
OTU_18	OTU_251	0.771	2	2
OTU_18	OTU_253	0.771	2	2
OTU_18	OTU_254	0.771	2	2
OTU_18	OTU_256	0.771	2	2
OTU_18	OTU_259	0.886	2	2
OTU_18	OTU_261	0.771	2	2
OTU_18	OTU_264	0.714	2	2
OTU_18	OTU_265	0.829	2	2
OTU_18	OTU_268	0.886	2	2
OTU_18	OTU_269	0.771	2	2
OTU_18	OTU_272	0.943	2	2
OTU_18	OTU_278	1	2	2
OTU_18	OTU_281	0.829	2	2
OTU_18	OTU_284	0.943	2	2
OTU_18	OTU_286	0.886	2	2
OTU_18	OTU_287	0.771	2	2
OTU_18	OTU_299	0.771	2	2
OTU_18	OTU_301	0.771	2	2
OTU_18	OTU_303	0.771	2	2
OTU_18	OTU_308	0.714	2	2
OTU_18	OTU_309	0.886	2	2
OTU_18	OTU_311	0.771	2	2
OTU_18	OTU_314	0.714	2	2
OTU_18	OTU_316	0.771	2	2
OTU_18	OTU_317	0.829	2	2
OTU_18	OTU_323	0.829	2	2
OTU_18	OTU_333	0.886	2	2
OTU_18	OTU_337	0.771	2	2
OTU_18	OTU_338	0.714	2	2
OTU_18	OTU_340	0.886	2	2
OTU_18	OTU_341	0.943	2	2
OTU_18	OTU_348	0.771	2	2
OTU_18	OTU_350	0.771	2	2
OTU_18	OTU_352	0.943	2	2
OTU_18	OTU_38	0.829	2	2
OTU_18	OTU_39	0.943	2	2
OTU_18	OTU_40	0.829	2	2
OTU_18	OTU_45	0.771	2	2
OTU_18	OTU_47	0.771	2	2
OTU_18	OTU_49	0.886	2	2
OTU_18	OTU_5	0.829	2	2
OTU_18	OTU_50	0.829	2	2
OTU_18	OTU_55	0.771	2	2
OTU_18	OTU_61	0.714	2	2
OTU_18	OTU_62	0.771	2	2
OTU_18	OTU_64	0.943	2	2
OTU_18	OTU_66	0.886	2	2
OTU_18	OTU_67	0.771	2	2
OTU_18	OTU_7	0.771	2	2
OTU_18	OTU_73	0.771	2	2
OTU_18	OTU_75	0.886	2	2
OTU_18	OTU_78	0.829	2	2
OTU_18	OTU_79	0.771	2	2
OTU_18	OTU_80	0.886	2	2
OTU_18	OTU_95	0.943	2	2
OTU_18	OTU_97	0.771	2	2
OTU_180	OTU_181	0.771	2	2
OTU_180	OTU_182	0.714	2	2
OTU_180	OTU_184	0.771	2	2
OTU_180	OTU_192	0.943	2	2
OTU_180	OTU_200	0.886	2	2
OTU_180	OTU_201	0.943	2	2
OTU_180	OTU_202	0.943	2	2
OTU_180	OTU_211	0.771	2	2
OTU_180	OTU_214	0.886	2	2
OTU_180	OTU_216	0.886	2	2
OTU_180	OTU_223	0.829	2	2
OTU_180	OTU_228	0.943	2	2
OTU_180	OTU_231	1	2	2
OTU_180	OTU_232	0.714	2	2
OTU_180	OTU_238	0.829	2	2
OTU_180	OTU_248	0.829	2	2
OTU_180	OTU_251	0.943	2	2
OTU_180	OTU_254	0.943	2	2
OTU_180	OTU_258	0.886	2	2
OTU_180	OTU_259	0.829	2	2
OTU_180	OTU_268	0.829	2	2
OTU_180	OTU_269	0.771	2	2
OTU_180	OTU_272	0.771	2	2
OTU_180	OTU_273	0.886	2	2
OTU_180	OTU_275	0.886	2	2
OTU_180	OTU_278	0.714	2	2
OTU_180	OTU_281	0.886	2	2
OTU_180	OTU_287	0.943	2	2
OTU_180	OTU_299	0.771	2	2
OTU_180	OTU_301	0.943	2	2
OTU_180	OTU_303	0.943	2	2
OTU_180	OTU_308	0.829	2	2
OTU_180	OTU_311	0.943	2	2
OTU_180	OTU_316	0.771	2	2
OTU_180	OTU_318	0.714	2	2
OTU_180	OTU_323	0.886	2	2
OTU_180	OTU_326	0.886	2	2
OTU_180	OTU_337	0.943	2	2
OTU_180	OTU_338	1	2	2
OTU_180	OTU_340	0.829	2	2
OTU_180	OTU_341	0.771	2	2
OTU_180	OTU_348	0.943	2	2
OTU_180	OTU_36	0.829	2	2
OTU_180	OTU_43	0.771	2	2
OTU_180	OTU_47	0.771	2	2
OTU_180	OTU_49	0.829	2	2
OTU_180	OTU_5	0.886	2	2
OTU_180	OTU_50	0.886	2	2
OTU_180	OTU_55	0.771	2	2
OTU_180	OTU_61	0.829	2	2
OTU_180	OTU_64	0.771	2	2
OTU_180	OTU_70	0.886	2	2
OTU_180	OTU_73	0.771	2	2
OTU_180	OTU_75	0.829	2	2
OTU_180	OTU_91	0.771	2	2
OTU_180	OTU_94	0.829	2	2
OTU_180	OTU_95	0.771	2	2
OTU_181	OTU_182	0.771	2	2
OTU_181	OTU_184	0.714	2	2
OTU_181	OTU_189	0.771	2	2
OTU_181	OTU_192	0.829	2	2
OTU_181	OTU_194	0.714	2	2
OTU_181	OTU_196	0.771	2	2
OTU_181	OTU_2	0.714	2	2
OTU_181	OTU_20	0.771	2	2
OTU_181	OTU_200	0.771	2	2
OTU_181	OTU_211	0.714	2	2
OTU_181	OTU_214	0.943	2	2
OTU_181	OTU_216	0.771	2	2
OTU_181	OTU_223	0.943	2	2
OTU_181	OTU_225	0.771	2	2
OTU_181	OTU_231	0.771	2	2
OTU_181	OTU_232	0.771	2	2
OTU_181	OTU_238	0.771	2	2
OTU_181	OTU_243	0.714	2	2
OTU_181	OTU_246	0.943	2	2
OTU_181	OTU_247	0.771	2	2
OTU_181	OTU_248	0.771	2	2
OTU_181	OTU_250	0.829	2	2
OTU_181	OTU_251	0.886	2	2
OTU_181	OTU_253	0.829	2	2
OTU_181	OTU_254	0.886	2	2
OTU_181	OTU_256	0.829	2	2
OTU_181	OTU_258	0.771	2	2
OTU_181	OTU_259	0.943	2	2
OTU_181	OTU_261	0.829	2	2
OTU_181	OTU_264	0.771	2	2
OTU_181	OTU_265	0.771	2	2
OTU_181	OTU_268	0.771	2	2
OTU_181	OTU_272	0.886	2	2
OTU_181	OTU_273	0.771	2	2
OTU_181	OTU_275	0.771	2	2
OTU_181	OTU_278	0.771	2	2
OTU_181	OTU_281	0.771	2	2
OTU_181	OTU_284	0.714	2	2
OTU_181	OTU_285	0.771	2	2
OTU_181	OTU_286	0.771	2	2
OTU_181	OTU_287	0.714	2	2
OTU_181	OTU_299	0.714	2	2
OTU_181	OTU_301	0.714	2	2
OTU_181	OTU_303	0.886	2	2
OTU_181	OTU_309	0.771	2	2
OTU_181	OTU_314	0.943	2	2
OTU_181	OTU_317	0.771	2	2
OTU_181	OTU_318	0.771	2	2
OTU_181	OTU_326	0.771	2	2
OTU_181	OTU_333	0.771	2	2
OTU_181	OTU_337	0.886	2	2
OTU_181	OTU_338	0.771	2	2
OTU_181	OTU_340	0.943	2	2
OTU_181	OTU_341	0.829	2	2
OTU_181	OTU_348	0.886	2	2
OTU_181	OTU_350	0.829	2	2
OTU_181	OTU_352	0.714	2	2
OTU_181	OTU_36	0.771	2	2
OTU_181	OTU_38	0.771	2	2
OTU_181	OTU_39	0.714	2	2
OTU_181	OTU_40	0.771	2	2
OTU_181	OTU_45	0.829	2	2
OTU_181	OTU_47	0.714	2	2
OTU_181	OTU_49	0.943	2	2
OTU_181	OTU_5	0.771	2	2
OTU_181	OTU_50	0.771	2	2
OTU_181	OTU_55	1	2	2
OTU_181	OTU_62	0.829	2	2
OTU_181	OTU_64	0.829	2	2
OTU_181	OTU_7	0.829	2	2
OTU_181	OTU_70	0.943	2	2
OTU_181	OTU_75	0.771	2	2
OTU_181	OTU_78	0.771	2	2
OTU_181	OTU_79	0.829	2	2
OTU_181	OTU_80	0.771	2	2
OTU_181	OTU_91	0.714	2	2
OTU_181	OTU_94	0.771	2	2
OTU_181	OTU_95	0.829	2	2
OTU_182	OTU_184	0.943	2	2
OTU_182	OTU_189	0.886	2	2
OTU_182	OTU_192	0.771	2	2
OTU_182	OTU_194	0.771	2	2
OTU_182	OTU_196	0.829	2	2
OTU_182	OTU_2	0.771	2	2
OTU_182	OTU_20	0.829	2	2
OTU_182	OTU_200	0.829	2	2
OTU_182	OTU_201	0.771	2	2
OTU_182	OTU_202	0.771	2	2
OTU_182	OTU_211	0.771	2	2
OTU_182	OTU_214	0.829	2	2
OTU_182	OTU_223	0.714	2	2
OTU_182	OTU_225	0.886	2	2
OTU_182	OTU_228	0.771	2	2
OTU_182	OTU_231	0.714	2	2
OTU_182	OTU_232	1	2	2
OTU_182	OTU_243	0.771	2	2
OTU_182	OTU_246	0.886	2	2
OTU_182	OTU_247	0.886	2	2
OTU_182	OTU_248	0.886	2	2
OTU_182	OTU_250	0.943	2	2
OTU_182	OTU_251	0.771	2	2
OTU_182	OTU_253	0.943	2	2
OTU_182	OTU_254	0.771	2	2
OTU_182	OTU_256	0.943	2	2
OTU_182	OTU_259	0.714	2	2
OTU_182	OTU_261	0.943	2	2
OTU_182	OTU_264	0.714	2	2
OTU_182	OTU_265	0.829	2	2
OTU_182	OTU_269	0.771	2	2
OTU_182	OTU_281	0.829	2	2
OTU_182	OTU_284	0.771	2	2
OTU_182	OTU_285	0.886	2	2
OTU_182	OTU_286	0.886	2	2
OTU_182	OTU_299	0.943	2	2
OTU_182	OTU_303	0.771	2	2
OTU_182	OTU_308	0.886	2	2
OTU_182	OTU_309	0.886	2	2
OTU_182	OTU_311	0.771	2	2
OTU_182	OTU_314	0.886	2	2
OTU_182	OTU_316	0.771	2	2
OTU_182	OTU_317	0.829	2	2
OTU_182	OTU_318	1	2	2
OTU_182	OTU_333	0.886	2	2
OTU_182	OTU_337	0.771	2	2
OTU_182	OTU_338	0.714	2	2
OTU_182	OTU_340	0.714	2	2
OTU_182	OTU_341	0.771	2	2
OTU_182	OTU_348	0.771	2	2
OTU_182	OTU_350	0.943	2	2
OTU_182	OTU_352	0.771	2	2
OTU_182	OTU_36	0.886	2	2
OTU_182	OTU_38	0.829	2	2
OTU_182	OTU_39	0.771	2	2
OTU_182	OTU_40	0.829	2	2
OTU_182	OTU_43	0.943	2	2
OTU_182	OTU_45	0.943	2	2
OTU_182	OTU_47	0.943	2	2
OTU_182	OTU_49	0.714	2	2
OTU_182	OTU_5	0.829	2	2
OTU_182	OTU_50	0.829	2	2
OTU_182	OTU_55	0.771	2	2
OTU_182	OTU_61	0.886	2	2
OTU_182	OTU_62	0.943	2	2
OTU_182	OTU_64	0.771	2	2
OTU_182	OTU_66	0.714	2	2
OTU_182	OTU_67	0.771	2	2
OTU_182	OTU_7	0.943	2	2
OTU_182	OTU_70	0.829	2	2
OTU_182	OTU_73	0.771	2	2
OTU_182	OTU_78	0.829	2	2
OTU_182	OTU_79	0.943	2	2
OTU_182	OTU_80	0.886	2	2
OTU_182	OTU_91	0.771	2	2
OTU_182	OTU_94	0.886	2	2
OTU_182	OTU_95	0.771	2	2
OTU_182	OTU_97	0.771	2	2
OTU_183	OTU_186	0.886	1	1
OTU_183	OTU_19	0.829	1	1
OTU_183	OTU_23	0.771	1	1
OTU_183	OTU_230	0.943	1	1
OTU_183	OTU_234	0.829	1	1
OTU_183	OTU_237	0.829	1	1
OTU_183	OTU_239	0.943	1	1
OTU_183	OTU_242	0.943	1	1
OTU_183	OTU_245	0.943	1	1
OTU_183	OTU_252	0.943	1	1
OTU_183	OTU_255	0.943	1	1
OTU_183	OTU_257	0.771	1	1
OTU_183	OTU_26	0.771	1	1
OTU_183	OTU_27	0.943	1	1
OTU_183	OTU_276	0.714	1	1
OTU_183	OTU_292	0.771	1	1
OTU_183	OTU_298	0.943	1	1
OTU_183	OTU_300	0.829	1	1
OTU_183	OTU_302	0.943	1	1
OTU_183	OTU_305	0.943	1	1
OTU_183	OTU_31	0.829	1	1
OTU_183	OTU_320	0.829	1	1
OTU_183	OTU_321	0.829	1	1
OTU_183	OTU_327	0.829	1	1
OTU_183	OTU_329	0.771	1	1
OTU_183	OTU_330	0.943	1	1
OTU_183	OTU_34	0.829	1	1
OTU_183	OTU_347	0.771	1	1
OTU_183	OTU_4	0.771	1	1
OTU_183	OTU_44	0.829	1	1
OTU_183	OTU_46	0.943	1	1
OTU_183	OTU_53	0.771	1	1
OTU_183	OTU_58	0.771	1	1
OTU_183	OTU_6	0.829	1	1
OTU_183	OTU_65	0.829	1	1
OTU_183	OTU_68	0.771	1	1
OTU_183	OTU_69	0.829	1	1
OTU_183	OTU_71	0.943	1	1
OTU_183	OTU_72	0.829	1	1
OTU_183	OTU_81	0.829	1	1
OTU_183	OTU_83	0.771	1	1
OTU_183	OTU_85	0.714	1	1
OTU_183	OTU_86	0.943	1	1
OTU_183	OTU_87	0.771	1	1
OTU_183	OTU_88	0.943	1	1
OTU_183	OTU_96	0.829	1	1
OTU_183	OTU_98	0.829	1	1
OTU_184	OTU_189	0.943	2	2
OTU_184	OTU_192	0.714	2	2
OTU_184	OTU_194	0.829	2	2
OTU_184	OTU_196	0.771	2	2
OTU_184	OTU_2	0.829	2	2
OTU_184	OTU_20	0.771	2	2
OTU_184	OTU_200	0.943	2	2
OTU_184	OTU_201	0.886	2	2
OTU_184	OTU_202	0.886	2	2
OTU_184	OTU_214	0.771	2	2
OTU_184	OTU_223	0.771	2	2
OTU_184	OTU_225	0.943	2	2
OTU_184	OTU_228	0.886	2	2
OTU_184	OTU_231	0.771	2	2
OTU_184	OTU_232	0.943	2	2
OTU_184	OTU_243	0.829	2	2
OTU_184	OTU_246	0.771	2	2
OTU_184	OTU_247	0.943	2	2
OTU_184	OTU_248	0.771	2	2
OTU_184	OTU_250	0.886	2	2
OTU_184	OTU_251	0.829	2	2
OTU_184	OTU_253	0.886	2	2
OTU_184	OTU_254	0.829	2	2
OTU_184	OTU_256	0.886	2	2
OTU_184	OTU_259	0.771	2	2
OTU_184	OTU_261	0.886	2	2
OTU_184	OTU_265	0.771	2	2
OTU_184	OTU_269	0.829	2	2
OTU_184	OTU_278	0.771	2	2
OTU_184	OTU_281	0.943	2	2
OTU_184	OTU_284	0.829	2	2
OTU_184	OTU_285	0.714	2	2
OTU_184	OTU_286	0.943	2	2
OTU_184	OTU_299	1	2	2
OTU_184	OTU_303	0.829	2	2
OTU_184	OTU_308	0.943	2	2
OTU_184	OTU_309	0.943	2	2
OTU_184	OTU_311	0.886	2	2
OTU_184	OTU_314	0.771	2	2
OTU_184	OTU_316	0.829	2	2
OTU_184	OTU_317	0.771	2	2
OTU_184	OTU_318	0.943	2	2
OTU_184	OTU_323	0.771	2	2
OTU_184	OTU_333	0.943	2	2
OTU_184	OTU_337	0.829	2	2
OTU_184	OTU_338	0.771	2	2
OTU_184	OTU_340	0.771	2	2
OTU_184	OTU_341	0.886	2	2
OTU_184	OTU_348	0.829	2	2
OTU_184	OTU_350	0.886	2	2
OTU_184	OTU_352	0.829	2	2
OTU_184	OTU_36	0.771	2	2
OTU_184	OTU_38	0.771	2	2
OTU_184	OTU_39	0.829	2	2
OTU_184	OTU_40	0.771	2	2
OTU_184	OTU_43	0.886	2	2
OTU_184	OTU_45	0.886	2	2
OTU_184	OTU_47	1	2	2
OTU_184	OTU_49	0.771	2	2
OTU_184	OTU_5	0.943	2	2
OTU_184	OTU_50	0.943	2	2
OTU_184	OTU_55	0.714	2	2
OTU_184	OTU_61	0.943	2	2
OTU_184	OTU_62	0.886	2	2
OTU_184	OTU_64	0.886	2	2
OTU_184	OTU_66	0.771	2	2
OTU_184	OTU_67	0.714	2	2
OTU_184	OTU_7	0.886	2	2
OTU_184	OTU_70	0.771	2	2
OTU_184	OTU_73	0.829	2	2
OTU_184	OTU_78	0.771	2	2
OTU_184	OTU_79	0.886	2	2
OTU_184	OTU_80	0.943	2	2
OTU_184	OTU_94	0.771	2	2
OTU_184	OTU_95	0.886	2	2
OTU_184	OTU_97	0.714	2	2
OTU_186	OTU_23	0.714	1	1
OTU_186	OTU_230	0.714	1	1
OTU_186	OTU_237	0.829	1	1
OTU_186	OTU_239	0.943	1	1
OTU_186	OTU_242	0.943	1	1
OTU_186	OTU_245	0.714	1	1
OTU_186	OTU_252	0.943	1	1
OTU_186	OTU_255	0.943	1	1
OTU_186	OTU_27	0.943	1	1
OTU_186	OTU_298	0.943	1	1
OTU_186	OTU_302	0.714	1	1
OTU_186	OTU_305	0.943	1	1
OTU_186	OTU_306	0.771	1	4
OTU_186	OTU_31	0.829	1	1
OTU_186	OTU_320	0.829	1	1
OTU_186	OTU_327	0.829	1	1
OTU_186	OTU_330	0.714	1	1
OTU_186	OTU_46	0.943	1	1
OTU_186	OTU_68	0.714	1	1
OTU_186	OTU_71	0.943	1	1
OTU_186	OTU_72	0.829	1	1
OTU_186	OTU_81	0.829	1	1
OTU_186	OTU_86	0.714	1	1
OTU_186	OTU_88	0.943	1	1
OTU_186	OTU_96	0.829	1	1
OTU_189	OTU_194	0.943	2	2
OTU_189	OTU_196	0.886	2	2
OTU_189	OTU_2	0.943	2	2
OTU_189	OTU_20	0.886	2	2
OTU_189	OTU_200	0.886	2	2
OTU_189	OTU_201	0.771	2	2
OTU_189	OTU_202	0.771	2	2
OTU_189	OTU_214	0.714	2	2
OTU_189	OTU_223	0.829	2	2
OTU_189	OTU_225	1	2	2
OTU_189	OTU_228	0.771	2	2
OTU_189	OTU_232	0.886	2	2
OTU_189	OTU_243	0.943	2	2
OTU_189	OTU_246	0.829	2	2
OTU_189	OTU_247	1	2	2
OTU_189	OTU_250	0.943	2	2
OTU_189	OTU_251	0.771	2	2
OTU_189	OTU_253	0.943	2	2
OTU_189	OTU_254	0.771	2	2
OTU_189	OTU_256	0.943	2	2
OTU_189	OTU_259	0.829	2	2
OTU_189	OTU_261	0.943	2	2
OTU_189	OTU_265	0.886	2	2
OTU_189	OTU_269	0.771	2	2
OTU_189	OTU_272	0.771	2	2
OTU_189	OTU_278	0.886	2	2
OTU_189	OTU_281	0.886	2	2
OTU_189	OTU_284	0.943	2	2
OTU_189	OTU_286	1	2	2
OTU_189	OTU_299	0.943	2	2
OTU_189	OTU_303	0.771	2	2
OTU_189	OTU_308	0.829	2	2
OTU_189	OTU_309	1	2	2
OTU_189	OTU_311	0.771	2	2
OTU_189	OTU_314	0.829	2	2
OTU_189	OTU_316	0.771	2	2
OTU_189	OTU_317	0.886	2	2
OTU_189	OTU_318	0.886	2	2
OTU_189	OTU_323	0.714	2	2
OTU_189	OTU_333	1	2	2
OTU_189	OTU_337	0.771	2	2
OTU_189	OTU_340	0.829	2	2
OTU_189	OTU_341	0.943	2	2
OTU_189	OTU_348	0.771	2	2
OTU_189	OTU_350	0.943	2	2
OTU_189	OTU_352	0.943	2	2
OTU_189	OTU_38	0.886	2	2
OTU_189	OTU_39	0.943	2	2
OTU_189	OTU_40	0.886	2	2
OTU_189	OTU_43	0.771	2	2
OTU_189	OTU_45	0.943	2	2
OTU_189	OTU_47	0.943	2	2
OTU_189	OTU_49	0.829	2	2
OTU_189	OTU_5	0.886	2	2
OTU_189	OTU_50	0.886	2	2
OTU_189	OTU_55	0.771	2	2
OTU_189	OTU_61	0.829	2	2
OTU_189	OTU_62	0.943	2	2
OTU_189	OTU_64	0.943	2	2
OTU_189	OTU_66	0.829	2	2
OTU_189	OTU_67	0.771	2	2
OTU_189	OTU_7	0.943	2	2
OTU_189	OTU_70	0.714	2	2
OTU_189	OTU_73	0.771	2	2
OTU_189	OTU_78	0.886	2	2
OTU_189	OTU_79	0.943	2	2
OTU_189	OTU_80	1	2	2
OTU_189	OTU_95	0.943	2	2
OTU_189	OTU_97	0.771	2	2
OTU_19	OTU_210	0.886	1	1
OTU_19	OTU_23	0.771	1	1
OTU_19	OTU_230	0.943	1	1
OTU_19	OTU_234	1	1	1
OTU_19	OTU_237	0.829	1	1
OTU_19	OTU_239	0.771	1	1
OTU_19	OTU_242	0.771	1	1
OTU_19	OTU_245	0.943	1	1
OTU_19	OTU_255	0.771	1	1
OTU_19	OTU_257	0.943	1	1
OTU_19	OTU_26	0.943	1	1
OTU_19	OTU_27	0.771	1	1
OTU_19	OTU_276	0.886	1	1
OTU_19	OTU_279	0.829	1	1
OTU_19	OTU_280	0.771	1	1
OTU_19	OTU_292	0.943	1	1
OTU_19	OTU_294	0.829	1	1
OTU_19	OTU_295	0.771	1	1
OTU_19	OTU_298	0.771	1	1
OTU_19	OTU_300	1	1	1
OTU_19	OTU_302	0.943	1	1
OTU_19	OTU_305	0.771	1	1
OTU_19	OTU_31	0.829	1	1
OTU_19	OTU_320	0.829	1	1
OTU_19	OTU_321	1	1	1
OTU_19	OTU_325	0.771	1	1
OTU_19	OTU_327	0.829	1	1
OTU_19	OTU_329	0.943	1	1
OTU_19	OTU_330	0.943	1	1
OTU_19	OTU_34	1	1	1
OTU_19	OTU_347	0.943	1	1
OTU_19	OTU_4	0.943	1	1
OTU_19	OTU_44	1	1	1
OTU_19	OTU_46	0.771	1	1
OTU_19	OTU_53	0.943	1	1
OTU_19	OTU_58	0.943	1	1
OTU_19	OTU_6	1	1	1
OTU_19	OTU_65	1	1	1
OTU_19	OTU_69	1	1	1
OTU_19	OTU_71	0.771	1	1
OTU_19	OTU_72	0.829	1	1
OTU_19	OTU_81	0.829	1	1
OTU_19	OTU_82	0.771	1	1
OTU_19	OTU_83	0.943	1	1
OTU_19	OTU_85	0.886	1	1
OTU_19	OTU_86	0.943	1	1
OTU_19	OTU_87	0.943	1	1
OTU_19	OTU_88	0.771	1	1
OTU_19	OTU_96	0.829	1	1
OTU_19	OTU_98	1	1	1
OTU_192	OTU_200	0.771	2	2
OTU_192	OTU_201	0.829	2	2
OTU_192	OTU_202	0.829	2	2
OTU_192	OTU_211	0.886	2	2
OTU_192	OTU_214	0.943	2	2
OTU_192	OTU_216	0.943	2	2
OTU_192	OTU_223	0.771	2	2
OTU_192	OTU_228	0.829	2	2
OTU_192	OTU_231	0.943	2	2
OTU_192	OTU_232	0.771	2	2
OTU_192	OTU_238	0.771	2	2
OTU_192	OTU_246	0.771	2	2
OTU_192	OTU_248	0.943	2	2
OTU_192	OTU_251	0.886	2	2
OTU_192	OTU_254	0.886	2	2
OTU_192	OTU_258	0.943	2	2
OTU_192	OTU_259	0.771	2	2
OTU_192	OTU_264	0.771	2	2
OTU_192	OTU_268	0.771	2	2
OTU_192	OTU_269	0.714	2	2
OTU_192	OTU_272	0.714	2	2
OTU_192	OTU_273	0.943	2	2
OTU_192	OTU_275	0.943	2	2
OTU_192	OTU_281	0.771	2	2
OTU_192	OTU_285	0.714	2	2
OTU_192	OTU_287	0.886	2	2
OTU_192	OTU_299	0.714	2	2
OTU_192	OTU_301	0.886	2	2
OTU_192	OTU_303	0.886	2	2
OTU_192	OTU_308	0.771	2	2
OTU_192	OTU_311	0.829	2	2
OTU_192	OTU_314	0.771	2	2
OTU_192	OTU_316	0.714	2	2
OTU_192	OTU_318	0.771	2	2
OTU_192	OTU_323	0.771	2	2
OTU_192	OTU_326	0.943	2	2
OTU_192	OTU_337	0.886	2	2
OTU_192	OTU_338	0.943	2	2
OTU_192	OTU_340	0.771	2	2
OTU_192	OTU_348	0.886	2	2
OTU_192	OTU_36	0.943	2	2
OTU_192	OTU_43	0.829	2	2
OTU_192	OTU_47	0.714	2	2
OTU_192	OTU_49	0.771	2	2
OTU_192	OTU_5	0.771	2	2
OTU_192	OTU_50	0.771	2	2
OTU_192	OTU_55	0.829	2	2
OTU_192	OTU_61	0.771	2	2
OTU_192	OTU_70	0.943	2	2
OTU_192	OTU_73	0.714	2	2
OTU_192	OTU_75	0.771	2	2
OTU_192	OTU_91	0.886	2	2
OTU_192	OTU_94	0.943	2	2
OTU_193	OTU_199	0.771	3	3
OTU_193	OTU_227	0.829	3	3
OTU_193	OTU_229	0.771	3	3
OTU_193	OTU_274	1	3	3
OTU_193	OTU_32	0.771	3	3
OTU_193	OTU_332	0.943	3	3
OTU_193	OTU_93	0.771	3	3
OTU_194	OTU_196	0.943	2	2
OTU_194	OTU_2	1	2	2
OTU_194	OTU_20	0.943	2	2
OTU_194	OTU_200	0.771	2	2
OTU_194	OTU_201	0.714	2	2
OTU_194	OTU_202	0.714	2	2
OTU_194	OTU_223	0.771	2	2
OTU_194	OTU_225	0.943	2	2
OTU_194	OTU_228	0.714	2	2
OTU_194	OTU_232	0.771	2	2
OTU_194	OTU_238	0.771	2	2
OTU_194	OTU_243	1	2	2
OTU_194	OTU_246	0.771	2	2
OTU_194	OTU_247	0.943	2	2
OTU_194	OTU_250	0.886	2	2
OTU_194	OTU_253	0.886	2	2
OTU_194	OTU_256	0.886	2	2
OTU_194	OTU_259	0.771	2	2
OTU_194	OTU_261	0.886	2	2
OTU_194	OTU_264	0.771	2	2
OTU_194	OTU_265	0.943	2	2
OTU_194	OTU_268	0.771	2	2
OTU_194	OTU_269	0.829	2	2
OTU_194	OTU_272	0.829	2	2
OTU_194	OTU_278	0.943	2	2
OTU_194	OTU_281	0.771	2	2
OTU_194	OTU_284	1	2	2
OTU_194	OTU_286	0.943	2	2
OTU_194	OTU_299	0.829	2	2
OTU_194	OTU_308	0.771	2	2
OTU_194	OTU_309	0.943	2	2
OTU_194	OTU_311	0.714	2	2
OTU_194	OTU_314	0.771	2	2
OTU_194	OTU_316	0.829	2	2
OTU_194	OTU_317	0.943	2	2
OTU_194	OTU_318	0.771	2	2
OTU_194	OTU_323	0.771	2	2
OTU_194	OTU_333	0.943	2	2
OTU_194	OTU_340	0.771	2	2
OTU_194	OTU_341	0.886	2	2
OTU_194	OTU_350	0.886	2	2
OTU_194	OTU_352	1	2	2
OTU_194	OTU_38	0.943	2	2
OTU_194	OTU_39	1	2	2
OTU_194	OTU_40	0.943	2	2
OTU_194	OTU_43	0.714	2	2
OTU_194	OTU_45	0.886	2	2
OTU_194	OTU_47	0.829	2	2
OTU_194	OTU_49	0.771	2	2
OTU_194	OTU_5	0.771	2	2
OTU_194	OTU_50	0.771	2	2
OTU_194	OTU_55	0.714	2	2
OTU_194	OTU_61	0.771	2	2
OTU_194	OTU_62	0.886	2	2
OTU_194	OTU_64	0.886	2	2
OTU_194	OTU_66	0.943	2	2
OTU_194	OTU_67	0.886	2	2
OTU_194	OTU_7	0.886	2	2
OTU_194	OTU_73	0.829	2	2
OTU_194	OTU_75	0.771	2	2
OTU_194	OTU_78	0.943	2	2
OTU_194	OTU_79	0.886	2	2
OTU_194	OTU_80	0.943	2	2
OTU_194	OTU_95	0.886	2	2
OTU_194	OTU_97	0.886	2	2
OTU_196	OTU_2	0.943	2	2
OTU_196	OTU_20	1	2	2
OTU_196	OTU_211	0.771	2	2
OTU_196	OTU_223	0.714	2	2
OTU_196	OTU_225	0.886	2	2
OTU_196	OTU_232	0.829	2	2
OTU_196	OTU_238	0.714	2	2
OTU_196	OTU_243	0.943	2	2
OTU_196	OTU_246	0.886	2	2
OTU_196	OTU_247	0.886	2	2
OTU_196	OTU_248	0.714	2	2
OTU_196	OTU_250	0.943	2	2
OTU_196	OTU_253	0.943	2	2
OTU_196	OTU_256	0.943	2	2
OTU_196	OTU_259	0.714	2	2
OTU_196	OTU_261	0.943	2	2
OTU_196	OTU_264	0.886	2	2
OTU_196	OTU_265	1	2	2
OTU_196	OTU_268	0.714	2	2
OTU_196	OTU_269	0.771	2	2
OTU_196	OTU_272	0.771	2	2
OTU_196	OTU_278	0.829	2	2
OTU_196	OTU_28	0.829	2	2
OTU_196	OTU_284	0.943	2	2
OTU_196	OTU_286	0.886	2	2
OTU_196	OTU_299	0.771	2	2
OTU_196	OTU_308	0.714	2	2
OTU_196	OTU_309	0.886	2	2
OTU_196	OTU_314	0.886	2	2
OTU_196	OTU_316	0.771	2	2
OTU_196	OTU_317	1	2	2
OTU_196	OTU_318	0.829	2	2
OTU_196	OTU_333	0.886	2	2
OTU_196	OTU_340	0.714	2	2
OTU_196	OTU_341	0.771	2	2
OTU_196	OTU_350	0.943	2	2
OTU_196	OTU_352	0.943	2	2
OTU_196	OTU_36	0.714	2	2
OTU_196	OTU_38	1	2	2
OTU_196	OTU_39	0.943	2	2
OTU_196	OTU_40	1	2	2
OTU_196	OTU_43	0.771	2	2
OTU_196	OTU_45	0.943	2	2
OTU_196	OTU_47	0.771	2	2
OTU_196	OTU_49	0.714	2	2
OTU_196	OTU_55	0.771	2	2
OTU_196	OTU_61	0.714	2	2
OTU_196	OTU_62	0.943	2	2
OTU_196	OTU_64	0.771	2	2
OTU_196	OTU_66	0.886	2	2
OTU_196	OTU_67	0.943	2	2
OTU_196	OTU_7	0.943	2	2
OTU_196	OTU_73	0.771	2	2
OTU_196	OTU_75	0.714	2	2
OTU_196	OTU_78	1	2	2
OTU_196	OTU_79	0.943	2	2
OTU_196	OTU_80	0.886	2	2
OTU_196	OTU_9	0.829	2	2
OTU_196	OTU_91	0.771	2	2
OTU_196	OTU_94	0.714	2	2
OTU_196	OTU_95	0.771	2	2
OTU_196	OTU_97	0.943	2	2
OTU_199	OTU_229	0.886	3	3
OTU_199	OTU_274	0.771	3	3
OTU_199	OTU_32	0.886	3	3
OTU_199	OTU_332	0.829	3	3
OTU_199	OTU_93	0.886	3	3
OTU_2	OTU_20	0.943	2	2
OTU_2	OTU_200	0.771	2	2
OTU_2	OTU_201	0.714	2	2
OTU_2	OTU_202	0.714	2	2
OTU_2	OTU_223	0.771	2	2
OTU_2	OTU_225	0.943	2	2
OTU_2	OTU_228	0.714	2	2
OTU_2	OTU_232	0.771	2	2
OTU_2	OTU_238	0.771	2	2
OTU_2	OTU_243	1	2	2
OTU_2	OTU_246	0.771	2	2
OTU_2	OTU_247	0.943	2	2
OTU_2	OTU_250	0.886	2	2
OTU_2	OTU_253	0.886	2	2
OTU_2	OTU_256	0.886	2	2
OTU_2	OTU_259	0.771	2	2
OTU_2	OTU_261	0.886	2	2
OTU_2	OTU_264	0.771	2	2
OTU_2	OTU_265	0.943	2	2
OTU_2	OTU_268	0.771	2	2
OTU_2	OTU_269	0.829	2	2
OTU_2	OTU_272	0.829	2	2
OTU_2	OTU_278	0.943	2	2
OTU_2	OTU_281	0.771	2	2
OTU_2	OTU_284	1	2	2
OTU_2	OTU_286	0.943	2	2
OTU_2	OTU_299	0.829	2	2
OTU_2	OTU_308	0.771	2	2
OTU_2	OTU_309	0.943	2	2
OTU_2	OTU_311	0.714	2	2
OTU_2	OTU_314	0.771	2	2
OTU_2	OTU_316	0.829	2	2
OTU_2	OTU_317	0.943	2	2
OTU_2	OTU_318	0.771	2	2
OTU_2	OTU_323	0.771	2	2
OTU_2	OTU_333	0.943	2	2
OTU_2	OTU_340	0.771	2	2
OTU_2	OTU_341	0.886	2	2
OTU_2	OTU_350	0.886	2	2
OTU_2	OTU_352	1	2	2
OTU_2	OTU_38	0.943	2	2
OTU_2	OTU_39	1	2	2
OTU_2	OTU_40	0.943	2	2
OTU_2	OTU_43	0.714	2	2
OTU_2	OTU_45	0.886	2	2
OTU_2	OTU_47	0.829	2	2
OTU_2	OTU_49	0.771	2	2
OTU_2	OTU_5	0.771	2	2
OTU_2	OTU_50	0.771	2	2
OTU_2	OTU_55	0.714	2	2
OTU_2	OTU_61	0.771	2	2
OTU_2	OTU_62	0.886	2	2
OTU_2	OTU_64	0.886	2	2
OTU_2	OTU_66	0.943	2	2
OTU_2	OTU_67	0.886	2	2
OTU_2	OTU_7	0.886	2	2
OTU_2	OTU_73	0.829	2	2
OTU_2	OTU_75	0.771	2	2
OTU_2	OTU_78	0.943	2	2
OTU_2	OTU_79	0.886	2	2
OTU_2	OTU_80	0.943	2	2
OTU_2	OTU_95	0.886	2	2
OTU_2	OTU_97	0.886	2	2
OTU_20	OTU_211	0.771	2	2
OTU_20	OTU_223	0.714	2	2
OTU_20	OTU_225	0.886	2	2
OTU_20	OTU_232	0.829	2	2
OTU_20	OTU_238	0.714	2	2
OTU_20	OTU_243	0.943	2	2
OTU_20	OTU_246	0.886	2	2
OTU_20	OTU_247	0.886	2	2
OTU_20	OTU_248	0.714	2	2
OTU_20	OTU_250	0.943	2	2
OTU_20	OTU_253	0.943	2	2
OTU_20	OTU_256	0.943	2	2
OTU_20	OTU_259	0.714	2	2
OTU_20	OTU_261	0.943	2	2
OTU_20	OTU_264	0.886	2	2
OTU_20	OTU_265	1	2	2
OTU_20	OTU_268	0.714	2	2
OTU_20	OTU_269	0.771	2	2
OTU_20	OTU_272	0.771	2	2
OTU_20	OTU_278	0.829	2	2
OTU_20	OTU_28	0.829	2	2
OTU_20	OTU_284	0.943	2	2
OTU_20	OTU_286	0.886	2	2
OTU_20	OTU_299	0.771	2	2
OTU_20	OTU_308	0.714	2	2
OTU_20	OTU_309	0.886	2	2
OTU_20	OTU_314	0.886	2	2
OTU_20	OTU_316	0.771	2	2
OTU_20	OTU_317	1	2	2
OTU_20	OTU_318	0.829	2	2
OTU_20	OTU_333	0.886	2	2
OTU_20	OTU_340	0.714	2	2
OTU_20	OTU_341	0.771	2	2
OTU_20	OTU_350	0.943	2	2
OTU_20	OTU_352	0.943	2	2
OTU_20	OTU_36	0.714	2	2
OTU_20	OTU_38	1	2	2
OTU_20	OTU_39	0.943	2	2
OTU_20	OTU_40	1	2	2
OTU_20	OTU_43	0.771	2	2
OTU_20	OTU_45	0.943	2	2
OTU_20	OTU_47	0.771	2	2
OTU_20	OTU_49	0.714	2	2
OTU_20	OTU_55	0.771	2	2
OTU_20	OTU_61	0.714	2	2
OTU_20	OTU_62	0.943	2	2
OTU_20	OTU_64	0.771	2	2
OTU_20	OTU_66	0.886	2	2
OTU_20	OTU_67	0.943	2	2
OTU_20	OTU_7	0.943	2	2
OTU_20	OTU_73	0.771	2	2
OTU_20	OTU_75	0.714	2	2
OTU_20	OTU_78	1	2	2
OTU_20	OTU_79	0.943	2	2
OTU_20	OTU_80	0.886	2	2
OTU_20	OTU_9	0.829	2	2
OTU_20	OTU_91	0.771	2	2
OTU_20	OTU_94	0.714	2	2
OTU_20	OTU_95	0.771	2	2
OTU_20	OTU_97	0.943	2	2
OTU_200	OTU_201	0.943	2	2
OTU_200	OTU_202	0.943	2	2
OTU_200	OTU_214	0.829	2	2
OTU_200	OTU_223	0.886	2	2
OTU_200	OTU_225	0.886	2	2
OTU_200	OTU_228	0.943	2	2
OTU_200	OTU_231	0.886	2	2
OTU_200	OTU_232	0.829	2	2
OTU_200	OTU_238	0.714	2	2
OTU_200	OTU_243	0.771	2	2
OTU_200	OTU_246	0.714	2	2
OTU_200	OTU_247	0.886	2	2
OTU_200	OTU_248	0.714	2	2
OTU_200	OTU_250	0.771	2	2
OTU_200	OTU_251	0.943	2	2
OTU_200	OTU_253	0.771	2	2
OTU_200	OTU_254	0.943	2	2
OTU_200	OTU_256	0.771	2	2
OTU_200	OTU_259	0.886	2	2
OTU_200	OTU_261	0.771	2	2
OTU_200	OTU_268	0.714	2	2
OTU_200	OTU_269	0.771	2	2
OTU_200	OTU_272	0.771	2	2
OTU_200	OTU_278	0.829	2	2
OTU_200	OTU_281	1	2	2
OTU_200	OTU_284	0.771	2	2
OTU_200	OTU_286	0.886	2	2
OTU_200	OTU_287	0.771	2	2
OTU_200	OTU_299	0.943	2	2
OTU_200	OTU_301	0.771	2	2
OTU_200	OTU_303	0.943	2	2
OTU_200	OTU_308	0.886	2	2
OTU_200	OTU_309	0.886	2	2
OTU_200	OTU_311	0.943	2	2
OTU_200	OTU_314	0.714	2	2
OTU_200	OTU_316	0.771	2	2
OTU_200	OTU_318	0.829	2	2
OTU_200	OTU_323	0.829	2	2
OTU_200	OTU_333	0.886	2	2
OTU_200	OTU_337	0.943	2	2
OTU_200	OTU_338	0.886	2	2
OTU_200	OTU_340	0.886	2	2
OTU_200	OTU_341	0.943	2	2
OTU_200	OTU_348	0.943	2	2
OTU_200	OTU_350	0.771	2	2
OTU_200	OTU_352	0.771	2	2
OTU_200	OTU_36	0.714	2	2
OTU_200	OTU_39	0.771	2	2
OTU_200	OTU_43	0.771	2	2
OTU_200	OTU_45	0.771	2	2
OTU_200	OTU_47	0.943	2	2
OTU_200	OTU_49	0.886	2	2
OTU_200	OTU_5	1	2	2
OTU_200	OTU_50	1	2	2
OTU_200	OTU_55	0.771	2	2
OTU_200	OTU_61	0.886	2	2
OTU_200	OTU_62	0.771	2	2
OTU_200	OTU_64	0.943	2	2
OTU_200	OTU_66	0.714	2	2
OTU_200	OTU_7	0.771	2	2
OTU_200	OTU_70	0.829	2	2
OTU_200	OTU_73	0.771	2	2
OTU_200	OTU_75	0.714	2	2
OTU_200	OTU_79	0.771	2	2
OTU_200	OTU_80	0.886	2	2
OTU_200	OTU_94	0.714	2	2
OTU_200	OTU_95	0.943	2	2
OTU_201	OTU_202	1	2	2
OTU_201	OTU_211	0.714	2	2
OTU_201	OTU_214	0.771	2	2
OTU_201	OTU_216	0.771	2	2
OTU_201	OTU_223	0.771	2	2
OTU_201	OTU_225	0.771	2	2
OTU_201	OTU_228	1	2	2
OTU_201	OTU_231	0.943	2	2
OTU_201	OTU_232	0.771	2	2
OTU_201	OTU_238	0.771	2	2
OTU_201	OTU_243	0.714	2	2
OTU_201	OTU_247	0.771	2	2
OTU_201	OTU_248	0.771	2	2
OTU_201	OTU_251	0.886	2	2
OTU_201	OTU_254	0.886	2	2
OTU_201	OTU_258	0.771	2	2
OTU_201	OTU_259	0.771	2	2
OTU_201	OTU_268	0.771	2	2
OTU_201	OTU_269	0.886	2	2
OTU_201	OTU_272	0.714	2	2
OTU_201	OTU_273	0.771	2	2
OTU_201	OTU_275	0.771	2	2
OTU_201	OTU_278	0.771	2	2
OTU_201	OTU_281	0.943	2	2
OTU_201	OTU_284	0.714	2	2
OTU_201	OTU_286	0.771	2	2
OTU_201	OTU_287	0.886	2	2
OTU_201	OTU_299	0.886	2	2
OTU_201	OTU_301	0.886	2	2
OTU_201	OTU_303	0.886	2	2
OTU_201	OTU_308	0.943	2	2
OTU_201	OTU_309	0.771	2	2
OTU_201	OTU_311	1	2	2
OTU_201	OTU_316	0.886	2	2
OTU_201	OTU_318	0.771	2	2
OTU_201	OTU_323	0.943	2	2
OTU_201	OTU_326	0.771	2	2
OTU_201	OTU_333	0.771	2	2
OTU_201	OTU_337	0.886	2	2
OTU_201	OTU_338	0.943	2	2
OTU_201	OTU_340	0.771	2	2
OTU_201	OTU_341	0.829	2	2
OTU_201	OTU_348	0.886	2	2
OTU_201	OTU_352	0.714	2	2
OTU_201	OTU_36	0.771	2	2
OTU_201	OTU_39	0.714	2	2
OTU_201	OTU_43	0.829	2	2
OTU_201	OTU_47	0.886	2	2
OTU_201	OTU_49	0.771	2	2
OTU_201	OTU_5	0.943	2	2
OTU_201	OTU_50	0.943	2	2
OTU_201	OTU_61	0.943	2	2
OTU_201	OTU_64	0.829	2	2
OTU_201	OTU_66	0.771	2	2
OTU_201	OTU_70	0.771	2	2
OTU_201	OTU_73	0.886	2	2
OTU_201	OTU_75	0.771	2	2
OTU_201	OTU_80	0.771	2	2
OTU_201	OTU_91	0.714	2	2
OTU_201	OTU_94	0.771	2	2
OTU_201	OTU_95	0.829	2	2
OTU_202	OTU_211	0.714	2	2
OTU_202	OTU_214	0.771	2	2
OTU_202	OTU_216	0.771	2	2
OTU_202	OTU_223	0.771	2	2
OTU_202	OTU_225	0.771	2	2
OTU_202	OTU_228	1	2	2
OTU_202	OTU_231	0.943	2	2
OTU_202	OTU_232	0.771	2	2
OTU_202	OTU_238	0.771	2	2
OTU_202	OTU_243	0.714	2	2
OTU_202	OTU_247	0.771	2	2
OTU_202	OTU_248	0.771	2	2
OTU_202	OTU_251	0.886	2	2
OTU_202	OTU_254	0.886	2	2
OTU_202	OTU_258	0.771	2	2
OTU_202	OTU_259	0.771	2	2
OTU_202	OTU_268	0.771	2	2
OTU_202	OTU_269	0.886	2	2
OTU_202	OTU_272	0.714	2	2
OTU_202	OTU_273	0.771	2	2
OTU_202	OTU_275	0.771	2	2
OTU_202	OTU_278	0.771	2	2
OTU_202	OTU_281	0.943	2	2
OTU_202	OTU_284	0.714	2	2
OTU_202	OTU_286	0.771	2	2
OTU_202	OTU_287	0.886	2	2
OTU_202	OTU_299	0.886	2	2
OTU_202	OTU_301	0.886	2	2
OTU_202	OTU_303	0.886	2	2
OTU_202	OTU_308	0.943	2	2
OTU_202	OTU_309	0.771	2	2
OTU_202	OTU_311	1	2	2
OTU_202	OTU_316	0.886	2	2
OTU_202	OTU_318	0.771	2	2
OTU_202	OTU_323	0.943	2	2
OTU_202	OTU_326	0.771	2	2
OTU_202	OTU_333	0.771	2	2
OTU_202	OTU_337	0.886	2	2
OTU_202	OTU_338	0.943	2	2
OTU_202	OTU_340	0.771	2	2
OTU_202	OTU_341	0.829	2	2
OTU_202	OTU_348	0.886	2	2
OTU_202	OTU_352	0.714	2	2
OTU_202	OTU_36	0.771	2	2
OTU_202	OTU_39	0.714	2	2
OTU_202	OTU_43	0.829	2	2
OTU_202	OTU_47	0.886	2	2
OTU_202	OTU_49	0.771	2	2
OTU_202	OTU_5	0.943	2	2
OTU_202	OTU_50	0.943	2	2
OTU_202	OTU_61	0.943	2	2
OTU_202	OTU_64	0.829	2	2
OTU_202	OTU_66	0.771	2	2
OTU_202	OTU_70	0.771	2	2
OTU_202	OTU_73	0.886	2	2
OTU_202	OTU_75	0.771	2	2
OTU_202	OTU_80	0.771	2	2
OTU_202	OTU_91	0.714	2	2
OTU_202	OTU_94	0.771	2	2
OTU_202	OTU_95	0.829	2	2
OTU_210	OTU_230	0.829	1	1
OTU_210	OTU_234	0.886	1	1
OTU_210	OTU_245	0.829	1	1
OTU_210	OTU_257	0.771	1	1
OTU_210	OTU_26	0.771	1	1
OTU_210	OTU_276	0.829	1	1
OTU_210	OTU_280	0.714	1	1
OTU_210	OTU_292	0.943	1	1
OTU_210	OTU_294	0.829	1	1
OTU_210	OTU_3	0.829	1	1
OTU_210	OTU_300	0.886	1	1
OTU_210	OTU_302	0.829	1	1
OTU_210	OTU_321	0.886	1	1
OTU_210	OTU_325	0.714	1	1
OTU_210	OTU_329	0.771	1	1
OTU_210	OTU_330	0.829	1	1
OTU_210	OTU_34	0.886	1	1
OTU_210	OTU_347	0.771	1	1
OTU_210	OTU_4	0.714	1	1
OTU_210	OTU_44	0.886	1	1
OTU_210	OTU_53	0.771	1	1
OTU_210	OTU_56	0.714	1	1
OTU_210	OTU_58	0.771	1	1
OTU_210	OTU_6	0.886	1	1
OTU_210	OTU_65	0.886	1	1
OTU_210	OTU_69	0.886	1	1
OTU_210	OTU_82	0.771	1	1
OTU_210	OTU_83	0.943	1	1
OTU_210	OTU_86	0.829	1	1
OTU_210	OTU_87	0.771	1	1
OTU_210	OTU_98	0.886	1	1
OTU_211	OTU_214	0.771	2	2
OTU_211	OTU_216	0.943	2	2
OTU_211	OTU_228	0.714	2	2
OTU_211	OTU_231	0.771	2	2
OTU_211	OTU_232	0.771	2	2
OTU_211	OTU_238	0.771	2	2
OTU_211	OTU_246	0.771	2	2
OTU_211	OTU_248	0.943	2	2
OTU_211	OTU_250	0.714	2	2
OTU_211	OTU_253	0.714	2	2
OTU_211	OTU_256	0.714	2	2
OTU_211	OTU_258	0.943	2	2
OTU_211	OTU_261	0.714	2	2
OTU_211	OTU_264	0.943	2	2
OTU_211	OTU_265	0.771	2	2
OTU_211	OTU_268	0.771	2	2
OTU_211	OTU_269	0.829	2	2
OTU_211	OTU_273	0.943	2	2
OTU_211	OTU_275	0.943	2	2
OTU_211	OTU_28	0.829	2	2
OTU_211	OTU_287	0.829	2	2
OTU_211	OTU_301	0.829	2	2
OTU_211	OTU_308	0.771	2	2
OTU_211	OTU_311	0.714	2	2
OTU_211	OTU_314	0.771	2	2
OTU_211	OTU_316	0.829	2	2
OTU_211	OTU_317	0.771	2	2
OTU_211	OTU_318	0.771	2	2
OTU_211	OTU_323	0.771	2	2
OTU_211	OTU_326	0.943	2	2
OTU_211	OTU_338	0.771	2	2
OTU_211	OTU_350	0.714	2	2
OTU_211	OTU_36	0.943	2	2
OTU_211	OTU_38	0.771	2	2
OTU_211	OTU_40	0.771	2	2
OTU_211	OTU_43	0.886	2	2
OTU_211	OTU_45	0.714	2	2
OTU_211	OTU_55	0.714	2	2
OTU_211	OTU_61	0.771	2	2
OTU_211	OTU_62	0.714	2	2
OTU_211	OTU_66	0.771	2	2
OTU_211	OTU_67	0.886	2	2
OTU_211	OTU_7	0.714	2	2
OTU_211	OTU_70	0.771	2	2
OTU_211	OTU_73	0.829	2	2
OTU_211	OTU_75	0.771	2	2
OTU_211	OTU_78	0.771	2	2
OTU_211	OTU_79	0.714	2	2
OTU_211	OTU_91	1	2	2
OTU_211	OTU_94	0.943	2	2
OTU_211	OTU_97	0.886	2	2
OTU_214	OTU_216	0.829	2	2
OTU_214	OTU_223	0.886	2	2
OTU_214	OTU_225	0.714	2	2
OTU_214	OTU_228	0.771	2	2
OTU_214	OTU_231	0.886	2	2
OTU_214	OTU_232	0.829	2	2
OTU_214	OTU_238	0.714	2	2
OTU_214	OTU_246	0.886	2	2
OTU_214	OTU_247	0.714	2	2
OTU_214	OTU_248	0.886	2	2
OTU_214	OTU_250	0.771	2	2
OTU_214	OTU_251	0.943	2	2
OTU_214	OTU_253	0.771	2	2
OTU_214	OTU_254	0.943	2	2
OTU_214	OTU_256	0.771	2	2
OTU_214	OTU_258	0.829	2	2
OTU_214	OTU_259	0.886	2	2
OTU_214	OTU_261	0.771	2	2
OTU_214	OTU_264	0.714	2	2
OTU_214	OTU_268	0.714	2	2
OTU_214	OTU_272	0.771	2	2
OTU_214	OTU_273	0.829	2	2
OTU_214	OTU_275	0.829	2	2
OTU_214	OTU_281	0.829	2	2
OTU_214	OTU_285	0.829	2	2
OTU_214	OTU_286	0.714	2	2
OTU_214	OTU_287	0.771	2	2
OTU_214	OTU_299	0.771	2	2
OTU_214	OTU_301	0.771	2	2
OTU_214	OTU_303	0.943	2	2
OTU_214	OTU_308	0.714	2	2
OTU_214	OTU_309	0.714	2	2
OTU_214	OTU_311	0.771	2	2
OTU_214	OTU_314	0.886	2	2
OTU_214	OTU_318	0.829	2	2
OTU_214	OTU_326	0.829	2	2
OTU_214	OTU_333	0.714	2	2
OTU_214	OTU_337	0.943	2	2
OTU_214	OTU_338	0.886	2	2
OTU_214	OTU_340	0.886	2	2
OTU_214	OTU_341	0.771	2	2
OTU_214	OTU_348	0.943	2	2
OTU_214	OTU_350	0.771	2	2
OTU_214	OTU_36	0.886	2	2
OTU_214	OTU_43	0.771	2	2
OTU_214	OTU_45	0.771	2	2
OTU_214	OTU_47	0.771	2	2
OTU_214	OTU_49	0.886	2	2
OTU_214	OTU_5	0.829	2	2
OTU_214	OTU_50	0.829	2	2
OTU_214	OTU_55	0.943	2	2
OTU_214	OTU_61	0.714	2	2
OTU_214	OTU_62	0.771	2	2
OTU_214	OTU_64	0.771	2	2
OTU_214	OTU_7	0.771	2	2
OTU_214	OTU_70	1	2	2
OTU_214	OTU_75	0.714	2	2
OTU_214	OTU_79	0.771	2	2
OTU_214	OTU_80	0.714	2	2
OTU_214	OTU_91	0.771	2	2
OTU_214	OTU_94	0.886	2	2
OTU_214	OTU_95	0.771	2	2
OTU_216	OTU_223	0.714	2	2
OTU_216	OTU_228	0.771	2	2
OTU_216	OTU_231	0.886	2	2
OTU_216	OTU_238	0.886	2	2
OTU_216	OTU_246	0.714	2	2
OTU_216	OTU_248	0.886	2	2
OTU_216	OTU_251	0.771	2	2
OTU_216	OTU_254	0.771	2	2
OTU_216	OTU_258	1	2	2
OTU_216	OTU_259	0.714	2	2
OTU_216	OTU_264	0.886	2	2
OTU_216	OTU_268	0.886	2	2
OTU_216	OTU_269	0.771	2	2
OTU_216	OTU_272	0.771	2	2
OTU_216	OTU_273	1	2	2
OTU_216	OTU_275	1	2	2
OTU_216	OTU_28	0.714	2	2
OTU_216	OTU_287	0.943	2	2
OTU_216	OTU_301	0.943	2	2
OTU_216	OTU_303	0.771	2	2
OTU_216	OTU_308	0.714	2	2
OTU_216	OTU_311	0.771	2	2
OTU_216	OTU_314	0.714	2	2
OTU_216	OTU_316	0.771	2	2
OTU_216	OTU_323	0.829	2	2
OTU_216	OTU_326	1	2	2
OTU_216	OTU_337	0.771	2	2
OTU_216	OTU_338	0.886	2	2
OTU_216	OTU_340	0.714	2	2
OTU_216	OTU_348	0.771	2	2
OTU_216	OTU_36	0.886	2	2
OTU_216	OTU_43	0.771	2	2
OTU_216	OTU_49	0.714	2	2
OTU_216	OTU_55	0.771	2	2
OTU_216	OTU_61	0.714	2	2
OTU_216	OTU_66	0.714	2	2
OTU_216	OTU_67	0.771	2	2
OTU_216	OTU_70	0.829	2	2
OTU_216	OTU_73	0.771	2	2
OTU_216	OTU_75	0.886	2	2
OTU_216	OTU_91	0.943	2	2
OTU_216	OTU_94	0.886	2	2
OTU_216	OTU_97	0.771	2	2
OTU_22	OTU_229	0.714	3	3
OTU_22	OTU_32	0.714	3	3
OTU_22	OTU_60	0.943	3	3
OTU_22	OTU_93	0.714	3	3
OTU_223	OTU_225	0.829	2	2
OTU_223	OTU_228	0.771	2	2
OTU_223	OTU_231	0.829	2	2
OTU_223	OTU_232	0.714	2	2
OTU_223	OTU_238	0.829	2	2
OTU_223	OTU_243	0.771	2	2
OTU_223	OTU_246	0.829	2	2
OTU_223	OTU_247	0.829	2	2
OTU_223	OTU_250	0.771	2	2
OTU_223	OTU_251	0.943	2	2
OTU_223	OTU_253	0.771	2	2
OTU_223	OTU_254	0.943	2	2
OTU_223	OTU_256	0.771	2	2
OTU_223	OTU_258	0.714	2	2
OTU_223	OTU_259	1	2	2
OTU_223	OTU_261	0.771	2	2
OTU_223	OTU_265	0.714	2	2
OTU_223	OTU_268	0.829	2	2
OTU_223	OTU_272	0.943	2	2
OTU_223	OTU_273	0.714	2	2
OTU_223	OTU_275	0.714	2	2
OTU_223	OTU_278	0.886	2	2
OTU_223	OTU_281	0.886	2	2
OTU_223	OTU_284	0.771	2	2
OTU_223	OTU_286	0.829	2	2
OTU_223	OTU_287	0.771	2	2
OTU_223	OTU_299	0.771	2	2
OTU_223	OTU_301	0.771	2	2
OTU_223	OTU_303	0.943	2	2
OTU_223	OTU_309	0.829	2	2
OTU_223	OTU_311	0.771	2	2
OTU_223	OTU_314	0.829	2	2
OTU_223	OTU_317	0.714	2	2
OTU_223	OTU_318	0.714	2	2
OTU_223	OTU_323	0.714	2	2
OTU_223	OTU_326	0.714	2	2
OTU_223	OTU_333	0.829	2	2
OTU_223	OTU_337	0.943	2	2
OTU_223	OTU_338	0.829	2	2
OTU_223	OTU_340	1	2	2
OTU_223	OTU_341	0.943	2	2
OTU_223	OTU_348	0.943	2	2
OTU_223	OTU_350	0.771	2	2
OTU_223	OTU_352	0.771	2	2
OTU_223	OTU_38	0.714	2	2
OTU_223	OTU_39	0.771	2	2
OTU_223	OTU_40	0.714	2	2
OTU_223	OTU_45	0.771	2	2
OTU_223	OTU_47	0.771	2	2
OTU_223	OTU_49	1	2	2
OTU_223	OTU_5	0.886	2	2
OTU_223	OTU_50	0.886	2	2
OTU_223	OTU_55	0.943	2	2
OTU_223	OTU_62	0.771	2	2
OTU_223	OTU_64	0.943	2	2
OTU_223	OTU_7	0.771	2	2
OTU_223	OTU_70	0.886	2	2
OTU_223	OTU_75	0.829	2	2
OTU_223	OTU_78	0.714	2	2
OTU_223	OTU_79	0.771	2	2
OTU_223	OTU_80	0.829	2	2
OTU_223	OTU_95	0.943	2	2
OTU_225	OTU_228	0.771	2	2
OTU_225	OTU_232	0.886	2	2
OTU_225	OTU_243	0.943	2	2
OTU_225	OTU_246	0.829	2	2
OTU_225	OTU_247	1	2	2
OTU_225	OTU_250	0.943	2	2
OTU_225	OTU_251	0.771	2	2
OTU_225	OTU_253	0.943	2	2
OTU_225	OTU_254	0.771	2	2
OTU_225	OTU_256	0.943	2	2
OTU_225	OTU_259	0.829	2	2
OTU_225	OTU_261	0.943	2	2
OTU_225	OTU_265	0.886	2	2
OTU_225	OTU_269	0.771	2	2
OTU_225	OTU_272	0.771	2	2
OTU_225	OTU_278	0.886	2	2
OTU_225	OTU_281	0.886	2	2
OTU_225	OTU_284	0.943	2	2
OTU_225	OTU_286	1	2	2
OTU_225	OTU_299	0.943	2	2
OTU_225	OTU_303	0.771	2	2
OTU_225	OTU_308	0.829	2	2
OTU_225	OTU_309	1	2	2
OTU_225	OTU_311	0.771	2	2
OTU_225	OTU_314	0.829	2	2
OTU_225	OTU_316	0.771	2	2
OTU_225	OTU_317	0.886	2	2
OTU_225	OTU_318	0.886	2	2
OTU_225	OTU_323	0.714	2	2
OTU_225	OTU_333	1	2	2
OTU_225	OTU_337	0.771	2	2
OTU_225	OTU_340	0.829	2	2
OTU_225	OTU_341	0.943	2	2
OTU_225	OTU_348	0.771	2	2
OTU_225	OTU_350	0.943	2	2
OTU_225	OTU_352	0.943	2	2
OTU_225	OTU_38	0.886	2	2
OTU_225	OTU_39	0.943	2	2
OTU_225	OTU_40	0.886	2	2
OTU_225	OTU_43	0.771	2	2
OTU_225	OTU_45	0.943	2	2
OTU_225	OTU_47	0.943	2	2
OTU_225	OTU_49	0.829	2	2
OTU_225	OTU_5	0.886	2	2
OTU_225	OTU_50	0.886	2	2
OTU_225	OTU_55	0.771	2	2
OTU_225	OTU_61	0.829	2	2
OTU_225	OTU_62	0.943	2	2
OTU_225	OTU_64	0.943	2	2
OTU_225	OTU_66	0.829	2	2
OTU_225	OTU_67	0.771	2	2
OTU_225	OTU_7	0.943	2	2
OTU_225	OTU_70	0.714	2	2
OTU_225	OTU_73	0.771	2	2
OTU_225	OTU_78	0.886	2	2
OTU_225	OTU_79	0.943	2	2
OTU_225	OTU_80	1	2	2
OTU_225	OTU_95	0.943	2	2
OTU_225	OTU_97	0.771	2	2
OTU_227	OTU_229	0.714	3	3
OTU_227	OTU_274	0.829	3	3
OTU_227	OTU_32	0.714	3	3
OTU_227	OTU_332	0.771	3	3
OTU_227	OTU_93	0.714	3	3
OTU_228	OTU_231	0.943	2	2
OTU_228	OTU_232	0.771	2	2
OTU_228	OTU_238	0.771	2	2
OTU_228	OTU_243	0.714	2	2
OTU_228	OTU_247	0.771	2	2
OTU_228	OTU_248	0.771	2	2
OTU_228	OTU_251	0.886	2	2
OTU_228	OTU_254	0.886	2	2
OTU_228	OTU_258	0.771	2	2
OTU_228	OTU_259	0.771	2	2
OTU_228	OTU_268	0.771	2	2
OTU_228	OTU_269	0.886	2	2
OTU_228	OTU_272	0.714	2	2
OTU_228	OTU_273	0.771	2	2
OTU_228	OTU_275	0.771	2	2
OTU_228	OTU_278	0.771	2	2
OTU_228	OTU_281	0.943	2	2
OTU_228	OTU_284	0.714	2	2
OTU_228	OTU_286	0.771	2	2
OTU_228	OTU_287	0.886	2	2
OTU_228	OTU_299	0.886	2	2
OTU_228	OTU_301	0.886	2	2
OTU_228	OTU_303	0.886	2	2
OTU_228	OTU_308	0.943	2	2
OTU_228	OTU_309	0.771	2	2
OTU_228	OTU_311	1	2	2
OTU_228	OTU_316	0.886	2	2
OTU_228	OTU_318	0.771	2	2
OTU_228	OTU_323	0.943	2	2
OTU_228	OTU_326	0.771	2	2
OTU_228	OTU_333	0.771	2	2
OTU_228	OTU_337	0.886	2	2
OTU_228	OTU_338	0.943	2	2
OTU_228	OTU_340	0.771	2	2
OTU_228	OTU_341	0.829	2	2
OTU_228	OTU_348	0.886	2	2
OTU_228	OTU_352	0.714	2	2
OTU_228	OTU_36	0.771	2	2
OTU_228	OTU_39	0.714	2	2
OTU_228	OTU_43	0.829	2	2
OTU_228	OTU_47	0.886	2	2
OTU_228	OTU_49	0.771	2	2
OTU_228	OTU_5	0.943	2	2
OTU_228	OTU_50	0.943	2	2
OTU_228	OTU_61	0.943	2	2
OTU_228	OTU_64	0.829	2	2
OTU_228	OTU_66	0.771	2	2
OTU_228	OTU_70	0.771	2	2
OTU_228	OTU_73	0.886	2	2
OTU_228	OTU_75	0.771	2	2
OTU_228	OTU_80	0.771	2	2
OTU_228	OTU_91	0.714	2	2
OTU_228	OTU_94	0.771	2	2
OTU_228	OTU_95	0.829	2	2
OTU_229	OTU_274	0.771	3	3
OTU_229	OTU_32	1	3	3
OTU_229	OTU_332	0.886	3	3
OTU_229	OTU_93	1	3	3
OTU_23	OTU_230	0.714	1	1
OTU_23	OTU_234	0.771	1	1
OTU_23	OTU_237	0.943	1	1
OTU_23	OTU_239	0.886	1	1
OTU_23	OTU_240	0.771	1	1
OTU_23	OTU_242	0.886	1	1
OTU_23	OTU_245	0.714	1	1
OTU_23	OTU_255	0.886	1	1
OTU_23	OTU_257	0.886	1	1
OTU_23	OTU_26	0.886	1	1
OTU_23	OTU_27	0.886	1	1
OTU_23	OTU_276	0.771	1	1
OTU_23	OTU_279	0.771	1	1
OTU_23	OTU_280	0.714	1	1
OTU_23	OTU_298	0.886	1	1
OTU_23	OTU_300	0.771	1	1
OTU_23	OTU_302	0.714	1	1
OTU_23	OTU_305	0.886	1	1
OTU_23	OTU_31	0.943	1	1
OTU_23	OTU_320	0.943	1	1
OTU_23	OTU_321	0.771	1	1
OTU_23	OTU_325	0.714	1	1
OTU_23	OTU_327	0.943	1	1
OTU_23	OTU_329	0.886	1	1
OTU_23	OTU_330	0.714	1	1
OTU_23	OTU_34	0.771	1	1
OTU_23	OTU_347	0.886	1	1
OTU_23	OTU_4	0.829	1	1
OTU_23	OTU_44	0.771	1	1
OTU_23	OTU_46	0.886	1	1
OTU_23	OTU_53	0.886	1	1
OTU_23	OTU_58	0.886	1	1
OTU_23	OTU_6	0.771	1	1
OTU_23	OTU_65	0.771	1	1
OTU_23	OTU_68	0.714	1	1
OTU_23	OTU_69	0.771	1	1
OTU_23	OTU_71	0.886	1	1
OTU_23	OTU_72	0.943	1	1
OTU_23	OTU_81	0.943	1	1
OTU_23	OTU_85	0.943	1	1
OTU_23	OTU_86	0.714	1	1
OTU_23	OTU_87	0.886	1	1
OTU_23	OTU_88	0.886	1	1
OTU_23	OTU_96	0.943	1	1
OTU_23	OTU_98	0.771	1	1
OTU_230	OTU_234	0.943	1	1
OTU_230	OTU_237	0.771	1	1
OTU_230	OTU_239	0.829	1	1
OTU_230	OTU_242	0.829	1	1
OTU_230	OTU_245	1	1	1
OTU_230	OTU_252	0.829	1	1
OTU_230	OTU_255	0.829	1	1
OTU_230	OTU_257	0.829	1	1
OTU_230	OTU_26	0.829	1	1
OTU_230	OTU_27	0.829	1	1
OTU_230	OTU_276	0.771	1	1
OTU_230	OTU_279	0.771	1	1
OTU_230	OTU_292	0.886	1	1
OTU_230	OTU_294	0.771	1	1
OTU_230	OTU_295	0.714	1	1
OTU_230	OTU_298	0.829	1	1
OTU_230	OTU_300	0.943	1	1
OTU_230	OTU_302	1	1	1
OTU_230	OTU_305	0.829	1	1
OTU_230	OTU_31	0.771	1	1
OTU_230	OTU_320	0.771	1	1
OTU_230	OTU_321	0.943	1	1
OTU_230	OTU_327	0.771	1	1
OTU_230	OTU_329	0.829	1	1
OTU_230	OTU_330	1	1	1
OTU_230	OTU_34	0.943	1	1
OTU_230	OTU_347	0.829	1	1
OTU_230	OTU_4	0.886	1	1
OTU_230	OTU_44	0.943	1	1
OTU_230	OTU_46	0.829	1	1
OTU_230	OTU_53	0.829	1	1
OTU_230	OTU_58	0.829	1	1
OTU_230	OTU_6	0.943	1	1
OTU_230	OTU_65	0.943	1	1
OTU_230	OTU_69	0.943	1	1
OTU_230	OTU_71	0.829	1	1
OTU_230	OTU_72	0.771	1	1
OTU_230	OTU_81	0.771	1	1
OTU_230	OTU_83	0.886	1	1
OTU_230	OTU_85	0.771	1	1
OTU_230	OTU_86	1	1	1
OTU_230	OTU_87	0.829	1	1
OTU_230	OTU_88	0.829	1	1
OTU_230	OTU_96	0.771	1	1
OTU_230	OTU_98	0.943	1	1
OTU_231	OTU_232	0.714	2	2
OTU_231	OTU_238	0.829	2	2
OTU_231	OTU_248	0.829	2	2
OTU_231	OTU_251	0.943	2	2
OTU_231	OTU_254	0.943	2	2
OTU_231	OTU_258	0.886	2	2
OTU_231	OTU_259	0.829	2	2
OTU_231	OTU_268	0.829	2	2
OTU_231	OTU_269	0.771	2	2
OTU_231	OTU_272	0.771	2	2
OTU_231	OTU_273	0.886	2	2
OTU_231	OTU_275	0.886	2	2
OTU_231	OTU_278	0.714	2	2
OTU_231	OTU_281	0.886	2	2
OTU_231	OTU_287	0.943	2	2
OTU_231	OTU_299	0.771	2	2
OTU_231	OTU_301	0.943	2	2
OTU_231	OTU_303	0.943	2	2
OTU_231	OTU_308	0.829	2	2
OTU_231	OTU_311	0.943	2	2
OTU_231	OTU_316	0.771	2	2
OTU_231	OTU_318	0.714	2	2
OTU_231	OTU_323	0.886	2	2
OTU_231	OTU_326	0.886	2	2
OTU_231	OTU_337	0.943	2	2
OTU_231	OTU_338	1	2	2
OTU_231	OTU_340	0.829	2	2
OTU_231	OTU_341	0.771	2	2
OTU_231	OTU_348	0.943	2	2
OTU_231	OTU_36	0.829	2	2
OTU_231	OTU_43	0.771	2	2
OTU_231	OTU_47	0.771	2	2
OTU_231	OTU_49	0.829	2	2
OTU_231	OTU_5	0.886	2	2
OTU_231	OTU_50	0.886	2	2
OTU_231	OTU_55	0.771	2	2
OTU_231	OTU_61	0.829	2	2
OTU_231	OTU_64	0.771	2	2
OTU_231	OTU_70	0.886	2	2
OTU_231	OTU_73	0.771	2	2
OTU_231	OTU_75	0.829	2	2
OTU_231	OTU_91	0.771	2	2
OTU_231	OTU_94	0.829	2	2
OTU_231	OTU_95	0.771	2	2
OTU_232	OTU_243	0.771	2	2
OTU_232	OTU_246	0.886	2	2
OTU_232	OTU_247	0.886	2	2
OTU_232	OTU_248	0.886	2	2
OTU_232	OTU_250	0.943	2	2
OTU_232	OTU_251	0.771	2	2
OTU_232	OTU_253	0.943	2	2
OTU_232	OTU_254	0.771	2	2
OTU_232	OTU_256	0.943	2	2
OTU_232	OTU_259	0.714	2	2
OTU_232	OTU_261	0.943	2	2
OTU_232	OTU_264	0.714	2	2
OTU_232	OTU_265	0.829	2	2
OTU_232	OTU_269	0.771	2	2
OTU_232	OTU_281	0.829	2	2
OTU_232	OTU_284	0.771	2	2
OTU_232	OTU_285	0.886	2	2
OTU_232	OTU_286	0.886	2	2
OTU_232	OTU_299	0.943	2	2
OTU_232	OTU_303	0.771	2	2
OTU_232	OTU_308	0.886	2	2
OTU_232	OTU_309	0.886	2	2
OTU_232	OTU_311	0.771	2	2
OTU_232	OTU_314	0.886	2	2
OTU_232	OTU_316	0.771	2	2
OTU_232	OTU_317	0.829	2	2
OTU_232	OTU_318	1	2	2
OTU_232	OTU_333	0.886	2	2
OTU_232	OTU_337	0.771	2	2
OTU_232	OTU_338	0.714	2	2
OTU_232	OTU_340	0.714	2	2
OTU_232	OTU_341	0.771	2	2
OTU_232	OTU_348	0.771	2	2
OTU_232	OTU_350	0.943	2	2
OTU_232	OTU_352	0.771	2	2
OTU_232	OTU_36	0.886	2	2
OTU_232	OTU_38	0.829	2	2
OTU_232	OTU_39	0.771	2	2
OTU_232	OTU_40	0.829	2	2
OTU_232	OTU_43	0.943	2	2
OTU_232	OTU_45	0.943	2	2
OTU_232	OTU_47	0.943	2	2
OTU_232	OTU_49	0.714	2	2
OTU_232	OTU_5	0.829	2	2
OTU_232	OTU_50	0.829	2	2
OTU_232	OTU_55	0.771	2	2
OTU_232	OTU_61	0.886	2	2
OTU_232	OTU_62	0.943	2	2
OTU_232	OTU_64	0.771	2	2
OTU_232	OTU_66	0.714	2	2
OTU_232	OTU_67	0.771	2	2
OTU_232	OTU_7	0.943	2	2
OTU_232	OTU_70	0.829	2	2
OTU_232	OTU_73	0.771	2	2
OTU_232	OTU_78	0.829	2	2
OTU_232	OTU_79	0.943	2	2
OTU_232	OTU_80	0.886	2	2
OTU_232	OTU_91	0.771	2	2
OTU_232	OTU_94	0.886	2	2
OTU_232	OTU_95	0.771	2	2
OTU_232	OTU_97	0.771	2	2
OTU_234	OTU_237	0.829	1	1
OTU_234	OTU_239	0.771	1	1
OTU_234	OTU_242	0.771	1	1
OTU_234	OTU_245	0.943	1	1
OTU_234	OTU_255	0.771	1	1
OTU_234	OTU_257	0.943	1	1
OTU_234	OTU_26	0.943	1	1
OTU_234	OTU_27	0.771	1	1
OTU_234	OTU_276	0.886	1	1
OTU_234	OTU_279	0.829	1	1
OTU_234	OTU_280	0.771	1	1
OTU_234	OTU_292	0.943	1	1
OTU_234	OTU_294	0.829	1	1
OTU_234	OTU_295	0.771	1	1
OTU_234	OTU_298	0.771	1	1
OTU_234	OTU_300	1	1	1
OTU_234	OTU_302	0.943	1	1
OTU_234	OTU_305	0.771	1	1
OTU_234	OTU_31	0.829	1	1
OTU_234	OTU_320	0.829	1	1
OTU_234	OTU_321	1	1	1
OTU_234	OTU_325	0.771	1	1
OTU_234	OTU_327	0.829	1	1
OTU_234	OTU_329	0.943	1	1
OTU_234	OTU_330	0.943	1	1
OTU_234	OTU_34	1	1	1
OTU_234	OTU_347	0.943	1	1
OTU_234	OTU_4	0.943	1	1
OTU_234	OTU_44	1	1	1
OTU_234	OTU_46	0.771	1	1
OTU_234	OTU_53	0.943	1	1
OTU_234	OTU_58	0.943	1	1
OTU_234	OTU_6	1	1	1
OTU_234	OTU_65	1	1	1
OTU_234	OTU_69	1	1	1
OTU_234	OTU_71	0.771	1	1
OTU_234	OTU_72	0.829	1	1
OTU_234	OTU_81	0.829	1	1
OTU_234	OTU_82	0.771	1	1
OTU_234	OTU_83	0.943	1	1
OTU_234	OTU_85	0.886	1	1
OTU_234	OTU_86	0.943	1	1
OTU_234	OTU_87	0.943	1	1
OTU_234	OTU_88	0.771	1	1
OTU_234	OTU_96	0.829	1	1
OTU_234	OTU_98	1	1	1
OTU_237	OTU_239	0.943	1	1
OTU_237	OTU_240	0.829	1	1
OTU_237	OTU_242	0.943	1	1
OTU_237	OTU_245	0.771	1	1
OTU_237	OTU_252	0.714	1	1
OTU_237	OTU_255	0.943	1	1
OTU_237	OTU_257	0.943	1	1
OTU_237	OTU_26	0.943	1	1
OTU_237	OTU_27	0.943	1	1
OTU_237	OTU_276	0.886	1	1
OTU_237	OTU_280	0.771	1	1
OTU_237	OTU_292	0.771	1	1
OTU_237	OTU_298	0.943	1	1
OTU_237	OTU_300	0.829	1	1
OTU_237	OTU_302	0.771	1	1
OTU_237	OTU_305	0.943	1	1
OTU_237	OTU_31	1	1	1
OTU_237	OTU_320	1	1	1
OTU_237	OTU_321	0.829	1	1
OTU_237	OTU_325	0.771	1	1
OTU_237	OTU_327	1	1	1
OTU_237	OTU_329	0.943	1	1
OTU_237	OTU_330	0.771	1	1
OTU_237	OTU_34	0.829	1	1
OTU_237	OTU_347	0.943	1	1
OTU_237	OTU_4	0.771	1	1
OTU_237	OTU_44	0.829	1	1
OTU_237	OTU_46	0.943	1	1
OTU_237	OTU_53	0.943	1	1
OTU_237	OTU_58	0.943	1	1
OTU_237	OTU_6	0.829	1	1
OTU_237	OTU_65	0.829	1	1
OTU_237	OTU_68	0.771	1	1
OTU_237	OTU_69	0.829	1	1
OTU_237	OTU_71	0.943	1	1
OTU_237	OTU_72	1	1	1
OTU_237	OTU_81	1	1	1
OTU_237	OTU_82	0.714	1	1
OTU_237	OTU_83	0.771	1	1
OTU_237	OTU_85	0.886	1	1
OTU_237	OTU_86	0.771	1	1
OTU_237	OTU_87	0.943	1	1
OTU_237	OTU_88	0.943	1	1
OTU_237	OTU_96	1	1	1
OTU_237	OTU_98	0.829	1	1
OTU_238	OTU_243	0.771	2	2
OTU_238	OTU_251	0.771	2	2
OTU_238	OTU_254	0.771	2	2
OTU_238	OTU_258	0.886	2	2
OTU_238	OTU_259	0.829	2	2
OTU_238	OTU_264	0.829	2	2
OTU_238	OTU_265	0.714	2	2
OTU_238	OTU_268	1	2	2
OTU_238	OTU_269	0.771	2	2
OTU_238	OTU_272	0.943	2	2
OTU_238	OTU_273	0.886	2	2
OTU_238	OTU_275	0.886	2	2
OTU_238	OTU_278	0.886	2	2
OTU_238	OTU_281	0.714	2	2
OTU_238	OTU_284	0.771	2	2
OTU_238	OTU_287	0.943	2	2
OTU_238	OTU_301	0.943	2	2
OTU_238	OTU_303	0.771	2	2
OTU_238	OTU_311	0.771	2	2
OTU_238	OTU_316	0.771	2	2
OTU_238	OTU_317	0.714	2	2
OTU_238	OTU_323	0.886	2	2
OTU_238	OTU_326	0.886	2	2
OTU_238	OTU_337	0.771	2	2
OTU_238	OTU_338	0.829	2	2
OTU_238	OTU_340	0.829	2	2
OTU_238	OTU_341	0.771	2	2
OTU_238	OTU_348	0.771	2	2
OTU_238	OTU_352	0.771	2	2
OTU_238	OTU_38	0.714	2	2
OTU_238	OTU_39	0.771	2	2
OTU_238	OTU_40	0.714	2	2
OTU_238	OTU_49	0.829	2	2
OTU_238	OTU_5	0.714	2	2
OTU_238	OTU_50	0.714	2	2
OTU_238	OTU_55	0.771	2	2
OTU_238	OTU_64	0.771	2	2
OTU_238	OTU_66	0.829	2	2
OTU_238	OTU_67	0.771	2	2
OTU_238	OTU_70	0.714	2	2
OTU_238	OTU_73	0.771	2	2
OTU_238	OTU_75	1	2	2
OTU_238	OTU_78	0.714	2	2
OTU_238	OTU_91	0.771	2	2
OTU_238	OTU_95	0.771	2	2
OTU_238	OTU_97	0.771	2	2
OTU_239	OTU_240	0.771	1	1
OTU_239	OTU_242	1	1	1
OTU_239	OTU_245	0.829	1	1
OTU_239	OTU_252	0.886	1	1
OTU_239	OTU_255	1	1	1
OTU_239	OTU_257	0.829	1	1
OTU_239	OTU_26	0.829	1	1
OTU_239	OTU_27	1	1	1
OTU_239	OTU_276	0.771	1	1
OTU_239	OTU_292	0.714	1	1
OTU_239	OTU_298	1	1	1
OTU_239	OTU_300	0.771	1	1
OTU_239	OTU_302	0.829	1	1
OTU_239	OTU_305	1	1	1
OTU_239	OTU_31	0.943	1	1
OTU_239	OTU_320	0.943	1	1
OTU_239	OTU_321	0.771	1	1
OTU_239	OTU_327	0.943	1	1
OTU_239	OTU_329	0.829	1	1
OTU_239	OTU_330	0.829	1	1
OTU_239	OTU_34	0.771	1	1
OTU_239	OTU_347	0.829	1	1
OTU_239	OTU_4	0.714	1	1
OTU_239	OTU_44	0.771	1	1
OTU_239	OTU_46	1	1	1
OTU_239	OTU_53	0.829	1	1
OTU_239	OTU_58	0.829	1	1
OTU_239	OTU_6	0.771	1	1
OTU_239	OTU_65	0.771	1	1
OTU_239	OTU_68	0.829	1	1
OTU_239	OTU_69	0.771	1	1
OTU_239	OTU_71	1	1	1
OTU_239	OTU_72	0.943	1	1
OTU_239	OTU_81	0.943	1	1
OTU_239	OTU_83	0.714	1	1
OTU_239	OTU_85	0.771	1	1
OTU_239	OTU_86	0.829	1	1
OTU_239	OTU_87	0.829	1	1
OTU_239	OTU_88	1	1	1
OTU_239	OTU_96	0.943	1	1
OTU_239	OTU_98	0.771	1	1
OTU_240	OTU_242	0.771	1	1
OTU_240	OTU_255	0.771	1	1
OTU_240	OTU_257	0.771	1	1
OTU_240	OTU_26	0.771	1	1
OTU_240	OTU_27	0.771	1	1
OTU_240	OTU_276	0.886	1	1
OTU_240	OTU_280	0.943	1	1
OTU_240	OTU_292	0.771	1	1
OTU_240	OTU_294	0.829	1	1
OTU_240	OTU_295	0.771	1	1
OTU_240	OTU_298	0.771	1	1
OTU_240	OTU_305	0.771	1	1
OTU_240	OTU_31	0.829	1	1
OTU_240	OTU_320	0.829	1	1
OTU_240	OTU_325	0.943	1	1
OTU_240	OTU_327	0.829	1	1
OTU_240	OTU_329	0.771	1	1
OTU_240	OTU_347	0.771	1	1
OTU_240	OTU_46	0.771	1	1
OTU_240	OTU_53	0.771	1	1
OTU_240	OTU_58	0.771	1	1
OTU_240	OTU_68	0.943	1	1
OTU_240	OTU_71	0.771	1	1
OTU_240	OTU_72	0.829	1	1
OTU_240	OTU_81	0.829	1	1
OTU_240	OTU_83	0.771	1	1
OTU_240	OTU_85	0.714	1	1
OTU_240	OTU_87	0.771	1	1
OTU_240	OTU_88	0.771	1	1
OTU_240	OTU_96	0.829	1	1
OTU_242	OTU_245	0.829	1	1
OTU_242	OTU_252	0.886	1	1
OTU_242	OTU_255	1	1	1
OTU_242	OTU_257	0.829	1	1
OTU_242	OTU_26	0.829	1	1
OTU_242	OTU_27	1	1	1
OTU_242	OTU_276	0.771	1	1
OTU_242	OTU_292	0.714	1	1
OTU_242	OTU_298	1	1	1
OTU_242	OTU_300	0.771	1	1
OTU_242	OTU_302	0.829	1	1
OTU_242	OTU_305	1	1	1
OTU_242	OTU_31	0.943	1	1
OTU_242	OTU_320	0.943	1	1
OTU_242	OTU_321	0.771	1	1
OTU_242	OTU_327	0.943	1	1
OTU_242	OTU_329	0.829	1	1
OTU_242	OTU_330	0.829	1	1
OTU_242	OTU_34	0.771	1	1
OTU_242	OTU_347	0.829	1	1
OTU_242	OTU_4	0.714	1	1
OTU_242	OTU_44	0.771	1	1
OTU_242	OTU_46	1	1	1
OTU_242	OTU_53	0.829	1	1
OTU_242	OTU_58	0.829	1	1
OTU_242	OTU_6	0.771	1	1
OTU_242	OTU_65	0.771	1	1
OTU_242	OTU_68	0.829	1	1
OTU_242	OTU_69	0.771	1	1
OTU_242	OTU_71	1	1	1
OTU_242	OTU_72	0.943	1	1
OTU_242	OTU_81	0.943	1	1
OTU_242	OTU_83	0.714	1	1
OTU_242	OTU_85	0.771	1	1
OTU_242	OTU_86	0.829	1	1
OTU_242	OTU_87	0.829	1	1
OTU_242	OTU_88	1	1	1
OTU_242	OTU_96	0.943	1	1
OTU_242	OTU_98	0.771	1	1
OTU_243	OTU_246	0.771	2	2
OTU_243	OTU_247	0.943	2	2
OTU_243	OTU_250	0.886	2	2
OTU_243	OTU_253	0.886	2	2
OTU_243	OTU_256	0.886	2	2
OTU_243	OTU_259	0.771	2	2
OTU_243	OTU_261	0.886	2	2
OTU_243	OTU_264	0.771	2	2
OTU_243	OTU_265	0.943	2	2
OTU_243	OTU_268	0.771	2	2
OTU_243	OTU_269	0.829	2	2
OTU_243	OTU_272	0.829	2	2
OTU_243	OTU_278	0.943	2	2
OTU_243	OTU_281	0.771	2	2
OTU_243	OTU_284	1	2	2
OTU_243	OTU_286	0.943	2	2
OTU_243	OTU_299	0.829	2	2
OTU_243	OTU_308	0.771	2	2
OTU_243	OTU_309	0.943	2	2
OTU_243	OTU_311	0.714	2	2
OTU_243	OTU_314	0.771	2	2
OTU_243	OTU_316	0.829	2	2
OTU_243	OTU_317	0.943	2	2
OTU_243	OTU_318	0.771	2	2
OTU_243	OTU_323	0.771	2	2
OTU_243	OTU_333	0.943	2	2
OTU_243	OTU_340	0.771	2	2
OTU_243	OTU_341	0.886	2	2
OTU_243	OTU_350	0.886	2	2
OTU_243	OTU_352	1	2	2
OTU_243	OTU_38	0.943	2	2
OTU_243	OTU_39	1	2	2
OTU_243	OTU_40	0.943	2	2
OTU_243	OTU_43	0.714	2	2
OTU_243	OTU_45	0.886	2	2
OTU_243	OTU_47	0.829	2	2
OTU_243	OTU_49	0.771	2	2
OTU_243	OTU_5	0.771	2	2
OTU_243	OTU_50	0.771	2	2
OTU_243	OTU_55	0.714	2	2
OTU_243	OTU_61	0.771	2	2
OTU_243	OTU_62	0.886	2	2
OTU_243	OTU_64	0.886	2	2
OTU_243	OTU_66	0.943	2	2
OTU_243	OTU_67	0.886	2	2
OTU_243	OTU_7	0.886	2	2
OTU_243	OTU_73	0.829	2	2
OTU_243	OTU_75	0.771	2	2
OTU_243	OTU_78	0.943	2	2
OTU_243	OTU_79	0.886	2	2
OTU_243	OTU_80	0.943	2	2
OTU_243	OTU_95	0.886	2	2
OTU_243	OTU_97	0.886	2	2
OTU_245	OTU_252	0.829	1	1
OTU_245	OTU_255	0.829	1	1
OTU_245	OTU_257	0.829	1	1
OTU_245	OTU_26	0.829	1	1
OTU_245	OTU_27	0.829	1	1
OTU_245	OTU_276	0.771	1	1
OTU_245	OTU_279	0.771	1	1
OTU_245	OTU_292	0.886	1	1
OTU_245	OTU_294	0.771	1	1
OTU_245	OTU_295	0.714	1	1
OTU_245	OTU_298	0.829	1	1
OTU_245	OTU_300	0.943	1	1
OTU_245	OTU_302	1	1	1
OTU_245	OTU_305	0.829	1	1
OTU_245	OTU_31	0.771	1	1
OTU_245	OTU_320	0.771	1	1
OTU_245	OTU_321	0.943	1	1
OTU_245	OTU_327	0.771	1	1
OTU_245	OTU_329	0.829	1	1
OTU_245	OTU_330	1	1	1
OTU_245	OTU_34	0.943	1	1
OTU_245	OTU_347	0.829	1	1
OTU_245	OTU_4	0.886	1	1
OTU_245	OTU_44	0.943	1	1
OTU_245	OTU_46	0.829	1	1
OTU_245	OTU_53	0.829	1	1
OTU_245	OTU_58	0.829	1	1
OTU_245	OTU_6	0.943	1	1
OTU_245	OTU_65	0.943	1	1
OTU_245	OTU_69	0.943	1	1
OTU_245	OTU_71	0.829	1	1
OTU_245	OTU_72	0.771	1	1
OTU_245	OTU_81	0.771	1	1
OTU_245	OTU_83	0.886	1	1
OTU_245	OTU_85	0.771	1	1
OTU_245	OTU_86	1	1	1
OTU_245	OTU_87	0.829	1	1
OTU_245	OTU_88	0.829	1	1
OTU_245	OTU_96	0.771	1	1
OTU_245	OTU_98	0.943	1	1
OTU_246	OTU_247	0.829	2	2
OTU_246	OTU_248	0.829	2	2
OTU_246	OTU_250	0.943	2	2
OTU_246	OTU_251	0.771	2	2
OTU_246	OTU_253	0.943	2	2
OTU_246	OTU_254	0.771	2	2
OTU_246	OTU_256	0.943	2	2
OTU_246	OTU_258	0.714	2	2
OTU_246	OTU_259	0.829	2	2
OTU_246	OTU_261	0.943	2	2
OTU_246	OTU_264	0.829	2	2
OTU_246	OTU_265	0.886	2	2
OTU_246	OTU_272	0.771	2	2
OTU_246	OTU_273	0.714	2	2
OTU_246	OTU_275	0.714	2	2
OTU_246	OTU_278	0.714	2	2
OTU_246	OTU_28	0.714	2	2
OTU_246	OTU_281	0.714	2	2
OTU_246	OTU_284	0.771	2	2
OTU_246	OTU_285	0.886	2	2
OTU_246	OTU_286	0.829	2	2
OTU_246	OTU_299	0.771	2	2
OTU_246	OTU_303	0.771	2	2
OTU_246	OTU_309	0.829	2	2
OTU_246	OTU_314	1	2	2
OTU_246	OTU_317	0.886	2	2
OTU_246	OTU_318	0.886	2	2
OTU_246	OTU_326	0.714	2	2
OTU_246	OTU_333	0.829	2	2
OTU_246	OTU_337	0.771	2	2
OTU_246	OTU_340	0.829	2	2
OTU_246	OTU_341	0.771	2	2
OTU_246	OTU_348	0.771	2	2
OTU_246	OTU_350	0.943	2	2
OTU_246	OTU_352	0.771	2	2
OTU_246	OTU_36	0.829	2	2
OTU_246	OTU_38	0.886	2	2
OTU_246	OTU_39	0.771	2	2
OTU_246	OTU_40	0.886	2	2
OTU_246	OTU_43	0.771	2	2
OTU_246	OTU_45	0.943	2	2
OTU_246	OTU_47	0.771	2	2
OTU_246	OTU_49	0.829	2	2
OTU_246	OTU_5	0.714	2	2
OTU_246	OTU_50	0.714	2	2
OTU_246	OTU_55	0.943	2	2
OTU_246	OTU_62	0.943	2	2
OTU_246	OTU_64	0.771	2	2
OTU_246	OTU_67	0.771	2	2
OTU_246	OTU_7	0.943	2	2
OTU_246	OTU_70	0.886	2	2
OTU_246	OTU_78	0.886	2	2
OTU_246	OTU_79	0.943	2	2
OTU_246	OTU_80	0.829	2	2
OTU_246	OTU_9	0.714	2	2
OTU_246	OTU_91	0.771	2	2
OTU_246	OTU_94	0.829	2	2
OTU_246	OTU_95	0.771	2	2
OTU_246	OTU_97	0.771	2	2
OTU_247	OTU_250	0.943	2	2
OTU_247	OTU_251	0.771	2	2
OTU_247	OTU_253	0.943	2	2
OTU_247	OTU_254	0.771	2	2
OTU_247	OTU_256	0.943	2	2
OTU_247	OTU_259	0.829	2	2
OTU_247	OTU_261	0.943	2	2
OTU_247	OTU_265	0.886	2	2
OTU_247	OTU_269	0.771	2	2
OTU_247	OTU_272	0.771	2	2
OTU_247	OTU_278	0.886	2	2
OTU_247	OTU_281	0.886	2	2
OTU_247	OTU_284	0.943	2	2
OTU_247	OTU_286	1	2	2
OTU_247	OTU_299	0.943	2	2
OTU_247	OTU_303	0.771	2	2
OTU_247	OTU_308	0.829	2	2
OTU_247	OTU_309	1	2	2
OTU_247	OTU_311	0.771	2	2
OTU_247	OTU_314	0.829	2	2
OTU_247	OTU_316	0.771	2	2
OTU_247	OTU_317	0.886	2	2
OTU_247	OTU_318	0.886	2	2
OTU_247	OTU_323	0.714	2	2
OTU_247	OTU_333	1	2	2
OTU_247	OTU_337	0.771	2	2
OTU_247	OTU_340	0.829	2	2
OTU_247	OTU_341	0.943	2	2
OTU_247	OTU_348	0.771	2	2
OTU_247	OTU_350	0.943	2	2
OTU_247	OTU_352	0.943	2	2
OTU_247	OTU_38	0.886	2	2
OTU_247	OTU_39	0.943	2	2
OTU_247	OTU_40	0.886	2	2
OTU_247	OTU_43	0.771	2	2
OTU_247	OTU_45	0.943	2	2
OTU_247	OTU_47	0.943	2	2
OTU_247	OTU_49	0.829	2	2
OTU_247	OTU_5	0.886	2	2
OTU_247	OTU_50	0.886	2	2
OTU_247	OTU_55	0.771	2	2
OTU_247	OTU_61	0.829	2	2
OTU_247	OTU_62	0.943	2	2
OTU_247	OTU_64	0.943	2	2
OTU_247	OTU_66	0.829	2	2
OTU_247	OTU_67	0.771	2	2
OTU_247	OTU_7	0.943	2	2
OTU_247	OTU_70	0.714	2	2
OTU_247	OTU_73	0.771	2	2
OTU_247	OTU_78	0.886	2	2
OTU_247	OTU_79	0.943	2	2
OTU_247	OTU_80	1	2	2
OTU_247	OTU_95	0.943	2	2
OTU_247	OTU_97	0.771	2	2
OTU_248	OTU_250	0.771	2	2
OTU_248	OTU_251	0.771	2	2
OTU_248	OTU_253	0.771	2	2
OTU_248	OTU_254	0.771	2	2
OTU_248	OTU_256	0.771	2	2
OTU_248	OTU_258	0.886	2	2
OTU_248	OTU_261	0.771	2	2
OTU_248	OTU_264	0.829	2	2
OTU_248	OTU_265	0.714	2	2
OTU_248	OTU_269	0.771	2	2
OTU_248	OTU_273	0.886	2	2
OTU_248	OTU_275	0.886	2	2
OTU_248	OTU_281	0.714	2	2
OTU_248	OTU_285	0.829	2	2
OTU_248	OTU_287	0.771	2	2
OTU_248	OTU_299	0.771	2	2
OTU_248	OTU_301	0.771	2	2
OTU_248	OTU_303	0.771	2	2
OTU_248	OTU_308	0.829	2	2
OTU_248	OTU_311	0.771	2	2
OTU_248	OTU_314	0.829	2	2
OTU_248	OTU_316	0.771	2	2
OTU_248	OTU_317	0.714	2	2
OTU_248	OTU_318	0.886	2	2
OTU_248	OTU_323	0.714	2	2
OTU_248	OTU_326	0.886	2	2
OTU_248	OTU_337	0.771	2	2
OTU_248	OTU_338	0.829	2	2
OTU_248	OTU_348	0.771	2	2
OTU_248	OTU_350	0.771	2	2
OTU_248	OTU_36	1	2	2
OTU_248	OTU_38	0.714	2	2
OTU_248	OTU_40	0.714	2	2
OTU_248	OTU_43	0.943	2	2
OTU_248	OTU_45	0.771	2	2
OTU_248	OTU_47	0.771	2	2
OTU_248	OTU_5	0.714	2	2
OTU_248	OTU_50	0.714	2	2
OTU_248	OTU_55	0.771	2	2
OTU_248	OTU_61	0.829	2	2
OTU_248	OTU_62	0.771	2	2
OTU_248	OTU_67	0.771	2	2
OTU_248	OTU_7	0.771	2	2
OTU_248	OTU_70	0.886	2	2
OTU_248	OTU_73	0.771	2	2
OTU_248	OTU_78	0.714	2	2
OTU_248	OTU_79	0.771	2	2
OTU_248	OTU_91	0.943	2	2
OTU_248	OTU_94	1	2	2
OTU_248	OTU_97	0.771	2	2
OTU_249	OTU_285	0.714	4	2
OTU_249	OTU_288	1	4	4
OTU_249	OTU_289	0.943	4	4
OTU_249	OTU_77	0.943	4	4
OTU_249	OTU_9	0.886	4	2
OTU_25	OTU_56	0.714	1	1
OTU_250	OTU_251	0.714	2	2
OTU_250	OTU_253	1	2	2
OTU_250	OTU_254	0.714	2	2
OTU_250	OTU_256	1	2	2
OTU_250	OTU_259	0.771	2	2
OTU_250	OTU_261	1	2	2
OTU_250	OTU_264	0.771	2	2
OTU_250	OTU_265	0.943	2	2
OTU_250	OTU_269	0.714	2	2
OTU_250	OTU_272	0.714	2	2
OTU_250	OTU_278	0.771	2	2
OTU_250	OTU_281	0.771	2	2
OTU_250	OTU_284	0.886	2	2
OTU_250	OTU_285	0.829	2	2
OTU_250	OTU_286	0.943	2	2
OTU_250	OTU_299	0.886	2	2
OTU_250	OTU_303	0.714	2	2
OTU_250	OTU_308	0.771	2	2
OTU_250	OTU_309	0.943	2	2
OTU_250	OTU_314	0.943	2	2
OTU_250	OTU_316	0.714	2	2
OTU_250	OTU_317	0.943	2	2
OTU_250	OTU_318	0.943	2	2
OTU_250	OTU_333	0.943	2	2
OTU_250	OTU_337	0.714	2	2
OTU_250	OTU_340	0.771	2	2
OTU_250	OTU_341	0.829	2	2
OTU_250	OTU_348	0.714	2	2
OTU_250	OTU_350	1	2	2
OTU_250	OTU_352	0.886	2	2
OTU_250	OTU_36	0.771	2	2
OTU_250	OTU_38	0.943	2	2
OTU_250	OTU_39	0.886	2	2
OTU_250	OTU_40	0.943	2	2
OTU_250	OTU_43	0.829	2	2
OTU_250	OTU_45	1	2	2
OTU_250	OTU_47	0.886	2	2
OTU_250	OTU_49	0.771	2	2
OTU_250	OTU_5	0.771	2	2
OTU_250	OTU_50	0.771	2	2
OTU_250	OTU_55	0.829	2	2
OTU_250	OTU_61	0.771	2	2
OTU_250	OTU_62	1	2	2
OTU_250	OTU_64	0.829	2	2
OTU_250	OTU_66	0.771	2	2
OTU_250	OTU_67	0.829	2	2
OTU_250	OTU_7	1	2	2
OTU_250	OTU_70	0.771	2	2
OTU_250	OTU_73	0.714	2	2
OTU_250	OTU_78	0.943	2	2
OTU_250	OTU_79	1	2	2
OTU_250	OTU_80	0.943	2	2
OTU_250	OTU_9	0.771	2	2
OTU_250	OTU_91	0.714	2	2
OTU_250	OTU_94	0.771	2	2
OTU_250	OTU_95	0.829	2	2
OTU_250	OTU_97	0.829	2	2
OTU_251	OTU_253	0.714	2	2
OTU_251	OTU_254	1	2	2
OTU_251	OTU_256	0.714	2	2
OTU_251	OTU_258	0.771	2	2
OTU_251	OTU_259	0.943	2	2
OTU_251	OTU_261	0.714	2	2
OTU_251	OTU_268	0.771	2	2
OTU_251	OTU_272	0.829	2	2
OTU_251	OTU_273	0.771	2	2
OTU_251	OTU_275	0.771	2	2
OTU_251	OTU_278	0.771	2	2
OTU_251	OTU_281	0.943	2	2
OTU_251	OTU_286	0.771	2	2
OTU_251	OTU_287	0.829	2	2
OTU_251	OTU_299	0.829	2	2
OTU_251	OTU_301	0.829	2	2
OTU_251	OTU_303	1	2	2
OTU_251	OTU_308	0.771	2	2
OTU_251	OTU_309	0.771	2	2
OTU_251	OTU_311	0.886	2	2
OTU_251	OTU_314	0.771	2	2
OTU_251	OTU_318	0.771	2	2
OTU_251	OTU_323	0.771	2	2
OTU_251	OTU_326	0.771	2	2
OTU_251	OTU_333	0.771	2	2
OTU_251	OTU_337	1	2	2
OTU_251	OTU_338	0.943	2	2
OTU_251	OTU_340	0.943	2	2
OTU_251	OTU_341	0.886	2	2
OTU_251	OTU_348	1	2	2
OTU_251	OTU_350	0.714	2	2
OTU_251	OTU_36	0.771	2	2
OTU_251	OTU_43	0.714	2	2
OTU_251	OTU_45	0.714	2	2
OTU_251	OTU_47	0.829	2	2
OTU_251	OTU_49	0.943	2	2
OTU_251	OTU_5	0.943	2	2
OTU_251	OTU_50	0.943	2	2
OTU_251	OTU_55	0.886	2	2
OTU_251	OTU_61	0.771	2	2
OTU_251	OTU_62	0.714	2	2
OTU_251	OTU_64	0.886	2	2
OTU_251	OTU_7	0.714	2	2
OTU_251	OTU_70	0.943	2	2
OTU_251	OTU_75	0.771	2	2
OTU_251	OTU_79	0.714	2	2
OTU_251	OTU_80	0.771	2	2
OTU_251	OTU_94	0.771	2	2
OTU_251	OTU_95	0.886	2	2
OTU_252	OTU_255	0.886	1	1
OTU_252	OTU_27	0.886	1	1
OTU_252	OTU_298	0.886	1	1
OTU_252	OTU_302	0.829	1	1
OTU_252	OTU_305	0.886	1	1
OTU_252	OTU_306	0.829	1	4
OTU_252	OTU_31	0.714	1	1
OTU_252	OTU_320	0.714	1	1
OTU_252	OTU_327	0.714	1	1
OTU_252	OTU_330	0.829	1	1
OTU_252	OTU_46	0.886	1	1
OTU_252	OTU_71	0.886	1	1
OTU_252	OTU_72	0.714	1	1
OTU_252	OTU_81	0.714	1	1
OTU_252	OTU_86	0.829	1	1
OTU_252	OTU_88	0.886	1	1
OTU_252	OTU_96	0.714	1	1
OTU_253	OTU_254	0.714	2	2
OTU_253	OTU_256	1	2	2
OTU_253	OTU_259	0.771	2	2
OTU_253	OTU_261	1	2	2
OTU_253	OTU_264	0.771	2	2
OTU_253	OTU_265	0.943	2	2
OTU_253	OTU_269	0.714	2	2
OTU_253	OTU_272	0.714	2	2
OTU_253	OTU_278	0.771	2	2
OTU_253	OTU_281	0.771	2	2
OTU_253	OTU_284	0.886	2	2
OTU_253	OTU_285	0.829	2	2
OTU_253	OTU_286	0.943	2	2
OTU_253	OTU_299	0.886	2	2
OTU_253	OTU_303	0.714	2	2
OTU_253	OTU_308	0.771	2	2
OTU_253	OTU_309	0.943	2	2
OTU_253	OTU_314	0.943	2	2
OTU_253	OTU_316	0.714	2	2
OTU_253	OTU_317	0.943	2	2
OTU_253	OTU_318	0.943	2	2
OTU_253	OTU_333	0.943	2	2
OTU_253	OTU_337	0.714	2	2
OTU_253	OTU_340	0.771	2	2
OTU_253	OTU_341	0.829	2	2
OTU_253	OTU_348	0.714	2	2
OTU_253	OTU_350	1	2	2
OTU_253	OTU_352	0.886	2	2
OTU_253	OTU_36	0.771	2	2
OTU_253	OTU_38	0.943	2	2
OTU_253	OTU_39	0.886	2	2
OTU_253	OTU_40	0.943	2	2
OTU_253	OTU_43	0.829	2	2
OTU_253	OTU_45	1	2	2
OTU_253	OTU_47	0.886	2	2
OTU_253	OTU_49	0.771	2	2
OTU_253	OTU_5	0.771	2	2
OTU_253	OTU_50	0.771	2	2
OTU_253	OTU_55	0.829	2	2
OTU_253	OTU_61	0.771	2	2
OTU_253	OTU_62	1	2	2
OTU_253	OTU_64	0.829	2	2
OTU_253	OTU_66	0.771	2	2
OTU_253	OTU_67	0.829	2	2
OTU_253	OTU_7	1	2	2
OTU_253	OTU_70	0.771	2	2
OTU_253	OTU_73	0.714	2	2
OTU_253	OTU_78	0.943	2	2
OTU_253	OTU_79	1	2	2
OTU_253	OTU_80	0.943	2	2
OTU_253	OTU_9	0.771	2	2
OTU_253	OTU_91	0.714	2	2
OTU_253	OTU_94	0.771	2	2
OTU_253	OTU_95	0.829	2	2
OTU_253	OTU_97	0.829	2	2
OTU_254	OTU_256	0.714	2	2
OTU_254	OTU_258	0.771	2	2
OTU_254	OTU_259	0.943	2	2
OTU_254	OTU_261	0.714	2	2
OTU_254	OTU_268	0.771	2	2
OTU_254	OTU_272	0.829	2	2
OTU_254	OTU_273	0.771	2	2
OTU_254	OTU_275	0.771	2	2
OTU_254	OTU_278	0.771	2	2
OTU_254	OTU_281	0.943	2	2
OTU_254	OTU_286	0.771	2	2
OTU_254	OTU_287	0.829	2	2
OTU_254	OTU_299	0.829	2	2
OTU_254	OTU_301	0.829	2	2
OTU_254	OTU_303	1	2	2
OTU_254	OTU_308	0.771	2	2
OTU_254	OTU_309	0.771	2	2
OTU_254	OTU_311	0.886	2	2
OTU_254	OTU_314	0.771	2	2
OTU_254	OTU_318	0.771	2	2
OTU_254	OTU_323	0.771	2	2
OTU_254	OTU_326	0.771	2	2
OTU_254	OTU_333	0.771	2	2
OTU_254	OTU_337	1	2	2
OTU_254	OTU_338	0.943	2	2
OTU_254	OTU_340	0.943	2	2
OTU_254	OTU_341	0.886	2	2
OTU_254	OTU_348	1	2	2
OTU_254	OTU_350	0.714	2	2
OTU_254	OTU_36	0.771	2	2
OTU_254	OTU_43	0.714	2	2
OTU_254	OTU_45	0.714	2	2
OTU_254	OTU_47	0.829	2	2
OTU_254	OTU_49	0.943	2	2
OTU_254	OTU_5	0.943	2	2
OTU_254	OTU_50	0.943	2	2
OTU_254	OTU_55	0.886	2	2
OTU_254	OTU_61	0.771	2	2
OTU_254	OTU_62	0.714	2	2
OTU_254	OTU_64	0.886	2	2
OTU_254	OTU_7	0.714	2	2
OTU_254	OTU_70	0.943	2	2
OTU_254	OTU_75	0.771	2	2
OTU_254	OTU_79	0.714	2	2
OTU_254	OTU_80	0.771	2	2
OTU_254	OTU_94	0.771	2	2
OTU_254	OTU_95	0.886	2	2
OTU_255	OTU_257	0.829	1	1
OTU_255	OTU_26	0.829	1	1
OTU_255	OTU_27	1	1	1
OTU_255	OTU_276	0.771	1	1
OTU_255	OTU_292	0.714	1	1
OTU_255	OTU_298	1	1	1
OTU_255	OTU_300	0.771	1	1
OTU_255	OTU_302	0.829	1	1
OTU_255	OTU_305	1	1	1
OTU_255	OTU_31	0.943	1	1
OTU_255	OTU_320	0.943	1	1
OTU_255	OTU_321	0.771	1	1
OTU_255	OTU_327	0.943	1	1
OTU_255	OTU_329	0.829	1	1
OTU_255	OTU_330	0.829	1	1
OTU_255	OTU_34	0.771	1	1
OTU_255	OTU_347	0.829	1	1
OTU_255	OTU_4	0.714	1	1
OTU_255	OTU_44	0.771	1	1
OTU_255	OTU_46	1	1	1
OTU_255	OTU_53	0.829	1	1
OTU_255	OTU_58	0.829	1	1
OTU_255	OTU_6	0.771	1	1
OTU_255	OTU_65	0.771	1	1
OTU_255	OTU_68	0.829	1	1
OTU_255	OTU_69	0.771	1	1
OTU_255	OTU_71	1	1	1
OTU_255	OTU_72	0.943	1	1
OTU_255	OTU_81	0.943	1	1
OTU_255	OTU_83	0.714	1	1
OTU_255	OTU_85	0.771	1	1
OTU_255	OTU_86	0.829	1	1
OTU_255	OTU_87	0.829	1	1
OTU_255	OTU_88	1	1	1
OTU_255	OTU_96	0.943	1	1
OTU_255	OTU_98	0.771	1	1
OTU_256	OTU_259	0.771	2	2
OTU_256	OTU_261	1	2	2
OTU_256	OTU_264	0.771	2	2
OTU_256	OTU_265	0.943	2	2
OTU_256	OTU_269	0.714	2	2
OTU_256	OTU_272	0.714	2	2
OTU_256	OTU_278	0.771	2	2
OTU_256	OTU_281	0.771	2	2
OTU_256	OTU_284	0.886	2	2
OTU_256	OTU_285	0.829	2	2
OTU_256	OTU_286	0.943	2	2
OTU_256	OTU_299	0.886	2	2
OTU_256	OTU_303	0.714	2	2
OTU_256	OTU_308	0.771	2	2
OTU_256	OTU_309	0.943	2	2
OTU_256	OTU_314	0.943	2	2
OTU_256	OTU_316	0.714	2	2
OTU_256	OTU_317	0.943	2	2
OTU_256	OTU_318	0.943	2	2
OTU_256	OTU_333	0.943	2	2
OTU_256	OTU_337	0.714	2	2
OTU_256	OTU_340	0.771	2	2
OTU_256	OTU_341	0.829	2	2
OTU_256	OTU_348	0.714	2	2
OTU_256	OTU_350	1	2	2
OTU_256	OTU_352	0.886	2	2
OTU_256	OTU_36	0.771	2	2
OTU_256	OTU_38	0.943	2	2
OTU_256	OTU_39	0.886	2	2
OTU_256	OTU_40	0.943	2	2
OTU_256	OTU_43	0.829	2	2
OTU_256	OTU_45	1	2	2
OTU_256	OTU_47	0.886	2	2
OTU_256	OTU_49	0.771	2	2
OTU_256	OTU_5	0.771	2	2
OTU_256	OTU_50	0.771	2	2
OTU_256	OTU_55	0.829	2	2
OTU_256	OTU_61	0.771	2	2
OTU_256	OTU_62	1	2	2
OTU_256	OTU_64	0.829	2	2
OTU_256	OTU_66	0.771	2	2
OTU_256	OTU_67	0.829	2	2
OTU_256	OTU_7	1	2	2
OTU_256	OTU_70	0.771	2	2
OTU_256	OTU_73	0.714	2	2
OTU_256	OTU_78	0.943	2	2
OTU_256	OTU_79	1	2	2
OTU_256	OTU_80	0.943	2	2
OTU_256	OTU_9	0.771	2	2
OTU_256	OTU_91	0.714	2	2
OTU_256	OTU_94	0.771	2	2
OTU_256	OTU_95	0.829	2	2
OTU_256	OTU_97	0.829	2	2
OTU_257	OTU_26	1	1	1
OTU_257	OTU_27	0.829	1	1
OTU_257	OTU_276	0.943	1	1
OTU_257	OTU_279	0.771	1	1
OTU_257	OTU_280	0.829	1	1
OTU_257	OTU_292	0.886	1	1
OTU_257	OTU_294	0.771	1	1
OTU_257	OTU_295	0.714	1	1
OTU_257	OTU_298	0.829	1	1
OTU_257	OTU_300	0.943	1	1
OTU_257	OTU_302	0.829	1	1
OTU_257	OTU_305	0.829	1	1
OTU_257	OTU_31	0.943	1	1
OTU_257	OTU_320	0.943	1	1
OTU_257	OTU_321	0.943	1	1
OTU_257	OTU_325	0.829	1	1
OTU_257	OTU_327	0.943	1	1
OTU_257	OTU_329	1	1	1
OTU_257	OTU_330	0.829	1	1
OTU_257	OTU_34	0.943	1	1
OTU_257	OTU_347	1	1	1
OTU_257	OTU_4	0.886	1	1
OTU_257	OTU_44	0.943	1	1
OTU_257	OTU_46	0.829	1	1
OTU_257	OTU_53	1	1	1
OTU_257	OTU_58	1	1	1
OTU_257	OTU_6	0.943	1	1
OTU_257	OTU_65	0.943	1	1
OTU_257	OTU_69	0.943	1	1
OTU_257	OTU_71	0.829	1	1
OTU_257	OTU_72	0.943	1	1
OTU_257	OTU_81	0.943	1	1
OTU_257	OTU_82	0.829	1	1
OTU_257	OTU_83	0.886	1	1
OTU_257	OTU_85	0.943	1	1
OTU_257	OTU_86	0.829	1	1
OTU_257	OTU_87	1	1	1
OTU_257	OTU_88	0.829	1	1
OTU_257	OTU_96	0.943	1	1
OTU_257	OTU_98	0.943	1	1
OTU_258	OTU_259	0.714	2	2
OTU_258	OTU_264	0.886	2	2
OTU_258	OTU_268	0.886	2	2
OTU_258	OTU_269	0.771	2	2
OTU_258	OTU_272	0.771	2	2
OTU_258	OTU_273	1	2	2
OTU_258	OTU_275	1	2	2
OTU_258	OTU_28	0.714	2	2
OTU_258	OTU_287	0.943	2	2
OTU_258	OTU_301	0.943	2	2
OTU_258	OTU_303	0.771	2	2
OTU_258	OTU_308	0.714	2	2
OTU_258	OTU_311	0.771	2	2
OTU_258	OTU_314	0.714	2	2
OTU_258	OTU_316	0.771	2	2
OTU_258	OTU_323	0.829	2	2
OTU_258	OTU_326	1	2	2
OTU_258	OTU_337	0.771	2	2
OTU_258	OTU_338	0.886	2	2
OTU_258	OTU_340	0.714	2	2
OTU_258	OTU_348	0.771	2	2
OTU_258	OTU_36	0.886	2	2
OTU_258	OTU_43	0.771	2	2
OTU_258	OTU_49	0.714	2	2
OTU_258	OTU_55	0.771	2	2
OTU_258	OTU_61	0.714	2	2
OTU_258	OTU_66	0.714	2	2
OTU_258	OTU_67	0.771	2	2
OTU_258	OTU_70	0.829	2	2
OTU_258	OTU_73	0.771	2	2
OTU_258	OTU_75	0.886	2	2
OTU_258	OTU_91	0.943	2	2
OTU_258	OTU_94	0.886	2	2
OTU_258	OTU_97	0.771	2	2
OTU_259	OTU_261	0.771	2	2
OTU_259	OTU_265	0.714	2	2
OTU_259	OTU_268	0.829	2	2
OTU_259	OTU_272	0.943	2	2
OTU_259	OTU_273	0.714	2	2
OTU_259	OTU_275	0.714	2	2
OTU_259	OTU_278	0.886	2	2
OTU_259	OTU_281	0.886	2	2
OTU_259	OTU_284	0.771	2	2
OTU_259	OTU_286	0.829	2	2
OTU_259	OTU_287	0.771	2	2
OTU_259	OTU_299	0.771	2	2
OTU_259	OTU_301	0.771	2	2
OTU_259	OTU_303	0.943	2	2
OTU_259	OTU_309	0.829	2	2
OTU_259	OTU_311	0.771	2	2
OTU_259	OTU_314	0.829	2	2
OTU_259	OTU_317	0.714	2	2
OTU_259	OTU_318	0.714	2	2
OTU_259	OTU_323	0.714	2	2
OTU_259	OTU_326	0.714	2	2
OTU_259	OTU_333	0.829	2	2
OTU_259	OTU_337	0.943	2	2
OTU_259	OTU_338	0.829	2	2
OTU_259	OTU_340	1	2	2
OTU_259	OTU_341	0.943	2	2
OTU_259	OTU_348	0.943	2	2
OTU_259	OTU_350	0.771	2	2
OTU_259	OTU_352	0.771	2	2
OTU_259	OTU_38	0.714	2	2
OTU_259	OTU_39	0.771	2	2
OTU_259	OTU_40	0.714	2	2
OTU_259	OTU_45	0.771	2	2
OTU_259	OTU_47	0.771	2	2
OTU_259	OTU_49	1	2	2
OTU_259	OTU_5	0.886	2	2
OTU_259	OTU_50	0.886	2	2
OTU_259	OTU_55	0.943	2	2
OTU_259	OTU_62	0.771	2	2
OTU_259	OTU_64	0.943	2	2
OTU_259	OTU_7	0.771	2	2
OTU_259	OTU_70	0.886	2	2
OTU_259	OTU_75	0.829	2	2
OTU_259	OTU_78	0.714	2	2
OTU_259	OTU_79	0.771	2	2
OTU_259	OTU_80	0.829	2	2
OTU_259	OTU_95	0.943	2	2
OTU_26	OTU_27	0.829	1	1
OTU_26	OTU_276	0.943	1	1
OTU_26	OTU_279	0.771	1	1
OTU_26	OTU_280	0.829	1	1
OTU_26	OTU_292	0.886	1	1
OTU_26	OTU_294	0.771	1	1
OTU_26	OTU_295	0.714	1	1
OTU_26	OTU_298	0.829	1	1
OTU_26	OTU_300	0.943	1	1
OTU_26	OTU_302	0.829	1	1
OTU_26	OTU_305	0.829	1	1
OTU_26	OTU_31	0.943	1	1
OTU_26	OTU_320	0.943	1	1
OTU_26	OTU_321	0.943	1	1
OTU_26	OTU_325	0.829	1	1
OTU_26	OTU_327	0.943	1	1
OTU_26	OTU_329	1	1	1
OTU_26	OTU_330	0.829	1	1
OTU_26	OTU_34	0.943	1	1
OTU_26	OTU_347	1	1	1
OTU_26	OTU_4	0.886	1	1
OTU_26	OTU_44	0.943	1	1
OTU_26	OTU_46	0.829	1	1
OTU_26	OTU_53	1	1	1
OTU_26	OTU_58	1	1	1
OTU_26	OTU_6	0.943	1	1
OTU_26	OTU_65	0.943	1	1
OTU_26	OTU_69	0.943	1	1
OTU_26	OTU_71	0.829	1	1
OTU_26	OTU_72	0.943	1	1
OTU_26	OTU_81	0.943	1	1
OTU_26	OTU_82	0.829	1	1
OTU_26	OTU_83	0.886	1	1
OTU_26	OTU_85	0.943	1	1
OTU_26	OTU_86	0.829	1	1
OTU_26	OTU_87	1	1	1
OTU_26	OTU_88	0.829	1	1
OTU_26	OTU_96	0.943	1	1
OTU_26	OTU_98	0.943	1	1
OTU_261	OTU_264	0.771	2	2
OTU_261	OTU_265	0.943	2	2
OTU_261	OTU_269	0.714	2	2
OTU_261	OTU_272	0.714	2	2
OTU_261	OTU_278	0.771	2	2
OTU_261	OTU_281	0.771	2	2
OTU_261	OTU_284	0.886	2	2
OTU_261	OTU_285	0.829	2	2
OTU_261	OTU_286	0.943	2	2
OTU_261	OTU_299	0.886	2	2
OTU_261	OTU_303	0.714	2	2
OTU_261	OTU_308	0.771	2	2
OTU_261	OTU_309	0.943	2	2
OTU_261	OTU_314	0.943	2	2
OTU_261	OTU_316	0.714	2	2
OTU_261	OTU_317	0.943	2	2
OTU_261	OTU_318	0.943	2	2
OTU_261	OTU_333	0.943	2	2
OTU_261	OTU_337	0.714	2	2
OTU_261	OTU_340	0.771	2	2
OTU_261	OTU_341	0.829	2	2
OTU_261	OTU_348	0.714	2	2
OTU_261	OTU_350	1	2	2
OTU_261	OTU_352	0.886	2	2
OTU_261	OTU_36	0.771	2	2
OTU_261	OTU_38	0.943	2	2
OTU_261	OTU_39	0.886	2	2
OTU_261	OTU_40	0.943	2	2
OTU_261	OTU_43	0.829	2	2
OTU_261	OTU_45	1	2	2
OTU_261	OTU_47	0.886	2	2
OTU_261	OTU_49	0.771	2	2
OTU_261	OTU_5	0.771	2	2
OTU_261	OTU_50	0.771	2	2
OTU_261	OTU_55	0.829	2	2
OTU_261	OTU_61	0.771	2	2
OTU_261	OTU_62	1	2	2
OTU_261	OTU_64	0.829	2	2
OTU_261	OTU_66	0.771	2	2
OTU_261	OTU_67	0.829	2	2
OTU_261	OTU_7	1	2	2
OTU_261	OTU_70	0.771	2	2
OTU_261	OTU_73	0.714	2	2
OTU_261	OTU_78	0.943	2	2
OTU_261	OTU_79	1	2	2
OTU_261	OTU_80	0.943	2	2
OTU_261	OTU_9	0.771	2	2
OTU_261	OTU_91	0.714	2	2
OTU_261	OTU_94	0.771	2	2
OTU_261	OTU_95	0.829	2	2
OTU_261	OTU_97	0.829	2	2
OTU_264	OTU_265	0.886	2	2
OTU_264	OTU_268	0.829	2	2
OTU_264	OTU_269	0.771	2	2
OTU_264	OTU_272	0.771	2	2
OTU_264	OTU_273	0.886	2	2
OTU_264	OTU_275	0.886	2	2
OTU_264	OTU_278	0.714	2	2
OTU_264	OTU_28	0.943	2	2
OTU_264	OTU_284	0.771	2	2
OTU_264	OTU_287	0.771	2	2
OTU_264	OTU_301	0.771	2	2
OTU_264	OTU_314	0.829	2	2
OTU_264	OTU_316	0.771	2	2
OTU_264	OTU_317	0.886	2	2
OTU_264	OTU_318	0.714	2	2
OTU_264	OTU_323	0.714	2	2
OTU_264	OTU_326	0.886	2	2
OTU_264	OTU_350	0.771	2	2
OTU_264	OTU_352	0.771	2	2
OTU_264	OTU_36	0.829	2	2
OTU_264	OTU_38	0.886	2	2
OTU_264	OTU_39	0.771	2	2
OTU_264	OTU_40	0.886	2	2
OTU_264	OTU_43	0.771	2	2
OTU_264	OTU_45	0.771	2	2
OTU_264	OTU_55	0.771	2	2
OTU_264	OTU_62	0.771	2	2
OTU_264	OTU_66	0.829	2	2
OTU_264	OTU_67	0.943	2	2
OTU_264	OTU_7	0.771	2	2
OTU_264	OTU_70	0.714	2	2
OTU_264	OTU_73	0.771	2	2
OTU_264	OTU_75	0.829	2	2
OTU_264	OTU_78	0.886	2	2
OTU_264	OTU_79	0.771	2	2
OTU_264	OTU_91	0.943	2	2
OTU_264	OTU_94	0.829	2	2
OTU_264	OTU_97	0.943	2	2
OTU_265	OTU_268	0.714	2	2
OTU_265	OTU_269	0.771	2	2
OTU_265	OTU_272	0.771	2	2
OTU_265	OTU_278	0.829	2	2
OTU_265	OTU_28	0.829	2	2
OTU_265	OTU_284	0.943	2	2
OTU_265	OTU_286	0.886	2	2
OTU_265	OTU_299	0.771	2	2
OTU_265	OTU_308	0.714	2	2
OTU_265	OTU_309	0.886	2	2
OTU_265	OTU_314	0.886	2	2
OTU_265	OTU_316	0.771	2	2
OTU_265	OTU_317	1	2	2
OTU_265	OTU_318	0.829	2	2
OTU_265	OTU_333	0.886	2	2
OTU_265	OTU_340	0.714	2	2
OTU_265	OTU_341	0.771	2	2
OTU_265	OTU_350	0.943	2	2
OTU_265	OTU_352	0.943	2	2
OTU_265	OTU_36	0.714	2	2
OTU_265	OTU_38	1	2	2
OTU_265	OTU_39	0.943	2	2
OTU_265	OTU_40	1	2	2
OTU_265	OTU_43	0.771	2	2
OTU_265	OTU_45	0.943	2	2
OTU_265	OTU_47	0.771	2	2
OTU_265	OTU_49	0.714	2	2
OTU_265	OTU_55	0.771	2	2
OTU_265	OTU_61	0.714	2	2
OTU_265	OTU_62	0.943	2	2
OTU_265	OTU_64	0.771	2	2
OTU_265	OTU_66	0.886	2	2
OTU_265	OTU_67	0.943	2	2
OTU_265	OTU_7	0.943	2	2
OTU_265	OTU_73	0.771	2	2
OTU_265	OTU_75	0.714	2	2
OTU_265	OTU_78	1	2	2
OTU_265	OTU_79	0.943	2	2
OTU_265	OTU_80	0.886	2	2
OTU_265	OTU_9	0.829	2	2
OTU_265	OTU_91	0.771	2	2
OTU_265	OTU_94	0.714	2	2
OTU_265	OTU_95	0.771	2	2
OTU_265	OTU_97	0.943	2	2
OTU_268	OTU_269	0.771	2	2
OTU_268	OTU_272	0.943	2	2
OTU_268	OTU_273	0.886	2	2
OTU_268	OTU_275	0.886	2	2
OTU_268	OTU_278	0.886	2	2
OTU_268	OTU_281	0.714	2	2
OTU_268	OTU_284	0.771	2	2
OTU_268	OTU_287	0.943	2	2
OTU_268	OTU_301	0.943	2	2
OTU_268	OTU_303	0.771	2	2
OTU_268	OTU_311	0.771	2	2
OTU_268	OTU_316	0.771	2	2
OTU_268	OTU_317	0.714	2	2
OTU_268	OTU_323	0.886	2	2
OTU_268	OTU_326	0.886	2	2
OTU_268	OTU_337	0.771	2	2
OTU_268	OTU_338	0.829	2	2
OTU_268	OTU_340	0.829	2	2
OTU_268	OTU_341	0.771	2	2
OTU_268	OTU_348	0.771	2	2
OTU_268	OTU_352	0.771	2	2
OTU_268	OTU_38	0.714	2	2
OTU_268	OTU_39	0.771	2	2
OTU_268	OTU_40	0.714	2	2
OTU_268	OTU_49	0.829	2	2
OTU_268	OTU_5	0.714	2	2
OTU_268	OTU_50	0.714	2	2
OTU_268	OTU_55	0.771	2	2
OTU_268	OTU_64	0.771	2	2
OTU_268	OTU_66	0.829	2	2
OTU_268	OTU_67	0.771	2	2
OTU_268	OTU_70	0.714	2	2
OTU_268	OTU_73	0.771	2	2
OTU_268	OTU_75	1	2	2
OTU_268	OTU_78	0.714	2	2
OTU_268	OTU_91	0.771	2	2
OTU_268	OTU_95	0.771	2	2
OTU_268	OTU_97	0.771	2	2
OTU_269	OTU_273	0.771	2	2
OTU_269	OTU_275	0.771	2	2
OTU_269	OTU_278	0.771	2	2
OTU_269	OTU_281	0.771	2	2
OTU_269	OTU_284	0.829	2	2
OTU_269	OTU_286	0.771	2	2
OTU_269	OTU_287	0.829	2	2
OTU_269	OTU_299	0.829	2	2
OTU_269	OTU_301	0.829	2	2
OTU_269	OTU_308	0.943	2	2
OTU_269	OTU_309	0.771	2	2
OTU_269	OTU_311	0.886	2	2
OTU_269	OTU_316	1	2	2
OTU_269	OTU_317	0.771	2	2
OTU_269	OTU_318	0.771	2	2
OTU_269	OTU_323	0.943	2	2
OTU_269	OTU_326	0.771	2	2
OTU_269	OTU_333	0.771	2	2
OTU_269	OTU_338	0.771	2	2
OTU_269	OTU_341	0.714	2	2
OTU_269	OTU_350	0.714	2	2
OTU_269	OTU_352	0.829	2	2
OTU_269	OTU_36	0.771	2	2
OTU_269	OTU_38	0.771	2	2
OTU_269	OTU_39	0.829	2	2
OTU_269	OTU_40	0.771	2	2
OTU_269	OTU_43	0.886	2	2
OTU_269	OTU_45	0.714	2	2
OTU_269	OTU_47	0.829	2	2
OTU_269	OTU_5	0.771	2	2
OTU_269	OTU_50	0.771	2	2
OTU_269	OTU_61	0.943	2	2
OTU_269	OTU_62	0.714	2	2
OTU_269	OTU_64	0.714	2	2
OTU_269	OTU_66	0.943	2	2
OTU_269	OTU_67	0.886	2	2
OTU_269	OTU_7	0.714	2	2
OTU_269	OTU_73	1	2	2
OTU_269	OTU_75	0.771	2	2
OTU_269	OTU_78	0.771	2	2
OTU_269	OTU_79	0.714	2	2
OTU_269	OTU_80	0.771	2	2
OTU_269	OTU_91	0.829	2	2
OTU_269	OTU_94	0.771	2	2
OTU_269	OTU_95	0.714	2	2
OTU_269	OTU_97	0.886	2	2
OTU_27	OTU_276	0.771	1	1
OTU_27	OTU_292	0.714	1	1
OTU_27	OTU_298	1	1	1
OTU_27	OTU_300	0.771	1	1
OTU_27	OTU_302	0.829	1	1
OTU_27	OTU_305	1	1	1
OTU_27	OTU_31	0.943	1	1
OTU_27	OTU_320	0.943	1	1
OTU_27	OTU_321	0.771	1	1
OTU_27	OTU_327	0.943	1	1
OTU_27	OTU_329	0.829	1	1
OTU_27	OTU_330	0.829	1	1
OTU_27	OTU_34	0.771	1	1
OTU_27	OTU_347	0.829	1	1
OTU_27	OTU_4	0.714	1	1
OTU_27	OTU_44	0.771	1	1
OTU_27	OTU_46	1	1	1
OTU_27	OTU_53	0.829	1	1
OTU_27	OTU_58	0.829	1	1
OTU_27	OTU_6	0.771	1	1
OTU_27	OTU_65	0.771	1	1
OTU_27	OTU_68	0.829	1	1
OTU_27	OTU_69	0.771	1	1
OTU_27	OTU_71	1	1	1
OTU_27	OTU_72	0.943	1	1
OTU_27	OTU_81	0.943	1	1
OTU_27	OTU_83	0.714	1	1
OTU_27	OTU_85	0.771	1	1
OTU_27	OTU_86	0.829	1	1
OTU_27	OTU_87	0.829	1	1
OTU_27	OTU_88	1	1	1
OTU_27	OTU_96	0.943	1	1
OTU_27	OTU_98	0.771	1	1
OTU_272	OTU_273	0.771	2	2
OTU_272	OTU_275	0.771	2	2
OTU_272	OTU_278	0.943	2	2
OTU_272	OTU_281	0.771	2	2
OTU_272	OTU_284	0.829	2	2
OTU_272	OTU_286	0.771	2	2
OTU_272	OTU_287	0.829	2	2
OTU_272	OTU_301	0.829	2	2
OTU_272	OTU_303	0.829	2	2
OTU_272	OTU_309	0.771	2	2
OTU_272	OTU_311	0.714	2	2
OTU_272	OTU_314	0.771	2	2
OTU_272	OTU_317	0.771	2	2
OTU_272	OTU_323	0.771	2	2
OTU_272	OTU_326	0.771	2	2
OTU_272	OTU_333	0.771	2	2
OTU_272	OTU_337	0.829	2	2
OTU_272	OTU_338	0.771	2	2
OTU_272	OTU_340	0.943	2	2
OTU_272	OTU_341	0.886	2	2
OTU_272	OTU_348	0.829	2	2
OTU_272	OTU_350	0.714	2	2
OTU_272	OTU_352	0.829	2	2
OTU_272	OTU_38	0.771	2	2
OTU_272	OTU_39	0.829	2	2
OTU_272	OTU_40	0.771	2	2
OTU_272	OTU_45	0.714	2	2
OTU_272	OTU_49	0.943	2	2
OTU_272	OTU_5	0.771	2	2
OTU_272	OTU_50	0.771	2	2
OTU_272	OTU_55	0.886	2	2
OTU_272	OTU_62	0.714	2	2
OTU_272	OTU_64	0.886	2	2
OTU_272	OTU_66	0.771	2	2
OTU_272	OTU_67	0.714	2	2
OTU_272	OTU_7	0.714	2	2
OTU_272	OTU_70	0.771	2	2
OTU_272	OTU_75	0.943	2	2
OTU_272	OTU_78	0.771	2	2
OTU_272	OTU_79	0.714	2	2
OTU_272	OTU_80	0.771	2	2
OTU_272	OTU_95	0.886	2	2
OTU_272	OTU_97	0.714	2	2
OTU_273	OTU_275	1	2	2
OTU_273	OTU_28	0.714	2	2
OTU_273	OTU_287	0.943	2	2
OTU_273	OTU_301	0.943	2	2
OTU_273	OTU_303	0.771	2	2
OTU_273	OTU_308	0.714	2	2
OTU_273	OTU_311	0.771	2	2
OTU_273	OTU_314	0.714	2	2
OTU_273	OTU_316	0.771	2	2
OTU_273	OTU_323	0.829	2	2
OTU_273	OTU_326	1	2	2
OTU_273	OTU_337	0.771	2	2
OTU_273	OTU_338	0.886	2	2
OTU_273	OTU_340	0.714	2	2
OTU_273	OTU_348	0.771	2	2
OTU_273	OTU_36	0.886	2	2
OTU_273	OTU_43	0.771	2	2
OTU_273	OTU_49	0.714	2	2
OTU_273	OTU_55	0.771	2	2
OTU_273	OTU_61	0.714	2	2
OTU_273	OTU_66	0.714	2	2
OTU_273	OTU_67	0.771	2	2
OTU_273	OTU_70	0.829	2	2
OTU_273	OTU_73	0.771	2	2
OTU_273	OTU_75	0.886	2	2
OTU_273	OTU_91	0.943	2	2
OTU_273	OTU_94	0.886	2	2
OTU_273	OTU_97	0.771	2	2
OTU_274	OTU_32	0.771	3	3
OTU_274	OTU_332	0.943	3	3
OTU_274	OTU_93	0.771	3	3
OTU_275	OTU_28	0.714	2	2
OTU_275	OTU_287	0.943	2	2
OTU_275	OTU_301	0.943	2	2
OTU_275	OTU_303	0.771	2	2
OTU_275	OTU_308	0.714	2	2
OTU_275	OTU_311	0.771	2	2
OTU_275	OTU_314	0.714	2	2
OTU_275	OTU_316	0.771	2	2
OTU_275	OTU_323	0.829	2	2
OTU_275	OTU_326	1	2	2
OTU_275	OTU_337	0.771	2	2
OTU_275	OTU_338	0.886	2	2
OTU_275	OTU_340	0.714	2	2
OTU_275	OTU_348	0.771	2	2
OTU_275	OTU_36	0.886	2	2
OTU_275	OTU_43	0.771	2	2
OTU_275	OTU_49	0.714	2	2
OTU_275	OTU_55	0.771	2	2
OTU_275	OTU_61	0.714	2	2
OTU_275	OTU_66	0.714	2	2
OTU_275	OTU_67	0.771	2	2
OTU_275	OTU_70	0.829	2	2
OTU_275	OTU_73	0.771	2	2
OTU_275	OTU_75	0.886	2	2
OTU_275	OTU_91	0.943	2	2
OTU_275	OTU_94	0.886	2	2
OTU_275	OTU_97	0.771	2	2
OTU_276	OTU_279	0.714	1	1
OTU_276	OTU_280	0.943	1	1
OTU_276	OTU_292	0.943	1	1
OTU_276	OTU_294	0.886	1	1
OTU_276	OTU_295	0.771	1	1
OTU_276	OTU_298	0.771	1	1
OTU_276	OTU_300	0.886	1	1
OTU_276	OTU_302	0.771	1	1
OTU_276	OTU_305	0.771	1	1
OTU_276	OTU_31	0.886	1	1
OTU_276	OTU_320	0.886	1	1
OTU_276	OTU_321	0.886	1	1
OTU_276	OTU_325	0.943	1	1
OTU_276	OTU_327	0.886	1	1
OTU_276	OTU_329	0.943	1	1
OTU_276	OTU_330	0.771	1	1
OTU_276	OTU_34	0.886	1	1
OTU_276	OTU_347	0.943	1	1
OTU_276	OTU_4	0.771	1	1
OTU_276	OTU_44	0.886	1	1
OTU_276	OTU_46	0.771	1	1
OTU_276	OTU_53	0.943	1	1
OTU_276	OTU_58	0.943	1	1
OTU_276	OTU_6	0.886	1	1
OTU_276	OTU_65	0.886	1	1
OTU_276	OTU_68	0.771	1	1
OTU_276	OTU_69	0.886	1	1
OTU_276	OTU_71	0.771	1	1
OTU_276	OTU_72	0.886	1	1
OTU_276	OTU_81	0.886	1	1
OTU_276	OTU_82	0.771	1	1
OTU_276	OTU_83	0.943	1	1
OTU_276	OTU_85	0.829	1	1
OTU_276	OTU_86	0.771	1	1
OTU_276	OTU_87	0.943	1	1
OTU_276	OTU_88	0.771	1	1
OTU_276	OTU_96	0.886	1	1
OTU_276	OTU_98	0.886	1	1
OTU_278	OTU_281	0.829	2	2
OTU_278	OTU_284	0.943	2	2
OTU_278	OTU_286	0.886	2	2
OTU_278	OTU_287	0.771	2	2
OTU_278	OTU_299	0.771	2	2
OTU_278	OTU_301	0.771	2	2
OTU_278	OTU_303	0.771	2	2
OTU_278	OTU_308	0.714	2	2
OTU_278	OTU_309	0.886	2	2
OTU_278	OTU_311	0.771	2	2
OTU_278	OTU_314	0.714	2	2
OTU_278	OTU_316	0.771	2	2
OTU_278	OTU_317	0.829	2	2
OTU_278	OTU_323	0.829	2	2
OTU_278	OTU_333	0.886	2	2
OTU_278	OTU_337	0.771	2	2
OTU_278	OTU_338	0.714	2	2
OTU_278	OTU_340	0.886	2	2
OTU_278	OTU_341	0.943	2	2
OTU_278	OTU_348	0.771	2	2
OTU_278	OTU_350	0.771	2	2
OTU_278	OTU_352	0.943	2	2
OTU_278	OTU_38	0.829	2	2
OTU_278	OTU_39	0.943	2	2
OTU_278	OTU_40	0.829	2	2
OTU_278	OTU_45	0.771	2	2
OTU_278	OTU_47	0.771	2	2
OTU_278	OTU_49	0.886	2	2
OTU_278	OTU_5	0.829	2	2
OTU_278	OTU_50	0.829	2	2
OTU_278	OTU_55	0.771	2	2
OTU_278	OTU_61	0.714	2	2
OTU_278	OTU_62	0.771	2	2
OTU_278	OTU_64	0.943	2	2
OTU_278	OTU_66	0.886	2	2
OTU_278	OTU_67	0.771	2	2
OTU_278	OTU_7	0.771	2	2
OTU_278	OTU_73	0.771	2	2
OTU_278	OTU_75	0.886	2	2
OTU_278	OTU_78	0.829	2	2
OTU_278	OTU_79	0.771	2	2
OTU_278	OTU_80	0.886	2	2
OTU_278	OTU_95	0.943	2	2
OTU_278	OTU_97	0.771	2	2
OTU_279	OTU_280	0.771	1	1
OTU_279	OTU_292	0.771	1	1
OTU_279	OTU_294	0.829	1	1
OTU_279	OTU_295	0.943	1	1
OTU_279	OTU_300	0.829	1	1
OTU_279	OTU_302	0.771	1	1
OTU_279	OTU_321	0.829	1	1
OTU_279	OTU_325	0.771	1	1
OTU_279	OTU_329	0.771	1	1
OTU_279	OTU_330	0.771	1	1
OTU_279	OTU_34	0.829	1	1
OTU_279	OTU_347	0.771	1	1
OTU_279	OTU_4	0.943	1	1
OTU_279	OTU_44	0.829	1	1
OTU_279	OTU_53	0.771	1	1
OTU_279	OTU_58	0.771	1	1
OTU_279	OTU_6	0.829	1	1
OTU_279	OTU_65	0.829	1	1
OTU_279	OTU_69	0.829	1	1
OTU_279	OTU_83	0.771	1	1
OTU_279	OTU_85	0.886	1	1
OTU_279	OTU_86	0.771	1	1
OTU_279	OTU_87	0.771	1	1
OTU_279	OTU_98	0.829	1	1
OTU_28	OTU_314	0.714	2	2
OTU_28	OTU_317	0.829	2	2
OTU_28	OTU_326	0.714	2	2
OTU_28	OTU_38	0.829	2	2
OTU_28	OTU_40	0.829	2	2
OTU_28	OTU_66	0.714	2	2
OTU_28	OTU_67	0.886	2	2
OTU_28	OTU_78	0.829	2	2
OTU_28	OTU_9	0.771	2	2
OTU_28	OTU_91	0.829	2	2
OTU_28	OTU_97	0.886	2	2
OTU_280	OTU_292	0.886	1	1
OTU_280	OTU_294	0.943	1	1
OTU_280	OTU_295	0.886	1	1
OTU_280	OTU_300	0.771	1	1
OTU_280	OTU_31	0.771	1	1
OTU_280	OTU_320	0.771	1	1
OTU_280	OTU_321	0.771	1	1
OTU_280	OTU_325	1	1	1
OTU_280	OTU_327	0.771	1	1
OTU_280	OTU_329	0.829	1	1
OTU_280	OTU_34	0.771	1	1
OTU_280	OTU_347	0.829	1	1
OTU_280	OTU_4	0.714	1	1
OTU_280	OTU_44	0.771	1	1
OTU_280	OTU_53	0.829	1	1
OTU_280	OTU_56	0.714	1	1
OTU_280	OTU_58	0.829	1	1
OTU_280	OTU_6	0.771	1	1
OTU_280	OTU_60	0.714	1	3
OTU_280	OTU_65	0.771	1	1
OTU_280	OTU_68	0.829	1	1
OTU_280	OTU_69	0.771	1	1
OTU_280	OTU_72	0.771	1	1
OTU_280	OTU_81	0.771	1	1
OTU_280	OTU_83	0.886	1	1
OTU_280	OTU_85	0.771	1	1
OTU_280	OTU_87	0.829	1	1
OTU_280	OTU_96	0.771	1	1
OTU_280	OTU_98	0.771	1	1
OTU_281	OTU_284	0.771	2	2
OTU_281	OTU_286	0.886	2	2
OTU_281	OTU_287	0.771	2	2
OTU_281	OTU_299	0.943	2	2
OTU_281	OTU_301	0.771	2	2
OTU_281	OTU_303	0.943	2	2
OTU_281	OTU_308	0.886	2	2
OTU_281	OTU_309	0.886	2	2
OTU_281	OTU_311	0.943	2	2
OTU_281	OTU_314	0.714	2	2
OTU_281	OTU_316	0.771	2	2
OTU_281	OTU_318	0.829	2	2
OTU_281	OTU_323	0.829	2	2
OTU_281	OTU_333	0.886	2	2
OTU_281	OTU_337	0.943	2	2
OTU_281	OTU_338	0.886	2	2
OTU_281	OTU_340	0.886	2	2
OTU_281	OTU_341	0.943	2	2
OTU_281	OTU_348	0.943	2	2
OTU_281	OTU_350	0.771	2	2
OTU_281	OTU_352	0.771	2	2
OTU_281	OTU_36	0.714	2	2
OTU_281	OTU_39	0.771	2	2
OTU_281	OTU_43	0.771	2	2
OTU_281	OTU_45	0.771	2	2
OTU_281	OTU_47	0.943	2	2
OTU_281	OTU_49	0.886	2	2
OTU_281	OTU_5	1	2	2
OTU_281	OTU_50	1	2	2
OTU_281	OTU_55	0.771	2	2
OTU_281	OTU_61	0.886	2	2
OTU_281	OTU_62	0.771	2	2
OTU_281	OTU_64	0.943	2	2
OTU_281	OTU_66	0.714	2	2
OTU_281	OTU_7	0.771	2	2
OTU_281	OTU_70	0.829	2	2
OTU_281	OTU_73	0.771	2	2
OTU_281	OTU_75	0.714	2	2
OTU_281	OTU_79	0.771	2	2
OTU_281	OTU_80	0.886	2	2
OTU_281	OTU_94	0.714	2	2
OTU_281	OTU_95	0.943	2	2
OTU_284	OTU_286	0.943	2	2
OTU_284	OTU_299	0.829	2	2
OTU_284	OTU_308	0.771	2	2
OTU_284	OTU_309	0.943	2	2
OTU_284	OTU_311	0.714	2	2
OTU_284	OTU_314	0.771	2	2
OTU_284	OTU_316	0.829	2	2
OTU_284	OTU_317	0.943	2	2
OTU_284	OTU_318	0.771	2	2
OTU_284	OTU_323	0.771	2	2
OTU_284	OTU_333	0.943	2	2
OTU_284	OTU_340	0.771	2	2
OTU_284	OTU_341	0.886	2	2
OTU_284	OTU_350	0.886	2	2
OTU_284	OTU_352	1	2	2
OTU_284	OTU_38	0.943	2	2
OTU_284	OTU_39	1	2	2
OTU_284	OTU_40	0.943	2	2
OTU_284	OTU_43	0.714	2	2
OTU_284	OTU_45	0.886	2	2
OTU_284	OTU_47	0.829	2	2
OTU_284	OTU_49	0.771	2	2
OTU_284	OTU_5	0.771	2	2
OTU_284	OTU_50	0.771	2	2
OTU_284	OTU_55	0.714	2	2
OTU_284	OTU_61	0.771	2	2
OTU_284	OTU_62	0.886	2	2
OTU_284	OTU_64	0.886	2	2
OTU_284	OTU_66	0.943	2	2
OTU_284	OTU_67	0.886	2	2
OTU_284	OTU_7	0.886	2	2
OTU_284	OTU_73	0.829	2	2
OTU_284	OTU_75	0.771	2	2
OTU_284	OTU_78	0.943	2	2
OTU_284	OTU_79	0.886	2	2
OTU_284	OTU_80	0.943	2	2
OTU_284	OTU_95	0.886	2	2
OTU_284	OTU_97	0.886	2	2
OTU_285	OTU_288	0.714	2	4
OTU_285	OTU_289	0.771	2	4
OTU_285	OTU_299	0.714	2	2
OTU_285	OTU_314	0.886	2	2
OTU_285	OTU_318	0.886	2	2
OTU_285	OTU_350	0.829	2	2
OTU_285	OTU_36	0.829	2	2
OTU_285	OTU_43	0.771	2	2
OTU_285	OTU_45	0.829	2	2
OTU_285	OTU_47	0.714	2	2
OTU_285	OTU_55	0.771	2	2
OTU_285	OTU_62	0.829	2	2
OTU_285	OTU_7	0.829	2	2
OTU_285	OTU_70	0.829	2	2
OTU_285	OTU_77	0.771	2	4
OTU_285	OTU_79	0.829	2	2
OTU_285	OTU_94	0.829	2	2
OTU_286	OTU_299	0.943	2	2
OTU_286	OTU_303	0.771	2	2
OTU_286	OTU_308	0.829	2	2
OTU_286	OTU_309	1	2	2
OTU_286	OTU_311	0.771	2	2
OTU_286	OTU_314	0.829	2	2
OTU_286	OTU_316	0.771	2	2
OTU_286	OTU_317	0.886	2	2
OTU_286	OTU_318	0.886	2	2
OTU_286	OTU_323	0.714	2	2
OTU_286	OTU_333	1	2	2
OTU_286	OTU_337	0.771	2	2
OTU_286	OTU_340	0.829	2	2
OTU_286	OTU_341	0.943	2	2
OTU_286	OTU_348	0.771	2	2
OTU_286	OTU_350	0.943	2	2
OTU_286	OTU_352	0.943	2	2
OTU_286	OTU_38	0.886	2	2
OTU_286	OTU_39	0.943	2	2
OTU_286	OTU_40	0.886	2	2
OTU_286	OTU_43	0.771	2	2
OTU_286	OTU_45	0.943	2	2
OTU_286	OTU_47	0.943	2	2
OTU_286	OTU_49	0.829	2	2
OTU_286	OTU_5	0.886	2	2
OTU_286	OTU_50	0.886	2	2
OTU_286	OTU_55	0.771	2	2
OTU_286	OTU_61	0.829	2	2
OTU_286	OTU_62	0.943	2	2
OTU_286	OTU_64	0.943	2	2
OTU_286	OTU_66	0.829	2	2
OTU_286	OTU_67	0.771	2	2
OTU_286	OTU_7	0.943	2	2
OTU_286	OTU_70	0.714	2	2
OTU_286	OTU_73	0.771	2	2
OTU_286	OTU_78	0.886	2	2
OTU_286	OTU_79	0.943	2	2
OTU_286	OTU_80	1	2	2
OTU_286	OTU_95	0.943	2	2
OTU_286	OTU_97	0.771	2	2
OTU_287	OTU_301	1	2	2
OTU_287	OTU_303	0.829	2	2
OTU_287	OTU_308	0.771	2	2
OTU_287	OTU_311	0.886	2	2
OTU_287	OTU_316	0.829	2	2
OTU_287	OTU_323	0.943	2	2
OTU_287	OTU_326	0.943	2	2
OTU_287	OTU_337	0.829	2	2
OTU_287	OTU_338	0.943	2	2
OTU_287	OTU_340	0.771	2	2
OTU_287	OTU_341	0.714	2	2
OTU_287	OTU_348	0.829	2	2
OTU_287	OTU_36	0.771	2	2
OTU_287	OTU_43	0.714	2	2
OTU_287	OTU_49	0.771	2	2
OTU_287	OTU_5	0.771	2	2
OTU_287	OTU_50	0.771	2	2
OTU_287	OTU_55	0.714	2	2
OTU_287	OTU_61	0.771	2	2
OTU_287	OTU_64	0.714	2	2
OTU_287	OTU_66	0.771	2	2
OTU_287	OTU_67	0.714	2	2
OTU_287	OTU_70	0.771	2	2
OTU_287	OTU_73	0.829	2	2
OTU_287	OTU_75	0.943	2	2
OTU_287	OTU_91	0.829	2	2
OTU_287	OTU_94	0.771	2	2
OTU_287	OTU_95	0.714	2	2
OTU_287	OTU_97	0.714	2	2
OTU_288	OTU_289	0.943	4	4
OTU_288	OTU_77	0.943	4	4
OTU_288	OTU_9	0.886	4	2
OTU_289	OTU_77	0.886	4	4
OTU_289	OTU_9	0.829	4	2
OTU_292	OTU_294	0.943	1	1
OTU_292	OTU_295	0.829	1	1
OTU_292	OTU_298	0.714	1	1
OTU_292	OTU_300	0.943	1	1
OTU_292	OTU_302	0.886	1	1
OTU_292	OTU_305	0.714	1	1
OTU_292	OTU_31	0.771	1	1
OTU_292	OTU_320	0.771	1	1
OTU_292	OTU_321	0.943	1	1
OTU_292	OTU_325	0.886	1	1
OTU_292	OTU_327	0.771	1	1
OTU_292	OTU_329	0.886	1	1
OTU_292	OTU_330	0.886	1	1
OTU_292	OTU_34	0.943	1	1
OTU_292	OTU_347	0.886	1	1
OTU_292	OTU_4	0.829	1	1
OTU_292	OTU_44	0.943	1	1
OTU_292	OTU_46	0.714	1	1
OTU_292	OTU_53	0.886	1	1
OTU_292	OTU_56	0.771	1	1
OTU_292	OTU_58	0.886	1	1
OTU_292	OTU_6	0.943	1	1
OTU_292	OTU_65	0.943	1	1
OTU_292	OTU_68	0.714	1	1
OTU_292	OTU_69	0.943	1	1
OTU_292	OTU_71	0.714	1	1
OTU_292	OTU_72	0.771	1	1
OTU_292	OTU_81	0.771	1	1
OTU_292	OTU_82	0.714	1	1
OTU_292	OTU_83	1	1	1
OTU_292	OTU_85	0.771	1	1
OTU_292	OTU_86	0.886	1	1
OTU_292	OTU_87	0.886	1	1
OTU_292	OTU_88	0.714	1	1
OTU_292	OTU_96	0.771	1	1
OTU_292	OTU_98	0.943	1	1
OTU_294	OTU_295	0.943	1	1
OTU_294	OTU_300	0.829	1	1
OTU_294	OTU_302	0.771	1	1
OTU_294	OTU_321	0.829	1	1
OTU_294	OTU_325	0.943	1	1
OTU_294	OTU_329	0.771	1	1
OTU_294	OTU_330	0.771	1	1
OTU_294	OTU_34	0.829	1	1
OTU_294	OTU_347	0.771	1	1
OTU_294	OTU_4	0.771	1	1
OTU_294	OTU_44	0.829	1	1
OTU_294	OTU_53	0.771	1	1
OTU_294	OTU_56	0.886	1	1
OTU_294	OTU_58	0.771	1	1
OTU_294	OTU_6	0.829	1	1
OTU_294	OTU_65	0.829	1	1
OTU_294	OTU_68	0.771	1	1
OTU_294	OTU_69	0.829	1	1
OTU_294	OTU_83	0.943	1	1
OTU_294	OTU_85	0.714	1	1
OTU_294	OTU_86	0.771	1	1
OTU_294	OTU_87	0.771	1	1
OTU_294	OTU_98	0.829	1	1
OTU_295	OTU_300	0.771	1	1
OTU_295	OTU_302	0.714	1	1
OTU_295	OTU_321	0.771	1	1
OTU_295	OTU_325	0.886	1	1
OTU_295	OTU_329	0.714	1	1
OTU_295	OTU_330	0.714	1	1
OTU_295	OTU_34	0.771	1	1
OTU_295	OTU_347	0.714	1	1
OTU_295	OTU_4	0.829	1	1
OTU_295	OTU_44	0.771	1	1
OTU_295	OTU_53	0.714	1	1
OTU_295	OTU_56	0.829	1	1
OTU_295	OTU_58	0.714	1	1
OTU_295	OTU_6	0.771	1	1
OTU_295	OTU_65	0.771	1	1
OTU_295	OTU_68	0.714	1	1
OTU_295	OTU_69	0.771	1	1
OTU_295	OTU_83	0.829	1	1
OTU_295	OTU_85	0.771	1	1
OTU_295	OTU_86	0.714	1	1
OTU_295	OTU_87	0.714	1	1
OTU_295	OTU_98	0.771	1	1
OTU_298	OTU_300	0.771	1	1
OTU_298	OTU_302	0.829	1	1
OTU_298	OTU_305	1	1	1
OTU_298	OTU_31	0.943	1	1
OTU_298	OTU_320	0.943	1	1
OTU_298	OTU_321	0.771	1	1
OTU_298	OTU_327	0.943	1	1
OTU_298	OTU_329	0.829	1	1
OTU_298	OTU_330	0.829	1	1
OTU_298	OTU_34	0.771	1	1
OTU_298	OTU_347	0.829	1	1
OTU_298	OTU_4	0.714	1	1
OTU_298	OTU_44	0.771	1	1
OTU_298	OTU_46	1	1	1
OTU_298	OTU_53	0.829	1	1
OTU_298	OTU_58	0.829	1	1
OTU_298	OTU_6	0.771	1	1
OTU_298	OTU_65	0.771	1	1
OTU_298	OTU_68	0.829	1	1
OTU_298	OTU_69	0.771	1	1
OTU_298	OTU_71	1	1	1
OTU_298	OTU_72	0.943	1	1
OTU_298	OTU_81	0.943	1	1
OTU_298	OTU_83	0.714	1	1
OTU_298	OTU_85	0.771	1	1
OTU_298	OTU_86	0.829	1	1
OTU_298	OTU_87	0.829	1	1
OTU_298	OTU_88	1	1	1
OTU_298	OTU_96	0.943	1	1
OTU_298	OTU_98	0.771	1	1
OTU_299	OTU_303	0.829	2	2
OTU_299	OTU_308	0.943	2	2
OTU_299	OTU_309	0.943	2	2
OTU_299	OTU_311	0.886	2	2
OTU_299	OTU_314	0.771	2	2
OTU_299	OTU_316	0.829	2	2
OTU_299	OTU_317	0.771	2	2
OTU_299	OTU_318	0.943	2	2
OTU_299	OTU_323	0.771	2	2
OTU_299	OTU_333	0.943	2	2
OTU_299	OTU_337	0.829	2	2
OTU_299	OTU_338	0.771	2	2
OTU_299	OTU_340	0.771	2	2
OTU_299	OTU_341	0.886	2	2
OTU_299	OTU_348	0.829	2	2
OTU_299	OTU_350	0.886	2	2
OTU_299	OTU_352	0.829	2	2
OTU_299	OTU_36	0.771	2	2
OTU_299	OTU_38	0.771	2	2
OTU_299	OTU_39	0.829	2	2
OTU_299	OTU_40	0.771	2	2
OTU_299	OTU_43	0.886	2	2
OTU_299	OTU_45	0.886	2	2
OTU_299	OTU_47	1	2	2
OTU_299	OTU_49	0.771	2	2
OTU_299	OTU_5	0.943	2	2
OTU_299	OTU_50	0.943	2	2
OTU_299	OTU_55	0.714	2	2
OTU_299	OTU_61	0.943	2	2
OTU_299	OTU_62	0.886	2	2
OTU_299	OTU_64	0.886	2	2
OTU_299	OTU_66	0.771	2	2
OTU_299	OTU_67	0.714	2	2
OTU_299	OTU_7	0.886	2	2
OTU_299	OTU_70	0.771	2	2
OTU_299	OTU_73	0.829	2	2
OTU_299	OTU_78	0.771	2	2
OTU_299	OTU_79	0.886	2	2
OTU_299	OTU_80	0.943	2	2
OTU_299	OTU_94	0.771	2	2
OTU_299	OTU_95	0.886	2	2
OTU_299	OTU_97	0.714	2	2
OTU_300	OTU_302	0.943	1	1
OTU_300	OTU_305	0.771	1	1
OTU_300	OTU_31	0.829	1	1
OTU_300	OTU_320	0.829	1	1
OTU_300	OTU_321	1	1	1
OTU_300	OTU_325	0.771	1	1
OTU_300	OTU_327	0.829	1	1
OTU_300	OTU_329	0.943	1	1
OTU_300	OTU_330	0.943	1	1
OTU_300	OTU_34	1	1	1
OTU_300	OTU_347	0.943	1	1
OTU_300	OTU_4	0.943	1	1
OTU_300	OTU_44	1	1	1
OTU_300	OTU_46	0.771	1	1
OTU_300	OTU_53	0.943	1	1
OTU_300	OTU_58	0.943	1	1
OTU_300	OTU_6	1	1	1
OTU_300	OTU_65	1	1	1
OTU_300	OTU_69	1	1	1
OTU_300	OTU_71	0.771	1	1
OTU_300	OTU_72	0.829	1	1
OTU_300	OTU_81	0.829	1	1
OTU_300	OTU_82	0.771	1	1
OTU_300	OTU_83	0.943	1	1
OTU_300	OTU_85	0.886	1	1
OTU_300	OTU_86	0.943	1	1
OTU_300	OTU_87	0.943	1	1
OTU_300	OTU_88	0.771	1	1
OTU_300	OTU_96	0.829	1	1
OTU_300	OTU_98	1	1	1
OTU_301	OTU_303	0.829	2	2
OTU_301	OTU_308	0.771	2	2
OTU_301	OTU_311	0.886	2	2
OTU_301	OTU_316	0.829	2	2
OTU_301	OTU_323	0.943	2	2
OTU_301	OTU_326	0.943	2	2
OTU_301	OTU_337	0.829	2	2
OTU_301	OTU_338	0.943	2	2
OTU_301	OTU_340	0.771	2	2
OTU_301	OTU_341	0.714	2	2
OTU_301	OTU_348	0.829	2	2
OTU_301	OTU_36	0.771	2	2
OTU_301	OTU_43	0.714	2	2
OTU_301	OTU_49	0.771	2	2
OTU_301	OTU_5	0.771	2	2
OTU_301	OTU_50	0.771	2	2
OTU_301	OTU_55	0.714	2	2
OTU_301	OTU_61	0.771	2	2
OTU_301	OTU_64	0.714	2	2
OTU_301	OTU_66	0.771	2	2
OTU_301	OTU_67	0.714	2	2
OTU_301	OTU_70	0.771	2	2
OTU_301	OTU_73	0.829	2	2
OTU_301	OTU_75	0.943	2	2
OTU_301	OTU_91	0.829	2	2
OTU_301	OTU_94	0.771	2	2
OTU_301	OTU_95	0.714	2	2
OTU_301	OTU_97	0.714	2	2
OTU_302	OTU_305	0.829	1	1
OTU_302	OTU_31	0.771	1	1
OTU_302	OTU_320	0.771	1	1
OTU_302	OTU_321	0.943	1	1
OTU_302	OTU_327	0.771	1	1
OTU_302	OTU_329	0.829	1	1
OTU_302	OTU_330	1	1	1
OTU_302	OTU_34	0.943	1	1
OTU_302	OTU_347	0.829	1	1
OTU_302	OTU_4	0.886	1	1
OTU_302	OTU_44	0.943	1	1
OTU_302	OTU_46	0.829	1	1
OTU_302	OTU_53	0.829	1	1
OTU_302	OTU_58	0.829	1	1
OTU_302	OTU_6	0.943	1	1
OTU_302	OTU_65	0.943	1	1
OTU_302	OTU_69	0.943	1	1
OTU_302	OTU_71	0.829	1	1
OTU_302	OTU_72	0.771	1	1
OTU_302	OTU_81	0.771	1	1
OTU_302	OTU_83	0.886	1	1
OTU_302	OTU_85	0.771	1	1
OTU_302	OTU_86	1	1	1
OTU_302	OTU_87	0.829	1	1
OTU_302	OTU_88	0.829	1	1
OTU_302	OTU_96	0.771	1	1
OTU_302	OTU_98	0.943	1	1
OTU_303	OTU_308	0.771	2	2
OTU_303	OTU_309	0.771	2	2
OTU_303	OTU_311	0.886	2	2
OTU_303	OTU_314	0.771	2	2
OTU_303	OTU_318	0.771	2	2
OTU_303	OTU_323	0.771	2	2
OTU_303	OTU_326	0.771	2	2
OTU_303	OTU_333	0.771	2	2
OTU_303	OTU_337	1	2	2
OTU_303	OTU_338	0.943	2	2
OTU_303	OTU_340	0.943	2	2
OTU_303	OTU_341	0.886	2	2
OTU_303	OTU_348	1	2	2
OTU_303	OTU_350	0.714	2	2
OTU_303	OTU_36	0.771	2	2
OTU_303	OTU_43	0.714	2	2
OTU_303	OTU_45	0.714	2	2
OTU_303	OTU_47	0.829	2	2
OTU_303	OTU_49	0.943	2	2
OTU_303	OTU_5	0.943	2	2
OTU_303	OTU_50	0.943	2	2
OTU_303	OTU_55	0.886	2	2
OTU_303	OTU_61	0.771	2	2
OTU_303	OTU_62	0.714	2	2
OTU_303	OTU_64	0.886	2	2
OTU_303	OTU_7	0.714	2	2
OTU_303	OTU_70	0.943	2	2
OTU_303	OTU_75	0.771	2	2
OTU_303	OTU_79	0.714	2	2
OTU_303	OTU_80	0.771	2	2
OTU_303	OTU_94	0.771	2	2
OTU_303	OTU_95	0.886	2	2
OTU_305	OTU_31	0.943	1	1
OTU_305	OTU_320	0.943	1	1
OTU_305	OTU_321	0.771	1	1
OTU_305	OTU_327	0.943	1	1
OTU_305	OTU_329	0.829	1	1
OTU_305	OTU_330	0.829	1	1
OTU_305	OTU_34	0.771	1	1
OTU_305	OTU_347	0.829	1	1
OTU_305	OTU_4	0.714	1	1
OTU_305	OTU_44	0.771	1	1
OTU_305	OTU_46	1	1	1
OTU_305	OTU_53	0.829	1	1
OTU_305	OTU_58	0.829	1	1
OTU_305	OTU_6	0.771	1	1
OTU_305	OTU_65	0.771	1	1
OTU_305	OTU_68	0.829	1	1
OTU_305	OTU_69	0.771	1	1
OTU_305	OTU_71	1	1	1
OTU_305	OTU_72	0.943	1	1
OTU_305	OTU_81	0.943	1	1
OTU_305	OTU_83	0.714	1	1
OTU_305	OTU_85	0.771	1	1
OTU_305	OTU_86	0.829	1	1
OTU_305	OTU_87	0.829	1	1
OTU_305	OTU_88	1	1	1
OTU_305	OTU_96	0.943	1	1
OTU_305	OTU_98	0.771	1	1
OTU_308	OTU_309	0.829	2	2
OTU_308	OTU_311	0.943	2	2
OTU_308	OTU_316	0.943	2	2
OTU_308	OTU_317	0.714	2	2
OTU_308	OTU_318	0.886	2	2
OTU_308	OTU_323	0.886	2	2
OTU_308	OTU_326	0.714	2	2
OTU_308	OTU_333	0.829	2	2
OTU_308	OTU_337	0.771	2	2
OTU_308	OTU_338	0.829	2	2
OTU_308	OTU_341	0.771	2	2
OTU_308	OTU_348	0.771	2	2
OTU_308	OTU_350	0.771	2	2
OTU_308	OTU_352	0.771	2	2
OTU_308	OTU_36	0.829	2	2
OTU_308	OTU_38	0.714	2	2
OTU_308	OTU_39	0.771	2	2
OTU_308	OTU_40	0.714	2	2
OTU_308	OTU_43	0.943	2	2
OTU_308	OTU_45	0.771	2	2
OTU_308	OTU_47	0.943	2	2
OTU_308	OTU_5	0.886	2	2
OTU_308	OTU_50	0.886	2	2
OTU_308	OTU_61	1	2	2
OTU_308	OTU_62	0.771	2	2
OTU_308	OTU_64	0.771	2	2
OTU_308	OTU_66	0.829	2	2
OTU_308	OTU_67	0.771	2	2
OTU_308	OTU_7	0.771	2	2
OTU_308	OTU_70	0.714	2	2
OTU_308	OTU_73	0.943	2	2
OTU_308	OTU_78	0.714	2	2
OTU_308	OTU_79	0.771	2	2
OTU_308	OTU_80	0.829	2	2
OTU_308	OTU_91	0.771	2	2
OTU_308	OTU_94	0.829	2	2
OTU_308	OTU_95	0.771	2	2
OTU_308	OTU_97	0.771	2	2
OTU_309	OTU_311	0.771	2	2
OTU_309	OTU_314	0.829	2	2
OTU_309	OTU_316	0.771	2	2
OTU_309	OTU_317	0.886	2	2
OTU_309	OTU_318	0.886	2	2
OTU_309	OTU_323	0.714	2	2
OTU_309	OTU_333	1	2	2
OTU_309	OTU_337	0.771	2	2
OTU_309	OTU_340	0.829	2	2
OTU_309	OTU_341	0.943	2	2
OTU_309	OTU_348	0.771	2	2
OTU_309	OTU_350	0.943	2	2
OTU_309	OTU_352	0.943	2	2
OTU_309	OTU_38	0.886	2	2
OTU_309	OTU_39	0.943	2	2
OTU_309	OTU_40	0.886	2	2
OTU_309	OTU_43	0.771	2	2
OTU_309	OTU_45	0.943	2	2
OTU_309	OTU_47	0.943	2	2
OTU_309	OTU_49	0.829	2	2
OTU_309	OTU_5	0.886	2	2
OTU_309	OTU_50	0.886	2	2
OTU_309	OTU_55	0.771	2	2
OTU_309	OTU_61	0.829	2	2
OTU_309	OTU_62	0.943	2	2
OTU_309	OTU_64	0.943	2	2
OTU_309	OTU_66	0.829	2	2
OTU_309	OTU_67	0.771	2	2
OTU_309	OTU_7	0.943	2	2
OTU_309	OTU_70	0.714	2	2
OTU_309	OTU_73	0.771	2	2
OTU_309	OTU_78	0.886	2	2
OTU_309	OTU_79	0.943	2	2
OTU_309	OTU_80	1	2	2
OTU_309	OTU_95	0.943	2	2
OTU_309	OTU_97	0.771	2	2
OTU_31	OTU_320	1	1	1
OTU_31	OTU_321	0.829	1	1
OTU_31	OTU_325	0.771	1	1
OTU_31	OTU_327	1	1	1
OTU_31	OTU_329	0.943	1	1
OTU_31	OTU_330	0.771	1	1
OTU_31	OTU_34	0.829	1	1
OTU_31	OTU_347	0.943	1	1
OTU_31	OTU_4	0.771	1	1
OTU_31	OTU_44	0.829	1	1
OTU_31	OTU_46	0.943	1	1
OTU_31	OTU_53	0.943	1	1
OTU_31	OTU_58	0.943	1	1
OTU_31	OTU_6	0.829	1	1
OTU_31	OTU_65	0.829	1	1
OTU_31	OTU_68	0.771	1	1
OTU_31	OTU_69	0.829	1	1
OTU_31	OTU_71	0.943	1	1
OTU_31	OTU_72	1	1	1
OTU_31	OTU_81	1	1	1
OTU_31	OTU_82	0.714	1	1
OTU_31	OTU_83	0.771	1	1
OTU_31	OTU_85	0.886	1	1
OTU_31	OTU_86	0.771	1	1
OTU_31	OTU_87	0.943	1	1
OTU_31	OTU_88	0.943	1	1
OTU_31	OTU_96	1	1	1
OTU_31	OTU_98	0.829	1	1
OTU_311	OTU_316	0.886	2	2
OTU_311	OTU_318	0.771	2	2
OTU_311	OTU_323	0.943	2	2
OTU_311	OTU_326	0.771	2	2
OTU_311	OTU_333	0.771	2	2
OTU_311	OTU_337	0.886	2	2
OTU_311	OTU_338	0.943	2	2
OTU_311	OTU_340	0.771	2	2
OTU_311	OTU_341	0.829	2	2
OTU_311	OTU_348	0.886	2	2
OTU_311	OTU_352	0.714	2	2
OTU_311	OTU_36	0.771	2	2
OTU_311	OTU_39	0.714	2	2
OTU_311	OTU_43	0.829	2	2
OTU_311	OTU_47	0.886	2	2
OTU_311	OTU_49	0.771	2	2
OTU_311	OTU_5	0.943	2	2
OTU_311	OTU_50	0.943	2	2
OTU_311	OTU_61	0.943	2	2
OTU_311	OTU_64	0.829	2	2
OTU_311	OTU_66	0.771	2	2
OTU_311	OTU_70	0.771	2	2
OTU_311	OTU_73	0.886	2	2
OTU_311	OTU_75	0.771	2	2
OTU_311	OTU_80	0.771	2	2
OTU_311	OTU_91	0.714	2	2
OTU_311	OTU_94	0.771	2	2
OTU_311	OTU_95	0.829	2	2
OTU_314	OTU_317	0.886	2	2
OTU_314	OTU_318	0.886	2	2
OTU_314	OTU_326	0.714	2	2
OTU_314	OTU_333	0.829	2	2
OTU_314	OTU_337	0.771	2	2
OTU_314	OTU_340	0.829	2	2
OTU_314	OTU_341	0.771	2	2
OTU_314	OTU_348	0.771	2	2
OTU_314	OTU_350	0.943	2	2
OTU_314	OTU_352	0.771	2	2
OTU_314	OTU_36	0.829	2	2
OTU_314	OTU_38	0.886	2	2
OTU_314	OTU_39	0.771	2	2
OTU_314	OTU_40	0.886	2	2
OTU_314	OTU_43	0.771	2	2
OTU_314	OTU_45	0.943	2	2
OTU_314	OTU_47	0.771	2	2
OTU_314	OTU_49	0.829	2	2
OTU_314	OTU_5	0.714	2	2
OTU_314	OTU_50	0.714	2	2
OTU_314	OTU_55	0.943	2	2
OTU_314	OTU_62	0.943	2	2
OTU_314	OTU_64	0.771	2	2
OTU_314	OTU_67	0.771	2	2
OTU_314	OTU_7	0.943	2	2
OTU_314	OTU_70	0.886	2	2
OTU_314	OTU_78	0.886	2	2
OTU_314	OTU_79	0.943	2	2
OTU_314	OTU_80	0.829	2	2
OTU_314	OTU_9	0.714	2	2
OTU_314	OTU_91	0.771	2	2
OTU_314	OTU_94	0.829	2	2
OTU_314	OTU_95	0.771	2	2
OTU_314	OTU_97	0.771	2	2
OTU_316	OTU_317	0.771	2	2
OTU_316	OTU_318	0.771	2	2
OTU_316	OTU_323	0.943	2	2
OTU_316	OTU_326	0.771	2	2
OTU_316	OTU_333	0.771	2	2
OTU_316	OTU_338	0.771	2	2
OTU_316	OTU_341	0.714	2	2
OTU_316	OTU_350	0.714	2	2
OTU_316	OTU_352	0.829	2	2
OTU_316	OTU_36	0.771	2	2
OTU_316	OTU_38	0.771	2	2
OTU_316	OTU_39	0.829	2	2
OTU_316	OTU_40	0.771	2	2
OTU_316	OTU_43	0.886	2	2
OTU_316	OTU_45	0.714	2	2
OTU_316	OTU_47	0.829	2	2
OTU_316	OTU_5	0.771	2	2
OTU_316	OTU_50	0.771	2	2
OTU_316	OTU_61	0.943	2	2
OTU_316	OTU_62	0.714	2	2
OTU_316	OTU_64	0.714	2	2
OTU_316	OTU_66	0.943	2	2
OTU_316	OTU_67	0.886	2	2
OTU_316	OTU_7	0.714	2	2
OTU_316	OTU_73	1	2	2
OTU_316	OTU_75	0.771	2	2
OTU_316	OTU_78	0.771	2	2
OTU_316	OTU_79	0.714	2	2
OTU_316	OTU_80	0.771	2	2
OTU_316	OTU_91	0.829	2	2
OTU_316	OTU_94	0.771	2	2
OTU_316	OTU_95	0.714	2	2
OTU_316	OTU_97	0.886	2	2
OTU_317	OTU_318	0.829	2	2
OTU_317	OTU_333	0.886	2	2
OTU_317	OTU_340	0.714	2	2
OTU_317	OTU_341	0.771	2	2
OTU_317	OTU_350	0.943	2	2
OTU_317	OTU_352	0.943	2	2
OTU_317	OTU_36	0.714	2	2
OTU_317	OTU_38	1	2	2
OTU_317	OTU_39	0.943	2	2
OTU_317	OTU_40	1	2	2
OTU_317	OTU_43	0.771	2	2
OTU_317	OTU_45	0.943	2	2
OTU_317	OTU_47	0.771	2	2
OTU_317	OTU_49	0.714	2	2
OTU_317	OTU_55	0.771	2	2
OTU_317	OTU_61	0.714	2	2
OTU_317	OTU_62	0.943	2	2
OTU_317	OTU_64	0.771	2	2
OTU_317	OTU_66	0.886	2	2
OTU_317	OTU_67	0.943	2	2
OTU_317	OTU_7	0.943	2	2
OTU_317	OTU_73	0.771	2	2
OTU_317	OTU_75	0.714	2	2
OTU_317	OTU_78	1	2	2
OTU_317	OTU_79	0.943	2	2
OTU_317	OTU_80	0.886	2	2
OTU_317	OTU_9	0.829	2	2
OTU_317	OTU_91	0.771	2	2
OTU_317	OTU_94	0.714	2	2
OTU_317	OTU_95	0.771	2	2
OTU_317	OTU_97	0.943	2	2
OTU_318	OTU_333	0.886	2	2
OTU_318	OTU_337	0.771	2	2
OTU_318	OTU_338	0.714	2	2
OTU_318	OTU_340	0.714	2	2
OTU_318	OTU_341	0.771	2	2
OTU_318	OTU_348	0.771	2	2
OTU_318	OTU_350	0.943	2	2
OTU_318	OTU_352	0.771	2	2
OTU_318	OTU_36	0.886	2	2
OTU_318	OTU_38	0.829	2	2
OTU_318	OTU_39	0.771	2	2
OTU_318	OTU_40	0.829	2	2
OTU_318	OTU_43	0.943	2	2
OTU_318	OTU_45	0.943	2	2
OTU_318	OTU_47	0.943	2	2
OTU_318	OTU_49	0.714	2	2
OTU_318	OTU_5	0.829	2	2
OTU_318	OTU_50	0.829	2	2
OTU_318	OTU_55	0.771	2	2
OTU_318	OTU_61	0.886	2	2
OTU_318	OTU_62	0.943	2	2
OTU_318	OTU_64	0.771	2	2
OTU_318	OTU_66	0.714	2	2
OTU_318	OTU_67	0.771	2	2
OTU_318	OTU_7	0.943	2	2
OTU_318	OTU_70	0.829	2	2
OTU_318	OTU_73	0.771	2	2
OTU_318	OTU_78	0.829	2	2
OTU_318	OTU_79	0.943	2	2
OTU_318	OTU_80	0.886	2	2
OTU_318	OTU_91	0.771	2	2
OTU_318	OTU_94	0.886	2	2
OTU_318	OTU_95	0.771	2	2
OTU_318	OTU_97	0.771	2	2
OTU_32	OTU_332	0.886	3	3
OTU_32	OTU_93	1	3	3
OTU_320	OTU_321	0.829	1	1
OTU_320	OTU_325	0.771	1	1
OTU_320	OTU_327	1	1	1
OTU_320	OTU_329	0.943	1	1
OTU_320	OTU_330	0.771	1	1
OTU_320	OTU_34	0.829	1	1
OTU_320	OTU_347	0.943	1	1
OTU_320	OTU_4	0.771	1	1
OTU_320	OTU_44	0.829	1	1
OTU_320	OTU_46	0.943	1	1
OTU_320	OTU_53	0.943	1	1
OTU_320	OTU_58	0.943	1	1
OTU_320	OTU_6	0.829	1	1
OTU_320	OTU_65	0.829	1	1
OTU_320	OTU_68	0.771	1	1
OTU_320	OTU_69	0.829	1	1
OTU_320	OTU_71	0.943	1	1
OTU_320	OTU_72	1	1	1
OTU_320	OTU_81	1	1	1
OTU_320	OTU_82	0.714	1	1
OTU_320	OTU_83	0.771	1	1
OTU_320	OTU_85	0.886	1	1
OTU_320	OTU_86	0.771	1	1
OTU_320	OTU_87	0.943	1	1
OTU_320	OTU_88	0.943	1	1
OTU_320	OTU_96	1	1	1
OTU_320	OTU_98	0.829	1	1
OTU_321	OTU_325	0.771	1	1
OTU_321	OTU_327	0.829	1	1
OTU_321	OTU_329	0.943	1	1
OTU_321	OTU_330	0.943	1	1
OTU_321	OTU_34	1	1	1
OTU_321	OTU_347	0.943	1	1
OTU_321	OTU_4	0.943	1	1
OTU_321	OTU_44	1	1	1
OTU_321	OTU_46	0.771	1	1
OTU_321	OTU_53	0.943	1	1
OTU_321	OTU_58	0.943	1	1
OTU_321	OTU_6	1	1	1
OTU_321	OTU_65	1	1	1
OTU_321	OTU_69	1	1	1
OTU_321	OTU_71	0.771	1	1
OTU_321	OTU_72	0.829	1	1
OTU_321	OTU_81	0.829	1	1
OTU_321	OTU_82	0.771	1	1
OTU_321	OTU_83	0.943	1	1
OTU_321	OTU_85	0.886	1	1
OTU_321	OTU_86	0.943	1	1
OTU_321	OTU_87	0.943	1	1
OTU_321	OTU_88	0.771	1	1
OTU_321	OTU_96	0.829	1	1
OTU_321	OTU_98	1	1	1
OTU_323	OTU_326	0.829	2	2
OTU_323	OTU_333	0.714	2	2
OTU_323	OTU_337	0.771	2	2
OTU_323	OTU_338	0.886	2	2
OTU_323	OTU_340	0.714	2	2
OTU_323	OTU_341	0.771	2	2
OTU_323	OTU_348	0.771	2	2
OTU_323	OTU_352	0.771	2	2
OTU_323	OTU_36	0.714	2	2
OTU_323	OTU_39	0.771	2	2
OTU_323	OTU_43	0.771	2	2
OTU_323	OTU_47	0.771	2	2
OTU_323	OTU_49	0.714	2	2
OTU_323	OTU_5	0.829	2	2
OTU_323	OTU_50	0.829	2	2
OTU_323	OTU_61	0.886	2	2
OTU_323	OTU_64	0.771	2	2
OTU_323	OTU_66	0.886	2	2
OTU_323	OTU_67	0.771	2	2
OTU_323	OTU_73	0.943	2	2
OTU_323	OTU_75	0.886	2	2
OTU_323	OTU_80	0.714	2	2
OTU_323	OTU_91	0.771	2	2
OTU_323	OTU_94	0.714	2	2
OTU_323	OTU_95	0.771	2	2
OTU_323	OTU_97	0.771	2	2
OTU_325	OTU_327	0.771	1	1
OTU_325	OTU_329	0.829	1	1
OTU_325	OTU_34	0.771	1	1
OTU_325	OTU_347	0.829	1	1
OTU_325	OTU_4	0.714	1	1
OTU_325	OTU_44	0.771	1	1
OTU_325	OTU_53	0.829	1	1
OTU_325	OTU_56	0.714	1	1
OTU_325	OTU_58	0.829	1	1
OTU_325	OTU_6	0.771	1	1
OTU_325	OTU_60	0.714	1	3
OTU_325	OTU_65	0.771	1	1
OTU_325	OTU_68	0.829	1	1
OTU_325	OTU_69	0.771	1	1
OTU_325	OTU_72	0.771	1	1
OTU_325	OTU_81	0.771	1	1
OTU_325	OTU_83	0.886	1	1
OTU_325	OTU_85	0.771	1	1
OTU_325	OTU_87	0.829	1	1
OTU_325	OTU_96	0.771	1	1
OTU_325	OTU_98	0.771	1	1
OTU_326	OTU_337	0.771	2	2
OTU_326	OTU_338	0.886	2	2
OTU_326	OTU_340	0.714	2	2
OTU_326	OTU_348	0.771	2	2
OTU_326	OTU_36	0.886	2	2
OTU_326	OTU_43	0.771	2	2
OTU_326	OTU_49	0.714	2	2
OTU_326	OTU_55	0.771	2	2
OTU_326	OTU_61	0.714	2	2
OTU_326	OTU_66	0.714	2	2
OTU_326	OTU_67	0.771	2	2
OTU_326	OTU_70	0.829	2	2
OTU_326	OTU_73	0.771	2	2
OTU_326	OTU_75	0.886	2	2
OTU_326	OTU_91	0.943	2	2
OTU_326	OTU_94	0.886	2	2
OTU_326	OTU_97	0.771	2	2
OTU_327	OTU_329	0.943	1	1
OTU_327	OTU_330	0.771	1	1
OTU_327	OTU_34	0.829	1	1
OTU_327	OTU_347	0.943	1	1
OTU_327	OTU_4	0.771	1	1
OTU_327	OTU_44	0.829	1	1
OTU_327	OTU_46	0.943	1	1
OTU_327	OTU_53	0.943	1	1
OTU_327	OTU_58	0.943	1	1
OTU_327	OTU_6	0.829	1	1
OTU_327	OTU_65	0.829	1	1
OTU_327	OTU_68	0.771	1	1
OTU_327	OTU_69	0.829	1	1
OTU_327	OTU_71	0.943	1	1
OTU_327	OTU_72	1	1	1
OTU_327	OTU_81	1	1	1
OTU_327	OTU_82	0.714	1	1
OTU_327	OTU_83	0.771	1	1
OTU_327	OTU_85	0.886	1	1
OTU_327	OTU_86	0.771	1	1
OTU_327	OTU_87	0.943	1	1
OTU_327	OTU_88	0.943	1	1
OTU_327	OTU_96	1	1	1
OTU_327	OTU_98	0.829	1	1
OTU_329	OTU_330	0.829	1	1
OTU_329	OTU_34	0.943	1	1
OTU_329	OTU_347	1	1	1
OTU_329	OTU_4	0.886	1	1
OTU_329	OTU_44	0.943	1	1
OTU_329	OTU_46	0.829	1	1
OTU_329	OTU_53	1	1	1
OTU_329	OTU_58	1	1	1
OTU_329	OTU_6	0.943	1	1
OTU_329	OTU_65	0.943	1	1
OTU_329	OTU_69	0.943	1	1
OTU_329	OTU_71	0.829	1	1
OTU_329	OTU_72	0.943	1	1
OTU_329	OTU_81	0.943	1	1
OTU_329	OTU_82	0.829	1	1
OTU_329	OTU_83	0.886	1	1
OTU_329	OTU_85	0.943	1	1
OTU_329	OTU_86	0.829	1	1
OTU_329	OTU_87	1	1	1
OTU_329	OTU_88	0.829	1	1
OTU_329	OTU_96	0.943	1	1
OTU_329	OTU_98	0.943	1	1
OTU_330	OTU_34	0.943	1	1
OTU_330	OTU_347	0.829	1	1
OTU_330	OTU_4	0.886	1	1
OTU_330	OTU_44	0.943	1	1
OTU_330	OTU_46	0.829	1	1
OTU_330	OTU_53	0.829	1	1
OTU_330	OTU_58	0.829	1	1
OTU_330	OTU_6	0.943	1	1
OTU_330	OTU_65	0.943	1	1
OTU_330	OTU_69	0.943	1	1
OTU_330	OTU_71	0.829	1	1
OTU_330	OTU_72	0.771	1	1
OTU_330	OTU_81	0.771	1	1
OTU_330	OTU_83	0.886	1	1
OTU_330	OTU_85	0.771	1	1
OTU_330	OTU_86	1	1	1
OTU_330	OTU_87	0.829	1	1
OTU_330	OTU_88	0.829	1	1
OTU_330	OTU_96	0.771	1	1
OTU_330	OTU_98	0.943	1	1
OTU_332	OTU_93	0.886	3	3
OTU_333	OTU_337	0.771	2	2
OTU_333	OTU_340	0.829	2	2
OTU_333	OTU_341	0.943	2	2
OTU_333	OTU_348	0.771	2	2
OTU_333	OTU_350	0.943	2	2
OTU_333	OTU_352	0.943	2	2
OTU_333	OTU_38	0.886	2	2
OTU_333	OTU_39	0.943	2	2
OTU_333	OTU_40	0.886	2	2
OTU_333	OTU_43	0.771	2	2
OTU_333	OTU_45	0.943	2	2
OTU_333	OTU_47	0.943	2	2
OTU_333	OTU_49	0.829	2	2
OTU_333	OTU_5	0.886	2	2
OTU_333	OTU_50	0.886	2	2
OTU_333	OTU_55	0.771	2	2
OTU_333	OTU_61	0.829	2	2
OTU_333	OTU_62	0.943	2	2
OTU_333	OTU_64	0.943	2	2
OTU_333	OTU_66	0.829	2	2
OTU_333	OTU_67	0.771	2	2
OTU_333	OTU_7	0.943	2	2
OTU_333	OTU_70	0.714	2	2
OTU_333	OTU_73	0.771	2	2
OTU_333	OTU_78	0.886	2	2
OTU_333	OTU_79	0.943	2	2
OTU_333	OTU_80	1	2	2
OTU_333	OTU_95	0.943	2	2
OTU_333	OTU_97	0.771	2	2
OTU_337	OTU_338	0.943	2	2
OTU_337	OTU_340	0.943	2	2
OTU_337	OTU_341	0.886	2	2
OTU_337	OTU_348	1	2	2
OTU_337	OTU_350	0.714	2	2
OTU_337	OTU_36	0.771	2	2
OTU_337	OTU_43	0.714	2	2
OTU_337	OTU_45	0.714	2	2
OTU_337	OTU_47	0.829	2	2
OTU_337	OTU_49	0.943	2	2
OTU_337	OTU_5	0.943	2	2
OTU_337	OTU_50	0.943	2	2
OTU_337	OTU_55	0.886	2	2
OTU_337	OTU_61	0.771	2	2
OTU_337	OTU_62	0.714	2	2
OTU_337	OTU_64	0.886	2	2
OTU_337	OTU_7	0.714	2	2
OTU_337	OTU_70	0.943	2	2
OTU_337	OTU_75	0.771	2	2
OTU_337	OTU_79	0.714	2	2
OTU_337	OTU_80	0.771	2	2
OTU_337	OTU_94	0.771	2	2
OTU_337	OTU_95	0.886	2	2
OTU_338	OTU_340	0.829	2	2
OTU_338	OTU_341	0.771	2	2
OTU_338	OTU_348	0.943	2	2
OTU_338	OTU_36	0.829	2	2
OTU_338	OTU_43	0.771	2	2
OTU_338	OTU_47	0.771	2	2
OTU_338	OTU_49	0.829	2	2
OTU_338	OTU_5	0.886	2	2
OTU_338	OTU_50	0.886	2	2
OTU_338	OTU_55	0.771	2	2
OTU_338	OTU_61	0.829	2	2
OTU_338	OTU_64	0.771	2	2
OTU_338	OTU_70	0.886	2	2
OTU_338	OTU_73	0.771	2	2
OTU_338	OTU_75	0.829	2	2
OTU_338	OTU_91	0.771	2	2
OTU_338	OTU_94	0.829	2	2
OTU_338	OTU_95	0.771	2	2
OTU_34	OTU_347	0.943	1	1
OTU_34	OTU_4	0.943	1	1
OTU_34	OTU_44	1	1	1
OTU_34	OTU_46	0.771	1	1
OTU_34	OTU_53	0.943	1	1
OTU_34	OTU_58	0.943	1	1
OTU_34	OTU_6	1	1	1
OTU_34	OTU_65	1	1	1
OTU_34	OTU_69	1	1	1
OTU_34	OTU_71	0.771	1	1
OTU_34	OTU_72	0.829	1	1
OTU_34	OTU_81	0.829	1	1
OTU_34	OTU_82	0.771	1	1
OTU_34	OTU_83	0.943	1	1
OTU_34	OTU_85	0.886	1	1
OTU_34	OTU_86	0.943	1	1
OTU_34	OTU_87	0.943	1	1
OTU_34	OTU_88	0.771	1	1
OTU_34	OTU_96	0.829	1	1
OTU_34	OTU_98	1	1	1
OTU_340	OTU_341	0.943	2	2
OTU_340	OTU_348	0.943	2	2
OTU_340	OTU_350	0.771	2	2
OTU_340	OTU_352	0.771	2	2
OTU_340	OTU_38	0.714	2	2
OTU_340	OTU_39	0.771	2	2
OTU_340	OTU_40	0.714	2	2
OTU_340	OTU_45	0.771	2	2
OTU_340	OTU_47	0.771	2	2
OTU_340	OTU_49	1	2	2
OTU_340	OTU_5	0.886	2	2
OTU_340	OTU_50	0.886	2	2
OTU_340	OTU_55	0.943	2	2
OTU_340	OTU_62	0.771	2	2
OTU_340	OTU_64	0.943	2	2
OTU_340	OTU_7	0.771	2	2
OTU_340	OTU_70	0.886	2	2
OTU_340	OTU_75	0.829	2	2
OTU_340	OTU_78	0.714	2	2
OTU_340	OTU_79	0.771	2	2
OTU_340	OTU_80	0.829	2	2
OTU_340	OTU_95	0.943	2	2
OTU_341	OTU_348	0.886	2	2
OTU_341	OTU_350	0.829	2	2
OTU_341	OTU_352	0.886	2	2
OTU_341	OTU_38	0.771	2	2
OTU_341	OTU_39	0.886	2	2
OTU_341	OTU_40	0.771	2	2
OTU_341	OTU_45	0.829	2	2
OTU_341	OTU_47	0.886	2	2
OTU_341	OTU_49	0.943	2	2
OTU_341	OTU_5	0.943	2	2
OTU_341	OTU_50	0.943	2	2
OTU_341	OTU_55	0.829	2	2
OTU_341	OTU_61	0.771	2	2
OTU_341	OTU_62	0.829	2	2
OTU_341	OTU_64	1	2	2
OTU_341	OTU_66	0.771	2	2
OTU_341	OTU_7	0.829	2	2
OTU_341	OTU_70	0.771	2	2
OTU_341	OTU_73	0.714	2	2
OTU_341	OTU_75	0.771	2	2
OTU_341	OTU_78	0.771	2	2
OTU_341	OTU_79	0.829	2	2
OTU_341	OTU_80	0.943	2	2
OTU_341	OTU_95	1	2	2
OTU_347	OTU_4	0.886	1	1
OTU_347	OTU_44	0.943	1	1
OTU_347	OTU_46	0.829	1	1
OTU_347	OTU_53	1	1	1
OTU_347	OTU_58	1	1	1
OTU_347	OTU_6	0.943	1	1
OTU_347	OTU_65	0.943	1	1
OTU_347	OTU_69	0.943	1	1
OTU_347	OTU_71	0.829	1	1
OTU_347	OTU_72	0.943	1	1
OTU_347	OTU_81	0.943	1	1
OTU_347	OTU_82	0.829	1	1
OTU_347	OTU_83	0.886	1	1
OTU_347	OTU_85	0.943	1	1
OTU_347	OTU_86	0.829	1	1
OTU_347	OTU_87	1	1	1
OTU_347	OTU_88	0.829	1	1
OTU_347	OTU_96	0.943	1	1
OTU_347	OTU_98	0.943	1	1
OTU_348	OTU_350	0.714	2	2
OTU_348	OTU_36	0.771	2	2
OTU_348	OTU_43	0.714	2	2
OTU_348	OTU_45	0.714	2	2
OTU_348	OTU_47	0.829	2	2
OTU_348	OTU_49	0.943	2	2
OTU_348	OTU_5	0.943	2	2
OTU_348	OTU_50	0.943	2	2
OTU_348	OTU_55	0.886	2	2
OTU_348	OTU_61	0.771	2	2
OTU_348	OTU_62	0.714	2	2
OTU_348	OTU_64	0.886	2	2
OTU_348	OTU_7	0.714	2	2
OTU_348	OTU_70	0.943	2	2
OTU_348	OTU_75	0.771	2	2
OTU_348	OTU_79	0.714	2	2
OTU_348	OTU_80	0.771	2	2
OTU_348	OTU_94	0.771	2	2
OTU_348	OTU_95	0.886	2	2
OTU_350	OTU_352	0.886	2	2
OTU_350	OTU_36	0.771	2	2
OTU_350	OTU_38	0.943	2	2
OTU_350	OTU_39	0.886	2	2
OTU_350	OTU_40	0.943	2	2
OTU_350	OTU_43	0.829	2	2
OTU_350	OTU_45	1	2	2
OTU_350	OTU_47	0.886	2	2
OTU_350	OTU_49	0.771	2	2
OTU_350	OTU_5	0.771	2	2
OTU_350	OTU_50	0.771	2	2
OTU_350	OTU_55	0.829	2	2
OTU_350	OTU_61	0.771	2	2
OTU_350	OTU_62	1	2	2
OTU_350	OTU_64	0.829	2	2
OTU_350	OTU_66	0.771	2	2
OTU_350	OTU_67	0.829	2	2
OTU_350	OTU_7	1	2	2
OTU_350	OTU_70	0.771	2	2
OTU_350	OTU_73	0.714	2	2
OTU_350	OTU_78	0.943	2	2
OTU_350	OTU_79	1	2	2
OTU_350	OTU_80	0.943	2	2
OTU_350	OTU_9	0.771	2	2
OTU_350	OTU_91	0.714	2	2
OTU_350	OTU_94	0.771	2	2
OTU_350	OTU_95	0.829	2	2
OTU_350	OTU_97	0.829	2	2
OTU_352	OTU_38	0.943	2	2
OTU_352	OTU_39	1	2	2
OTU_352	OTU_40	0.943	2	2
OTU_352	OTU_43	0.714	2	2
OTU_352	OTU_45	0.886	2	2
OTU_352	OTU_47	0.829	2	2
OTU_352	OTU_49	0.771	2	2
OTU_352	OTU_5	0.771	2	2
OTU_352	OTU_50	0.771	2	2
OTU_352	OTU_55	0.714	2	2
OTU_352	OTU_61	0.771	2	2
OTU_352	OTU_62	0.886	2	2
OTU_352	OTU_64	0.886	2	2
OTU_352	OTU_66	0.943	2	2
OTU_352	OTU_67	0.886	2	2
OTU_352	OTU_7	0.886	2	2
OTU_352	OTU_73	0.829	2	2
OTU_352	OTU_75	0.771	2	2
OTU_352	OTU_78	0.943	2	2
OTU_352	OTU_79	0.886	2	2
OTU_352	OTU_80	0.943	2	2
OTU_352	OTU_95	0.886	2	2
OTU_352	OTU_97	0.886	2	2
OTU_36	OTU_38	0.714	2	2
OTU_36	OTU_40	0.714	2	2
OTU_36	OTU_43	0.943	2	2
OTU_36	OTU_45	0.771	2	2
OTU_36	OTU_47	0.771	2	2
OTU_36	OTU_5	0.714	2	2
OTU_36	OTU_50	0.714	2	2
OTU_36	OTU_55	0.771	2	2
OTU_36	OTU_61	0.829	2	2
OTU_36	OTU_62	0.771	2	2
OTU_36	OTU_67	0.771	2	2
OTU_36	OTU_7	0.771	2	2
OTU_36	OTU_70	0.886	2	2
OTU_36	OTU_73	0.771	2	2
OTU_36	OTU_78	0.714	2	2
OTU_36	OTU_79	0.771	2	2
OTU_36	OTU_91	0.943	2	2
OTU_36	OTU_94	1	2	2
OTU_36	OTU_97	0.771	2	2
OTU_38	OTU_39	0.943	2	2
OTU_38	OTU_40	1	2	2
OTU_38	OTU_43	0.771	2	2
OTU_38	OTU_45	0.943	2	2
OTU_38	OTU_47	0.771	2	2
OTU_38	OTU_49	0.714	2	2
OTU_38	OTU_55	0.771	2	2
OTU_38	OTU_61	0.714	2	2
OTU_38	OTU_62	0.943	2	2
OTU_38	OTU_64	0.771	2	2
OTU_38	OTU_66	0.886	2	2
OTU_38	OTU_67	0.943	2	2
OTU_38	OTU_7	0.943	2	2
OTU_38	OTU_73	0.771	2	2
OTU_38	OTU_75	0.714	2	2
OTU_38	OTU_78	1	2	2
OTU_38	OTU_79	0.943	2	2
OTU_38	OTU_80	0.886	2	2
OTU_38	OTU_9	0.829	2	2
OTU_38	OTU_91	0.771	2	2
OTU_38	OTU_94	0.714	2	2
OTU_38	OTU_95	0.771	2	2
OTU_38	OTU_97	0.943	2	2
OTU_39	OTU_40	0.943	2	2
OTU_39	OTU_43	0.714	2	2
OTU_39	OTU_45	0.886	2	2
OTU_39	OTU_47	0.829	2	2
OTU_39	OTU_49	0.771	2	2
OTU_39	OTU_5	0.771	2	2
OTU_39	OTU_50	0.771	2	2
OTU_39	OTU_55	0.714	2	2
OTU_39	OTU_61	0.771	2	2
OTU_39	OTU_62	0.886	2	2
OTU_39	OTU_64	0.886	2	2
OTU_39	OTU_66	0.943	2	2
OTU_39	OTU_67	0.886	2	2
OTU_39	OTU_7	0.886	2	2
OTU_39	OTU_73	0.829	2	2
OTU_39	OTU_75	0.771	2	2
OTU_39	OTU_78	0.943	2	2
OTU_39	OTU_79	0.886	2	2
OTU_39	OTU_80	0.943	2	2
OTU_39	OTU_95	0.886	2	2
OTU_39	OTU_97	0.886	2	2
OTU_4	OTU_44	0.943	1	1
OTU_4	OTU_46	0.714	1	1
OTU_4	OTU_53	0.886	1	1
OTU_4	OTU_58	0.886	1	1
OTU_4	OTU_6	0.943	1	1
OTU_4	OTU_65	0.943	1	1
OTU_4	OTU_69	0.943	1	1
OTU_4	OTU_71	0.714	1	1
OTU_4	OTU_72	0.771	1	1
OTU_4	OTU_81	0.771	1	1
OTU_4	OTU_83	0.829	1	1
OTU_4	OTU_85	0.943	1	1
OTU_4	OTU_86	0.886	1	1
OTU_4	OTU_87	0.886	1	1
OTU_4	OTU_88	0.714	1	1
OTU_4	OTU_96	0.771	1	1
OTU_4	OTU_98	0.943	1	1
OTU_40	OTU_43	0.771	2	2
OTU_40	OTU_45	0.943	2	2
OTU_40	OTU_47	0.771	2	2
OTU_40	OTU_49	0.714	2	2
OTU_40	OTU_55	0.771	2	2
OTU_40	OTU_61	0.714	2	2
OTU_40	OTU_62	0.943	2	2
OTU_40	OTU_64	0.771	2	2
OTU_40	OTU_66	0.886	2	2
OTU_40	OTU_67	0.943	2	2
OTU_40	OTU_7	0.943	2	2
OTU_40	OTU_73	0.771	2	2
OTU_40	OTU_75	0.714	2	2
OTU_40	OTU_78	1	2	2
OTU_40	OTU_79	0.943	2	2
OTU_40	OTU_80	0.886	2	2
OTU_40	OTU_9	0.829	2	2
OTU_40	OTU_91	0.771	2	2
OTU_40	OTU_94	0.714	2	2
OTU_40	OTU_95	0.771	2	2
OTU_40	OTU_97	0.943	2	2
OTU_43	OTU_45	0.829	2	2
OTU_43	OTU_47	0.886	2	2
OTU_43	OTU_5	0.771	2	2
OTU_43	OTU_50	0.771	2	2
OTU_43	OTU_61	0.943	2	2
OTU_43	OTU_62	0.829	2	2
OTU_43	OTU_66	0.771	2	2
OTU_43	OTU_67	0.829	2	2
OTU_43	OTU_7	0.829	2	2
OTU_43	OTU_70	0.771	2	2
OTU_43	OTU_73	0.886	2	2
OTU_43	OTU_78	0.771	2	2
OTU_43	OTU_79	0.829	2	2
OTU_43	OTU_80	0.771	2	2
OTU_43	OTU_91	0.886	2	2
OTU_43	OTU_94	0.943	2	2
OTU_43	OTU_97	0.829	2	2
OTU_44	OTU_46	0.771	1	1
OTU_44	OTU_53	0.943	1	1
OTU_44	OTU_58	0.943	1	1
OTU_44	OTU_6	1	1	1
OTU_44	OTU_65	1	1	1
OTU_44	OTU_69	1	1	1
OTU_44	OTU_71	0.771	1	1
OTU_44	OTU_72	0.829	1	1
OTU_44	OTU_81	0.829	1	1
OTU_44	OTU_82	0.771	1	1
OTU_44	OTU_83	0.943	1	1
OTU_44	OTU_85	0.886	1	1
OTU_44	OTU_86	0.943	1	1
OTU_44	OTU_87	0.943	1	1
OTU_44	OTU_88	0.771	1	1
OTU_44	OTU_96	0.829	1	1
OTU_44	OTU_98	1	1	1
OTU_45	OTU_47	0.886	2	2
OTU_45	OTU_49	0.771	2	2
OTU_45	OTU_5	0.771	2	2
OTU_45	OTU_50	0.771	2	2
OTU_45	OTU_55	0.829	2	2
OTU_45	OTU_61	0.771	2	2
OTU_45	OTU_62	1	2	2
OTU_45	OTU_64	0.829	2	2
OTU_45	OTU_66	0.771	2	2
OTU_45	OTU_67	0.829	2	2
OTU_45	OTU_7	1	2	2
OTU_45	OTU_70	0.771	2	2
OTU_45	OTU_73	0.714	2	2
OTU_45	OTU_78	0.943	2	2
OTU_45	OTU_79	1	2	2
OTU_45	OTU_80	0.943	2	2
OTU_45	OTU_9	0.771	2	2
OTU_45	OTU_91	0.714	2	2
OTU_45	OTU_94	0.771	2	2
OTU_45	OTU_95	0.829	2	2
OTU_45	OTU_97	0.829	2	2
OTU_46	OTU_53	0.829	1	1
OTU_46	OTU_58	0.829	1	1
OTU_46	OTU_6	0.771	1	1
OTU_46	OTU_65	0.771	1	1
OTU_46	OTU_68	0.829	1	1
OTU_46	OTU_69	0.771	1	1
OTU_46	OTU_71	1	1	1
OTU_46	OTU_72	0.943	1	1
OTU_46	OTU_81	0.943	1	1
OTU_46	OTU_83	0.714	1	1
OTU_46	OTU_85	0.771	1	1
OTU_46	OTU_86	0.829	1	1
OTU_46	OTU_87	0.829	1	1
OTU_46	OTU_88	1	1	1
OTU_46	OTU_96	0.943	1	1
OTU_46	OTU_98	0.771	1	1
OTU_47	OTU_49	0.771	2	2
OTU_47	OTU_5	0.943	2	2
OTU_47	OTU_50	0.943	2	2
OTU_47	OTU_55	0.714	2	2
OTU_47	OTU_61	0.943	2	2
OTU_47	OTU_62	0.886	2	2
OTU_47	OTU_64	0.886	2	2
OTU_47	OTU_66	0.771	2	2
OTU_47	OTU_67	0.714	2	2
OTU_47	OTU_7	0.886	2	2
OTU_47	OTU_70	0.771	2	2
OTU_47	OTU_73	0.829	2	2
OTU_47	OTU_78	0.771	2	2
OTU_47	OTU_79	0.886	2	2
OTU_47	OTU_80	0.943	2	2
OTU_47	OTU_94	0.771	2	2
OTU_47	OTU_95	0.886	2	2
OTU_47	OTU_97	0.714	2	2
OTU_49	OTU_5	0.886	2	2
OTU_49	OTU_50	0.886	2	2
OTU_49	OTU_55	0.943	2	2
OTU_49	OTU_62	0.771	2	2
OTU_49	OTU_64	0.943	2	2
OTU_49	OTU_7	0.771	2	2
OTU_49	OTU_70	0.886	2	2
OTU_49	OTU_75	0.829	2	2
OTU_49	OTU_78	0.714	2	2
OTU_49	OTU_79	0.771	2	2
OTU_49	OTU_80	0.829	2	2
OTU_49	OTU_95	0.943	2	2
OTU_5	OTU_50	1	2	2
OTU_5	OTU_55	0.771	2	2
OTU_5	OTU_61	0.886	2	2
OTU_5	OTU_62	0.771	2	2
OTU_5	OTU_64	0.943	2	2
OTU_5	OTU_66	0.714	2	2
OTU_5	OTU_7	0.771	2	2
OTU_5	OTU_70	0.829	2	2
OTU_5	OTU_73	0.771	2	2
OTU_5	OTU_75	0.714	2	2
OTU_5	OTU_79	0.771	2	2
OTU_5	OTU_80	0.886	2	2
OTU_5	OTU_94	0.714	2	2
OTU_5	OTU_95	0.943	2	2
OTU_50	OTU_55	0.771	2	2
OTU_50	OTU_61	0.886	2	2
OTU_50	OTU_62	0.771	2	2
OTU_50	OTU_64	0.943	2	2
OTU_50	OTU_66	0.714	2	2
OTU_50	OTU_7	0.771	2	2
OTU_50	OTU_70	0.829	2	2
OTU_50	OTU_73	0.771	2	2
OTU_50	OTU_75	0.714	2	2
OTU_50	OTU_79	0.771	2	2
OTU_50	OTU_80	0.886	2	2
OTU_50	OTU_94	0.714	2	2
OTU_50	OTU_95	0.943	2	2
OTU_53	OTU_58	1	1	1
OTU_53	OTU_6	0.943	1	1
OTU_53	OTU_65	0.943	1	1
OTU_53	OTU_69	0.943	1	1
OTU_53	OTU_71	0.829	1	1
OTU_53	OTU_72	0.943	1	1
OTU_53	OTU_81	0.943	1	1
OTU_53	OTU_82	0.829	1	1
OTU_53	OTU_83	0.886	1	1
OTU_53	OTU_85	0.943	1	1
OTU_53	OTU_86	0.829	1	1
OTU_53	OTU_87	1	1	1
OTU_53	OTU_88	0.829	1	1
OTU_53	OTU_96	0.943	1	1
OTU_53	OTU_98	0.943	1	1
OTU_55	OTU_62	0.829	2	2
OTU_55	OTU_64	0.829	2	2
OTU_55	OTU_7	0.829	2	2
OTU_55	OTU_70	0.943	2	2
OTU_55	OTU_75	0.771	2	2
OTU_55	OTU_78	0.771	2	2
OTU_55	OTU_79	0.829	2	2
OTU_55	OTU_80	0.771	2	2
OTU_55	OTU_91	0.714	2	2
OTU_55	OTU_94	0.771	2	2
OTU_55	OTU_95	0.829	2	2
OTU_56	OTU_83	0.771	1	1
OTU_58	OTU_6	0.943	1	1
OTU_58	OTU_65	0.943	1	1
OTU_58	OTU_69	0.943	1	1
OTU_58	OTU_71	0.829	1	1
OTU_58	OTU_72	0.943	1	1
OTU_58	OTU_81	0.943	1	1
OTU_58	OTU_82	0.829	1	1
OTU_58	OTU_83	0.886	1	1
OTU_58	OTU_85	0.943	1	1
OTU_58	OTU_86	0.829	1	1
OTU_58	OTU_87	1	1	1
OTU_58	OTU_88	0.829	1	1
OTU_58	OTU_96	0.943	1	1
OTU_58	OTU_98	0.943	1	1
OTU_6	OTU_65	1	1	1
OTU_6	OTU_69	1	1	1
OTU_6	OTU_71	0.771	1	1
OTU_6	OTU_72	0.829	1	1
OTU_6	OTU_81	0.829	1	1
OTU_6	OTU_82	0.771	1	1
OTU_6	OTU_83	0.943	1	1
OTU_6	OTU_85	0.886	1	1
OTU_6	OTU_86	0.943	1	1
OTU_6	OTU_87	0.943	1	1
OTU_6	OTU_88	0.771	1	1
OTU_6	OTU_96	0.829	1	1
OTU_6	OTU_98	1	1	1
OTU_61	OTU_62	0.771	2	2
OTU_61	OTU_64	0.771	2	2
OTU_61	OTU_66	0.829	2	2
OTU_61	OTU_67	0.771	2	2
OTU_61	OTU_7	0.771	2	2
OTU_61	OTU_70	0.714	2	2
OTU_61	OTU_73	0.943	2	2
OTU_61	OTU_78	0.714	2	2
OTU_61	OTU_79	0.771	2	2
OTU_61	OTU_80	0.829	2	2
OTU_61	OTU_91	0.771	2	2
OTU_61	OTU_94	0.829	2	2
OTU_61	OTU_95	0.771	2	2
OTU_61	OTU_97	0.771	2	2
OTU_62	OTU_64	0.829	2	2
OTU_62	OTU_66	0.771	2	2
OTU_62	OTU_67	0.829	2	2
OTU_62	OTU_7	1	2	2
OTU_62	OTU_70	0.771	2	2
OTU_62	OTU_73	0.714	2	2
OTU_62	OTU_78	0.943	2	2
OTU_62	OTU_79	1	2	2
OTU_62	OTU_80	0.943	2	2
OTU_62	OTU_9	0.771	2	2
OTU_62	OTU_91	0.714	2	2
OTU_62	OTU_94	0.771	2	2
OTU_62	OTU_95	0.829	2	2
OTU_62	OTU_97	0.829	2	2
OTU_64	OTU_66	0.771	2	2
OTU_64	OTU_7	0.829	2	2
OTU_64	OTU_70	0.771	2	2
OTU_64	OTU_73	0.714	2	2
OTU_64	OTU_75	0.771	2	2
OTU_64	OTU_78	0.771	2	2
OTU_64	OTU_79	0.829	2	2
OTU_64	OTU_80	0.943	2	2
OTU_64	OTU_95	1	2	2
OTU_65	OTU_69	1	1	1
OTU_65	OTU_71	0.771	1	1
OTU_65	OTU_72	0.829	1	1
OTU_65	OTU_81	0.829	1	1
OTU_65	OTU_82	0.771	1	1
OTU_65	OTU_83	0.943	1	1
OTU_65	OTU_85	0.886	1	1
OTU_65	OTU_86	0.943	1	1
OTU_65	OTU_87	0.943	1	1
OTU_65	OTU_88	0.771	1	1
OTU_65	OTU_96	0.829	1	1
OTU_65	OTU_98	1	1	1
OTU_66	OTU_67	0.943	2	2
OTU_66	OTU_7	0.771	2	2
OTU_66	OTU_73	0.943	2	2
OTU_66	OTU_75	0.829	2	2
OTU_66	OTU_78	0.886	2	2
OTU_66	OTU_79	0.771	2	2
OTU_66	OTU_80	0.829	2	2
OTU_66	OTU_91	0.771	2	2
OTU_66	OTU_95	0.771	2	2
OTU_66	OTU_97	0.943	2	2
OTU_67	OTU_7	0.829	2	2
OTU_67	OTU_73	0.886	2	2
OTU_67	OTU_75	0.771	2	2
OTU_67	OTU_78	0.943	2	2
OTU_67	OTU_79	0.829	2	2
OTU_67	OTU_80	0.771	2	2
OTU_67	OTU_9	0.714	2	2
OTU_67	OTU_91	0.886	2	2
OTU_67	OTU_94	0.771	2	2
OTU_67	OTU_97	1	2	2
OTU_68	OTU_71	0.829	1	1
OTU_68	OTU_72	0.771	1	1
OTU_68	OTU_81	0.771	1	1
OTU_68	OTU_83	0.714	1	1
OTU_68	OTU_88	0.829	1	1
OTU_68	OTU_96	0.771	1	1
OTU_69	OTU_71	0.771	1	1
OTU_69	OTU_72	0.829	1	1
OTU_69	OTU_81	0.829	1	1
OTU_69	OTU_82	0.771	1	1
OTU_69	OTU_83	0.943	1	1
OTU_69	OTU_85	0.886	1	1
OTU_69	OTU_86	0.943	1	1
OTU_69	OTU_87	0.943	1	1
OTU_69	OTU_88	0.771	1	1
OTU_69	OTU_96	0.829	1	1
OTU_69	OTU_98	1	1	1
OTU_7	OTU_70	0.771	2	2
OTU_7	OTU_73	0.714	2	2
OTU_7	OTU_78	0.943	2	2
OTU_7	OTU_79	1	2	2
OTU_7	OTU_80	0.943	2	2
OTU_7	OTU_9	0.771	2	2
OTU_7	OTU_91	0.714	2	2
OTU_7	OTU_94	0.771	2	2
OTU_7	OTU_95	0.829	2	2
OTU_7	OTU_97	0.829	2	2
OTU_70	OTU_75	0.714	2	2
OTU_70	OTU_79	0.771	2	2
OTU_70	OTU_80	0.714	2	2
OTU_70	OTU_91	0.771	2	2
OTU_70	OTU_94	0.886	2	2
OTU_70	OTU_95	0.771	2	2
OTU_71	OTU_72	0.943	1	1
OTU_71	OTU_81	0.943	1	1
OTU_71	OTU_83	0.714	1	1
OTU_71	OTU_85	0.771	1	1
OTU_71	OTU_86	0.829	1	1
OTU_71	OTU_87	0.829	1	1
OTU_71	OTU_88	1	1	1
OTU_71	OTU_96	0.943	1	1
OTU_71	OTU_98	0.771	1	1
OTU_72	OTU_81	1	1	1
OTU_72	OTU_82	0.714	1	1
OTU_72	OTU_83	0.771	1	1
OTU_72	OTU_85	0.886	1	1
OTU_72	OTU_86	0.771	1	1
OTU_72	OTU_87	0.943	1	1
OTU_72	OTU_88	0.943	1	1
OTU_72	OTU_96	1	1	1
OTU_72	OTU_98	0.829	1	1
OTU_73	OTU_75	0.771	2	2
OTU_73	OTU_78	0.771	2	2
OTU_73	OTU_79	0.714	2	2
OTU_73	OTU_80	0.771	2	2
OTU_73	OTU_91	0.829	2	2
OTU_73	OTU_94	0.771	2	2
OTU_73	OTU_95	0.714	2	2
OTU_73	OTU_97	0.886	2	2
OTU_75	OTU_78	0.714	2	2
OTU_75	OTU_91	0.771	2	2
OTU_75	OTU_95	0.771	2	2
OTU_75	OTU_97	0.771	2	2
OTU_77	OTU_9	0.714	4	2
OTU_78	OTU_79	0.943	2	2
OTU_78	OTU_80	0.886	2	2
OTU_78	OTU_9	0.829	2	2
OTU_78	OTU_91	0.771	2	2
OTU_78	OTU_94	0.714	2	2
OTU_78	OTU_95	0.771	2	2
OTU_78	OTU_97	0.943	2	2
OTU_79	OTU_80	0.943	2	2
OTU_79	OTU_9	0.771	2	2
OTU_79	OTU_91	0.714	2	2
OTU_79	OTU_94	0.771	2	2
OTU_79	OTU_95	0.829	2	2
OTU_79	OTU_97	0.829	2	2
OTU_80	OTU_95	0.943	2	2
OTU_80	OTU_97	0.771	2	2
OTU_81	OTU_82	0.714	1	1
OTU_81	OTU_83	0.771	1	1
OTU_81	OTU_85	0.886	1	1
OTU_81	OTU_86	0.771	1	1
OTU_81	OTU_87	0.943	1	1
OTU_81	OTU_88	0.943	1	1
OTU_81	OTU_96	1	1	1
OTU_81	OTU_98	0.829	1	1
OTU_82	OTU_83	0.714	1	1
OTU_82	OTU_87	0.829	1	1
OTU_82	OTU_96	0.714	1	1
OTU_82	OTU_98	0.771	1	1
OTU_83	OTU_85	0.771	1	1
OTU_83	OTU_86	0.886	1	1
OTU_83	OTU_87	0.886	1	1
OTU_83	OTU_88	0.714	1	1
OTU_83	OTU_96	0.771	1	1
OTU_83	OTU_98	0.943	1	1
OTU_85	OTU_86	0.771	1	1
OTU_85	OTU_87	0.943	1	1
OTU_85	OTU_88	0.771	1	1
OTU_85	OTU_96	0.886	1	1
OTU_85	OTU_98	0.886	1	1
OTU_86	OTU_87	0.829	1	1
OTU_86	OTU_88	0.829	1	1
OTU_86	OTU_96	0.771	1	1
OTU_86	OTU_98	0.943	1	1
OTU_87	OTU_88	0.829	1	1
OTU_87	OTU_96	0.943	1	1
OTU_87	OTU_98	0.943	1	1
OTU_88	OTU_96	0.943	1	1
OTU_88	OTU_98	0.771	1	1
OTU_9	OTU_97	0.714	2	2
OTU_91	OTU_94	0.943	2	2
OTU_91	OTU_97	0.886	2	2
OTU_94	OTU_97	0.771	2	2
OTU_96	OTU_98	0.829	1	1
