sample_id	cluster_id	abundance	member_taxids	member_taxa	read_count
barcode13_120_filtered	2	0.005060	1076412	1076412||Bacillota|Negativicutes|Selenomonadales|Sporomusaceae|Pelosinus|Pelosinus defluvii	236.083651
barcode13_120_filtered	3	0.006057	29355;48256;396504	29355||Bacillota|Clostridia|Eubacteriales|Oscillospiraceae|Ruminiclostridium|Ruminiclostridium cellobioparum;48256||Bacillota|Clostridia|Eubacteriales|Oscillospiraceae|Ruminiclostridium|Ruminiclostridium hungatei;396504||Bacillota|Clostridia|Eubacteriales|Oscillospiraceae|Ruminiclostridium|Ruminiclostridium sufflavum	282.614966
barcode13_120_filtered	4	0.001594	1499;1521	1499||Bacillota|Clostridia|Eubacteriales|Oscillospiraceae|Ruminiclostridium|Ruminiclostridium josui;1521||Bacillota|Clostridia|Eubacteriales|Oscillospiraceae|Ruminiclostridium|Ruminiclostridium cellulolyticum	74.363436
barcode13_120_filtered	10	0.112170	659425	659425||Bacillota|Clostridia|Eubacteriales|Oscillospiraceae|Thermoclostridium|Thermoclostridium caenicola	5233.751941
barcode13_120_filtered	12	0.008770	288965	288965||Bacillota|Clostridia|Eubacteriales|Oscillospiraceae|Acetivibrio|Acetivibrio clariflavus	409.180083
barcode13_120_filtered	14	0.006601	394284	394284||Bacillota|Negativicutes|Selenomonadales|Sporomusaceae|Psychrosinus|Psychrosinus fermentans	307.982212
barcode13_120_filtered	22	0.002236	335605;386874;2303576;2904799;2908206;2908208;2992113	335605||Pseudomonadota|Alphaproteobacteria|Sphingomonadales|Sphingomonadaceae|Sphingomonas|Sphingomonas rosea;386874||Pseudomonadota|Alphaproteobacteria|Sphingomonadales|Sphingomonadaceae|Sphingomonas|Sphingomonas sediminicola;2303576||Pseudomonadota|Alphaproteobacteria|Sphingomonadales|Sphingomonadaceae|Sphingomonas|Sphingomonas mesophila;2904799||Pseudomonadota|Alphaproteobacteria|Sphingomonadales|Sphingomonadaceae|Sphingomonas|Sphingomonas cremea;2908206||Pseudomonadota|Alphaproteobacteria|Sphingomonadales|Sphingomonadaceae|Sphingomonas|Sphingomonas brevis;2908208||Pseudomonadota|Alphaproteobacteria|Sphingomonadales|Sphingomonadaceae|Sphingomonas|Sphingomonas alba;2992113||Pseudomonadota|Alphaproteobacteria|Sphingomonadales|Sphingomonadaceae|Sphingomonas|Sphingomonas arvum	104.334575
barcode13_120_filtered	23	0.000579	2590199;2918171;2922725;2925406	2590199||Myxococcota|Myxococcia|Myxococcales|Anaeromyxobacteraceae|Anaeromyxobacter|Anaeromyxobacter diazotrophicus;2918171||Myxococcota|Myxococcia|Myxococcales|Anaeromyxobacteraceae|Anaeromyxobacter|Anaeromyxobacter paludicola;2922725||Myxococcota|Myxococcia|Myxococcales|Anaeromyxobacteraceae|Anaeromyxobacter|Anaeromyxobacter soli;2925406||Myxococcota|Myxococcia|Myxococcales|Anaeromyxobacteraceae|Anaeromyxobacter|Anaeromyxobacter terrae	27.000000
barcode13_120_filtered	27	0.031634	70582;364039;391953;392597;413882;1547922;1597781;2315841;2732868;2742824;2824118;2944811;3119538	70582||Pseudomonadota|Betaproteobacteria|Burkholderiales||Aquabacterium|Aquabacterium citratiphilum;364039||Pseudomonadota|Betaproteobacteria|Burkholderiales|Sphaerotilaceae|Azohydromonas|Azohydromonas australica;391953||Pseudomonadota|Betaproteobacteria|Burkholderiales|Sphaerotilaceae|Aquincola|Aquincola tertiaricarbonis;392597||Pseudomonadota|Betaproteobacteria|Burkholderiales|Sphaerotilaceae|Piscinibacter|Piscinibacter aquaticus;413882||Pseudomonadota|Betaproteobacteria|Burkholderiales|Sphaerotilaceae|Caldimonas|Caldimonas brevitalea;1547922||Pseudomonadota|Betaproteobacteria|Burkholderiales|Sphaerotilaceae|Piscinibacter|Piscinibacter sakaiensis;1597781||Pseudomonadota|Betaproteobacteria|Burkholderiales||Eleftheria|Eleftheria terrae;2315841||Pseudomonadota|Betaproteobacteria|Burkholderiales|Sphaerotilaceae|Caldimonas|Caldimonas tepidiphila;2732868||Pseudomonadota|Betaproteobacteria|Burkholderiales|Sphaerotilaceae|Pseudaquabacterium|Pseudaquabacterium terrae;2742824||Pseudomonadota|Betaproteobacteria|Burkholderiales|Sphaerotilaceae|Piscinibacter|Piscinibacter koreensis;2824118||Pseudomonadota|Betaproteobacteria|Burkholderiales|Sphaerotilaceae|Ideonella|Ideonella alba;2944811||Pseudomonadota|Betaproteobacteria|Burkholderiales|Sphaerotilaceae|Caldimonas|Caldimonas mangrovi;3119538||Pseudomonadota|Betaproteobacteria|Burkholderiales|Sphaerotilaceae|Aquincola|Aquincola agrisoli	1475.994934
barcode13_120_filtered	34	0.013602	258515	258515||Bacillota|Clostridia|Eubacteriales|Oscillospiraceae|Acetanaerobacterium|Acetanaerobacterium elongatum	634.646290
barcode13_120_filtered	37	0.007979	192843;2527691;2596921;2793270;2987520;3386187	192843||Pseudomonadota|Betaproteobacteria|Burkholderiales|Comamonadaceae|Rhodoferax|Rhodoferax ferrireducens;2527691||Pseudomonadota|Betaproteobacteria|Burkholderiales|Comamonadaceae|Rhodoferax|Rhodoferax aquaticus;2596921||Pseudomonadota|Betaproteobacteria|Burkholderiales|Comamonadaceae|Caenimonas|Caenimonas sedimenti;2793270||Pseudomonadota|Betaproteobacteria|Burkholderiales|Comamonadaceae|Caenimonas|Caenimonas aquaedulcis;2987520||Pseudomonadota|Betaproteobacteria|Burkholderiales|Comamonadaceae|Acidovorax|Acidovorax benzenivorans;3386187||Pseudomonadota|Betaproteobacteria|Burkholderiales|Comamonadaceae|Candidatus Aalborgicola|Candidatus Aalborgicola defluviihabitans	372.306082
barcode13_120_filtered	48	0.000750	38402;225084;2683714	38402||Bacillota|Erysipelotrichia|Erysipelotrichales|Erysipelotrichaceae|Erysipelothrix|Erysipelothrix tonsillarum;225084||Bacillota|Erysipelotrichia|Erysipelotrichales|Erysipelotrichaceae|Erysipelothrix|Erysipelothrix inopinata;2683714||Bacillota|Erysipelotrichia|Erysipelotrichales|Erysipelotrichaceae|Erysipelothrix|Erysipelothrix aquatica	35.000000
barcode13_120_filtered	50	0.001822	1488331;1537567	1488331||Bacillota|Clostridia|Eubacteriales|Eubacteriales Family XII. Incertae Sedis|Fusibacter|Fusibacter bizertensis;1537567||Bacillota|Clostridia|Eubacteriales|Eubacteriales Family XII. Incertae Sedis|Fusibacter|Fusibacter fontis	85.000000
barcode13_120_filtered	52	0.003073	270498;626937;1805714;1816678;2763033	270498||Bacillota|Clostridia|Christensenellales|Christensenellaceae|Christensenella|Christensenella hongkongensis;626937||Bacillota|Clostridia|Christensenellales|Christensenellaceae|Christensenella|Christensenella minuta;1805714||Bacillota|Clostridia|Christensenellales|Christensenellaceae|Christensenella|Christensenella massiliensis;1816678||Bacillota|Clostridia|Christensenellales|Christensenellaceae|Christensenella|Christensenella timonensis;2763033||Bacillota|Clostridia|Christensenellales|Christensenellaceae|Christensenella|Christensenella tenuis	143.379256
barcode13_120_filtered	54	0.029458	1515;253314	1515||Bacillota|Clostridia|Eubacteriales|Oscillospiraceae|Acetivibrio|Acetivibrio thermocellus;253314||Bacillota|Clostridia|Eubacteriales|Oscillospiraceae|Acetivibrio|Acetivibrio straminisolvens	1374.475497
barcode13_120_filtered	55	0.023857	433293;1679721	433293||Bacillota|Clostridia|Lachnospirales|Lachnospiraceae|Anaerotaenia|Anaerotaenia torta;1679721||Bacillota|Clostridia|Lachnospirales|Lachnospiraceae|Herbinix|Herbinix luporum	1113.133264
barcode13_120_filtered	56	0.011200	1650661;1673721;1689270;2108523;2763052;2763053;2763059;2986526;3133171	1650661||Bacillota|Clostridia|Eubacteriales|Clostridiaceae|Clostridium|Clostridium phoceensis;1673721||Bacillota|Clostridia|Eubacteriales||Intestinimonas|Intestinimonas massiliensis (ex Afouda et al. 2020);1689270||Bacillota|Clostridia|Eubacteriales||Intestinimonas|Intestinimonas timonensis;2108523||Bacillota|Clostridia|Eubacteriales|Oscillospiraceae|Lawsonibacter|Lawsonibacter asaccharolyticus;2763052||Bacillota|Clostridia|Eubacteriales|Oscillospiraceae|Lawsonibacter|Lawsonibacter faecis;2763053||Bacillota|Clostridia|Eubacteriales|Oscillospiraceae|Lawsonibacter|Lawsonibacter hominis;2763059||Bacillota|Clostridia|Eubacteriales|Oscillospiraceae|Pseudoflavonifractor|Pseudoflavonifractor hominis;2986526||Bacillota|Clostridia|Eubacteriales|Oscillospiraceae|Lawsonibacter|Lawsonibacter celer;3133171||Bacillota|Clostridia|Eubacteriales|Oscillospiraceae|Pseudoflavonifractor|Pseudoflavonifractor intestinihominis	522.565815
barcode13_120_filtered	58	0.027532	2576756	2576756||Bacillota|Clostridia|Eubacteriales|Acutalibacteraceae|Caproicibacter|Caproicibacter fermentans	1284.617928
barcode13_120_filtered	65	0.003618	351091;2763042	351091||Bacillota|Clostridia|Eubacteriales|Oscillospiraceae|Oscillibacter|Oscillibacter valericigenes;2763042||Bacillota|Clostridia|Eubacteriales|Oscillospiraceae|Dysosmobacter|Dysosmobacter segnis	168.830432
barcode13_120_filtered	83	0.000857	1794912	1794912||Bacillota|Negativicutes||Acetonemataceae|Anaerosporomusa|Anaerosporomusa subterranea	39.997457
barcode13_120_filtered	86	0.000984	1940525;2283627	1940525||Bacteroidota|Bacteroidia|Marinilabiliales|Marinifilaceae|Labilibaculum|Labilibaculum manganireducens;2283627||Bacteroidota|Bacteroidia|Marinilabiliales|Marinifilaceae|Ancylomarina|Ancylomarina euxinus	45.895854
barcode13_120_filtered	88	0.004828	1958780;2045012;2991836	1958780||Bacillota|Clostridia|Eubacteriales|Clostridiaceae|Clostridium|Clostridium merdae;2045012||Bacillota|Clostridia|Eubacteriales|Clostridiaceae|Clostridium|Clostridium minihomine;2991836||Bacillota|Clostridia|Eubacteriales|Oscillospiraceae|Faecalispora|Faecalispora anaeroviscerum	225.280169
barcode13_120_filtered	90	0.002139	44749	44749||Bacillota|Clostridia|Eubacteriales|Oscillospiraceae|Sporobacter|Sporobacter termitidis	99.822218
barcode13_120_filtered	97	0.003550	1550;1499683	1550||Bacillota|Clostridia|Eubacteriales|Clostridiaceae|Clostridium|Clostridium subterminale;1499683||Bacillota|Clostridia|Eubacteriales|Clostridiaceae|Clostridium|Clostridium culturomicium	165.645167
barcode13_120_filtered	100	0.142209	1096341	1096341||Bacillota|Clostridia|Eubacteriales|Clostridiaceae|Fonticella|Fonticella tunisiensis	6635.318888
barcode13_120_filtered	105	0.055086	36849	36849||Bacillota|Clostridia|Eubacteriales|Clostridiaceae|Oxobacter|Oxobacter pfennigii	2570.244685
barcode13_120_filtered	120	0.023539	397260;529705;1632740;2305907;2698828;2873268;3103142;3163295	397260||Pseudomonadota|Alphaproteobacteria|Sphingomonadales|Sphingomonadaceae|Sphingomonas|Sphingomonas sanxanigenens;529705||Pseudomonadota|Alphaproteobacteria|Sphingomonadales|Sphingomonadaceae|Sphingomonas|Sphingomonas changbaiensis;1632740||Pseudomonadota|Alphaproteobacteria|Sphingomonadales|Sphingomonadaceae|Sphingomonas|Sphingomonas zeicaulis;2305907||Pseudomonadota|Alphaproteobacteria|Sphingomonadales|Sphingomonadaceae|Sphingomonas|Sphingomonas gilva;2698828||Pseudomonadota|Alphaproteobacteria|Sphingomonadales|Sphingomonadaceae|Sphingomonas|Sphingomonas lacunae;2873268||Pseudomonadota|Alphaproteobacteria|Sphingomonadales|Sphingomonadaceae|Hephaestia|Hephaestia mangrovi;3103142||Pseudomonadota|Alphaproteobacteria|Sphingomonadales|Sphingomonadaceae|Sphingomonas|Sphingomonas rustica;3163295||Pseudomonadota|Alphaproteobacteria|Sphingomonadales|Sphingomonadaceae|Sphingomonas|Sphingomonas plantiphila	1098.310454
barcode13_120_filtered	121	0.001350	2941510	2941510||Bacillota|Clostridia|Eubacteriales|Pumilibacteraceae|Pumilibacter|Pumilibacter muris	63.000000
barcode13_120_filtered	124	0.003933	2528036;2583234;2593021;2670345;2699202;2852097	2528036||Pseudomonadota|Alphaproteobacteria|Rhodobacterales|Paracoccaceae|Tabrizicola|Tabrizicola caldifontis;2583234||Pseudomonadota|Alphaproteobacteria|Rhodobacterales|Paracoccaceae|Paragemmobacter|Paragemmobacter kunshanensis;2593021||Pseudomonadota|Alphaproteobacteria|Rhodobacterales|Paracoccaceae|Tabrizicola|Tabrizicola flagellatus;2670345||Pseudomonadota|Alphaproteobacteria|Rhodobacterales|Paracoccaceae|Tabrizicola|Tabrizicola thermarum;2699202||Pseudomonadota|Alphaproteobacteria|Rhodobacterales|Paracoccaceae|Stagnihabitans|Stagnihabitans tardus;2852097||Pseudomonadota|Alphaproteobacteria|Rhodobacterales|Paracoccaceae|Paragemmobacter|Paragemmobacter amnigenus	183.506737
barcode13_120_filtered	125	0.014207	320502	320502||Bacillota|Clostridia|Eubacteriales|Oscillospiraceae|Acetivibrio|Acetivibrio alkalicellulosi	662.907079
barcode13_120_filtered	139	0.004636	33052;173675;574956;651663;2871171	33052||Pseudomonadota|Alphaproteobacteria|Sphingomonadales|Sphingopyxidaceae|Sphingopyxis|Sphingopyxis terrae;173675||Pseudomonadota|Alphaproteobacteria|Sphingomonadales|Sphingopyxidaceae|Sphingopyxis|Sphingopyxis witflariensis;574956||Pseudomonadota|Alphaproteobacteria|Sphingomonadales|Sphingomonadaceae|Novosphingobium|Novosphingobium soli;651663||Pseudomonadota|Alphaproteobacteria|Sphingomonadales|Sphingopyxidaceae|Sphingopyxis|Sphingopyxis bauzanensis;2871171||Pseudomonadota|Alphaproteobacteria|Sphingomonadales|Sphingopyxidaceae|Sphingopyxis|Sphingopyxis jiangsuensis	216.312681
barcode13_120_filtered	143	0.002014	879969	879969||Bacteroidota|Bacteroidia|Bacteroidales|Porphyromonadaceae|Macellibacteroides|Macellibacteroides fermentans	93.982635
barcode13_120_filtered	149	0.011660	1112;35811;198312;1161202;1532023;2509361;2969984;2987523;3019556;3127706	1112||Pseudomonadota|Alphaproteobacteria|Sphingomonadales|Erythrobacteraceae|Erythrobacter|Erythrobacter neustonensis;35811||Pseudomonadota|Alphaproteobacteria|Sphingomonadales|Erythrobacteraceae|Erythrobacter|Erythrobacter ramosus;198312||Pseudomonadota|Alphaproteobacteria|Sphingomonadales|Erythrobacteraceae|Erythrobacter|Erythrobacter sanguineus;1161202||Pseudomonadota|Alphaproteobacteria|Sphingomonadales|Erythrobacteraceae|Erythrobacter|Erythrobacter colymbi;1532023||Pseudomonadota|Alphaproteobacteria|Sphingomonadales|Erythrobacteraceae|Qipengyuania|Qipengyuania sediminis;2509361||Pseudomonadota|Alphaproteobacteria|Sphingomonadales|Erythrobacteraceae|Qipengyuania|Qipengyuania thermophila;2969984||Pseudomonadota|Alphaproteobacteria|Sphingomonadales|Erythrobacteraceae|Parerythrobacter|Parerythrobacter lacustris;2987523||Pseudomonadota|Alphaproteobacteria|Sphingomonadales|Erythrobacteraceae|Erythrobacter|Erythrobacter fulvus;3019556||Pseudomonadota|Alphaproteobacteria|Sphingomonadales|Erythrobacteraceae|Erythrobacter|Erythrobacter oryzae;3127706||Pseudomonadota|Alphaproteobacteria|Sphingomonadales|Erythrobacteraceae|Parerythrobacter|Parerythrobacter aurantius	544.053102
barcode13_120_filtered	150	0.002853	1439888;1981098;2672568;2675220	1439888||Pseudomonadota|Alphaproteobacteria|Sphingomonadales|Sphingosinicellaceae|Sandarakinorhabdus|Sandarakinorhabdus fusca;1981098||Pseudomonadota|Alphaproteobacteria|Sphingomonadales|Sphingosinicellaceae|Sandarakinorhabdus|Sandarakinorhabdus cyanobacteriorum;2672568||Pseudomonadota|Alphaproteobacteria|Sphingomonadales|Sphingosinicellaceae|Sandarakinorhabdus|Sandarakinorhabdus rubra;2675220||Pseudomonadota|Alphaproteobacteria|Sphingomonadales|Sphingosinicellaceae|Sandarakinorhabdus|Sandarakinorhabdus oryzae	133.121244
barcode13_120_filtered	153	0.006059	433286;1727145;2696063	433286||Bacillota|Clostridia|Lachnospirales|Lachnospiraceae|Anaerocolumna|Anaerocolumna cellulosilytica;1727145||Bacillota|Clostridia|Lachnospirales|Lachnospiraceae|Anaerocolumna|Anaerocolumna chitinilytica;2696063||Bacillota|Clostridia|Lachnospirales|Lachnospiraceae|Anaerocolumna|Anaerocolumna sedimenticola	282.696986
barcode13_120_filtered	181	0.004608	52692	52692||Bacillota|Clostridia|Eubacteriales|Eubacteriaceae|Acetobacterium|Acetobacterium malicum	215.000190
barcode13_120_filtered	184	0.010797	295419;687525;1123067;2585369;2817372	295419||Pseudomonadota|Alphaproteobacteria|Rhodobacterales|Roseobacteraceae|Rubellimicrobium|Rubellimicrobium thermophilum;687525||Pseudomonadota|Alphaproteobacteria|Rhodobacterales|Roseobacteraceae|Rubellimicrobium|Rubellimicrobium roseum;1123067||Pseudomonadota|Alphaproteobacteria|Rhodobacterales|Roseobacteraceae|Rubellimicrobium|Rubellimicrobium mesophilum;2585369||Pseudomonadota|Alphaproteobacteria|Rhodobacterales|Roseobacteraceae|Rubellimicrobium|Rubellimicrobium rubrum;2817372||Pseudomonadota|Alphaproteobacteria|Rhodobacterales|Roseobacteraceae|Rubellimicrobium|Rubellimicrobium arenae	503.780781
barcode13_120_filtered	190	0.002509	937251	937251||Bacillota|Clostridia|Eubacteriales|Clostridiaceae|Youngiibacter|Youngiibacter multivorans	117.056614
barcode13_120_filtered	195	0.038198	195105;875041;909926;933059;1445661;2030009;2185115;2305252;2494374;2709381;2710650;2909234	195105||Pseudomonadota|Alphaproteobacteria|Rhodobacterales|Paracoccaceae|Haematobacter|Haematobacter massiliensis;875041||Pseudomonadota|Alphaproteobacteria|Rhodobacterales|Paracoccaceae|Neogemmobacter|Neogemmobacter tilapiae;909926||Pseudomonadota|Alphaproteobacteria|Rhodobacterales|Paracoccaceae|Tabrizicola|Tabrizicola aquatica;933059||Pseudomonadota|Alphaproteobacteria|Rhodobacterales|Paracoccaceae|Gemmobacter|Gemmobacter aquatilis;1445661||Pseudomonadota|Alphaproteobacteria|Rhodobacterales|Paracoccaceae|Aliigemmobacter|Aliigemmobacter aestuarii;2030009||Pseudomonadota|Alphaproteobacteria|Rhodobacterales|Paracoccaceae|Pseudotabrizicola|Pseudotabrizicola formosa;2185115||Pseudomonadota|Alphaproteobacteria|Rhodobacterales|Paracoccaceae|Tabrizicola|Tabrizicola soli;2305252||Pseudomonadota|Alphaproteobacteria|Rhodobacterales|Paracoccaceae|Pseudotabrizicola|Pseudotabrizicola alkalilacus;2494374||Pseudomonadota|Alphaproteobacteria|Rhodobacterales|Paracoccaceae|Tabrizicola|Tabrizicola piscis;2709381||Pseudomonadota|Alphaproteobacteria|Rhodobacterales|Paracoccaceae|Pseudotabrizicola|Pseudotabrizicola algicola;2710650||Pseudomonadota|Alphaproteobacteria|Rhodobacterales|Paracoccaceae|Tabrizicola|Tabrizicola oligotrophica;2909234||Pseudomonadota|Alphaproteobacteria|Rhodobacterales|Paracoccaceae|Aliitabrizicola|Alitabrizicola rongguiensis	1782.282786
barcode13_120_filtered	196	0.179979	2496273	2496273||Bacillota|Clostridia|Caldicoprobacterales|Xylanivirgaceae|Xylanivirga|Xylanivirga thermophila	8397.643532
barcode13_120_filtered	207	0.003384	203699	203699||Pseudomonadota|Betaproteobacteria|Burkholderiales|Alcaligenaceae|Derxia|Derxia gummosa	157.900165
barcode13_120_filtered	209	0.000881	185300	185300||Bacteroidota|Bacteroidia|Bacteroidales|Paludibacteraceae|Paludibacter|Paludibacter propionicigenes	41.104146
barcode13_120_filtered	216	0.018409	642589	642589||Bacillota|Clostridia|Eubacteriales|Acutalibacteraceae|Caproiciproducens|Caproiciproducens galactitolivorans	858.939794
barcode13_120_filtered	219	0.002743	2010828	2010828||Bacteroidota|Bacteroidia|Marinilabiliales|Prolixibacteraceae|Aquipluma|Aquipluma nitroreducens	128.007604
barcode13_120_filtered	222	0.000474	913099	913099||Bacillota|Tissierellia|||Sedimentibacter|Sedimentibacter acidaminivorans	22.094982
barcode13_120_filtered	225	0.001305	130788	130788||Bacillota|Tissierellia|||Sedimentibacter|Sedimentibacter saalensis	60.905018
barcode13_120_filtered	232	0.057697	2507161	2507161||Bacillota|Tissierellia|Tissierellales|Acidilutibacteraceae|Acidilutibacter|Acidilutibacter cellobiosedens	2692.066198
barcode14_120_filtered	2	0.006409	1076412	1076412||Bacillota|Negativicutes|Selenomonadales|Sporomusaceae|Pelosinus|Pelosinus defluvii	299.546933
barcode14_120_filtered	3	0.008625	29355;48256;396504	29355||Bacillota|Clostridia|Eubacteriales|Oscillospiraceae|Ruminiclostridium|Ruminiclostridium cellobioparum;48256||Bacillota|Clostridia|Eubacteriales|Oscillospiraceae|Ruminiclostridium|Ruminiclostridium hungatei;396504||Bacillota|Clostridia|Eubacteriales|Oscillospiraceae|Ruminiclostridium|Ruminiclostridium sufflavum	403.124627
barcode14_120_filtered	4	0.001581	1499;1521	1499||Bacillota|Clostridia|Eubacteriales|Oscillospiraceae|Ruminiclostridium|Ruminiclostridium josui;1521||Bacillota|Clostridia|Eubacteriales|Oscillospiraceae|Ruminiclostridium|Ruminiclostridium cellulolyticum	73.884343
barcode14_120_filtered	10	0.055610	659425	659425||Bacillota|Clostridia|Eubacteriales|Oscillospiraceae|Thermoclostridium|Thermoclostridium caenicola	2599.190780
barcode14_120_filtered	12	0.003783	288965	288965||Bacillota|Clostridia|Eubacteriales|Oscillospiraceae|Acetivibrio|Acetivibrio clariflavus	176.798179
barcode14_120_filtered	14	0.012579	394284	394284||Bacillota|Negativicutes|Selenomonadales|Sporomusaceae|Psychrosinus|Psychrosinus fermentans	587.929158
barcode14_120_filtered	22	0.003855	335605;386874;2303576;2904799;2908206;2908208;2992113	335605||Pseudomonadota|Alphaproteobacteria|Sphingomonadales|Sphingomonadaceae|Sphingomonas|Sphingomonas rosea;386874||Pseudomonadota|Alphaproteobacteria|Sphingomonadales|Sphingomonadaceae|Sphingomonas|Sphingomonas sediminicola;2303576||Pseudomonadota|Alphaproteobacteria|Sphingomonadales|Sphingomonadaceae|Sphingomonas|Sphingomonas mesophila;2904799||Pseudomonadota|Alphaproteobacteria|Sphingomonadales|Sphingomonadaceae|Sphingomonas|Sphingomonas cremea;2908206||Pseudomonadota|Alphaproteobacteria|Sphingomonadales|Sphingomonadaceae|Sphingomonas|Sphingomonas brevis;2908208||Pseudomonadota|Alphaproteobacteria|Sphingomonadales|Sphingomonadaceae|Sphingomonas|Sphingomonas alba;2992113||Pseudomonadota|Alphaproteobacteria|Sphingomonadales|Sphingomonadaceae|Sphingomonas|Sphingomonas arvum	180.204855
barcode14_120_filtered	23	0.000663	2590199;2918171;2922725;2925406	2590199||Myxococcota|Myxococcia|Myxococcales|Anaeromyxobacteraceae|Anaeromyxobacter|Anaeromyxobacter diazotrophicus;2918171||Myxococcota|Myxococcia|Myxococcales|Anaeromyxobacteraceae|Anaeromyxobacter|Anaeromyxobacter paludicola;2922725||Myxococcota|Myxococcia|Myxococcales|Anaeromyxobacteraceae|Anaeromyxobacter|Anaeromyxobacter soli;2925406||Myxococcota|Myxococcia|Myxococcales|Anaeromyxobacteraceae|Anaeromyxobacter|Anaeromyxobacter terrae	31.000000
barcode14_120_filtered	27	0.033993	70582;364039;391953;392597;413882;1547922;1597781;2315841;2732868;2742824;2824118;2944811;3119538	70582||Pseudomonadota|Betaproteobacteria|Burkholderiales||Aquabacterium|Aquabacterium citratiphilum;364039||Pseudomonadota|Betaproteobacteria|Burkholderiales|Sphaerotilaceae|Azohydromonas|Azohydromonas australica;391953||Pseudomonadota|Betaproteobacteria|Burkholderiales|Sphaerotilaceae|Aquincola|Aquincola tertiaricarbonis;392597||Pseudomonadota|Betaproteobacteria|Burkholderiales|Sphaerotilaceae|Piscinibacter|Piscinibacter aquaticus;413882||Pseudomonadota|Betaproteobacteria|Burkholderiales|Sphaerotilaceae|Caldimonas|Caldimonas brevitalea;1547922||Pseudomonadota|Betaproteobacteria|Burkholderiales|Sphaerotilaceae|Piscinibacter|Piscinibacter sakaiensis;1597781||Pseudomonadota|Betaproteobacteria|Burkholderiales||Eleftheria|Eleftheria terrae;2315841||Pseudomonadota|Betaproteobacteria|Burkholderiales|Sphaerotilaceae|Caldimonas|Caldimonas tepidiphila;2732868||Pseudomonadota|Betaproteobacteria|Burkholderiales|Sphaerotilaceae|Pseudaquabacterium|Pseudaquabacterium terrae;2742824||Pseudomonadota|Betaproteobacteria|Burkholderiales|Sphaerotilaceae|Piscinibacter|Piscinibacter koreensis;2824118||Pseudomonadota|Betaproteobacteria|Burkholderiales|Sphaerotilaceae|Ideonella|Ideonella alba;2944811||Pseudomonadota|Betaproteobacteria|Burkholderiales|Sphaerotilaceae|Caldimonas|Caldimonas mangrovi;3119538||Pseudomonadota|Betaproteobacteria|Burkholderiales|Sphaerotilaceae|Aquincola|Aquincola agrisoli	1588.818083
barcode14_120_filtered	34	0.016713	258515	258515||Bacillota|Clostridia|Eubacteriales|Oscillospiraceae|Acetanaerobacterium|Acetanaerobacterium elongatum	781.142652
barcode14_120_filtered	37	0.011382	192843;2527691;2596921;2793270;2987520;3386187	192843||Pseudomonadota|Betaproteobacteria|Burkholderiales|Comamonadaceae|Rhodoferax|Rhodoferax ferrireducens;2527691||Pseudomonadota|Betaproteobacteria|Burkholderiales|Comamonadaceae|Rhodoferax|Rhodoferax aquaticus;2596921||Pseudomonadota|Betaproteobacteria|Burkholderiales|Comamonadaceae|Caenimonas|Caenimonas sedimenti;2793270||Pseudomonadota|Betaproteobacteria|Burkholderiales|Comamonadaceae|Caenimonas|Caenimonas aquaedulcis;2987520||Pseudomonadota|Betaproteobacteria|Burkholderiales|Comamonadaceae|Acidovorax|Acidovorax benzenivorans;3386187||Pseudomonadota|Betaproteobacteria|Burkholderiales|Comamonadaceae|Candidatus Aalborgicola|Candidatus Aalborgicola defluviihabitans	531.998533
barcode14_120_filtered	48	0.002033	38402;225084;2683714	38402||Bacillota|Erysipelotrichia|Erysipelotrichales|Erysipelotrichaceae|Erysipelothrix|Erysipelothrix tonsillarum;225084||Bacillota|Erysipelotrichia|Erysipelotrichales|Erysipelotrichaceae|Erysipelothrix|Erysipelothrix inopinata;2683714||Bacillota|Erysipelotrichia|Erysipelotrichales|Erysipelotrichaceae|Erysipelothrix|Erysipelothrix aquatica	95.000422
barcode14_120_filtered	50	0.002736	1488331;1537567	1488331||Bacillota|Clostridia|Eubacteriales|Eubacteriales Family XII. Incertae Sedis|Fusibacter|Fusibacter bizertensis;1537567||Bacillota|Clostridia|Eubacteriales|Eubacteriales Family XII. Incertae Sedis|Fusibacter|Fusibacter fontis	127.863412
barcode14_120_filtered	52	0.001488	270498;626937;1805714;1816678;2763033	270498||Bacillota|Clostridia|Christensenellales|Christensenellaceae|Christensenella|Christensenella hongkongensis;626937||Bacillota|Clostridia|Christensenellales|Christensenellaceae|Christensenella|Christensenella minuta;1805714||Bacillota|Clostridia|Christensenellales|Christensenellaceae|Christensenella|Christensenella massiliensis;1816678||Bacillota|Clostridia|Christensenellales|Christensenellaceae|Christensenella|Christensenella timonensis;2763033||Bacillota|Clostridia|Christensenellales|Christensenellaceae|Christensenella|Christensenella tenuis	69.562839
barcode14_120_filtered	54	0.065720	1515;253314	1515||Bacillota|Clostridia|Eubacteriales|Oscillospiraceae|Acetivibrio|Acetivibrio thermocellus;253314||Bacillota|Clostridia|Eubacteriales|Oscillospiraceae|Acetivibrio|Acetivibrio straminisolvens	3071.730276
barcode14_120_filtered	55	0.023044	433293;1679721	433293||Bacillota|Clostridia|Lachnospirales|Lachnospiraceae|Anaerotaenia|Anaerotaenia torta;1679721||Bacillota|Clostridia|Lachnospirales|Lachnospiraceae|Herbinix|Herbinix luporum	1077.082409
barcode14_120_filtered	56	0.009331	1650661;1673721;1689270;2108523;2763052;2763053;2763059;2986526;3133171	1650661||Bacillota|Clostridia|Eubacteriales|Clostridiaceae|Clostridium|Clostridium phoceensis;1673721||Bacillota|Clostridia|Eubacteriales||Intestinimonas|Intestinimonas massiliensis (ex Afouda et al. 2020);1689270||Bacillota|Clostridia|Eubacteriales||Intestinimonas|Intestinimonas timonensis;2108523||Bacillota|Clostridia|Eubacteriales|Oscillospiraceae|Lawsonibacter|Lawsonibacter asaccharolyticus;2763052||Bacillota|Clostridia|Eubacteriales|Oscillospiraceae|Lawsonibacter|Lawsonibacter faecis;2763053||Bacillota|Clostridia|Eubacteriales|Oscillospiraceae|Lawsonibacter|Lawsonibacter hominis;2763059||Bacillota|Clostridia|Eubacteriales|Oscillospiraceae|Pseudoflavonifractor|Pseudoflavonifractor hominis;2986526||Bacillota|Clostridia|Eubacteriales|Oscillospiraceae|Lawsonibacter|Lawsonibacter celer;3133171||Bacillota|Clostridia|Eubacteriales|Oscillospiraceae|Pseudoflavonifractor|Pseudoflavonifractor intestinihominis	436.140101
barcode14_120_filtered	58	0.031375	2576756	2576756||Bacillota|Clostridia|Eubacteriales|Acutalibacteraceae|Caproicibacter|Caproicibacter fermentans	1466.464998
barcode14_120_filtered	65	0.002589	351091;2763042	351091||Bacillota|Clostridia|Eubacteriales|Oscillospiraceae|Oscillibacter|Oscillibacter valericigenes;2763042||Bacillota|Clostridia|Eubacteriales|Oscillospiraceae|Dysosmobacter|Dysosmobacter segnis	121.000000
barcode14_120_filtered	83	0.000685	1794912	1794912||Bacillota|Negativicutes||Acetonemataceae|Anaerosporomusa|Anaerosporomusa subterranea	32.000013
barcode14_120_filtered	86	0.001571	1940525;2283627	1940525||Bacteroidota|Bacteroidia|Marinilabiliales|Marinifilaceae|Labilibaculum|Labilibaculum manganireducens;2283627||Bacteroidota|Bacteroidia|Marinilabiliales|Marinifilaceae|Ancylomarina|Ancylomarina euxinus	73.444922
barcode14_120_filtered	88	0.007688	1958780;2045012;2991836	1958780||Bacillota|Clostridia|Eubacteriales|Clostridiaceae|Clostridium|Clostridium merdae;2045012||Bacillota|Clostridia|Eubacteriales|Clostridiaceae|Clostridium|Clostridium minihomine;2991836||Bacillota|Clostridia|Eubacteriales|Oscillospiraceae|Faecalispora|Faecalispora anaeroviscerum	359.350124
barcode14_120_filtered	90	0.001674	44749	44749||Bacillota|Clostridia|Eubacteriales|Oscillospiraceae|Sporobacter|Sporobacter termitidis	78.230966
barcode14_120_filtered	97	0.020358	1550;1499683	1550||Bacillota|Clostridia|Eubacteriales|Clostridiaceae|Clostridium|Clostridium subterminale;1499683||Bacillota|Clostridia|Eubacteriales|Clostridiaceae|Clostridium|Clostridium culturomicium	951.544752
barcode14_120_filtered	100	0.089107	1096341	1096341||Bacillota|Clostridia|Eubacteriales|Clostridiaceae|Fonticella|Fonticella tunisiensis	4164.847252
barcode14_120_filtered	105	0.049748	36849	36849||Bacillota|Clostridia|Eubacteriales|Clostridiaceae|Oxobacter|Oxobacter pfennigii	2325.207586
barcode14_120_filtered	118	0.000509	100176	100176||Bacillota|Clostridia|Eubacteriales|Oscillospiraceae|Papillibacter|Papillibacter cinnamivorans	23.790051
barcode14_120_filtered	120	0.032039	397260;529705;1632740;2305907;2698828;2873268;3103142;3163295	397260||Pseudomonadota|Alphaproteobacteria|Sphingomonadales|Sphingomonadaceae|Sphingomonas|Sphingomonas sanxanigenens;529705||Pseudomonadota|Alphaproteobacteria|Sphingomonadales|Sphingomonadaceae|Sphingomonas|Sphingomonas changbaiensis;1632740||Pseudomonadota|Alphaproteobacteria|Sphingomonadales|Sphingomonadaceae|Sphingomonas|Sphingomonas zeicaulis;2305907||Pseudomonadota|Alphaproteobacteria|Sphingomonadales|Sphingomonadaceae|Sphingomonas|Sphingomonas gilva;2698828||Pseudomonadota|Alphaproteobacteria|Sphingomonadales|Sphingomonadaceae|Sphingomonas|Sphingomonas lacunae;2873268||Pseudomonadota|Alphaproteobacteria|Sphingomonadales|Sphingomonadaceae|Hephaestia|Hephaestia mangrovi;3103142||Pseudomonadota|Alphaproteobacteria|Sphingomonadales|Sphingomonadaceae|Sphingomonas|Sphingomonas rustica;3163295||Pseudomonadota|Alphaproteobacteria|Sphingomonadales|Sphingomonadaceae|Sphingomonas|Sphingomonas plantiphila	1497.481225
barcode14_120_filtered	121	0.001113	2941510	2941510||Bacillota|Clostridia|Eubacteriales|Pumilibacteraceae|Pumilibacter|Pumilibacter muris	52.000000
barcode14_120_filtered	124	0.005260	2528036;2583234;2593021;2670345;2699202;2852097	2528036||Pseudomonadota|Alphaproteobacteria|Rhodobacterales|Paracoccaceae|Tabrizicola|Tabrizicola caldifontis;2583234||Pseudomonadota|Alphaproteobacteria|Rhodobacterales|Paracoccaceae|Paragemmobacter|Paragemmobacter kunshanensis;2593021||Pseudomonadota|Alphaproteobacteria|Rhodobacterales|Paracoccaceae|Tabrizicola|Tabrizicola flagellatus;2670345||Pseudomonadota|Alphaproteobacteria|Rhodobacterales|Paracoccaceae|Tabrizicola|Tabrizicola thermarum;2699202||Pseudomonadota|Alphaproteobacteria|Rhodobacterales|Paracoccaceae|Stagnihabitans|Stagnihabitans tardus;2852097||Pseudomonadota|Alphaproteobacteria|Rhodobacterales|Paracoccaceae|Paragemmobacter|Paragemmobacter amnigenus	245.836404
barcode14_120_filtered	125	0.022580	320502	320502||Bacillota|Clostridia|Eubacteriales|Oscillospiraceae|Acetivibrio|Acetivibrio alkalicellulosi	1055.409590
barcode14_120_filtered	139	0.009777	33052;173675;574956;651663;2871171	33052||Pseudomonadota|Alphaproteobacteria|Sphingomonadales|Sphingopyxidaceae|Sphingopyxis|Sphingopyxis terrae;173675||Pseudomonadota|Alphaproteobacteria|Sphingomonadales|Sphingopyxidaceae|Sphingopyxis|Sphingopyxis witflariensis;574956||Pseudomonadota|Alphaproteobacteria|Sphingomonadales|Sphingomonadaceae|Novosphingobium|Novosphingobium soli;651663||Pseudomonadota|Alphaproteobacteria|Sphingomonadales|Sphingopyxidaceae|Sphingopyxis|Sphingopyxis bauzanensis;2871171||Pseudomonadota|Alphaproteobacteria|Sphingomonadales|Sphingopyxidaceae|Sphingopyxis|Sphingopyxis jiangsuensis	456.954647
barcode14_120_filtered	143	0.000963	879969	879969||Bacteroidota|Bacteroidia|Bacteroidales|Porphyromonadaceae|Macellibacteroides|Macellibacteroides fermentans	45.000000
barcode14_120_filtered	149	0.023251	1112;35811;198312;1161202;1532023;2509361;2969984;2987523;3019556;3127706	1112||Pseudomonadota|Alphaproteobacteria|Sphingomonadales|Erythrobacteraceae|Erythrobacter|Erythrobacter neustonensis;35811||Pseudomonadota|Alphaproteobacteria|Sphingomonadales|Erythrobacteraceae|Erythrobacter|Erythrobacter ramosus;198312||Pseudomonadota|Alphaproteobacteria|Sphingomonadales|Erythrobacteraceae|Erythrobacter|Erythrobacter sanguineus;1161202||Pseudomonadota|Alphaproteobacteria|Sphingomonadales|Erythrobacteraceae|Erythrobacter|Erythrobacter colymbi;1532023||Pseudomonadota|Alphaproteobacteria|Sphingomonadales|Erythrobacteraceae|Qipengyuania|Qipengyuania sediminis;2509361||Pseudomonadota|Alphaproteobacteria|Sphingomonadales|Erythrobacteraceae|Qipengyuania|Qipengyuania thermophila;2969984||Pseudomonadota|Alphaproteobacteria|Sphingomonadales|Erythrobacteraceae|Parerythrobacter|Parerythrobacter lacustris;2987523||Pseudomonadota|Alphaproteobacteria|Sphingomonadales|Erythrobacteraceae|Erythrobacter|Erythrobacter fulvus;3019556||Pseudomonadota|Alphaproteobacteria|Sphingomonadales|Erythrobacteraceae|Erythrobacter|Erythrobacter oryzae;3127706||Pseudomonadota|Alphaproteobacteria|Sphingomonadales|Erythrobacteraceae|Parerythrobacter|Parerythrobacter aurantius	1086.756016
barcode14_120_filtered	150	0.007831	1439888;1981098;2672568;2675220	1439888||Pseudomonadota|Alphaproteobacteria|Sphingomonadales|Sphingosinicellaceae|Sandarakinorhabdus|Sandarakinorhabdus fusca;1981098||Pseudomonadota|Alphaproteobacteria|Sphingomonadales|Sphingosinicellaceae|Sandarakinorhabdus|Sandarakinorhabdus cyanobacteriorum;2672568||Pseudomonadota|Alphaproteobacteria|Sphingomonadales|Sphingosinicellaceae|Sandarakinorhabdus|Sandarakinorhabdus rubra;2675220||Pseudomonadota|Alphaproteobacteria|Sphingomonadales|Sphingosinicellaceae|Sandarakinorhabdus|Sandarakinorhabdus oryzae	365.999719
barcode14_120_filtered	153	0.007826	433286;1727145;2696063	433286||Bacillota|Clostridia|Lachnospirales|Lachnospiraceae|Anaerocolumna|Anaerocolumna cellulosilytica;1727145||Bacillota|Clostridia|Lachnospirales|Lachnospiraceae|Anaerocolumna|Anaerocolumna chitinilytica;2696063||Bacillota|Clostridia|Lachnospirales|Lachnospiraceae|Anaerocolumna|Anaerocolumna sedimenticola	365.769944
barcode14_120_filtered	181	0.006996	52692	52692||Bacillota|Clostridia|Eubacteriales|Eubacteriaceae|Acetobacterium|Acetobacterium malicum	327.000000
barcode14_120_filtered	184	0.028718	295419;687525;1123067;2585369;2817372	295419||Pseudomonadota|Alphaproteobacteria|Rhodobacterales|Roseobacteraceae|Rubellimicrobium|Rubellimicrobium thermophilum;687525||Pseudomonadota|Alphaproteobacteria|Rhodobacterales|Roseobacteraceae|Rubellimicrobium|Rubellimicrobium roseum;1123067||Pseudomonadota|Alphaproteobacteria|Rhodobacterales|Roseobacteraceae|Rubellimicrobium|Rubellimicrobium mesophilum;2585369||Pseudomonadota|Alphaproteobacteria|Rhodobacterales|Roseobacteraceae|Rubellimicrobium|Rubellimicrobium rubrum;2817372||Pseudomonadota|Alphaproteobacteria|Rhodobacterales|Roseobacteraceae|Rubellimicrobium|Rubellimicrobium arenae	1342.281663
barcode14_120_filtered	190	0.004750	937251	937251||Bacillota|Clostridia|Eubacteriales|Clostridiaceae|Youngiibacter|Youngiibacter multivorans	222.019140
barcode14_120_filtered	195	0.054959	195105;875041;909926;933059;1445661;2030009;2185115;2305252;2494374;2709381;2710650;2909234	195105||Pseudomonadota|Alphaproteobacteria|Rhodobacterales|Paracoccaceae|Haematobacter|Haematobacter massiliensis;875041||Pseudomonadota|Alphaproteobacteria|Rhodobacterales|Paracoccaceae|Neogemmobacter|Neogemmobacter tilapiae;909926||Pseudomonadota|Alphaproteobacteria|Rhodobacterales|Paracoccaceae|Tabrizicola|Tabrizicola aquatica;933059||Pseudomonadota|Alphaproteobacteria|Rhodobacterales|Paracoccaceae|Gemmobacter|Gemmobacter aquatilis;1445661||Pseudomonadota|Alphaproteobacteria|Rhodobacterales|Paracoccaceae|Aliigemmobacter|Aliigemmobacter aestuarii;2030009||Pseudomonadota|Alphaproteobacteria|Rhodobacterales|Paracoccaceae|Pseudotabrizicola|Pseudotabrizicola formosa;2185115||Pseudomonadota|Alphaproteobacteria|Rhodobacterales|Paracoccaceae|Tabrizicola|Tabrizicola soli;2305252||Pseudomonadota|Alphaproteobacteria|Rhodobacterales|Paracoccaceae|Pseudotabrizicola|Pseudotabrizicola alkalilacus;2494374||Pseudomonadota|Alphaproteobacteria|Rhodobacterales|Paracoccaceae|Tabrizicola|Tabrizicola piscis;2709381||Pseudomonadota|Alphaproteobacteria|Rhodobacterales|Paracoccaceae|Pseudotabrizicola|Pseudotabrizicola algicola;2710650||Pseudomonadota|Alphaproteobacteria|Rhodobacterales|Paracoccaceae|Tabrizicola|Tabrizicola oligotrophica;2909234||Pseudomonadota|Alphaproteobacteria|Rhodobacterales|Paracoccaceae|Aliitabrizicola|Alitabrizicola rongguiensis	2568.803429
barcode14_120_filtered	196	0.078802	2496273	2496273||Bacillota|Clostridia|Caldicoprobacterales|Xylanivirgaceae|Xylanivirga|Xylanivirga thermophila	3683.210684
barcode14_120_filtered	207	0.006508	203699	203699||Pseudomonadota|Betaproteobacteria|Burkholderiales|Alcaligenaceae|Derxia|Derxia gummosa	304.185818
barcode14_120_filtered	209	0.001274	185300	185300||Bacteroidota|Bacteroidia|Bacteroidales|Paludibacteraceae|Paludibacter|Paludibacter propionicigenes	59.555238
barcode14_120_filtered	216	0.027579	642589	642589||Bacillota|Clostridia|Eubacteriales|Acutalibacteraceae|Caproiciproducens|Caproiciproducens galactitolivorans	1289.064236
barcode14_120_filtered	219	0.001712	2010828	2010828||Bacteroidota|Bacteroidia|Marinilabiliales|Prolixibacteraceae|Aquipluma|Aquipluma nitroreducens	79.999888
barcode14_120_filtered	221	0.000257	288966	288966||Bacillota|Clostridia|Lutisporales|Lutisporaceae|Lutispora|Lutispora thermophila	12.000000
barcode14_120_filtered	222	0.003122	913099	913099||Bacillota|Tissierellia|||Sedimentibacter|Sedimentibacter acidaminivorans	145.911775
barcode14_120_filtered	225	0.000644	130788	130788||Bacillota|Tissierellia|||Sedimentibacter|Sedimentibacter saalensis	30.088196
barcode14_120_filtered	232	0.057304	2507161	2507161||Bacillota|Tissierellia|Tissierellales|Acidilutibacteraceae|Acidilutibacter|Acidilutibacter cellobiosedens	2678.387621
barcode15_120_filtered	2	0.005159	1076412	1076412||Bacillota|Negativicutes|Selenomonadales|Sporomusaceae|Pelosinus|Pelosinus defluvii	241.490197
barcode15_120_filtered	3	0.008650	29355;48256;396504	29355||Bacillota|Clostridia|Eubacteriales|Oscillospiraceae|Ruminiclostridium|Ruminiclostridium cellobioparum;48256||Bacillota|Clostridia|Eubacteriales|Oscillospiraceae|Ruminiclostridium|Ruminiclostridium hungatei;396504||Bacillota|Clostridia|Eubacteriales|Oscillospiraceae|Ruminiclostridium|Ruminiclostridium sufflavum	404.904470
barcode15_120_filtered	4	0.002360	1499;1521	1499||Bacillota|Clostridia|Eubacteriales|Oscillospiraceae|Ruminiclostridium|Ruminiclostridium josui;1521||Bacillota|Clostridia|Eubacteriales|Oscillospiraceae|Ruminiclostridium|Ruminiclostridium cellulolyticum	110.476039
barcode15_120_filtered	10	0.030651	659425	659425||Bacillota|Clostridia|Eubacteriales|Oscillospiraceae|Thermoclostridium|Thermoclostridium caenicola	1434.789891
barcode15_120_filtered	12	0.004122	288965	288965||Bacillota|Clostridia|Eubacteriales|Oscillospiraceae|Acetivibrio|Acetivibrio clariflavus	192.949984
barcode15_120_filtered	14	0.012584	394284	394284||Bacillota|Negativicutes|Selenomonadales|Sporomusaceae|Psychrosinus|Psychrosinus fermentans	589.055440
barcode15_120_filtered	22	0.003602	335605;386874;2303576;2904799;2908206;2908208;2992113	335605||Pseudomonadota|Alphaproteobacteria|Sphingomonadales|Sphingomonadaceae|Sphingomonas|Sphingomonas rosea;386874||Pseudomonadota|Alphaproteobacteria|Sphingomonadales|Sphingomonadaceae|Sphingomonas|Sphingomonas sediminicola;2303576||Pseudomonadota|Alphaproteobacteria|Sphingomonadales|Sphingomonadaceae|Sphingomonas|Sphingomonas mesophila;2904799||Pseudomonadota|Alphaproteobacteria|Sphingomonadales|Sphingomonadaceae|Sphingomonas|Sphingomonas cremea;2908206||Pseudomonadota|Alphaproteobacteria|Sphingomonadales|Sphingomonadaceae|Sphingomonas|Sphingomonas brevis;2908208||Pseudomonadota|Alphaproteobacteria|Sphingomonadales|Sphingomonadaceae|Sphingomonas|Sphingomonas alba;2992113||Pseudomonadota|Alphaproteobacteria|Sphingomonadales|Sphingomonadaceae|Sphingomonas|Sphingomonas arvum	168.597728
barcode15_120_filtered	23	0.001282	2590199;2918171;2922725;2925406	2590199||Myxococcota|Myxococcia|Myxococcales|Anaeromyxobacteraceae|Anaeromyxobacter|Anaeromyxobacter diazotrophicus;2918171||Myxococcota|Myxococcia|Myxococcales|Anaeromyxobacteraceae|Anaeromyxobacter|Anaeromyxobacter paludicola;2922725||Myxococcota|Myxococcia|Myxococcales|Anaeromyxobacteraceae|Anaeromyxobacter|Anaeromyxobacter soli;2925406||Myxococcota|Myxococcia|Myxococcales|Anaeromyxobacteraceae|Anaeromyxobacter|Anaeromyxobacter terrae	60.000000
barcode15_120_filtered	27	0.043910	70582;364039;391953;392597;413882;1547922;1597781;2315841;2732868;2742824;2824118;2944811;3119538	70582||Pseudomonadota|Betaproteobacteria|Burkholderiales||Aquabacterium|Aquabacterium citratiphilum;364039||Pseudomonadota|Betaproteobacteria|Burkholderiales|Sphaerotilaceae|Azohydromonas|Azohydromonas australica;391953||Pseudomonadota|Betaproteobacteria|Burkholderiales|Sphaerotilaceae|Aquincola|Aquincola tertiaricarbonis;392597||Pseudomonadota|Betaproteobacteria|Burkholderiales|Sphaerotilaceae|Piscinibacter|Piscinibacter aquaticus;413882||Pseudomonadota|Betaproteobacteria|Burkholderiales|Sphaerotilaceae|Caldimonas|Caldimonas brevitalea;1547922||Pseudomonadota|Betaproteobacteria|Burkholderiales|Sphaerotilaceae|Piscinibacter|Piscinibacter sakaiensis;1597781||Pseudomonadota|Betaproteobacteria|Burkholderiales||Eleftheria|Eleftheria terrae;2315841||Pseudomonadota|Betaproteobacteria|Burkholderiales|Sphaerotilaceae|Caldimonas|Caldimonas tepidiphila;2732868||Pseudomonadota|Betaproteobacteria|Burkholderiales|Sphaerotilaceae|Pseudaquabacterium|Pseudaquabacterium terrae;2742824||Pseudomonadota|Betaproteobacteria|Burkholderiales|Sphaerotilaceae|Piscinibacter|Piscinibacter koreensis;2824118||Pseudomonadota|Betaproteobacteria|Burkholderiales|Sphaerotilaceae|Ideonella|Ideonella alba;2944811||Pseudomonadota|Betaproteobacteria|Burkholderiales|Sphaerotilaceae|Caldimonas|Caldimonas mangrovi;3119538||Pseudomonadota|Betaproteobacteria|Burkholderiales|Sphaerotilaceae|Aquincola|Aquincola agrisoli	2055.454629
barcode15_120_filtered	34	0.020240	258515	258515||Bacillota|Clostridia|Eubacteriales|Oscillospiraceae|Acetanaerobacterium|Acetanaerobacterium elongatum	947.471960
barcode15_120_filtered	37	0.007691	192843;2527691;2596921;2793270;2987520;3386187	192843||Pseudomonadota|Betaproteobacteria|Burkholderiales|Comamonadaceae|Rhodoferax|Rhodoferax ferrireducens;2527691||Pseudomonadota|Betaproteobacteria|Burkholderiales|Comamonadaceae|Rhodoferax|Rhodoferax aquaticus;2596921||Pseudomonadota|Betaproteobacteria|Burkholderiales|Comamonadaceae|Caenimonas|Caenimonas sedimenti;2793270||Pseudomonadota|Betaproteobacteria|Burkholderiales|Comamonadaceae|Caenimonas|Caenimonas aquaedulcis;2987520||Pseudomonadota|Betaproteobacteria|Burkholderiales|Comamonadaceae|Acidovorax|Acidovorax benzenivorans;3386187||Pseudomonadota|Betaproteobacteria|Burkholderiales|Comamonadaceae|Candidatus Aalborgicola|Candidatus Aalborgicola defluviihabitans	360.004056
barcode15_120_filtered	48	0.002542	38402;225084;2683714	38402||Bacillota|Erysipelotrichia|Erysipelotrichales|Erysipelotrichaceae|Erysipelothrix|Erysipelothrix tonsillarum;225084||Bacillota|Erysipelotrichia|Erysipelotrichales|Erysipelotrichaceae|Erysipelothrix|Erysipelothrix inopinata;2683714||Bacillota|Erysipelotrichia|Erysipelotrichales|Erysipelotrichaceae|Erysipelothrix|Erysipelothrix aquatica	119.000000
barcode15_120_filtered	50	0.001414	1488331;1537567	1488331||Bacillota|Clostridia|Eubacteriales|Eubacteriales Family XII. Incertae Sedis|Fusibacter|Fusibacter bizertensis;1537567||Bacillota|Clostridia|Eubacteriales|Eubacteriales Family XII. Incertae Sedis|Fusibacter|Fusibacter fontis	66.178263
barcode15_120_filtered	52	0.001879	270498;626937;1805714;1816678;2763033	270498||Bacillota|Clostridia|Christensenellales|Christensenellaceae|Christensenella|Christensenella hongkongensis;626937||Bacillota|Clostridia|Christensenellales|Christensenellaceae|Christensenella|Christensenella minuta;1805714||Bacillota|Clostridia|Christensenellales|Christensenellaceae|Christensenella|Christensenella massiliensis;1816678||Bacillota|Clostridia|Christensenellales|Christensenellaceae|Christensenella|Christensenella timonensis;2763033||Bacillota|Clostridia|Christensenellales|Christensenellaceae|Christensenella|Christensenella tenuis	87.973355
barcode15_120_filtered	54	0.083649	1515;253314	1515||Bacillota|Clostridia|Eubacteriales|Oscillospiraceae|Acetivibrio|Acetivibrio thermocellus;253314||Bacillota|Clostridia|Eubacteriales|Oscillospiraceae|Acetivibrio|Acetivibrio straminisolvens	3915.703335
barcode15_120_filtered	55	0.025888	433293;1679721	433293||Bacillota|Clostridia|Lachnospirales|Lachnospiraceae|Anaerotaenia|Anaerotaenia torta;1679721||Bacillota|Clostridia|Lachnospirales|Lachnospiraceae|Herbinix|Herbinix luporum	1211.852608
barcode15_120_filtered	56	0.013132	1650661;1673721;1689270;2108523;2763052;2763053;2763059;2986526;3133171	1650661||Bacillota|Clostridia|Eubacteriales|Clostridiaceae|Clostridium|Clostridium phoceensis;1673721||Bacillota|Clostridia|Eubacteriales||Intestinimonas|Intestinimonas massiliensis (ex Afouda et al. 2020);1689270||Bacillota|Clostridia|Eubacteriales||Intestinimonas|Intestinimonas timonensis;2108523||Bacillota|Clostridia|Eubacteriales|Oscillospiraceae|Lawsonibacter|Lawsonibacter asaccharolyticus;2763052||Bacillota|Clostridia|Eubacteriales|Oscillospiraceae|Lawsonibacter|Lawsonibacter faecis;2763053||Bacillota|Clostridia|Eubacteriales|Oscillospiraceae|Lawsonibacter|Lawsonibacter hominis;2763059||Bacillota|Clostridia|Eubacteriales|Oscillospiraceae|Pseudoflavonifractor|Pseudoflavonifractor hominis;2986526||Bacillota|Clostridia|Eubacteriales|Oscillospiraceae|Lawsonibacter|Lawsonibacter celer;3133171||Bacillota|Clostridia|Eubacteriales|Oscillospiraceae|Pseudoflavonifractor|Pseudoflavonifractor intestinihominis	614.739881
barcode15_120_filtered	58	0.029585	2576756	2576756||Bacillota|Clostridia|Eubacteriales|Acutalibacteraceae|Caproicibacter|Caproicibacter fermentans	1384.923134
barcode15_120_filtered	65	0.003007	351091;2763042	351091||Bacillota|Clostridia|Eubacteriales|Oscillospiraceae|Oscillibacter|Oscillibacter valericigenes;2763042||Bacillota|Clostridia|Eubacteriales|Oscillospiraceae|Dysosmobacter|Dysosmobacter segnis	140.739867
barcode15_120_filtered	70	0.000342	1852363	1852363||Bacillota|Clostridia|Eubacteriales|Beduinellaceae|Beduinella|Beduinella massiliensis	16.000000
barcode15_120_filtered	83	0.000989	1794912	1794912||Bacillota|Negativicutes||Acetonemataceae|Anaerosporomusa|Anaerosporomusa subterranea	46.315661
barcode15_120_filtered	86	0.001976	1940525;2283627	1940525||Bacteroidota|Bacteroidia|Marinilabiliales|Marinifilaceae|Labilibaculum|Labilibaculum manganireducens;2283627||Bacteroidota|Bacteroidia|Marinilabiliales|Marinifilaceae|Ancylomarina|Ancylomarina euxinus	92.516130
barcode15_120_filtered	88	0.006440	1958780;2045012;2991836	1958780||Bacillota|Clostridia|Eubacteriales|Clostridiaceae|Clostridium|Clostridium merdae;2045012||Bacillota|Clostridia|Eubacteriales|Clostridiaceae|Clostridium|Clostridium minihomine;2991836||Bacillota|Clostridia|Eubacteriales|Oscillospiraceae|Faecalispora|Faecalispora anaeroviscerum	301.474670
barcode15_120_filtered	90	0.001480	44749	44749||Bacillota|Clostridia|Eubacteriales|Oscillospiraceae|Sporobacter|Sporobacter termitidis	69.257037
barcode15_120_filtered	97	0.008770	1550;1499683	1550||Bacillota|Clostridia|Eubacteriales|Clostridiaceae|Clostridium|Clostridium subterminale;1499683||Bacillota|Clostridia|Eubacteriales|Clostridiaceae|Clostridium|Clostridium culturomicium	410.544870
barcode15_120_filtered	100	0.110967	1096341	1096341||Bacillota|Clostridia|Eubacteriales|Clostridiaceae|Fonticella|Fonticella tunisiensis	5194.489347
barcode15_120_filtered	105	0.064205	36849	36849||Bacillota|Clostridia|Eubacteriales|Clostridiaceae|Oxobacter|Oxobacter pfennigii	3005.487059
barcode15_120_filtered	118	0.001044	100176	100176||Bacillota|Clostridia|Eubacteriales|Oscillospiraceae|Papillibacter|Papillibacter cinnamivorans	48.886513
barcode15_120_filtered	120	0.029503	397260;529705;1632740;2305907;2698828;2873268;3103142;3163295	397260||Pseudomonadota|Alphaproteobacteria|Sphingomonadales|Sphingomonadaceae|Sphingomonas|Sphingomonas sanxanigenens;529705||Pseudomonadota|Alphaproteobacteria|Sphingomonadales|Sphingomonadaceae|Sphingomonas|Sphingomonas changbaiensis;1632740||Pseudomonadota|Alphaproteobacteria|Sphingomonadales|Sphingomonadaceae|Sphingomonas|Sphingomonas zeicaulis;2305907||Pseudomonadota|Alphaproteobacteria|Sphingomonadales|Sphingomonadaceae|Sphingomonas|Sphingomonas gilva;2698828||Pseudomonadota|Alphaproteobacteria|Sphingomonadales|Sphingomonadaceae|Sphingomonas|Sphingomonas lacunae;2873268||Pseudomonadota|Alphaproteobacteria|Sphingomonadales|Sphingomonadaceae|Hephaestia|Hephaestia mangrovi;3103142||Pseudomonadota|Alphaproteobacteria|Sphingomonadales|Sphingomonadaceae|Sphingomonas|Sphingomonas rustica;3163295||Pseudomonadota|Alphaproteobacteria|Sphingomonadales|Sphingomonadaceae|Sphingomonas|Sphingomonas plantiphila	1381.073207
barcode15_120_filtered	121	0.002136	2941510	2941510||Bacillota|Clostridia|Eubacteriales|Pumilibacteraceae|Pumilibacter|Pumilibacter muris	99.999971
barcode15_120_filtered	124	0.008978	2528036;2583234;2593021;2670345;2699202;2852097	2528036||Pseudomonadota|Alphaproteobacteria|Rhodobacterales|Paracoccaceae|Tabrizicola|Tabrizicola caldifontis;2583234||Pseudomonadota|Alphaproteobacteria|Rhodobacterales|Paracoccaceae|Paragemmobacter|Paragemmobacter kunshanensis;2593021||Pseudomonadota|Alphaproteobacteria|Rhodobacterales|Paracoccaceae|Tabrizicola|Tabrizicola flagellatus;2670345||Pseudomonadota|Alphaproteobacteria|Rhodobacterales|Paracoccaceae|Tabrizicola|Tabrizicola thermarum;2699202||Pseudomonadota|Alphaproteobacteria|Rhodobacterales|Paracoccaceae|Stagnihabitans|Stagnihabitans tardus;2852097||Pseudomonadota|Alphaproteobacteria|Rhodobacterales|Paracoccaceae|Paragemmobacter|Paragemmobacter amnigenus	420.258988
barcode15_120_filtered	125	0.031762	320502	320502||Bacillota|Clostridia|Eubacteriales|Oscillospiraceae|Acetivibrio|Acetivibrio alkalicellulosi	1486.824111
barcode15_120_filtered	139	0.006357	33052;173675;574956;651663;2871171	33052||Pseudomonadota|Alphaproteobacteria|Sphingomonadales|Sphingopyxidaceae|Sphingopyxis|Sphingopyxis terrae;173675||Pseudomonadota|Alphaproteobacteria|Sphingomonadales|Sphingopyxidaceae|Sphingopyxis|Sphingopyxis witflariensis;574956||Pseudomonadota|Alphaproteobacteria|Sphingomonadales|Sphingomonadaceae|Novosphingobium|Novosphingobium soli;651663||Pseudomonadota|Alphaproteobacteria|Sphingomonadales|Sphingopyxidaceae|Sphingopyxis|Sphingopyxis bauzanensis;2871171||Pseudomonadota|Alphaproteobacteria|Sphingomonadales|Sphingopyxidaceae|Sphingopyxis|Sphingopyxis jiangsuensis	297.558818
barcode15_120_filtered	143	0.003184	879969	879969||Bacteroidota|Bacteroidia|Bacteroidales|Porphyromonadaceae|Macellibacteroides|Macellibacteroides fermentans	149.034585
barcode15_120_filtered	149	0.021899	1112;35811;198312;1161202;1532023;2509361;2969984;2987523;3019556;3127706	1112||Pseudomonadota|Alphaproteobacteria|Sphingomonadales|Erythrobacteraceae|Erythrobacter|Erythrobacter neustonensis;35811||Pseudomonadota|Alphaproteobacteria|Sphingomonadales|Erythrobacteraceae|Erythrobacter|Erythrobacter ramosus;198312||Pseudomonadota|Alphaproteobacteria|Sphingomonadales|Erythrobacteraceae|Erythrobacter|Erythrobacter sanguineus;1161202||Pseudomonadota|Alphaproteobacteria|Sphingomonadales|Erythrobacteraceae|Erythrobacter|Erythrobacter colymbi;1532023||Pseudomonadota|Alphaproteobacteria|Sphingomonadales|Erythrobacteraceae|Qipengyuania|Qipengyuania sediminis;2509361||Pseudomonadota|Alphaproteobacteria|Sphingomonadales|Erythrobacteraceae|Qipengyuania|Qipengyuania thermophila;2969984||Pseudomonadota|Alphaproteobacteria|Sphingomonadales|Erythrobacteraceae|Parerythrobacter|Parerythrobacter lacustris;2987523||Pseudomonadota|Alphaproteobacteria|Sphingomonadales|Erythrobacteraceae|Erythrobacter|Erythrobacter fulvus;3019556||Pseudomonadota|Alphaproteobacteria|Sphingomonadales|Erythrobacteraceae|Erythrobacter|Erythrobacter oryzae;3127706||Pseudomonadota|Alphaproteobacteria|Sphingomonadales|Erythrobacteraceae|Parerythrobacter|Parerythrobacter aurantius	1025.131815
barcode15_120_filtered	150	0.006709	1439888;1981098;2672568;2675220	1439888||Pseudomonadota|Alphaproteobacteria|Sphingomonadales|Sphingosinicellaceae|Sandarakinorhabdus|Sandarakinorhabdus fusca;1981098||Pseudomonadota|Alphaproteobacteria|Sphingomonadales|Sphingosinicellaceae|Sandarakinorhabdus|Sandarakinorhabdus cyanobacteriorum;2672568||Pseudomonadota|Alphaproteobacteria|Sphingomonadales|Sphingosinicellaceae|Sandarakinorhabdus|Sandarakinorhabdus rubra;2675220||Pseudomonadota|Alphaproteobacteria|Sphingomonadales|Sphingosinicellaceae|Sandarakinorhabdus|Sandarakinorhabdus oryzae	314.041398
barcode15_120_filtered	153	0.004493	433286;1727145;2696063	433286||Bacillota|Clostridia|Lachnospirales|Lachnospiraceae|Anaerocolumna|Anaerocolumna cellulosilytica;1727145||Bacillota|Clostridia|Lachnospirales|Lachnospiraceae|Anaerocolumna|Anaerocolumna chitinilytica;2696063||Bacillota|Clostridia|Lachnospirales|Lachnospiraceae|Anaerocolumna|Anaerocolumna sedimenticola	210.298868
barcode15_120_filtered	181	0.004168	52692	52692||Bacillota|Clostridia|Eubacteriales|Eubacteriaceae|Acetobacterium|Acetobacterium malicum	195.087875
barcode15_120_filtered	184	0.021597	295419;687525;1123067;2585369;2817372	295419||Pseudomonadota|Alphaproteobacteria|Rhodobacterales|Roseobacteraceae|Rubellimicrobium|Rubellimicrobium thermophilum;687525||Pseudomonadota|Alphaproteobacteria|Rhodobacterales|Roseobacteraceae|Rubellimicrobium|Rubellimicrobium roseum;1123067||Pseudomonadota|Alphaproteobacteria|Rhodobacterales|Roseobacteraceae|Rubellimicrobium|Rubellimicrobium mesophilum;2585369||Pseudomonadota|Alphaproteobacteria|Rhodobacterales|Roseobacteraceae|Rubellimicrobium|Rubellimicrobium rubrum;2817372||Pseudomonadota|Alphaproteobacteria|Rhodobacterales|Roseobacteraceae|Rubellimicrobium|Rubellimicrobium arenae	1010.996628
barcode15_120_filtered	190	0.003189	937251	937251||Bacillota|Clostridia|Eubacteriales|Clostridiaceae|Youngiibacter|Youngiibacter multivorans	149.283443
barcode15_120_filtered	195	0.063502	195105;875041;909926;933059;1445661;2030009;2185115;2305252;2494374;2709381;2710650;2909234	195105||Pseudomonadota|Alphaproteobacteria|Rhodobacterales|Paracoccaceae|Haematobacter|Haematobacter massiliensis;875041||Pseudomonadota|Alphaproteobacteria|Rhodobacterales|Paracoccaceae|Neogemmobacter|Neogemmobacter tilapiae;909926||Pseudomonadota|Alphaproteobacteria|Rhodobacterales|Paracoccaceae|Tabrizicola|Tabrizicola aquatica;933059||Pseudomonadota|Alphaproteobacteria|Rhodobacterales|Paracoccaceae|Gemmobacter|Gemmobacter aquatilis;1445661||Pseudomonadota|Alphaproteobacteria|Rhodobacterales|Paracoccaceae|Aliigemmobacter|Aliigemmobacter aestuarii;2030009||Pseudomonadota|Alphaproteobacteria|Rhodobacterales|Paracoccaceae|Pseudotabrizicola|Pseudotabrizicola formosa;2185115||Pseudomonadota|Alphaproteobacteria|Rhodobacterales|Paracoccaceae|Tabrizicola|Tabrizicola soli;2305252||Pseudomonadota|Alphaproteobacteria|Rhodobacterales|Paracoccaceae|Pseudotabrizicola|Pseudotabrizicola alkalilacus;2494374||Pseudomonadota|Alphaproteobacteria|Rhodobacterales|Paracoccaceae|Tabrizicola|Tabrizicola piscis;2709381||Pseudomonadota|Alphaproteobacteria|Rhodobacterales|Paracoccaceae|Pseudotabrizicola|Pseudotabrizicola algicola;2710650||Pseudomonadota|Alphaproteobacteria|Rhodobacterales|Paracoccaceae|Tabrizicola|Tabrizicola oligotrophica;2909234||Pseudomonadota|Alphaproteobacteria|Rhodobacterales|Paracoccaceae|Aliitabrizicola|Alitabrizicola rongguiensis	2972.595711
barcode15_120_filtered	196	0.064007	2496273	2496273||Bacillota|Clostridia|Caldicoprobacterales|Xylanivirgaceae|Xylanivirga|Xylanivirga thermophila	2996.222154
barcode15_120_filtered	207	0.006068	203699	203699||Pseudomonadota|Betaproteobacteria|Burkholderiales|Alcaligenaceae|Derxia|Derxia gummosa	284.042521
barcode15_120_filtered	209	0.001034	185300	185300||Bacteroidota|Bacteroidia|Bacteroidales|Paludibacteraceae|Paludibacter|Paludibacter propionicigenes	48.417578
barcode15_120_filtered	216	0.026026	642589	642589||Bacillota|Clostridia|Eubacteriales|Acutalibacteraceae|Caproiciproducens|Caproiciproducens galactitolivorans	1218.324050
barcode15_120_filtered	219	0.001474	2010828	2010828||Bacteroidota|Bacteroidia|Marinilabiliales|Prolixibacteraceae|Aquipluma|Aquipluma nitroreducens	69.000000
barcode15_120_filtered	222	0.002786	913099	913099||Bacillota|Tissierellia|||Sedimentibacter|Sedimentibacter acidaminivorans	130.403730
barcode15_120_filtered	225	0.000825	130788	130788||Bacillota|Tissierellia|||Sedimentibacter|Sedimentibacter saalensis	38.596270
barcode15_120_filtered	232	0.050823	2507161	2507161||Bacillota|Tissierellia|Tissierellales|Acidilutibacteraceae|Acidilutibacter|Acidilutibacter cellobiosedens	2379.056399
barcode16_120_filtered	2	0.006393	1076412	1076412||Bacillota|Negativicutes|Selenomonadales|Sporomusaceae|Pelosinus|Pelosinus defluvii	296.713733
barcode16_120_filtered	3	0.039510	29355;48256;396504	29355||Bacillota|Clostridia|Eubacteriales|Oscillospiraceae|Ruminiclostridium|Ruminiclostridium cellobioparum;48256||Bacillota|Clostridia|Eubacteriales|Oscillospiraceae|Ruminiclostridium|Ruminiclostridium hungatei;396504||Bacillota|Clostridia|Eubacteriales|Oscillospiraceae|Ruminiclostridium|Ruminiclostridium sufflavum	1833.857811
barcode16_120_filtered	4	0.023354	1499;1521	1499||Bacillota|Clostridia|Eubacteriales|Oscillospiraceae|Ruminiclostridium|Ruminiclostridium josui;1521||Bacillota|Clostridia|Eubacteriales|Oscillospiraceae|Ruminiclostridium|Ruminiclostridium cellulolyticum	1083.995623
barcode16_120_filtered	10	0.003024	659425	659425||Bacillota|Clostridia|Eubacteriales|Oscillospiraceae|Thermoclostridium|Thermoclostridium caenicola	140.370353
barcode16_120_filtered	12	0.002726	288965	288965||Bacillota|Clostridia|Eubacteriales|Oscillospiraceae|Acetivibrio|Acetivibrio clariflavus	126.547989
barcode16_120_filtered	14	0.012733	394284	394284||Bacillota|Negativicutes|Selenomonadales|Sporomusaceae|Psychrosinus|Psychrosinus fermentans	591.003216
barcode16_120_filtered	17	0.004375	2763673	2763673||Bacillota|Clostridia|Eubacteriales|Oscillospiraceae|Yanshouia|Yanshouia hominis	203.052910
barcode16_120_filtered	22	0.005390	335605;386874;2303576;2904799;2908206;2908208;2992113	335605||Pseudomonadota|Alphaproteobacteria|Sphingomonadales|Sphingomonadaceae|Sphingomonas|Sphingomonas rosea;386874||Pseudomonadota|Alphaproteobacteria|Sphingomonadales|Sphingomonadaceae|Sphingomonas|Sphingomonas sediminicola;2303576||Pseudomonadota|Alphaproteobacteria|Sphingomonadales|Sphingomonadaceae|Sphingomonas|Sphingomonas mesophila;2904799||Pseudomonadota|Alphaproteobacteria|Sphingomonadales|Sphingomonadaceae|Sphingomonas|Sphingomonas cremea;2908206||Pseudomonadota|Alphaproteobacteria|Sphingomonadales|Sphingomonadaceae|Sphingomonas|Sphingomonas brevis;2908208||Pseudomonadota|Alphaproteobacteria|Sphingomonadales|Sphingomonadaceae|Sphingomonas|Sphingomonas alba;2992113||Pseudomonadota|Alphaproteobacteria|Sphingomonadales|Sphingomonadaceae|Sphingomonas|Sphingomonas arvum	250.196590
barcode16_120_filtered	23	0.005752	2590199;2918171;2922725;2925406	2590199||Myxococcota|Myxococcia|Myxococcales|Anaeromyxobacteraceae|Anaeromyxobacter|Anaeromyxobacter diazotrophicus;2918171||Myxococcota|Myxococcia|Myxococcales|Anaeromyxobacteraceae|Anaeromyxobacter|Anaeromyxobacter paludicola;2922725||Myxococcota|Myxococcia|Myxococcales|Anaeromyxobacteraceae|Anaeromyxobacter|Anaeromyxobacter soli;2925406||Myxococcota|Myxococcia|Myxococcales|Anaeromyxobacteraceae|Anaeromyxobacter|Anaeromyxobacter terrae	266.980896
barcode16_120_filtered	26	0.005545	3046382;3046383	3046382||Bacillota|Clostridia|Eubacteriales|Aristaeellaceae|Aristaeella|Aristaeella hokkaidonensis;3046383||Bacillota|Clostridia|Eubacteriales|Aristaeellaceae|Aristaeella|Aristaeella lactis	257.372878
barcode16_120_filtered	27	0.027904	70582;364039;391953;392597;413882;1547922;1597781;2315841;2732868;2742824;2824118;2944811;3119538	70582||Pseudomonadota|Betaproteobacteria|Burkholderiales||Aquabacterium|Aquabacterium citratiphilum;364039||Pseudomonadota|Betaproteobacteria|Burkholderiales|Sphaerotilaceae|Azohydromonas|Azohydromonas australica;391953||Pseudomonadota|Betaproteobacteria|Burkholderiales|Sphaerotilaceae|Aquincola|Aquincola tertiaricarbonis;392597||Pseudomonadota|Betaproteobacteria|Burkholderiales|Sphaerotilaceae|Piscinibacter|Piscinibacter aquaticus;413882||Pseudomonadota|Betaproteobacteria|Burkholderiales|Sphaerotilaceae|Caldimonas|Caldimonas brevitalea;1547922||Pseudomonadota|Betaproteobacteria|Burkholderiales|Sphaerotilaceae|Piscinibacter|Piscinibacter sakaiensis;1597781||Pseudomonadota|Betaproteobacteria|Burkholderiales||Eleftheria|Eleftheria terrae;2315841||Pseudomonadota|Betaproteobacteria|Burkholderiales|Sphaerotilaceae|Caldimonas|Caldimonas tepidiphila;2732868||Pseudomonadota|Betaproteobacteria|Burkholderiales|Sphaerotilaceae|Pseudaquabacterium|Pseudaquabacterium terrae;2742824||Pseudomonadota|Betaproteobacteria|Burkholderiales|Sphaerotilaceae|Piscinibacter|Piscinibacter koreensis;2824118||Pseudomonadota|Betaproteobacteria|Burkholderiales|Sphaerotilaceae|Ideonella|Ideonella alba;2944811||Pseudomonadota|Betaproteobacteria|Burkholderiales|Sphaerotilaceae|Caldimonas|Caldimonas mangrovi;3119538||Pseudomonadota|Betaproteobacteria|Burkholderiales|Sphaerotilaceae|Aquincola|Aquincola agrisoli	1295.143655
barcode16_120_filtered	34	0.007662	258515	258515||Bacillota|Clostridia|Eubacteriales|Oscillospiraceae|Acetanaerobacterium|Acetanaerobacterium elongatum	355.613046
barcode16_120_filtered	37	0.009586	192843;2527691;2596921;2793270;2987520;3386187	192843||Pseudomonadota|Betaproteobacteria|Burkholderiales|Comamonadaceae|Rhodoferax|Rhodoferax ferrireducens;2527691||Pseudomonadota|Betaproteobacteria|Burkholderiales|Comamonadaceae|Rhodoferax|Rhodoferax aquaticus;2596921||Pseudomonadota|Betaproteobacteria|Burkholderiales|Comamonadaceae|Caenimonas|Caenimonas sedimenti;2793270||Pseudomonadota|Betaproteobacteria|Burkholderiales|Comamonadaceae|Caenimonas|Caenimonas aquaedulcis;2987520||Pseudomonadota|Betaproteobacteria|Burkholderiales|Comamonadaceae|Acidovorax|Acidovorax benzenivorans;3386187||Pseudomonadota|Betaproteobacteria|Burkholderiales|Comamonadaceae|Candidatus Aalborgicola|Candidatus Aalborgicola defluviihabitans	444.919196
barcode16_120_filtered	43	0.004007	2725268	2725268||Mycoplasmatota|Mollicutes|Candidatus Izemoplasmatales|Hujiaoplasmataceae|Hujiaoplasma|Hujiaoplasma nucleasis	185.994611
barcode16_120_filtered	48	0.022259	38402;225084;2683714	38402||Bacillota|Erysipelotrichia|Erysipelotrichales|Erysipelotrichaceae|Erysipelothrix|Erysipelothrix tonsillarum;225084||Bacillota|Erysipelotrichia|Erysipelotrichales|Erysipelotrichaceae|Erysipelothrix|Erysipelothrix inopinata;2683714||Bacillota|Erysipelotrichia|Erysipelotrichales|Erysipelotrichaceae|Erysipelothrix|Erysipelothrix aquatica	1033.131316
barcode16_120_filtered	50	0.009875	1488331;1537567	1488331||Bacillota|Clostridia|Eubacteriales|Eubacteriales Family XII. Incertae Sedis|Fusibacter|Fusibacter bizertensis;1537567||Bacillota|Clostridia|Eubacteriales|Eubacteriales Family XII. Incertae Sedis|Fusibacter|Fusibacter fontis	458.360175
barcode16_120_filtered	52	0.010752	270498;626937;1805714;1816678;2763033	270498||Bacillota|Clostridia|Christensenellales|Christensenellaceae|Christensenella|Christensenella hongkongensis;626937||Bacillota|Clostridia|Christensenellales|Christensenellaceae|Christensenella|Christensenella minuta;1805714||Bacillota|Clostridia|Christensenellales|Christensenellaceae|Christensenella|Christensenella massiliensis;1816678||Bacillota|Clostridia|Christensenellales|Christensenellaceae|Christensenella|Christensenella timonensis;2763033||Bacillota|Clostridia|Christensenellales|Christensenellaceae|Christensenella|Christensenella tenuis	499.050582
barcode16_120_filtered	54	0.019686	1515;253314	1515||Bacillota|Clostridia|Eubacteriales|Oscillospiraceae|Acetivibrio|Acetivibrio thermocellus;253314||Bacillota|Clostridia|Eubacteriales|Oscillospiraceae|Acetivibrio|Acetivibrio straminisolvens	913.713132
barcode16_120_filtered	55	0.023692	433293;1679721	433293||Bacillota|Clostridia|Lachnospirales|Lachnospiraceae|Anaerotaenia|Anaerotaenia torta;1679721||Bacillota|Clostridia|Lachnospirales|Lachnospiraceae|Herbinix|Herbinix luporum	1099.671867
barcode16_120_filtered	56	0.022481	1650661;1673721;1689270;2108523;2763052;2763053;2763059;2986526;3133171	1650661||Bacillota|Clostridia|Eubacteriales|Clostridiaceae|Clostridium|Clostridium phoceensis;1673721||Bacillota|Clostridia|Eubacteriales||Intestinimonas|Intestinimonas massiliensis (ex Afouda et al. 2020);1689270||Bacillota|Clostridia|Eubacteriales||Intestinimonas|Intestinimonas timonensis;2108523||Bacillota|Clostridia|Eubacteriales|Oscillospiraceae|Lawsonibacter|Lawsonibacter asaccharolyticus;2763052||Bacillota|Clostridia|Eubacteriales|Oscillospiraceae|Lawsonibacter|Lawsonibacter faecis;2763053||Bacillota|Clostridia|Eubacteriales|Oscillospiraceae|Lawsonibacter|Lawsonibacter hominis;2763059||Bacillota|Clostridia|Eubacteriales|Oscillospiraceae|Pseudoflavonifractor|Pseudoflavonifractor hominis;2986526||Bacillota|Clostridia|Eubacteriales|Oscillospiraceae|Lawsonibacter|Lawsonibacter celer;3133171||Bacillota|Clostridia|Eubacteriales|Oscillospiraceae|Pseudoflavonifractor|Pseudoflavonifractor intestinihominis	1043.439936
barcode16_120_filtered	59	0.006182	2941519	2941519||Bacillota|Clostridia|Eubacteriales|Oscillospiraceae|Vermiculatibacterium|Vermiculatibacterium agrestimuris	286.929958
barcode16_120_filtered	65	0.009265	351091;2763042	351091||Bacillota|Clostridia|Eubacteriales|Oscillospiraceae|Oscillibacter|Oscillibacter valericigenes;2763042||Bacillota|Clostridia|Eubacteriales|Oscillospiraceae|Dysosmobacter|Dysosmobacter segnis	430.021584
barcode16_120_filtered	70	0.046151	1852363	1852363||Bacillota|Clostridia|Eubacteriales|Beduinellaceae|Beduinella|Beduinella massiliensis	2142.081630
barcode16_120_filtered	83	0.011741	1794912	1794912||Bacillota|Negativicutes||Acetonemataceae|Anaerosporomusa|Anaerosporomusa subterranea	544.971037
barcode16_120_filtered	86	0.005945	1940525;2283627	1940525||Bacteroidota|Bacteroidia|Marinilabiliales|Marinifilaceae|Labilibaculum|Labilibaculum manganireducens;2283627||Bacteroidota|Bacteroidia|Marinilabiliales|Marinifilaceae|Ancylomarina|Ancylomarina euxinus	275.915124
barcode16_120_filtered	88	0.000384	1958780;2045012;2991836	1958780||Bacillota|Clostridia|Eubacteriales|Clostridiaceae|Clostridium|Clostridium merdae;2045012||Bacillota|Clostridia|Eubacteriales|Clostridiaceae|Clostridium|Clostridium minihomine;2991836||Bacillota|Clostridia|Eubacteriales|Oscillospiraceae|Faecalispora|Faecalispora anaeroviscerum	17.810714
barcode16_120_filtered	90	0.008021	44749	44749||Bacillota|Clostridia|Eubacteriales|Oscillospiraceae|Sporobacter|Sporobacter termitidis	372.276044
barcode16_120_filtered	100	0.056958	1096341	1096341||Bacillota|Clostridia|Eubacteriales|Clostridiaceae|Fonticella|Fonticella tunisiensis	2643.726332
barcode16_120_filtered	102	0.002101	2508949	2508949||Bacillota|Clostridia|Christensenellales|Christensenellaceae|Candidatus Borkfalkia|Candidatus Borkfalkia ceftriaxoniphila	97.531487
barcode16_120_filtered	105	0.010871	36849	36849||Bacillota|Clostridia|Eubacteriales|Clostridiaceae|Oxobacter|Oxobacter pfennigii	504.593138
barcode16_120_filtered	118	0.014304	100176	100176||Bacillota|Clostridia|Eubacteriales|Oscillospiraceae|Papillibacter|Papillibacter cinnamivorans	663.921832
barcode16_120_filtered	120	0.046510	397260;529705;1632740;2305907;2698828;2873268;3103142;3163295	397260||Pseudomonadota|Alphaproteobacteria|Sphingomonadales|Sphingomonadaceae|Sphingomonas|Sphingomonas sanxanigenens;529705||Pseudomonadota|Alphaproteobacteria|Sphingomonadales|Sphingomonadaceae|Sphingomonas|Sphingomonas changbaiensis;1632740||Pseudomonadota|Alphaproteobacteria|Sphingomonadales|Sphingomonadaceae|Sphingomonas|Sphingomonas zeicaulis;2305907||Pseudomonadota|Alphaproteobacteria|Sphingomonadales|Sphingomonadaceae|Sphingomonas|Sphingomonas gilva;2698828||Pseudomonadota|Alphaproteobacteria|Sphingomonadales|Sphingomonadaceae|Sphingomonas|Sphingomonas lacunae;2873268||Pseudomonadota|Alphaproteobacteria|Sphingomonadales|Sphingomonadaceae|Hephaestia|Hephaestia mangrovi;3103142||Pseudomonadota|Alphaproteobacteria|Sphingomonadales|Sphingomonadaceae|Sphingomonas|Sphingomonas rustica;3163295||Pseudomonadota|Alphaproteobacteria|Sphingomonadales|Sphingomonadaceae|Sphingomonas|Sphingomonas plantiphila	2158.775109
barcode16_120_filtered	121	0.007897	2941510	2941510||Bacillota|Clostridia|Eubacteriales|Pumilibacteraceae|Pumilibacter|Pumilibacter muris	366.538510
barcode16_120_filtered	124	0.009078	2528036;2583234;2593021;2670345;2699202;2852097	2528036||Pseudomonadota|Alphaproteobacteria|Rhodobacterales|Paracoccaceae|Tabrizicola|Tabrizicola caldifontis;2583234||Pseudomonadota|Alphaproteobacteria|Rhodobacterales|Paracoccaceae|Paragemmobacter|Paragemmobacter kunshanensis;2593021||Pseudomonadota|Alphaproteobacteria|Rhodobacterales|Paracoccaceae|Tabrizicola|Tabrizicola flagellatus;2670345||Pseudomonadota|Alphaproteobacteria|Rhodobacterales|Paracoccaceae|Tabrizicola|Tabrizicola thermarum;2699202||Pseudomonadota|Alphaproteobacteria|Rhodobacterales|Paracoccaceae|Stagnihabitans|Stagnihabitans tardus;2852097||Pseudomonadota|Alphaproteobacteria|Rhodobacterales|Paracoccaceae|Paragemmobacter|Paragemmobacter amnigenus	421.377149
barcode16_120_filtered	125	0.005141	320502	320502||Bacillota|Clostridia|Eubacteriales|Oscillospiraceae|Acetivibrio|Acetivibrio alkalicellulosi	238.622625
barcode16_120_filtered	139	0.005015	33052;173675;574956;651663;2871171	33052||Pseudomonadota|Alphaproteobacteria|Sphingomonadales|Sphingopyxidaceae|Sphingopyxis|Sphingopyxis terrae;173675||Pseudomonadota|Alphaproteobacteria|Sphingomonadales|Sphingopyxidaceae|Sphingopyxis|Sphingopyxis witflariensis;574956||Pseudomonadota|Alphaproteobacteria|Sphingomonadales|Sphingomonadaceae|Novosphingobium|Novosphingobium soli;651663||Pseudomonadota|Alphaproteobacteria|Sphingomonadales|Sphingopyxidaceae|Sphingopyxis|Sphingopyxis bauzanensis;2871171||Pseudomonadota|Alphaproteobacteria|Sphingomonadales|Sphingopyxidaceae|Sphingopyxis|Sphingopyxis jiangsuensis	232.773131
barcode16_120_filtered	143	0.029111	879969	879969||Bacteroidota|Bacteroidia|Bacteroidales|Porphyromonadaceae|Macellibacteroides|Macellibacteroides fermentans	1351.194239
barcode16_120_filtered	149	0.021831	1112;35811;198312;1161202;1532023;2509361;2969984;2987523;3019556;3127706	1112||Pseudomonadota|Alphaproteobacteria|Sphingomonadales|Erythrobacteraceae|Erythrobacter|Erythrobacter neustonensis;35811||Pseudomonadota|Alphaproteobacteria|Sphingomonadales|Erythrobacteraceae|Erythrobacter|Erythrobacter ramosus;198312||Pseudomonadota|Alphaproteobacteria|Sphingomonadales|Erythrobacteraceae|Erythrobacter|Erythrobacter sanguineus;1161202||Pseudomonadota|Alphaproteobacteria|Sphingomonadales|Erythrobacteraceae|Erythrobacter|Erythrobacter colymbi;1532023||Pseudomonadota|Alphaproteobacteria|Sphingomonadales|Erythrobacteraceae|Qipengyuania|Qipengyuania sediminis;2509361||Pseudomonadota|Alphaproteobacteria|Sphingomonadales|Erythrobacteraceae|Qipengyuania|Qipengyuania thermophila;2969984||Pseudomonadota|Alphaproteobacteria|Sphingomonadales|Erythrobacteraceae|Parerythrobacter|Parerythrobacter lacustris;2987523||Pseudomonadota|Alphaproteobacteria|Sphingomonadales|Erythrobacteraceae|Erythrobacter|Erythrobacter fulvus;3019556||Pseudomonadota|Alphaproteobacteria|Sphingomonadales|Erythrobacteraceae|Erythrobacter|Erythrobacter oryzae;3127706||Pseudomonadota|Alphaproteobacteria|Sphingomonadales|Erythrobacteraceae|Parerythrobacter|Parerythrobacter aurantius	1013.301042
barcode16_120_filtered	150	0.003813	1439888;1981098;2672568;2675220	1439888||Pseudomonadota|Alphaproteobacteria|Sphingomonadales|Sphingosinicellaceae|Sandarakinorhabdus|Sandarakinorhabdus fusca;1981098||Pseudomonadota|Alphaproteobacteria|Sphingomonadales|Sphingosinicellaceae|Sandarakinorhabdus|Sandarakinorhabdus cyanobacteriorum;2672568||Pseudomonadota|Alphaproteobacteria|Sphingomonadales|Sphingosinicellaceae|Sandarakinorhabdus|Sandarakinorhabdus rubra;2675220||Pseudomonadota|Alphaproteobacteria|Sphingomonadales|Sphingosinicellaceae|Sandarakinorhabdus|Sandarakinorhabdus oryzae	177.000112
barcode16_120_filtered	153	0.000891	433286;1727145;2696063	433286||Bacillota|Clostridia|Lachnospirales|Lachnospiraceae|Anaerocolumna|Anaerocolumna cellulosilytica;1727145||Bacillota|Clostridia|Lachnospirales|Lachnospiraceae|Anaerocolumna|Anaerocolumna chitinilytica;2696063||Bacillota|Clostridia|Lachnospirales|Lachnospiraceae|Anaerocolumna|Anaerocolumna sedimenticola	41.334543
barcode16_120_filtered	181	0.006488	52692	52692||Bacillota|Clostridia|Eubacteriales|Eubacteriaceae|Acetobacterium|Acetobacterium malicum	301.144392
barcode16_120_filtered	184	0.007346	295419;687525;1123067;2585369;2817372	295419||Pseudomonadota|Alphaproteobacteria|Rhodobacterales|Roseobacteraceae|Rubellimicrobium|Rubellimicrobium thermophilum;687525||Pseudomonadota|Alphaproteobacteria|Rhodobacterales|Roseobacteraceae|Rubellimicrobium|Rubellimicrobium roseum;1123067||Pseudomonadota|Alphaproteobacteria|Rhodobacterales|Roseobacteraceae|Rubellimicrobium|Rubellimicrobium mesophilum;2585369||Pseudomonadota|Alphaproteobacteria|Rhodobacterales|Roseobacteraceae|Rubellimicrobium|Rubellimicrobium rubrum;2817372||Pseudomonadota|Alphaproteobacteria|Rhodobacterales|Roseobacteraceae|Rubellimicrobium|Rubellimicrobium arenae	340.973884
barcode16_120_filtered	190	0.025839	937251	937251||Bacillota|Clostridia|Eubacteriales|Clostridiaceae|Youngiibacter|Youngiibacter multivorans	1199.330207
barcode16_120_filtered	195	0.045050	195105;875041;909926;933059;1445661;2030009;2185115;2305252;2494374;2709381;2710650;2909234	195105||Pseudomonadota|Alphaproteobacteria|Rhodobacterales|Paracoccaceae|Haematobacter|Haematobacter massiliensis;875041||Pseudomonadota|Alphaproteobacteria|Rhodobacterales|Paracoccaceae|Neogemmobacter|Neogemmobacter tilapiae;909926||Pseudomonadota|Alphaproteobacteria|Rhodobacterales|Paracoccaceae|Tabrizicola|Tabrizicola aquatica;933059||Pseudomonadota|Alphaproteobacteria|Rhodobacterales|Paracoccaceae|Gemmobacter|Gemmobacter aquatilis;1445661||Pseudomonadota|Alphaproteobacteria|Rhodobacterales|Paracoccaceae|Aliigemmobacter|Aliigemmobacter aestuarii;2030009||Pseudomonadota|Alphaproteobacteria|Rhodobacterales|Paracoccaceae|Pseudotabrizicola|Pseudotabrizicola formosa;2185115||Pseudomonadota|Alphaproteobacteria|Rhodobacterales|Paracoccaceae|Tabrizicola|Tabrizicola soli;2305252||Pseudomonadota|Alphaproteobacteria|Rhodobacterales|Paracoccaceae|Pseudotabrizicola|Pseudotabrizicola alkalilacus;2494374||Pseudomonadota|Alphaproteobacteria|Rhodobacterales|Paracoccaceae|Tabrizicola|Tabrizicola piscis;2709381||Pseudomonadota|Alphaproteobacteria|Rhodobacterales|Paracoccaceae|Pseudotabrizicola|Pseudotabrizicola algicola;2710650||Pseudomonadota|Alphaproteobacteria|Rhodobacterales|Paracoccaceae|Tabrizicola|Tabrizicola oligotrophica;2909234||Pseudomonadota|Alphaproteobacteria|Rhodobacterales|Paracoccaceae|Aliitabrizicola|Alitabrizicola rongguiensis	2091.000957
barcode16_120_filtered	196	0.036254	2496273	2496273||Bacillota|Clostridia|Caldicoprobacterales|Xylanivirgaceae|Xylanivirga|Xylanivirga thermophila	1682.745988
barcode16_120_filtered	207	0.003264	203699	203699||Pseudomonadota|Betaproteobacteria|Burkholderiales|Alcaligenaceae|Derxia|Derxia gummosa	151.512991
barcode16_120_filtered	209	0.011971	185300	185300||Bacteroidota|Bacteroidia|Bacteroidales|Paludibacteraceae|Paludibacter|Paludibacter propionicigenes	555.634737
barcode16_120_filtered	216	0.002945	642589	642589||Bacillota|Clostridia|Eubacteriales|Acutalibacteraceae|Caproiciproducens|Caproiciproducens galactitolivorans	136.677999
barcode16_120_filtered	219	0.027113	2010828	2010828||Bacteroidota|Bacteroidia|Marinilabiliales|Prolixibacteraceae|Aquipluma|Aquipluma nitroreducens	1258.450106
barcode16_120_filtered	221	0.073169	288966	288966||Bacillota|Clostridia|Lutisporales|Lutisporaceae|Lutispora|Lutispora thermophila	3396.118545
barcode16_120_filtered	222	0.013700	913099	913099||Bacillota|Tissierellia|||Sedimentibacter|Sedimentibacter acidaminivorans	635.866837
barcode16_120_filtered	225	0.013720	130788	130788||Bacillota|Tissierellia|||Sedimentibacter|Sedimentibacter saalensis	636.790713
barcode16_120_filtered	232	0.005191	2507161	2507161||Bacillota|Tissierellia|Tissierellales|Acidilutibacteraceae|Acidilutibacter|Acidilutibacter cellobiosedens	240.945228
barcode17_120_filtered	2	0.004051	1076412	1076412||Bacillota|Negativicutes|Selenomonadales|Sporomusaceae|Pelosinus|Pelosinus defluvii	189.406911
barcode17_120_filtered	3	0.025529	29355;48256;396504	29355||Bacillota|Clostridia|Eubacteriales|Oscillospiraceae|Ruminiclostridium|Ruminiclostridium cellobioparum;48256||Bacillota|Clostridia|Eubacteriales|Oscillospiraceae|Ruminiclostridium|Ruminiclostridium hungatei;396504||Bacillota|Clostridia|Eubacteriales|Oscillospiraceae|Ruminiclostridium|Ruminiclostridium sufflavum	1193.516364
barcode17_120_filtered	4	0.012444	1499;1521	1499||Bacillota|Clostridia|Eubacteriales|Oscillospiraceae|Ruminiclostridium|Ruminiclostridium josui;1521||Bacillota|Clostridia|Eubacteriales|Oscillospiraceae|Ruminiclostridium|Ruminiclostridium cellulolyticum	581.780307
barcode17_120_filtered	10	0.003321	659425	659425||Bacillota|Clostridia|Eubacteriales|Oscillospiraceae|Thermoclostridium|Thermoclostridium caenicola	155.246342
barcode17_120_filtered	12	0.001764	288965	288965||Bacillota|Clostridia|Eubacteriales|Oscillospiraceae|Acetivibrio|Acetivibrio clariflavus	82.450158
barcode17_120_filtered	14	0.009992	394284	394284||Bacillota|Negativicutes|Selenomonadales|Sporomusaceae|Psychrosinus|Psychrosinus fermentans	467.143599
barcode17_120_filtered	17	0.004984	2763673	2763673||Bacillota|Clostridia|Eubacteriales|Oscillospiraceae|Yanshouia|Yanshouia hominis	233.000571
barcode17_120_filtered	22	0.005655	335605;386874;2303576;2904799;2908206;2908208;2992113	335605||Pseudomonadota|Alphaproteobacteria|Sphingomonadales|Sphingomonadaceae|Sphingomonas|Sphingomonas rosea;386874||Pseudomonadota|Alphaproteobacteria|Sphingomonadales|Sphingomonadaceae|Sphingomonas|Sphingomonas sediminicola;2303576||Pseudomonadota|Alphaproteobacteria|Sphingomonadales|Sphingomonadaceae|Sphingomonas|Sphingomonas mesophila;2904799||Pseudomonadota|Alphaproteobacteria|Sphingomonadales|Sphingomonadaceae|Sphingomonas|Sphingomonas cremea;2908206||Pseudomonadota|Alphaproteobacteria|Sphingomonadales|Sphingomonadaceae|Sphingomonas|Sphingomonas brevis;2908208||Pseudomonadota|Alphaproteobacteria|Sphingomonadales|Sphingomonadaceae|Sphingomonas|Sphingomonas alba;2992113||Pseudomonadota|Alphaproteobacteria|Sphingomonadales|Sphingomonadaceae|Sphingomonas|Sphingomonas arvum	264.357220
barcode17_120_filtered	23	0.006331	2590199;2918171;2922725;2925406	2590199||Myxococcota|Myxococcia|Myxococcales|Anaeromyxobacteraceae|Anaeromyxobacter|Anaeromyxobacter diazotrophicus;2918171||Myxococcota|Myxococcia|Myxococcales|Anaeromyxobacteraceae|Anaeromyxobacter|Anaeromyxobacter paludicola;2922725||Myxococcota|Myxococcia|Myxococcales|Anaeromyxobacteraceae|Anaeromyxobacter|Anaeromyxobacter soli;2925406||Myxococcota|Myxococcia|Myxococcales|Anaeromyxobacteraceae|Anaeromyxobacter|Anaeromyxobacter terrae	296.000000
barcode17_120_filtered	26	0.014573	3046382;3046383	3046382||Bacillota|Clostridia|Eubacteriales|Aristaeellaceae|Aristaeella|Aristaeella hokkaidonensis;3046383||Bacillota|Clostridia|Eubacteriales|Aristaeellaceae|Aristaeella|Aristaeella lactis	681.280061
barcode17_120_filtered	27	0.029472	70582;364039;391953;392597;413882;1547922;1597781;2315841;2732868;2742824;2824118;2944811;3119538	70582||Pseudomonadota|Betaproteobacteria|Burkholderiales||Aquabacterium|Aquabacterium citratiphilum;364039||Pseudomonadota|Betaproteobacteria|Burkholderiales|Sphaerotilaceae|Azohydromonas|Azohydromonas australica;391953||Pseudomonadota|Betaproteobacteria|Burkholderiales|Sphaerotilaceae|Aquincola|Aquincola tertiaricarbonis;392597||Pseudomonadota|Betaproteobacteria|Burkholderiales|Sphaerotilaceae|Piscinibacter|Piscinibacter aquaticus;413882||Pseudomonadota|Betaproteobacteria|Burkholderiales|Sphaerotilaceae|Caldimonas|Caldimonas brevitalea;1547922||Pseudomonadota|Betaproteobacteria|Burkholderiales|Sphaerotilaceae|Piscinibacter|Piscinibacter sakaiensis;1597781||Pseudomonadota|Betaproteobacteria|Burkholderiales||Eleftheria|Eleftheria terrae;2315841||Pseudomonadota|Betaproteobacteria|Burkholderiales|Sphaerotilaceae|Caldimonas|Caldimonas tepidiphila;2732868||Pseudomonadota|Betaproteobacteria|Burkholderiales|Sphaerotilaceae|Pseudaquabacterium|Pseudaquabacterium terrae;2742824||Pseudomonadota|Betaproteobacteria|Burkholderiales|Sphaerotilaceae|Piscinibacter|Piscinibacter koreensis;2824118||Pseudomonadota|Betaproteobacteria|Burkholderiales|Sphaerotilaceae|Ideonella|Ideonella alba;2944811||Pseudomonadota|Betaproteobacteria|Burkholderiales|Sphaerotilaceae|Caldimonas|Caldimonas mangrovi;3119538||Pseudomonadota|Betaproteobacteria|Burkholderiales|Sphaerotilaceae|Aquincola|Aquincola agrisoli	1377.839232
barcode17_120_filtered	34	0.013643	258515	258515||Bacillota|Clostridia|Eubacteriales|Oscillospiraceae|Acetanaerobacterium|Acetanaerobacterium elongatum	637.842348
barcode17_120_filtered	37	0.006367	192843;2527691;2596921;2793270;2987520;3386187	192843||Pseudomonadota|Betaproteobacteria|Burkholderiales|Comamonadaceae|Rhodoferax|Rhodoferax ferrireducens;2527691||Pseudomonadota|Betaproteobacteria|Burkholderiales|Comamonadaceae|Rhodoferax|Rhodoferax aquaticus;2596921||Pseudomonadota|Betaproteobacteria|Burkholderiales|Comamonadaceae|Caenimonas|Caenimonas sedimenti;2793270||Pseudomonadota|Betaproteobacteria|Burkholderiales|Comamonadaceae|Caenimonas|Caenimonas aquaedulcis;2987520||Pseudomonadota|Betaproteobacteria|Burkholderiales|Comamonadaceae|Acidovorax|Acidovorax benzenivorans;3386187||Pseudomonadota|Betaproteobacteria|Burkholderiales|Comamonadaceae|Candidatus Aalborgicola|Candidatus Aalborgicola defluviihabitans	297.682513
barcode17_120_filtered	43	0.006438	2725268	2725268||Mycoplasmatota|Mollicutes|Candidatus Izemoplasmatales|Hujiaoplasmataceae|Hujiaoplasma|Hujiaoplasma nucleasis	301.000007
barcode17_120_filtered	48	0.017895	38402;225084;2683714	38402||Bacillota|Erysipelotrichia|Erysipelotrichales|Erysipelotrichaceae|Erysipelothrix|Erysipelothrix tonsillarum;225084||Bacillota|Erysipelotrichia|Erysipelotrichales|Erysipelotrichaceae|Erysipelothrix|Erysipelothrix inopinata;2683714||Bacillota|Erysipelotrichia|Erysipelotrichales|Erysipelotrichaceae|Erysipelothrix|Erysipelothrix aquatica	836.597371
barcode17_120_filtered	50	0.007059	1488331;1537567	1488331||Bacillota|Clostridia|Eubacteriales|Eubacteriales Family XII. Incertae Sedis|Fusibacter|Fusibacter bizertensis;1537567||Bacillota|Clostridia|Eubacteriales|Eubacteriales Family XII. Incertae Sedis|Fusibacter|Fusibacter fontis	330.000611
barcode17_120_filtered	52	0.010830	270498;626937;1805714;1816678;2763033	270498||Bacillota|Clostridia|Christensenellales|Christensenellaceae|Christensenella|Christensenella hongkongensis;626937||Bacillota|Clostridia|Christensenellales|Christensenellaceae|Christensenella|Christensenella minuta;1805714||Bacillota|Clostridia|Christensenellales|Christensenellaceae|Christensenella|Christensenella massiliensis;1816678||Bacillota|Clostridia|Christensenellales|Christensenellaceae|Christensenella|Christensenella timonensis;2763033||Bacillota|Clostridia|Christensenellales|Christensenellaceae|Christensenella|Christensenella tenuis	506.321679
barcode17_120_filtered	54	0.031407	1515;253314	1515||Bacillota|Clostridia|Eubacteriales|Oscillospiraceae|Acetivibrio|Acetivibrio thermocellus;253314||Bacillota|Clostridia|Eubacteriales|Oscillospiraceae|Acetivibrio|Acetivibrio straminisolvens	1468.299704
barcode17_120_filtered	55	0.013319	433293;1679721	433293||Bacillota|Clostridia|Lachnospirales|Lachnospiraceae|Anaerotaenia|Anaerotaenia torta;1679721||Bacillota|Clostridia|Lachnospirales|Lachnospiraceae|Herbinix|Herbinix luporum	622.677386
barcode17_120_filtered	56	0.029914	1650661;1673721;1689270;2108523;2763052;2763053;2763059;2986526;3133171	1650661||Bacillota|Clostridia|Eubacteriales|Clostridiaceae|Clostridium|Clostridium phoceensis;1673721||Bacillota|Clostridia|Eubacteriales||Intestinimonas|Intestinimonas massiliensis (ex Afouda et al. 2020);1689270||Bacillota|Clostridia|Eubacteriales||Intestinimonas|Intestinimonas timonensis;2108523||Bacillota|Clostridia|Eubacteriales|Oscillospiraceae|Lawsonibacter|Lawsonibacter asaccharolyticus;2763052||Bacillota|Clostridia|Eubacteriales|Oscillospiraceae|Lawsonibacter|Lawsonibacter faecis;2763053||Bacillota|Clostridia|Eubacteriales|Oscillospiraceae|Lawsonibacter|Lawsonibacter hominis;2763059||Bacillota|Clostridia|Eubacteriales|Oscillospiraceae|Pseudoflavonifractor|Pseudoflavonifractor hominis;2986526||Bacillota|Clostridia|Eubacteriales|Oscillospiraceae|Lawsonibacter|Lawsonibacter celer;3133171||Bacillota|Clostridia|Eubacteriales|Oscillospiraceae|Pseudoflavonifractor|Pseudoflavonifractor intestinihominis	1398.503065
barcode17_120_filtered	58	0.000359	2576756	2576756||Bacillota|Clostridia|Eubacteriales|Acutalibacteraceae|Caproicibacter|Caproicibacter fermentans	16.803729
barcode17_120_filtered	59	0.004665	2941519	2941519||Bacillota|Clostridia|Eubacteriales|Oscillospiraceae|Vermiculatibacterium|Vermiculatibacterium agrestimuris	218.102281
barcode17_120_filtered	65	0.012251	351091;2763042	351091||Bacillota|Clostridia|Eubacteriales|Oscillospiraceae|Oscillibacter|Oscillibacter valericigenes;2763042||Bacillota|Clostridia|Eubacteriales|Oscillospiraceae|Dysosmobacter|Dysosmobacter segnis	572.736503
barcode17_120_filtered	70	0.038233	1852363	1852363||Bacillota|Clostridia|Eubacteriales|Beduinellaceae|Beduinella|Beduinella massiliensis	1787.431577
barcode17_120_filtered	83	0.009197	1794912	1794912||Bacillota|Negativicutes||Acetonemataceae|Anaerosporomusa|Anaerosporomusa subterranea	429.965143
barcode17_120_filtered	86	0.004298	1940525;2283627	1940525||Bacteroidota|Bacteroidia|Marinilabiliales|Marinifilaceae|Labilibaculum|Labilibaculum manganireducens;2283627||Bacteroidota|Bacteroidia|Marinilabiliales|Marinifilaceae|Ancylomarina|Ancylomarina euxinus	200.953410
barcode17_120_filtered	88	0.000844	1958780;2045012;2991836	1958780||Bacillota|Clostridia|Eubacteriales|Clostridiaceae|Clostridium|Clostridium merdae;2045012||Bacillota|Clostridia|Eubacteriales|Clostridiaceae|Clostridium|Clostridium minihomine;2991836||Bacillota|Clostridia|Eubacteriales|Oscillospiraceae|Faecalispora|Faecalispora anaeroviscerum	39.452460
barcode17_120_filtered	90	0.009878	44749	44749||Bacillota|Clostridia|Eubacteriales|Oscillospiraceae|Sporobacter|Sporobacter termitidis	461.802772
barcode17_120_filtered	100	0.052688	1096341	1096341||Bacillota|Clostridia|Eubacteriales|Clostridiaceae|Fonticella|Fonticella tunisiensis	2463.214768
barcode17_120_filtered	102	0.009968	2508949	2508949||Bacillota|Clostridia|Christensenellales|Christensenellaceae|Candidatus Borkfalkia|Candidatus Borkfalkia ceftriaxoniphila	466.019442
barcode17_120_filtered	105	0.015805	36849	36849||Bacillota|Clostridia|Eubacteriales|Clostridiaceae|Oxobacter|Oxobacter pfennigii	738.878966
barcode17_120_filtered	118	0.014008	100176	100176||Bacillota|Clostridia|Eubacteriales|Oscillospiraceae|Papillibacter|Papillibacter cinnamivorans	654.883028
barcode17_120_filtered	120	0.042364	397260;529705;1632740;2305907;2698828;2873268;3103142;3163295	397260||Pseudomonadota|Alphaproteobacteria|Sphingomonadales|Sphingomonadaceae|Sphingomonas|Sphingomonas sanxanigenens;529705||Pseudomonadota|Alphaproteobacteria|Sphingomonadales|Sphingomonadaceae|Sphingomonas|Sphingomonas changbaiensis;1632740||Pseudomonadota|Alphaproteobacteria|Sphingomonadales|Sphingomonadaceae|Sphingomonas|Sphingomonas zeicaulis;2305907||Pseudomonadota|Alphaproteobacteria|Sphingomonadales|Sphingomonadaceae|Sphingomonas|Sphingomonas gilva;2698828||Pseudomonadota|Alphaproteobacteria|Sphingomonadales|Sphingomonadaceae|Sphingomonas|Sphingomonas lacunae;2873268||Pseudomonadota|Alphaproteobacteria|Sphingomonadales|Sphingomonadaceae|Hephaestia|Hephaestia mangrovi;3103142||Pseudomonadota|Alphaproteobacteria|Sphingomonadales|Sphingomonadaceae|Sphingomonas|Sphingomonas rustica;3163295||Pseudomonadota|Alphaproteobacteria|Sphingomonadales|Sphingomonadaceae|Sphingomonas|Sphingomonas plantiphila	1980.549038
barcode17_120_filtered	121	0.042663	2941510	2941510||Bacillota|Clostridia|Eubacteriales|Pumilibacteraceae|Pumilibacter|Pumilibacter muris	1994.528316
barcode17_120_filtered	124	0.009359	2528036;2583234;2593021;2670345;2699202;2852097	2528036||Pseudomonadota|Alphaproteobacteria|Rhodobacterales|Paracoccaceae|Tabrizicola|Tabrizicola caldifontis;2583234||Pseudomonadota|Alphaproteobacteria|Rhodobacterales|Paracoccaceae|Paragemmobacter|Paragemmobacter kunshanensis;2593021||Pseudomonadota|Alphaproteobacteria|Rhodobacterales|Paracoccaceae|Tabrizicola|Tabrizicola flagellatus;2670345||Pseudomonadota|Alphaproteobacteria|Rhodobacterales|Paracoccaceae|Tabrizicola|Tabrizicola thermarum;2699202||Pseudomonadota|Alphaproteobacteria|Rhodobacterales|Paracoccaceae|Stagnihabitans|Stagnihabitans tardus;2852097||Pseudomonadota|Alphaproteobacteria|Rhodobacterales|Paracoccaceae|Paragemmobacter|Paragemmobacter amnigenus	437.544343
barcode17_120_filtered	125	0.006103	320502	320502||Bacillota|Clostridia|Eubacteriales|Oscillospiraceae|Acetivibrio|Acetivibrio alkalicellulosi	285.299512
barcode17_120_filtered	139	0.005750	33052;173675;574956;651663;2871171	33052||Pseudomonadota|Alphaproteobacteria|Sphingomonadales|Sphingopyxidaceae|Sphingopyxis|Sphingopyxis terrae;173675||Pseudomonadota|Alphaproteobacteria|Sphingomonadales|Sphingopyxidaceae|Sphingopyxis|Sphingopyxis witflariensis;574956||Pseudomonadota|Alphaproteobacteria|Sphingomonadales|Sphingomonadaceae|Novosphingobium|Novosphingobium soli;651663||Pseudomonadota|Alphaproteobacteria|Sphingomonadales|Sphingopyxidaceae|Sphingopyxis|Sphingopyxis bauzanensis;2871171||Pseudomonadota|Alphaproteobacteria|Sphingomonadales|Sphingopyxidaceae|Sphingopyxis|Sphingopyxis jiangsuensis	268.824570
barcode17_120_filtered	143	0.062111	879969	879969||Bacteroidota|Bacteroidia|Bacteroidales|Porphyromonadaceae|Macellibacteroides|Macellibacteroides fermentans	2903.741307
barcode17_120_filtered	149	0.026296	1112;35811;198312;1161202;1532023;2509361;2969984;2987523;3019556;3127706	1112||Pseudomonadota|Alphaproteobacteria|Sphingomonadales|Erythrobacteraceae|Erythrobacter|Erythrobacter neustonensis;35811||Pseudomonadota|Alphaproteobacteria|Sphingomonadales|Erythrobacteraceae|Erythrobacter|Erythrobacter ramosus;198312||Pseudomonadota|Alphaproteobacteria|Sphingomonadales|Erythrobacteraceae|Erythrobacter|Erythrobacter sanguineus;1161202||Pseudomonadota|Alphaproteobacteria|Sphingomonadales|Erythrobacteraceae|Erythrobacter|Erythrobacter colymbi;1532023||Pseudomonadota|Alphaproteobacteria|Sphingomonadales|Erythrobacteraceae|Qipengyuania|Qipengyuania sediminis;2509361||Pseudomonadota|Alphaproteobacteria|Sphingomonadales|Erythrobacteraceae|Qipengyuania|Qipengyuania thermophila;2969984||Pseudomonadota|Alphaproteobacteria|Sphingomonadales|Erythrobacteraceae|Parerythrobacter|Parerythrobacter lacustris;2987523||Pseudomonadota|Alphaproteobacteria|Sphingomonadales|Erythrobacteraceae|Erythrobacter|Erythrobacter fulvus;3019556||Pseudomonadota|Alphaproteobacteria|Sphingomonadales|Erythrobacteraceae|Erythrobacter|Erythrobacter oryzae;3127706||Pseudomonadota|Alphaproteobacteria|Sphingomonadales|Erythrobacteraceae|Parerythrobacter|Parerythrobacter aurantius	1229.357137
barcode17_120_filtered	150	0.006339	1439888;1981098;2672568;2675220	1439888||Pseudomonadota|Alphaproteobacteria|Sphingomonadales|Sphingosinicellaceae|Sandarakinorhabdus|Sandarakinorhabdus fusca;1981098||Pseudomonadota|Alphaproteobacteria|Sphingomonadales|Sphingosinicellaceae|Sandarakinorhabdus|Sandarakinorhabdus cyanobacteriorum;2672568||Pseudomonadota|Alphaproteobacteria|Sphingomonadales|Sphingosinicellaceae|Sandarakinorhabdus|Sandarakinorhabdus rubra;2675220||Pseudomonadota|Alphaproteobacteria|Sphingomonadales|Sphingosinicellaceae|Sandarakinorhabdus|Sandarakinorhabdus oryzae	296.347763
barcode17_120_filtered	153	0.000623	433286;1727145;2696063	433286||Bacillota|Clostridia|Lachnospirales|Lachnospiraceae|Anaerocolumna|Anaerocolumna cellulosilytica;1727145||Bacillota|Clostridia|Lachnospirales|Lachnospiraceae|Anaerocolumna|Anaerocolumna chitinilytica;2696063||Bacillota|Clostridia|Lachnospirales|Lachnospiraceae|Anaerocolumna|Anaerocolumna sedimenticola	29.128812
barcode17_120_filtered	181	0.009421	52692	52692||Bacillota|Clostridia|Eubacteriales|Eubacteriaceae|Acetobacterium|Acetobacterium malicum	440.428868
barcode17_120_filtered	184	0.013048	295419;687525;1123067;2585369;2817372	295419||Pseudomonadota|Alphaproteobacteria|Rhodobacterales|Roseobacteraceae|Rubellimicrobium|Rubellimicrobium thermophilum;687525||Pseudomonadota|Alphaproteobacteria|Rhodobacterales|Roseobacteraceae|Rubellimicrobium|Rubellimicrobium roseum;1123067||Pseudomonadota|Alphaproteobacteria|Rhodobacterales|Roseobacteraceae|Rubellimicrobium|Rubellimicrobium mesophilum;2585369||Pseudomonadota|Alphaproteobacteria|Rhodobacterales|Roseobacteraceae|Rubellimicrobium|Rubellimicrobium rubrum;2817372||Pseudomonadota|Alphaproteobacteria|Rhodobacterales|Roseobacteraceae|Rubellimicrobium|Rubellimicrobium arenae	610.000494
barcode17_120_filtered	190	0.032878	937251	937251||Bacillota|Clostridia|Eubacteriales|Clostridiaceae|Youngiibacter|Youngiibacter multivorans	1537.087107
barcode17_120_filtered	195	0.044534	195105;875041;909926;933059;1445661;2030009;2185115;2305252;2494374;2709381;2710650;2909234	195105||Pseudomonadota|Alphaproteobacteria|Rhodobacterales|Paracoccaceae|Haematobacter|Haematobacter massiliensis;875041||Pseudomonadota|Alphaproteobacteria|Rhodobacterales|Paracoccaceae|Neogemmobacter|Neogemmobacter tilapiae;909926||Pseudomonadota|Alphaproteobacteria|Rhodobacterales|Paracoccaceae|Tabrizicola|Tabrizicola aquatica;933059||Pseudomonadota|Alphaproteobacteria|Rhodobacterales|Paracoccaceae|Gemmobacter|Gemmobacter aquatilis;1445661||Pseudomonadota|Alphaproteobacteria|Rhodobacterales|Paracoccaceae|Aliigemmobacter|Aliigemmobacter aestuarii;2030009||Pseudomonadota|Alphaproteobacteria|Rhodobacterales|Paracoccaceae|Pseudotabrizicola|Pseudotabrizicola formosa;2185115||Pseudomonadota|Alphaproteobacteria|Rhodobacterales|Paracoccaceae|Tabrizicola|Tabrizicola soli;2305252||Pseudomonadota|Alphaproteobacteria|Rhodobacterales|Paracoccaceae|Pseudotabrizicola|Pseudotabrizicola alkalilacus;2494374||Pseudomonadota|Alphaproteobacteria|Rhodobacterales|Paracoccaceae|Tabrizicola|Tabrizicola piscis;2709381||Pseudomonadota|Alphaproteobacteria|Rhodobacterales|Paracoccaceae|Pseudotabrizicola|Pseudotabrizicola algicola;2710650||Pseudomonadota|Alphaproteobacteria|Rhodobacterales|Paracoccaceae|Tabrizicola|Tabrizicola oligotrophica;2909234||Pseudomonadota|Alphaproteobacteria|Rhodobacterales|Paracoccaceae|Aliitabrizicola|Alitabrizicola rongguiensis	2081.999325
barcode17_120_filtered	196	0.012316	2496273	2496273||Bacillota|Clostridia|Caldicoprobacterales|Xylanivirgaceae|Xylanivirga|Xylanivirga thermophila	575.762853
barcode17_120_filtered	207	0.003796	203699	203699||Pseudomonadota|Betaproteobacteria|Burkholderiales|Alcaligenaceae|Derxia|Derxia gummosa	177.445325
barcode17_120_filtered	209	0.008140	185300	185300||Bacteroidota|Bacteroidia|Bacteroidales|Paludibacteraceae|Paludibacter|Paludibacter propionicigenes	380.556329
barcode17_120_filtered	216	0.002673	642589	642589||Bacillota|Clostridia|Eubacteriales|Acutalibacteraceae|Caproiciproducens|Caproiciproducens galactitolivorans	124.980490
barcode17_120_filtered	219	0.010064	2010828	2010828||Bacteroidota|Bacteroidia|Marinilabiliales|Prolixibacteraceae|Aquipluma|Aquipluma nitroreducens	470.492935
barcode17_120_filtered	221	0.042758	288966	288966||Bacillota|Clostridia|Lutisporales|Lutisporaceae|Lutispora|Lutispora thermophila	1998.964738
barcode17_120_filtered	222	0.008793	913099	913099||Bacillota|Tissierellia|||Sedimentibacter|Sedimentibacter acidaminivorans	411.059055
barcode17_120_filtered	225	0.009138	130788	130788||Bacillota|Tissierellia|||Sedimentibacter|Sedimentibacter saalensis	427.215850
barcode17_120_filtered	232	0.016113	2507161	2507161||Bacillota|Tissierellia|Tissierellales|Acidilutibacteraceae|Acidilutibacter|Acidilutibacter cellobiosedens	753.299419
barcode18_120_filtered	2	0.007888	1076412	1076412||Bacillota|Negativicutes|Selenomonadales|Sporomusaceae|Pelosinus|Pelosinus defluvii	367.538750
barcode18_120_filtered	3	0.042381	29355;48256;396504	29355||Bacillota|Clostridia|Eubacteriales|Oscillospiraceae|Ruminiclostridium|Ruminiclostridium cellobioparum;48256||Bacillota|Clostridia|Eubacteriales|Oscillospiraceae|Ruminiclostridium|Ruminiclostridium hungatei;396504||Bacillota|Clostridia|Eubacteriales|Oscillospiraceae|Ruminiclostridium|Ruminiclostridium sufflavum	1974.721513
barcode18_120_filtered	4	0.017352	1499;1521	1499||Bacillota|Clostridia|Eubacteriales|Oscillospiraceae|Ruminiclostridium|Ruminiclostridium josui;1521||Bacillota|Clostridia|Eubacteriales|Oscillospiraceae|Ruminiclostridium|Ruminiclostridium cellulolyticum	808.503283
barcode18_120_filtered	10	0.001450	659425	659425||Bacillota|Clostridia|Eubacteriales|Oscillospiraceae|Thermoclostridium|Thermoclostridium caenicola	67.543565
barcode18_120_filtered	12	0.001735	288965	288965||Bacillota|Clostridia|Eubacteriales|Oscillospiraceae|Acetivibrio|Acetivibrio clariflavus	80.850972
barcode18_120_filtered	14	0.013664	394284	394284||Bacillota|Negativicutes|Selenomonadales|Sporomusaceae|Psychrosinus|Psychrosinus fermentans	636.657655
barcode18_120_filtered	17	0.005880	2763673	2763673||Bacillota|Clostridia|Eubacteriales|Oscillospiraceae|Yanshouia|Yanshouia hominis	273.976751
barcode18_120_filtered	22	0.003992	335605;386874;2303576;2904799;2908206;2908208;2992113	335605||Pseudomonadota|Alphaproteobacteria|Sphingomonadales|Sphingomonadaceae|Sphingomonas|Sphingomonas rosea;386874||Pseudomonadota|Alphaproteobacteria|Sphingomonadales|Sphingomonadaceae|Sphingomonas|Sphingomonas sediminicola;2303576||Pseudomonadota|Alphaproteobacteria|Sphingomonadales|Sphingomonadaceae|Sphingomonas|Sphingomonas mesophila;2904799||Pseudomonadota|Alphaproteobacteria|Sphingomonadales|Sphingomonadaceae|Sphingomonas|Sphingomonas cremea;2908206||Pseudomonadota|Alphaproteobacteria|Sphingomonadales|Sphingomonadaceae|Sphingomonas|Sphingomonas brevis;2908208||Pseudomonadota|Alphaproteobacteria|Sphingomonadales|Sphingomonadaceae|Sphingomonas|Sphingomonas alba;2992113||Pseudomonadota|Alphaproteobacteria|Sphingomonadales|Sphingomonadaceae|Sphingomonas|Sphingomonas arvum	186.004315
barcode18_120_filtered	23	0.004035	2590199;2918171;2922725;2925406	2590199||Myxococcota|Myxococcia|Myxococcales|Anaeromyxobacteraceae|Anaeromyxobacter|Anaeromyxobacter diazotrophicus;2918171||Myxococcota|Myxococcia|Myxococcales|Anaeromyxobacteraceae|Anaeromyxobacter|Anaeromyxobacter paludicola;2922725||Myxococcota|Myxococcia|Myxococcales|Anaeromyxobacteraceae|Anaeromyxobacter|Anaeromyxobacter soli;2925406||Myxococcota|Myxococcia|Myxococcales|Anaeromyxobacteraceae|Anaeromyxobacter|Anaeromyxobacter terrae	188.000000
barcode18_120_filtered	26	0.005645	3046382;3046383	3046382||Bacillota|Clostridia|Eubacteriales|Aristaeellaceae|Aristaeella|Aristaeella hokkaidonensis;3046383||Bacillota|Clostridia|Eubacteriales|Aristaeellaceae|Aristaeella|Aristaeella lactis	263.018702
barcode18_120_filtered	27	0.033182	70582;364039;391953;392597;413882;1547922;1597781;2315841;2732868;2742824;2824118;2944811;3119538	70582||Pseudomonadota|Betaproteobacteria|Burkholderiales||Aquabacterium|Aquabacterium citratiphilum;364039||Pseudomonadota|Betaproteobacteria|Burkholderiales|Sphaerotilaceae|Azohydromonas|Azohydromonas australica;391953||Pseudomonadota|Betaproteobacteria|Burkholderiales|Sphaerotilaceae|Aquincola|Aquincola tertiaricarbonis;392597||Pseudomonadota|Betaproteobacteria|Burkholderiales|Sphaerotilaceae|Piscinibacter|Piscinibacter aquaticus;413882||Pseudomonadota|Betaproteobacteria|Burkholderiales|Sphaerotilaceae|Caldimonas|Caldimonas brevitalea;1547922||Pseudomonadota|Betaproteobacteria|Burkholderiales|Sphaerotilaceae|Piscinibacter|Piscinibacter sakaiensis;1597781||Pseudomonadota|Betaproteobacteria|Burkholderiales||Eleftheria|Eleftheria terrae;2315841||Pseudomonadota|Betaproteobacteria|Burkholderiales|Sphaerotilaceae|Caldimonas|Caldimonas tepidiphila;2732868||Pseudomonadota|Betaproteobacteria|Burkholderiales|Sphaerotilaceae|Pseudaquabacterium|Pseudaquabacterium terrae;2742824||Pseudomonadota|Betaproteobacteria|Burkholderiales|Sphaerotilaceae|Piscinibacter|Piscinibacter koreensis;2824118||Pseudomonadota|Betaproteobacteria|Burkholderiales|Sphaerotilaceae|Ideonella|Ideonella alba;2944811||Pseudomonadota|Betaproteobacteria|Burkholderiales|Sphaerotilaceae|Caldimonas|Caldimonas mangrovi;3119538||Pseudomonadota|Betaproteobacteria|Burkholderiales|Sphaerotilaceae|Aquincola|Aquincola agrisoli	1546.102482
barcode18_120_filtered	34	0.007576	258515	258515||Bacillota|Clostridia|Eubacteriales|Oscillospiraceae|Acetanaerobacterium|Acetanaerobacterium elongatum	353.014445
barcode18_120_filtered	37	0.011863	192843;2527691;2596921;2793270;2987520;3386187	192843||Pseudomonadota|Betaproteobacteria|Burkholderiales|Comamonadaceae|Rhodoferax|Rhodoferax ferrireducens;2527691||Pseudomonadota|Betaproteobacteria|Burkholderiales|Comamonadaceae|Rhodoferax|Rhodoferax aquaticus;2596921||Pseudomonadota|Betaproteobacteria|Burkholderiales|Comamonadaceae|Caenimonas|Caenimonas sedimenti;2793270||Pseudomonadota|Betaproteobacteria|Burkholderiales|Comamonadaceae|Caenimonas|Caenimonas aquaedulcis;2987520||Pseudomonadota|Betaproteobacteria|Burkholderiales|Comamonadaceae|Acidovorax|Acidovorax benzenivorans;3386187||Pseudomonadota|Betaproteobacteria|Burkholderiales|Comamonadaceae|Candidatus Aalborgicola|Candidatus Aalborgicola defluviihabitans	552.731910
barcode18_120_filtered	43	0.005602	2725268	2725268||Mycoplasmatota|Mollicutes|Candidatus Izemoplasmatales|Hujiaoplasmataceae|Hujiaoplasma|Hujiaoplasma nucleasis	261.000000
barcode18_120_filtered	48	0.017019	38402;225084;2683714	38402||Bacillota|Erysipelotrichia|Erysipelotrichales|Erysipelotrichaceae|Erysipelothrix|Erysipelothrix tonsillarum;225084||Bacillota|Erysipelotrichia|Erysipelotrichales|Erysipelotrichaceae|Erysipelothrix|Erysipelothrix inopinata;2683714||Bacillota|Erysipelotrichia|Erysipelotrichales|Erysipelotrichaceae|Erysipelothrix|Erysipelothrix aquatica	792.993968
barcode18_120_filtered	50	0.010848	1488331;1537567	1488331||Bacillota|Clostridia|Eubacteriales|Eubacteriales Family XII. Incertae Sedis|Fusibacter|Fusibacter bizertensis;1537567||Bacillota|Clostridia|Eubacteriales|Eubacteriales Family XII. Incertae Sedis|Fusibacter|Fusibacter fontis	505.445149
barcode18_120_filtered	52	0.009131	270498;626937;1805714;1816678;2763033	270498||Bacillota|Clostridia|Christensenellales|Christensenellaceae|Christensenella|Christensenella hongkongensis;626937||Bacillota|Clostridia|Christensenellales|Christensenellaceae|Christensenella|Christensenella minuta;1805714||Bacillota|Clostridia|Christensenellales|Christensenellaceae|Christensenella|Christensenella massiliensis;1816678||Bacillota|Clostridia|Christensenellales|Christensenellaceae|Christensenella|Christensenella timonensis;2763033||Bacillota|Clostridia|Christensenellales|Christensenellaceae|Christensenella|Christensenella tenuis	425.463353
barcode18_120_filtered	54	0.020708	1515;253314	1515||Bacillota|Clostridia|Eubacteriales|Oscillospiraceae|Acetivibrio|Acetivibrio thermocellus;253314||Bacillota|Clostridia|Eubacteriales|Oscillospiraceae|Acetivibrio|Acetivibrio straminisolvens	964.890847
barcode18_120_filtered	55	0.019472	433293;1679721	433293||Bacillota|Clostridia|Lachnospirales|Lachnospiraceae|Anaerotaenia|Anaerotaenia torta;1679721||Bacillota|Clostridia|Lachnospirales|Lachnospiraceae|Herbinix|Herbinix luporum	907.292772
barcode18_120_filtered	56	0.023938	1650661;1673721;1689270;2108523;2763052;2763053;2763059;2986526;3133171	1650661||Bacillota|Clostridia|Eubacteriales|Clostridiaceae|Clostridium|Clostridium phoceensis;1673721||Bacillota|Clostridia|Eubacteriales||Intestinimonas|Intestinimonas massiliensis (ex Afouda et al. 2020);1689270||Bacillota|Clostridia|Eubacteriales||Intestinimonas|Intestinimonas timonensis;2108523||Bacillota|Clostridia|Eubacteriales|Oscillospiraceae|Lawsonibacter|Lawsonibacter asaccharolyticus;2763052||Bacillota|Clostridia|Eubacteriales|Oscillospiraceae|Lawsonibacter|Lawsonibacter faecis;2763053||Bacillota|Clostridia|Eubacteriales|Oscillospiraceae|Lawsonibacter|Lawsonibacter hominis;2763059||Bacillota|Clostridia|Eubacteriales|Oscillospiraceae|Pseudoflavonifractor|Pseudoflavonifractor hominis;2986526||Bacillota|Clostridia|Eubacteriales|Oscillospiraceae|Lawsonibacter|Lawsonibacter celer;3133171||Bacillota|Clostridia|Eubacteriales|Oscillospiraceae|Pseudoflavonifractor|Pseudoflavonifractor intestinihominis	1115.350311
barcode18_120_filtered	58	0.000460	2576756	2576756||Bacillota|Clostridia|Eubacteriales|Acutalibacteraceae|Caproicibacter|Caproicibacter fermentans	21.439110
barcode18_120_filtered	59	0.004886	2941519	2941519||Bacillota|Clostridia|Eubacteriales|Oscillospiraceae|Vermiculatibacterium|Vermiculatibacterium agrestimuris	227.641412
barcode18_120_filtered	65	0.013805	351091;2763042	351091||Bacillota|Clostridia|Eubacteriales|Oscillospiraceae|Oscillibacter|Oscillibacter valericigenes;2763042||Bacillota|Clostridia|Eubacteriales|Oscillospiraceae|Dysosmobacter|Dysosmobacter segnis	643.210434
barcode18_120_filtered	70	0.033772	1852363	1852363||Bacillota|Clostridia|Eubacteriales|Beduinellaceae|Beduinella|Beduinella massiliensis	1573.549406
barcode18_120_filtered	83	0.009166	1794912	1794912||Bacillota|Negativicutes||Acetonemataceae|Anaerosporomusa|Anaerosporomusa subterranea	427.102096
barcode18_120_filtered	86	0.006298	1940525;2283627	1940525||Bacteroidota|Bacteroidia|Marinilabiliales|Marinifilaceae|Labilibaculum|Labilibaculum manganireducens;2283627||Bacteroidota|Bacteroidia|Marinilabiliales|Marinifilaceae|Ancylomarina|Ancylomarina euxinus	293.461339
barcode18_120_filtered	88	0.000336	1958780;2045012;2991836	1958780||Bacillota|Clostridia|Eubacteriales|Clostridiaceae|Clostridium|Clostridium merdae;2045012||Bacillota|Clostridia|Eubacteriales|Clostridiaceae|Clostridium|Clostridium minihomine;2991836||Bacillota|Clostridia|Eubacteriales|Oscillospiraceae|Faecalispora|Faecalispora anaeroviscerum	15.644654
barcode18_120_filtered	90	0.006904	44749	44749||Bacillota|Clostridia|Eubacteriales|Oscillospiraceae|Sporobacter|Sporobacter termitidis	321.693500
barcode18_120_filtered	100	0.124793	1096341	1096341||Bacillota|Clostridia|Eubacteriales|Clostridiaceae|Fonticella|Fonticella tunisiensis	5814.617685
barcode18_120_filtered	102	0.003634	2508949	2508949||Bacillota|Clostridia|Christensenellales|Christensenellaceae|Candidatus Borkfalkia|Candidatus Borkfalkia ceftriaxoniphila	169.311997
barcode18_120_filtered	105	0.010759	36849	36849||Bacillota|Clostridia|Eubacteriales|Clostridiaceae|Oxobacter|Oxobacter pfennigii	501.317402
barcode18_120_filtered	118	0.013400	100176	100176||Bacillota|Clostridia|Eubacteriales|Oscillospiraceae|Papillibacter|Papillibacter cinnamivorans	624.358172
barcode18_120_filtered	120	0.044368	397260;529705;1632740;2305907;2698828;2873268;3103142;3163295	397260||Pseudomonadota|Alphaproteobacteria|Sphingomonadales|Sphingomonadaceae|Sphingomonas|Sphingomonas sanxanigenens;529705||Pseudomonadota|Alphaproteobacteria|Sphingomonadales|Sphingomonadaceae|Sphingomonas|Sphingomonas changbaiensis;1632740||Pseudomonadota|Alphaproteobacteria|Sphingomonadales|Sphingomonadaceae|Sphingomonas|Sphingomonas zeicaulis;2305907||Pseudomonadota|Alphaproteobacteria|Sphingomonadales|Sphingomonadaceae|Sphingomonas|Sphingomonas gilva;2698828||Pseudomonadota|Alphaproteobacteria|Sphingomonadales|Sphingomonadaceae|Sphingomonas|Sphingomonas lacunae;2873268||Pseudomonadota|Alphaproteobacteria|Sphingomonadales|Sphingomonadaceae|Hephaestia|Hephaestia mangrovi;3103142||Pseudomonadota|Alphaproteobacteria|Sphingomonadales|Sphingomonadaceae|Sphingomonas|Sphingomonas rustica;3163295||Pseudomonadota|Alphaproteobacteria|Sphingomonadales|Sphingomonadaceae|Sphingomonas|Sphingomonas plantiphila	2067.273018
barcode18_120_filtered	121	0.014307	2941510	2941510||Bacillota|Clostridia|Eubacteriales|Pumilibacteraceae|Pumilibacter|Pumilibacter muris	666.618932
barcode18_120_filtered	124	0.007774	2528036;2583234;2593021;2670345;2699202;2852097	2528036||Pseudomonadota|Alphaproteobacteria|Rhodobacterales|Paracoccaceae|Tabrizicola|Tabrizicola caldifontis;2583234||Pseudomonadota|Alphaproteobacteria|Rhodobacterales|Paracoccaceae|Paragemmobacter|Paragemmobacter kunshanensis;2593021||Pseudomonadota|Alphaproteobacteria|Rhodobacterales|Paracoccaceae|Tabrizicola|Tabrizicola flagellatus;2670345||Pseudomonadota|Alphaproteobacteria|Rhodobacterales|Paracoccaceae|Tabrizicola|Tabrizicola thermarum;2699202||Pseudomonadota|Alphaproteobacteria|Rhodobacterales|Paracoccaceae|Stagnihabitans|Stagnihabitans tardus;2852097||Pseudomonadota|Alphaproteobacteria|Rhodobacterales|Paracoccaceae|Paragemmobacter|Paragemmobacter amnigenus	362.231284
barcode18_120_filtered	125	0.006955	320502	320502||Bacillota|Clostridia|Eubacteriales|Oscillospiraceae|Acetivibrio|Acetivibrio alkalicellulosi	324.058563
barcode18_120_filtered	139	0.004503	33052;173675;574956;651663;2871171	33052||Pseudomonadota|Alphaproteobacteria|Sphingomonadales|Sphingopyxidaceae|Sphingopyxis|Sphingopyxis terrae;173675||Pseudomonadota|Alphaproteobacteria|Sphingomonadales|Sphingopyxidaceae|Sphingopyxis|Sphingopyxis witflariensis;574956||Pseudomonadota|Alphaproteobacteria|Sphingomonadales|Sphingomonadaceae|Novosphingobium|Novosphingobium soli;651663||Pseudomonadota|Alphaproteobacteria|Sphingomonadales|Sphingopyxidaceae|Sphingopyxis|Sphingopyxis bauzanensis;2871171||Pseudomonadota|Alphaproteobacteria|Sphingomonadales|Sphingopyxidaceae|Sphingopyxis|Sphingopyxis jiangsuensis	209.805997
barcode18_120_filtered	143	0.030308	879969	879969||Bacteroidota|Bacteroidia|Bacteroidales|Porphyromonadaceae|Macellibacteroides|Macellibacteroides fermentans	1412.184618
barcode18_120_filtered	149	0.023123	1112;35811;198312;1161202;1532023;2509361;2969984;2987523;3019556;3127706	1112||Pseudomonadota|Alphaproteobacteria|Sphingomonadales|Erythrobacteraceae|Erythrobacter|Erythrobacter neustonensis;35811||Pseudomonadota|Alphaproteobacteria|Sphingomonadales|Erythrobacteraceae|Erythrobacter|Erythrobacter ramosus;198312||Pseudomonadota|Alphaproteobacteria|Sphingomonadales|Erythrobacteraceae|Erythrobacter|Erythrobacter sanguineus;1161202||Pseudomonadota|Alphaproteobacteria|Sphingomonadales|Erythrobacteraceae|Erythrobacter|Erythrobacter colymbi;1532023||Pseudomonadota|Alphaproteobacteria|Sphingomonadales|Erythrobacteraceae|Qipengyuania|Qipengyuania sediminis;2509361||Pseudomonadota|Alphaproteobacteria|Sphingomonadales|Erythrobacteraceae|Qipengyuania|Qipengyuania thermophila;2969984||Pseudomonadota|Alphaproteobacteria|Sphingomonadales|Erythrobacteraceae|Parerythrobacter|Parerythrobacter lacustris;2987523||Pseudomonadota|Alphaproteobacteria|Sphingomonadales|Erythrobacteraceae|Erythrobacter|Erythrobacter fulvus;3019556||Pseudomonadota|Alphaproteobacteria|Sphingomonadales|Erythrobacteraceae|Erythrobacter|Erythrobacter oryzae;3127706||Pseudomonadota|Alphaproteobacteria|Sphingomonadales|Erythrobacteraceae|Parerythrobacter|Parerythrobacter aurantius	1077.374943
barcode18_120_filtered	150	0.004185	1439888;1981098;2672568;2675220	1439888||Pseudomonadota|Alphaproteobacteria|Sphingomonadales|Sphingosinicellaceae|Sandarakinorhabdus|Sandarakinorhabdus fusca;1981098||Pseudomonadota|Alphaproteobacteria|Sphingomonadales|Sphingosinicellaceae|Sandarakinorhabdus|Sandarakinorhabdus cyanobacteriorum;2672568||Pseudomonadota|Alphaproteobacteria|Sphingomonadales|Sphingosinicellaceae|Sandarakinorhabdus|Sandarakinorhabdus rubra;2675220||Pseudomonadota|Alphaproteobacteria|Sphingomonadales|Sphingosinicellaceae|Sandarakinorhabdus|Sandarakinorhabdus oryzae	194.999988
barcode18_120_filtered	153	0.000928	433286;1727145;2696063	433286||Bacillota|Clostridia|Lachnospirales|Lachnospiraceae|Anaerocolumna|Anaerocolumna cellulosilytica;1727145||Bacillota|Clostridia|Lachnospirales|Lachnospiraceae|Anaerocolumna|Anaerocolumna chitinilytica;2696063||Bacillota|Clostridia|Lachnospirales|Lachnospiraceae|Anaerocolumna|Anaerocolumna sedimenticola	43.219457
barcode18_120_filtered	181	0.004421	52692	52692||Bacillota|Clostridia|Eubacteriales|Eubacteriaceae|Acetobacterium|Acetobacterium malicum	206.000472
barcode18_120_filtered	184	0.006199	295419;687525;1123067;2585369;2817372	295419||Pseudomonadota|Alphaproteobacteria|Rhodobacterales|Roseobacteraceae|Rubellimicrobium|Rubellimicrobium thermophilum;687525||Pseudomonadota|Alphaproteobacteria|Rhodobacterales|Roseobacteraceae|Rubellimicrobium|Rubellimicrobium roseum;1123067||Pseudomonadota|Alphaproteobacteria|Rhodobacterales|Roseobacteraceae|Rubellimicrobium|Rubellimicrobium mesophilum;2585369||Pseudomonadota|Alphaproteobacteria|Rhodobacterales|Roseobacteraceae|Rubellimicrobium|Rubellimicrobium rubrum;2817372||Pseudomonadota|Alphaproteobacteria|Rhodobacterales|Roseobacteraceae|Rubellimicrobium|Rubellimicrobium arenae	288.823410
barcode18_120_filtered	190	0.022700	937251	937251||Bacillota|Clostridia|Eubacteriales|Clostridiaceae|Youngiibacter|Youngiibacter multivorans	1057.692762
barcode18_120_filtered	195	0.041330	195105;875041;909926;933059;1445661;2030009;2185115;2305252;2494374;2709381;2710650;2909234	195105||Pseudomonadota|Alphaproteobacteria|Rhodobacterales|Paracoccaceae|Haematobacter|Haematobacter massiliensis;875041||Pseudomonadota|Alphaproteobacteria|Rhodobacterales|Paracoccaceae|Neogemmobacter|Neogemmobacter tilapiae;909926||Pseudomonadota|Alphaproteobacteria|Rhodobacterales|Paracoccaceae|Tabrizicola|Tabrizicola aquatica;933059||Pseudomonadota|Alphaproteobacteria|Rhodobacterales|Paracoccaceae|Gemmobacter|Gemmobacter aquatilis;1445661||Pseudomonadota|Alphaproteobacteria|Rhodobacterales|Paracoccaceae|Aliigemmobacter|Aliigemmobacter aestuarii;2030009||Pseudomonadota|Alphaproteobacteria|Rhodobacterales|Paracoccaceae|Pseudotabrizicola|Pseudotabrizicola formosa;2185115||Pseudomonadota|Alphaproteobacteria|Rhodobacterales|Paracoccaceae|Tabrizicola|Tabrizicola soli;2305252||Pseudomonadota|Alphaproteobacteria|Rhodobacterales|Paracoccaceae|Pseudotabrizicola|Pseudotabrizicola alkalilacus;2494374||Pseudomonadota|Alphaproteobacteria|Rhodobacterales|Paracoccaceae|Tabrizicola|Tabrizicola piscis;2709381||Pseudomonadota|Alphaproteobacteria|Rhodobacterales|Paracoccaceae|Pseudotabrizicola|Pseudotabrizicola algicola;2710650||Pseudomonadota|Alphaproteobacteria|Rhodobacterales|Paracoccaceae|Tabrizicola|Tabrizicola oligotrophica;2909234||Pseudomonadota|Alphaproteobacteria|Rhodobacterales|Paracoccaceae|Aliitabrizicola|Alitabrizicola rongguiensis	1925.726505
barcode18_120_filtered	196	0.027888	2496273	2496273||Bacillota|Clostridia|Caldicoprobacterales|Xylanivirgaceae|Xylanivirga|Xylanivirga thermophila	1299.414389
barcode18_120_filtered	207	0.003543	203699	203699||Pseudomonadota|Betaproteobacteria|Burkholderiales|Alcaligenaceae|Derxia|Derxia gummosa	165.091797
barcode18_120_filtered	209	0.006670	185300	185300||Bacteroidota|Bacteroidia|Bacteroidales|Paludibacteraceae|Paludibacter|Paludibacter propionicigenes	310.792834
barcode18_120_filtered	216	0.003648	642589	642589||Bacillota|Clostridia|Eubacteriales|Acutalibacteraceae|Caproiciproducens|Caproiciproducens galactitolivorans	169.962825
barcode18_120_filtered	219	0.014495	2010828	2010828||Bacteroidota|Bacteroidia|Marinilabiliales|Prolixibacteraceae|Aquipluma|Aquipluma nitroreducens	675.367937
barcode18_120_filtered	221	0.067152	288966	288966||Bacillota|Clostridia|Lutisporales|Lutisporaceae|Lutispora|Lutispora thermophila	3128.858619
barcode18_120_filtered	222	0.012294	913099	913099||Bacillota|Tissierellia|||Sedimentibacter|Sedimentibacter acidaminivorans	572.812717
barcode18_120_filtered	225	0.010314	130788	130788||Bacillota|Tissierellia|||Sedimentibacter|Sedimentibacter saalensis	480.571112
barcode18_120_filtered	232	0.010839	2507161	2507161||Bacillota|Tissierellia|Tissierellales|Acidilutibacteraceae|Acidilutibacter|Acidilutibacter cellobiosedens	505.025713
