sample_id	tax_id	abundance	species	genus	family	order	class	phylum	clade	superkingdom	subspecies	species_subgroup	species_group	estimated_counts
barcode19	564305	0.03237684315316723	Kwoniella shivajii	Kwoniella	Cryptococcaceae	Tremellales	Tremellomycetes	Basidiomycota	Opisthokonta					1385.6641332692511
barcode19	3067	0.009798039918131695	Volvox carteri	Volvox	Volvocaceae	Chlamydomonadales	Chlorophyceae	Chlorophyta	core chlorophytes					419.3365124162003
barcode19	3055	0.10181290362614352	Chlamydomonas reinhardtii	Chlamydomonas	Chlamydomonadaceae	Chlamydomonadales	Chlorophyceae	Chlorophyta	core chlorophytes					4357.388649391691
barcode19	554065	0.0006913734485710242	Chlorella variabilis	Chlorella	Chlorellaceae	Chlorellales	Trebouxiophyceae	Chlorophyta	core chlorophytes					29.589400851942692
barcode19	1123529	0.0004997285716732463	Gonapodya prolifera	Gonapodya	Gonapodyaceae	Monoblepharidales	Monoblepharidomycetes	Chytridiomycota	Opisthokonta					21.387383410471596
barcode19	150278	0.016046257618986707	Monoblepharis macrandra	Monoblepharis	Monoblepharidaceae	Monoblepharidales	Monoblepharidomycetes	Chytridiomycota	Opisthokonta					686.7477335773931
barcode19	82268	0.001312696105242325	Hyaloraphidium curvatum	Hyaloraphidium		Monoblepharidales	Monoblepharidomycetes	Chytridiomycota	Opisthokonta					56.18076791216102
barcode19	693156	0.029194873874257034	Chytridium olla	Chytridium	Chytridiaceae	Chytridiales	Chytridiomycetes	Chytridiomycota	Opisthokonta					1249.4822120704525
barcode19	3231536	0.0005645426661802261	Terramyces aquatica	Terramyces	Terramycetaceae	Rhizophydiales	Chytridiomycetes	Chytridiomycota	Opisthokonta					24.161297027181316
barcode19	1661796	0.0024407455966366383	Dactylidispora ellipsospora	Dactylidispora	Ceratostomataceae	Coronophorales	Sordariomycetes	Ascomycota	Opisthokonta					104.45903004485484
barcode19	1661797	0.004225637349761074	Dactylidispora singaporensis	Dactylidispora	Ceratostomataceae	Coronophorales	Sordariomycetes	Ascomycota	Opisthokonta					180.84882729507444
barcode19	3058949	0.0018217587383993128	Gorgonomyces thailandicus	Gorgonomyces	Gorgonomycetaceae	Rhizophydiales	Chytridiomycetes	Chytridiomycota	Opisthokonta					77.96763048601379
barcode19	1754191	0.0006804585384148541	Piromyces finnis	Piromyces	Neocallimastigaceae	Neocallimastigales	Neocallimastigomycetes	Chytridiomycota	Opisthokonta					29.12226452707893
barcode19	78917	0.001781794751520989	Piptocephalis corymbifera	Piptocephalis	Piptocephalidaceae	Zoopagales	Zoopagomycetes	Zoopagomycota	Opisthokonta					76.2572517755953
barcode19	1485682	0.010509391107878619	Mitosporidium daphniae	Mitosporidium				Microsporidia	Opisthokonta					449.7809206349891
barcode19	1095183	0.0004921898637696452	Magnusiomyces capitatus	Magnusiomyces	Dipodascaceae	Dipodascales	Dipodascomycetes	Ascomycota	Opisthokonta					21.064741789613276
barcode19	61395	0.00030991539811189606	Linderina pennispora	Linderina	Kickxellaceae	Kickxellales	Kickxellomycetes	Zoopagomycota	Opisthokonta					13.263759208392928
barcode19	2704024	0.0014953927128861903	Vinositunica radiata	Vinositunica	Endogonaceae	Endogonales	Endogonomycetes	Mucoromycota	Opisthokonta					63.99981732610317
barcode19	1396493	0.0020923317467114247	Fimicolochytrium jonesii	Fimicolochytrium	Powellomycetaceae	Spizellomycetales	Chytridiomycetes	Chytridiomycota	Opisthokonta					89.54761409575555
barcode19	423455	0.0008786093747577614	Basidiobolus heterosporus	Basidiobolus	Basidiobolaceae	Basidiobolales	Basidiobolomycetes	Zoopagomycota	Opisthokonta					37.602724020882675
barcode19	45553	0.0006287484442166855	Wickerhamiella galacta	Wickerhamiella	Trichomonascaceae	Dipodascales	Dipodascomycetes	Ascomycota	Opisthokonta					26.909175915585706
barcode19	1431932	0.0013292571385621148	Amycosphaerella africana	Amycosphaerella	Mycosphaerellaceae	Mycosphaerellales	Dothideomycetes	Ascomycota	Opisthokonta					56.88954701618139
barcode19	1396494	0.0003130174237907528	Fimicolochytrium alabamae	Fimicolochytrium	Powellomycetaceae	Spizellomycetales	Chytridiomycetes	Chytridiomycota	Opisthokonta					13.396519703396637
barcode19	1396496	0.0013417873775415654	Thoreauomyces humboldtii	Thoreauomyces	Powellomycetaceae	Spizellomycetales	Chytridiomycetes	Chytridiomycota	Opisthokonta					57.425816184023915
barcode19	62132	0.003816269225300337	Capnobotryella renispora	Capnobotryella	Teratosphaeriaceae	Mycosphaerellales	Dothideomycetes	Ascomycota	Opisthokonta					163.32869030440384
barcode19	4860	0.013179535309493184	Basidiobolus magnus	Basidiobolus	Basidiobolaceae	Basidiobolales	Basidiobolomycetes	Zoopagomycota	Opisthokonta					564.0577521756893
barcode19	61418	0.0036991966597508916	Spiromyces minutus	Spiromyces	Kickxellaceae	Kickxellales	Kickxellomycetes	Zoopagomycota	Opisthokonta					158.31821864401866
barcode19	1246581	0.0009944300730744616	Paramicrosporidium saccamoebae	Paramicrosporidium				Cryptomycota	Opisthokonta					42.559618267440804
barcode19	308927	0.0064430873382672815	Diversispora spurca	Diversispora	Diversisporaceae	Diversisporales	Glomeromycetes	Mucoromycota	Opisthokonta					275.7512519031631
barcode19	2650714	0.0033729712724466527	Diversispora aurantia	Diversispora	Diversisporaceae	Diversisporales	Glomeromycetes	Mucoromycota	Opisthokonta					144.35642451817185
barcode19	2991561	0.007989135326779051	Linnemannia solitaria	Linnemannia	Mortierellaceae	Mortierellales	Mortierellomycetes	Mucoromycota	Opisthokonta					341.9190137154898
barcode19	85574	0.0033786465002687937	Kodamaea kakaduensis	Kodamaea	Debaryomycetaceae	Serinales	Pichiomycetes	Ascomycota	Opisthokonta					144.59931291850384
barcode19	2558025	0.0009393584721563196	Milesina woodwardiana	Milesina	Milesinaceae	Pucciniales	Pucciniomycetes	Basidiomycota	Opisthokonta					40.20266389134617
barcode19	299329	0.015357242568502382	Metschnikowia vanudenii	Metschnikowia	Metschnikowiaceae	Serinales	Pichiomycetes	Ascomycota	Opisthokonta					657.259267446765
barcode19	2832334	0.001124991762017925	Wickerhamiella osmotolerans	Wickerhamiella	Trichomonascaceae	Dipodascales	Dipodascomycetes	Ascomycota	Opisthokonta					48.14739743084316
barcode19	2832335	0.0008005498863479512	Wickerhamiella tropicalis	Wickerhamiella	Trichomonascaceae	Dipodascales	Dipodascomycetes	Ascomycota	Opisthokonta					34.261934035919616
barcode19	1041604	0.0012090810668989494	Sungouiella pseudoflosculorum	Sungouiella	Metschnikowiaceae	Serinales	Pichiomycetes	Ascomycota	Opisthokonta					51.74625150114124
barcode19	115786	0.001035459592176401	[Candida] orba	Phaffomyces	Phaffomycetaceae	Phaffomycetales	Saccharomycetes	Ascomycota	Opisthokonta					44.31559962596561
barcode19	174643	0.019404951475323028	Metschnikowia dekortorum	Metschnikowia	Metschnikowiaceae	Serinales	Pichiomycetes	Ascomycota	Opisthokonta					830.4931132408749
barcode19	329884	0.0017479961032482868	Friedmanniomyces simplex	Friedmanniomyces	Teratosphaeriaceae	Mycosphaerellales	Dothideomycetes	Ascomycota	Opisthokonta					74.81073722682018
barcode19	46584	0.0028131131456432326	Danielia oregonensis	Danielia	Metschnikowiaceae	Serinales	Pichiomycetes	Ascomycota	Opisthokonta					120.39561640723907
barcode19	112090	0.004607076043051248	Aphanomyces astaci	Aphanomyces	Verrucalvaceae	Saprolegniales	Saprolegniomycetes	Oomycota	Sar					197.17364049050732
barcode19	157072	0.0028576426048297944	Aphanomyces invadans	Aphanomyces	Verrucalvaceae	Saprolegniales	Saprolegniomycetes	Oomycota	Sar					122.30138820150555
barcode19	1470396	0.00032711808963035646	Deakozyma indianensis	Deakozyma	Trichomonascaceae	Dipodascales	Dipodascomycetes	Ascomycota	Opisthokonta					13.999999999999996
barcode19	4779	0.001683181713481063	Bremia lactucae	Bremia	Peronosporaceae	Peronosporales	Peronosporomycetes	Oomycota	Sar					72.03681097356254
barcode19	2978459	0.0007701141157738301	Kirschsteiniothelia puerensis	Kirschsteiniothelia	Kirschsteiniotheliaceae	Kirschsteiniotheliales	Dothideomycetes	Ascomycota	Opisthokonta					32.95934392688838
barcode19	2654861	0.00509116308826125	Quaeritorhiza haematococci	Quaeritorhiza	Quaeritorhizaceae		Chytridiomycetes	Chytridiomycota	Opisthokonta					217.89159785140498
barcode19	78545	0.002051207372085344	Acaulospora laevis	Acaulospora	Acaulosporaceae	Diversisporales	Glomeromycetes	Mucoromycota	Opisthokonta					87.78757311050856
barcode19	937378	0.0023931088590830535	Acaulospora entreriana	Acaulospora	Acaulosporaceae	Diversisporales	Glomeromycetes	Mucoromycota	Opisthokonta					102.42027295103652
barcode19	27374	0.0002581023883820212	Acaulospora spinosa	Acaulospora	Acaulosporaceae	Diversisporales	Glomeromycetes	Mucoromycota	Opisthokonta					11.046266017973744
barcode19	27376	0.0026582712341787287	Acaulospora colombiana	Acaulospora	Acaulosporaceae	Diversisporales	Glomeromycetes	Mucoromycota	Opisthokonta					113.76869228038123
barcode19	1079897	0.005153888270005737	Acaulospora cavernata	Acaulospora	Acaulosporaceae	Diversisporales	Glomeromycetes	Mucoromycota	Opisthokonta					220.57611017970552
barcode19	2588764	0.0009630522966490848	Archaeospora ecuadoriana	Archaeospora	Archaeosporaceae	Archaeosporales	Glomeromycetes	Mucoromycota	Opisthokonta					41.21671219198753
barcode19	1972599	0.0326344593233203	Racocetra crispa	Racocetra	Gigasporaceae	Diversisporales	Glomeromycetes	Mucoromycota	Opisthokonta					1396.689590119462
barcode19	45792	0.0027243297555602504	Lipomyces oligophaga	Lipomyces	Lipomycetaceae	Lipomycetales	Lipomycetes	Ascomycota	Opisthokonta					116.5958648784676
barcode19	162394	0.0005830667833996185	Dothidea sambuci	Dothidea	Dothideaceae	Dothideales	Dothideomycetes	Ascomycota	Opisthokonta					24.954092195936873
barcode19	1903024	0.0021241195965799103	Gloniopsis calami	Gloniopsis	Hysteriaceae	Hysteriales	Dothideomycetes	Ascomycota	Opisthokonta					90.90807049442701
barcode19	2544956	0.0012246746615837295	Dicephalospora sessilis	Dicephalospora	Helotiaceae	Helotiales	Leotiomycetes	Ascomycota	Opisthokonta					52.41362616646045
barcode19	2810478	0.003206217595652271	Salinomyces polonicus	Salinomyces	Teratosphaeriaceae	Mycosphaerellales	Dothideomycetes	Ascomycota	Opisthokonta					137.21970065872588
barcode19	3023420	0.0009762348558387066	Inocybe phari	Inocybe	Inocybaceae	Agaricales	Agaricomycetes	Basidiomycota	Opisthokonta					41.78089936018497
barcode19	1134076	0.009151657207147931	Geranomyces tanneri	Geranomyces	Powellomycetaceae	Spizellomycetales	Chytridiomycetes	Chytridiomycota	Opisthokonta					391.67262515151714
barcode19	2704025	0.009158261388418425	Vinositunica ingens	Vinositunica	Endogonaceae	Endogonales	Endogonomycetes	Mucoromycota	Opisthokonta					391.9552709015318
barcode19	64516	0.0008628789226201643	Phlyctochytrium californicum	Phlyctochytrium	Chytridiaceae	Chytridiales	Chytridiomycetes	Chytridiomycota	Opisthokonta					36.92949213029779
barcode19	415601	0.0009970214930309154	Redeckera megalocarpum	Redeckera	Diversisporaceae	Diversisporales	Glomeromycetes	Mucoromycota	Opisthokonta					42.670525858737115
barcode19	40221	0.000980280206861383	Symbiotaphrina kochii	Symbiotaphrina	Symbiotaphrinaceae	Symbiotaphrinales		Ascomycota	Opisthokonta					41.954032293253476
barcode19	1571505	0.0013785696698909468	Darksidea zeta	Darksidea	Lentitheciaceae	Pleosporales	Dothideomycetes	Ascomycota	Opisthokonta					59.00002473199274
barcode19	45539	0.003986965062133835	Blastobotrys chiropterorum	Blastobotrys	Trichomonascaceae	Dipodascales	Dipodascomycetes	Ascomycota	Opisthokonta					170.63413072920386
barcode19	1857663	0.0010087490741452479	Sugiyamaella mastotermitis	Sugiyamaella	Trichomonascaceae	Dipodascales	Dipodascomycetes	Ascomycota	Opisthokonta					43.17244287526832
barcode19	335848	0.000820353573157247	Apiospora aurea	Apiospora	Apiosporaceae	Amphisphaeriales	Sordariomycetes	Ascomycota	Opisthokonta					35.10949222398386
barcode19	2935555	0.000793433794243965	Pseudolignincola siamensis	Pseudolignincola	Halosphaeriaceae	Microascales	Sordariomycetes	Ascomycota	Opisthokonta					33.95737952605322
barcode19	1068736	0.0035561037774862877	Monilochaetes dimorphospora	Monilochaetes	Australiascaceae	Glomerellales	Sordariomycetes	Ascomycota	Opisthokonta					152.19412946885814
barcode19	1548888	0.008237519136711422	Pucciniastrum myosotidii	Pucciniastrum	Pucciniastraceae	Pucciniales	Pucciniomycetes	Basidiomycota	Opisthokonta					352.54934401297544
barcode19	2877793	0.00044429648946845893	Sporobolomyces cellobiolyticus	Sporobolomyces	Sporidiobolaceae	Sporidiobolales	Microbotryomycetes	Basidiomycota	Opisthokonta					19.015001156271104
barcode19	2877794	0.0003795677083520448	Sporobolomyces ellipsoideus	Sporobolomyces	Sporidiobolaceae	Sporidiobolales	Microbotryomycetes	Basidiomycota	Opisthokonta					16.244738782050813
barcode19	243823	0.0007642766536193785	Sporobolomyces beijingensis	Sporobolomyces	Sporidiobolaceae	Sporidiobolales	Microbotryomycetes	Basidiomycota	Opisthokonta					32.70951222160216
barcode19	1315970	0.0013339108454759226	Lactifluus chrysocarpus	Lactifluus	Russulaceae	Russulales	Agaricomycetes	Basidiomycota	Opisthokonta					57.08871636467853
barcode19	796027	0.0006388540477550169	Sugiyamaella lignohabitans	Sugiyamaella	Trichomonascaceae	Dipodascales	Dipodascomycetes	Ascomycota	Opisthokonta					27.34167553581921
barcode19	2315449	0.001169924236998444	Yamadazyma tenuis	Yamadazyma	Debaryomycetaceae	Serinales	Pichiomycetes	Ascomycota	Opisthokonta					50.07041749505941
barcode19	1486924	0.0019714387419404026	Gromochytrium mamkaevae	Gromochytrium	Gromochytriaceae	Gromochytriales	Chytridiomycetes	Chytridiomycota	Opisthokonta					84.37363527756536
barcode19	4787	0.0023777071442290278	Phytophthora infestans	Phytophthora	Peronosporaceae	Peronosporales	Peronosporomycetes	Oomycota	Sar					101.76111035871394
barcode19	2201245	0.0010270455108560225	Metschnikowia laotica	Metschnikowia	Metschnikowiaceae	Serinales	Pichiomycetes	Ascomycota	Opisthokonta					43.95549377361605
barcode19	372061	0.0015570587486734217	Lepidosphaeria nicotiae	Lepidosphaeria	Testudinaceae	Pleosporales	Dothideomycetes	Ascomycota	Opisthokonta					66.6390003257251
barcode19	2704023	0.001639049006606313	Jimgerdemannia ambigua	Jimgerdemannia	Endogonaceae	Endogonales	Endogonomycetes	Mucoromycota	Opisthokonta					70.14801938473698
barcode19	1208333	0.0018769811620129536	Dentiscutata savannicola	Dentiscutata	Gigasporaceae	Diversisporales	Glomeromycetes	Mucoromycota	Opisthokonta					80.33103977183039
barcode19	1006461	0.0019961376640026027	Dasyspora nitidae	Dasyspora	Sphaerophragmiaceae	Pucciniales	Pucciniomycetes	Basidiomycota	Opisthokonta					85.4306997439834
barcode19	54101	0.00045381213835672354	Myxozyma vanderwaltii	Myxozyma	Lipomycetaceae	Lipomycetales	Lipomycetes	Ascomycota	Opisthokonta					19.422251897391053
barcode19	2605921	0.0004504558164783208	Novakomyces olei	Novakomyces				Ascomycota	Opisthokonta					19.278608033639173
barcode19	64504	0.0010577767855704156	Allomyces arbusculus	Allomyces	Blastocladiaceae	Blastocladiales	Blastocladiomycetes	Blastocladiomycota	Opisthokonta					45.27073086884265
barcode19	144539	0.0003041024867930456	Paraglomus occultum	Paraglomus	Paraglomeraceae	Paraglomerales	Glomeromycetes	Mucoromycota	Opisthokonta					13.014978229768765
barcode19	2929137	0.0011558832907259228	Phyllachora sandiensis	Phyllachora	Phyllachoraceae	Phyllachorales	Sordariomycetes	Ascomycota	Opisthokonta					49.46949307648804
barcode19	2066077	0.00023742559952679636	Phyllachora panicicola	Phyllachora	Phyllachoraceae	Phyllachorales	Sordariomycetes	Ascomycota	Opisthokonta					10.16134080854783
barcode19	2544971	0.00026580571090412494	Neomollisia gelatinosa	Neomollisia	Mollisiaceae	Helotiales	Leotiomycetes	Ascomycota	Opisthokonta					11.375952815274738
barcode19	1006457	0.0030447887379783938	Dasyspora frutescentis	Dasyspora	Sphaerophragmiaceae	Pucciniales	Pucciniomycetes	Basidiomycota	Opisthokonta					130.3108684079993
barcode19	1904436	0.00808897807500272	Puccinia wiehei	Puccinia	Pucciniaceae	Pucciniales	Pucciniomycetes	Basidiomycota	Opisthokonta					346.1920836539664
barcode19	1440432	0.0003428705054536521	Stomatisora psychotriicola	Stomatisora	Crossopsoraceae	Pucciniales	Pucciniomycetes	Basidiomycota	Opisthokonta					14.674171892405402
barcode19	1326894	0.0015484230035559628	Tortispora agaves	Tortispora	Trigonopsidaceae	Trigonopsidales	Trigonopsidomycetes	Ascomycota	Opisthokonta					66.26940770618809
barcode19	3125859	0.0008974120427709704	Hamaspora rubi-alceifolii	Hamaspora	Phragmidiaceae	Pucciniales	Pucciniomycetes	Basidiomycota	Opisthokonta					38.40744060651199
barcode19	1961798	0.00026817852786917767	Cyanodermella oleoligni	Cyanodermella	Stictidaceae	Ostropales	Lecanoromycetes	Ascomycota	Opisthokonta					11.477504635745065
barcode19	203908	0.0015901860653175224	Melampsora laricis-populina	Melampsora	Melampsoraceae	Pucciniales	Pucciniomycetes	Basidiomycota	Opisthokonta					68.05678322345932
barcode19	2822381	0.000982465619036462	Hydnum pinicola	Hydnum	Hydnaceae	Cantharellales	Agaricomycetes	Basidiomycota	Opisthokonta					42.047563563522495
barcode19	2943438	0.0009166253826134742	Hydnum reginae	Hydnum	Hydnaceae	Cantharellales	Agaricomycetes	Basidiomycota	Opisthokonta					39.22973312509147
barcode19	1806994	0.000400417609702539	Synchytrium microbalum	Synchytrium	Synchytriaceae	Synchytriales	Chytridiomycetes	Chytridiomycota	Opisthokonta					17.137072860049265
barcode19	4903	0.0003389379746773291	Cyberlindnera jadinii	Cyberlindnera	Phaffomycetaceae	Phaffomycetales	Saccharomycetes	Ascomycota	Opisthokonta					14.505867440240332
barcode19	13684	0.0007704632209612461	Parastagonospora nodorum	Parastagonospora	Phaeosphaeriaceae	Pleosporales	Dothideomycetes	Ascomycota	Opisthokonta					32.97428493069941
barcode19	507509	0.0004406302926871529	Danielozyma litseae	Danielozyma	Debaryomycetaceae	Serinales	Pichiomycetes	Ascomycota	Opisthokonta					18.85809526642477
barcode19	234568	0.0005374084554378293	Kodamaea arcana	Kodamaea	Debaryomycetaceae	Serinales	Pichiomycetes	Ascomycota	Opisthokonta					23.00000707582822
barcode19	109760	0.0018917101562297208	Spizellomyces punctatus	Spizellomyces	Spizellomycetaceae	Spizellomycetales	Chytridiomycetes	Chytridiomycota	Opisthokonta					80.96141126631959
barcode19	117821	0.0007251977897984212	Spizellomyces plurigibbosus	Spizellomyces	Spizellomycetaceae	Spizellomycetales	Chytridiomycetes	Chytridiomycota	Opisthokonta					31.03701500779283
barcode19	279323	0.001672762445233744	Apiotrichum otae	Apiotrichum	Trichosporonaceae	Trichosporonales	Tremellomycetes	Basidiomycota	Opisthokonta					71.59088713111377
barcode19	2877736	0.0013903301755643623	Dioszegia ovata	Dioszegia	Bulleribasidiaceae	Tremellales	Tremellomycetes	Basidiomycota	Opisthokonta					59.503350853803575
barcode19	2877738	0.00032608686852173886	Dioszegia kandeliae	Dioszegia	Bulleribasidiaceae	Tremellales	Tremellomycetes	Basidiomycota	Opisthokonta					13.95586579899338
barcode19	2596947	0.0003573793495574071	Starmerella vitae	Starmerella	Trichomonascaceae	Dipodascales	Dipodascomycetes	Ascomycota	Opisthokonta					15.29512140235791
barcode19	2704021	0.001412352474458206	Endogone botryocarpus	Endogone	Endogonaceae	Endogonales	Endogonomycetes	Mucoromycota	Opisthokonta					60.4458612018623
barcode19	1904434	0.0003174704103407192	Puccinia setariae	Puccinia	Pucciniaceae	Pucciniales	Pucciniomycetes	Basidiomycota	Opisthokonta					13.587098621762099
barcode19	45562	0.0017990350487462896	Starmerella lactis-condensi	Starmerella	Trichomonascaceae	Dipodascales	Dipodascomycetes	Ascomycota	Opisthokonta					76.9951020162437
barcode19	2027812	0.0005347916132850217	Classicula sinensis	Classicula	Classiculaceae	Classiculales	Classiculomycetes	Basidiomycota	Opisthokonta					22.888011465372358
barcode19	1133749	0.0003369040421342135	Tricholomopsis osiliensis	Tricholomopsis		Agaricales	Agaricomycetes	Basidiomycota	Opisthokonta					14.418819195260069
barcode19	1392244	0.0006872943415721629	Kalmanozyma brasiliensis	Kalmanozyma		Ustilaginales	Ustilaginomycetes	Basidiomycota	Opisthokonta					29.41482323060543
barcode19	911321	0.00035922211290744384	Calcarisporiella thermophila	Calcarisporiella	Calcarisporiellaceae	Calcarisporiellales		Mucoromycota	Opisthokonta					15.37398798821278
barcode19	512029	0.0005560531495589056	Buwchfawromyces eastonii	Buwchfawromyces	Neocallimastigaceae	Neocallimastigales	Neocallimastigomycetes	Chytridiomycota	Opisthokonta					23.79796269482204
barcode19	1987568	0.0004896995725954435	Pecoramyces ruminantium	Pecoramyces	Neocallimastigaceae	Neocallimastigales	Neocallimastigomycetes	Chytridiomycota	Opisthokonta					20.95816230793979
barcode19	1395665	0.0017184253474465383	Alogomyces tanneri	Alogomyces	Lobulomycetaceae	Lobulomycetales	Chytridiomycetes	Chytridiomycota	Opisthokonta					73.54516802001694
barcode19	246081	0.0005660834468859183	Suhomyces kunorum	Suhomyces	Debaryomycetaceae	Serinales	Pichiomycetes	Ascomycota	Opisthokonta					24.227239359823532
barcode19	1938712	0.0007480784067102959	Atractiella rhizophila	Atractiella	Hoehnelomycetaceae	Atractiellales	Atractiellomycetes	Basidiomycota	Opisthokonta					32.01625965038724
barcode19	2991538	0.0009973180288334097	Entomortierella sugadairana	Entomortierella	Mortierellaceae	Mortierellales	Mortierellomycetes	Mucoromycota	Opisthokonta					42.68321699801227
barcode19	114775	0.0006383681696453553	Trigonosporomyces hylophilus	Trigonosporomyces	Chrysozymaceae		Microbotryomycetes	Basidiomycota	Opisthokonta					27.320880924481916
barcode19	2211346	0.0003119857934443741	Curvularia colbranii	Curvularia	Pleosporaceae	Pleosporales	Dothideomycetes	Ascomycota	Opisthokonta					13.352367987832322
barcode19	1809268	0.00030375251180905137	Atractospora decumbens	Atractospora	Atractosporaceae		Sordariomycetes	Ascomycota	Opisthokonta					13.00000000040378
barcode19	297794	0.0011167205103759052	[Candida] blattariae	Yamadazyma	Debaryomycetaceae	Serinales	Pichiomycetes	Ascomycota	Opisthokonta					47.793404403067996
barcode19	1671311	0.0004678175656027844	Colletotrichum abscissum	Colletotrichum	Glomerellaceae	Glomerellales	Sordariomycetes	Ascomycota	Opisthokonta					20.021656172667967
barcode19	1651791	0.0004398175465394236	Hannaella pagnoccae	Hannaella	Bulleribasidiaceae	Tremellales	Tremellomycetes	Basidiomycota	Opisthokonta					18.82331135679425
barcode19	2499430	0.00037694702013474975	Gloniopsis leucaenae	Gloniopsis	Hysteriaceae	Hysteriales	Dothideomycetes	Ascomycota	Opisthokonta					16.13257856772702
barcode19	273372	0.0005684086009678565	Candida metapsilosis	Candida	Debaryomycetaceae	Serinales	Pichiomycetes	Ascomycota	Opisthokonta					24.326751304222324
barcode19	53607	0.00040446072021753957	Cyberlindnera mississippiensis	Cyberlindnera	Phaffomycetaceae	Phaffomycetales	Saccharomycetes	Ascomycota	Opisthokonta					17.31010990387026
barcode19	1525356	0.0003738914779208353	Chordomyces antarcticum	Chordomyces	Plectosphaerellaceae	Glomerellales	Sordariomycetes	Ascomycota	Opisthokonta					16.00180747205591
barcode19	417184	0.00032954866563076837	Mycoemilia scoparia	Mycoemilia	Kickxellaceae	Kickxellales	Kickxellomycetes	Zoopagomycota	Opisthokonta					14.104023791665625
barcode19	34475	0.0007243331262299957	Rhodofomes roseus	Rhodofomes	Fomitopsidaceae	Polyporales	Agaricomycetes	Basidiomycota	Opisthokonta					31.000009136391355
barcode19	90248	0.0006542397725507971	Basidiobolus haptosporus	Basidiobolus	Basidiobolaceae	Basidiobolales	Basidiobolomycetes	Zoopagomycota	Opisthokonta					28.000153785629017
barcode19	2681178	0.0009111671905326517	Meliola pottsiae	Meliola	Meliolaceae	Meliolales	Sordariomycetes	Ascomycota	Opisthokonta					38.99613342041643
barcode19	2093397	0.00042053826390699774	Plectosphaerella niemeijerarum	Plectosphaerella	Plectosphaerellaceae	Glomerellales	Sordariomycetes	Ascomycota	Opisthokonta					17.99819661869169
barcode19	1873960	0.0002609697338835078	Pseudocercospora fijiensis	Pseudocercospora	Mycosphaerellaceae	Mycosphaerellales	Dothideomycetes	Ascomycota	Opisthokonta					11.168982670746367
barcode19	181762	0.00037384924529183604	Psilocybe cubensis	Psilocybe	Strophariaceae	Agaricales	Agaricomycetes	Basidiomycota	Opisthokonta					15.999999999999998
barcode20	564305	0.02337169909263942	Kwoniella shivajii	Kwoniella	Cryptococcaceae	Tremellales	Tremellomycetes	Basidiomycota	Opisthokonta					2438.9536588123865
barcode20	110093	0.0003113306709976043	Polychytrium aggregatum	Polychytrium		Polychytriales	Chytridiomycetes	Chytridiomycota	Opisthokonta					32.48891217195499
barcode20	1485682	0.008297028349729273	Mitosporidium daphniae	Mitosporidium				Microsporidia	Opisthokonta					865.8363934359983
barcode20	45357	0.0006589680680621105	Candidozyma haemuli	Candidozyma	Metschnikowiaceae	Serinales	Pichiomycetes	Ascomycota	Opisthokonta					68.76661274262155
barcode20	84275	0.00020002989160602578	Cercospora kikuchii	Cercospora	Mycosphaerellaceae	Mycosphaerellales	Dothideomycetes	Ascomycota	Opisthokonta					20.87411933854682
barcode20	5007	0.00023011688993393732	Brettanomyces bruxellensis	Brettanomyces	Pichiaceae	Pichiales	Pichiomycetes	Ascomycota	Opisthokonta					24.01384804905603
barcode20	5491	0.0004748531975556547	Helenozyma melibiosica	Helenozyma	Metschnikowiaceae	Serinales	Pichiomycetes	Ascomycota	Opisthokonta					49.55330543092035
barcode20	54193	0.00095391019643069	[Candida] silvatica	Pichia	Pichiaceae	Pichiales	Pichiomycetes	Ascomycota	Opisthokonta					99.54529854852466
barcode20	131344	0.0001999954253202197	Pallidocercospora heimii	Pallidocercospora	Mycosphaerellaceae	Mycosphaerellales	Dothideomycetes	Ascomycota	Opisthokonta					20.870522609291527
barcode20	1431932	0.00205217853601862	Amycosphaerella africana	Amycosphaerella	Mycosphaerellaceae	Mycosphaerellales	Dothideomycetes	Ascomycota	Opisthokonta					214.1550911262231
barcode20	1047171	0.00013876685742173804	Zymoseptoria tritici	Zymoseptoria	Mycosphaerellaceae	Mycosphaerellales	Dothideomycetes	Ascomycota	Opisthokonta					14.481015406245474
barcode20	418781	0.0003534803718219182	Teratosphaeria destructans	Teratosphaeria	Teratosphaeriaceae	Mycosphaerellales	Dothideomycetes	Ascomycota	Opisthokonta					36.88744420147627
barcode20	62132	0.008285391314657276	Capnobotryella renispora	Capnobotryella	Teratosphaeriaceae	Mycosphaerellales	Dothideomycetes	Ascomycota	Opisthokonta					864.62201064106
barcode20	78917	0.0013319722964776533	Piptocephalis corymbifera	Piptocephalis	Piptocephalidaceae	Zoopagales	Zoopagomycetes	Zoopagomycota	Opisthokonta					138.9979689989255
barcode20	61418	0.0028301856588022764	Spiromyces minutus	Spiromyces	Kickxellaceae	Kickxellales	Kickxellomycetes	Zoopagomycota	Opisthokonta					295.34402442431156
barcode20	2201245	0.0020740025883695975	Metschnikowia laotica	Metschnikowia	Metschnikowiaceae	Serinales	Pichiomycetes	Ascomycota	Opisthokonta					216.43254010930934
barcode20	3055	0.08773350584588752	Chlamydomonas reinhardtii	Chlamydomonas	Chlamydomonadaceae	Chlamydomonadales	Chlorophyceae	Chlorophyta	core chlorophytes					9155.430002547591
barcode20	3067	0.009322090449555218	Volvox carteri	Volvox	Volvocaceae	Chlamydomonadales	Chlorophyceae	Chlorophyta	core chlorophytes					972.8067488633347
barcode20	693156	0.031796131868966945	Chytridium olla	Chytridium	Chytridiaceae	Chytridiales	Chytridiomycetes	Chytridiomycota	Opisthokonta					3318.0853411860458
barcode20	463800	0.00014374011800922685	Kwoniella mangrovensis	Kwoniella	Cryptococcaceae	Tremellales	Tremellomycetes	Basidiomycota	Opisthokonta					15.000000014852867
barcode20	308927	0.008766813460372684	Diversispora spurca	Diversispora	Diversisporaceae	Diversisporales	Glomeromycetes	Mucoromycota	Opisthokonta					914.8608186571914
barcode20	2650714	0.0037046275252500343	Diversispora aurantia	Diversispora	Diversisporaceae	Diversisporales	Glomeromycetes	Mucoromycota	Opisthokonta					386.5964053974673
barcode20	1972599	0.03353027522959059	Racocetra crispa	Racocetra	Gigasporaceae	Diversisporales	Glomeromycetes	Mucoromycota	Opisthokonta					3499.0518715839257
barcode20	2991561	0.008667736109902872	Linnemannia solitaria	Linnemannia	Mortierellaceae	Mortierellales	Mortierellomycetes	Mucoromycota	Opisthokonta					904.5216017489142
barcode20	2878256	0.00013699936747966704	Boekhoutia sterigmata	Boekhoutia	Chionosphaeraceae	Agaricostilbales	Agaricostilbomycetes	Basidiomycota	Opisthokonta					14.296568993340653
barcode20	324621	0.0003943279102210242	Jimgerdemannia lactiflua	Jimgerdemannia	Endogonaceae	Endogonales	Endogonomycetes	Mucoromycota	Opisthokonta					41.15008907111498
barcode20	423455	0.0014133284674164447	Basidiobolus heterosporus	Basidiobolus	Basidiobolaceae	Basidiobolales	Basidiobolomycetes	Zoopagomycota	Opisthokonta					147.4878922172431
barcode20	2704025	0.020273434095314156	Vinositunica ingens	Vinositunica	Endogonaceae	Endogonales	Endogonomycetes	Mucoromycota	Opisthokonta					2115.6342150165087
barcode20	2704023	0.0020686564552359382	Jimgerdemannia ambigua	Jimgerdemannia	Endogonaceae	Endogonales	Endogonomycetes	Mucoromycota	Opisthokonta					215.87464438614634
barcode20	134358	0.0003514267546265303	Westerdykella cylindrica	Westerdykella	Sporormiaceae	Pleosporales	Dothideomycetes	Ascomycota	Opisthokonta					36.67313897905157
barcode20	1431937	0.0003132855324642291	Neocatenulostroma microsporum	Neocatenulostroma	Teratosphaeriaceae	Mycosphaerellales	Dothideomycetes	Ascomycota	Opisthokonta					32.69291174030462
barcode20	162394	0.000362199399419926	Dothidea sambuci	Dothidea	Dothideaceae	Dothideales	Dothideomycetes	Ascomycota	Opisthokonta					37.79731832646638
barcode20	43223	0.00037217915539860245	Tyrannosorus pinicola	Tyrannosorus	Venturiaceae	Venturiales	Dothideomycetes	Ascomycota	Opisthokonta					38.83875576162116
barcode20	1246581	0.0013274968081957697	Paramicrosporidium saccamoebae	Paramicrosporidium				Cryptomycota	Opisthokonta					138.53092941926954
barcode20	1904436	0.0030855506775017806	Puccinia wiehei	Puccinia	Pucciniaceae	Pucciniales	Pucciniomycetes	Basidiomycota	Opisthokonta					321.99264095069833
barcode20	2822377	0.0006712423080904209	Hydnum cremeoalbum	Hydnum	Hydnaceae	Cantharellales	Agaricomycetes	Basidiomycota	Opisthokonta					70.04749106077587
barcode20	2558025	0.0009687102017260457	Milesina woodwardiana	Milesina	Milesinaceae	Pucciniales	Pucciniomycetes	Basidiomycota	Opisthokonta					101.0897531011215
barcode20	1403820	0.0007595609398483265	Sistotrema luteoviride	Sistotrema	Corticiaceae	Corticiales	Agaricomycetes	Basidiomycota	Opisthokonta					79.26398187787211
barcode20	2822381	0.0020456758889138486	Hydnum pinicola	Hydnum	Hydnaceae	Cantharellales	Agaricomycetes	Basidiomycota	Opisthokonta					213.47650738760467
barcode20	2877807	0.00011262915386326066	Chrysozyma iridis	Chrysozyma	Chrysozymaceae		Microbotryomycetes	Basidiomycota	Opisthokonta					11.753415351400566
barcode20	2877812	0.00016183258024837836	Chrysozyma flava	Chrysozyma	Chrysozymaceae		Microbotryomycetes	Basidiomycota	Opisthokonta					16.888038911819525
barcode20	2877805	0.00013756337889850878	Chrysozyma pseudogriseoflava	Chrysozyma	Chrysozymaceae		Microbotryomycetes	Basidiomycota	Opisthokonta					14.355426404953883
barcode20	1806907	0.0002711656361810862	Gymnosporangium przewalskii	Gymnosporangium	Gymnosporangiaceae	Pucciniales	Pucciniomycetes	Basidiomycota	Opisthokonta					28.29748996367725
barcode20	2877806	0.00029351221922053946	Chrysozyma sambuci	Chrysozyma	Chrysozymaceae		Microbotryomycetes	Basidiomycota	Opisthokonta					30.629467636759394
barcode20	27376	0.006067553123630463	Acaulospora colombiana	Acaulospora	Acaulosporaceae	Diversisporales	Glomeromycetes	Mucoromycota	Opisthokonta					633.179506216457
barcode20	157072	0.002508863334865247	Aphanomyces invadans	Aphanomyces	Verrucalvaceae	Saprolegniales	Saprolegniomycetes	Oomycota	Sar					261.81243330986285
barcode20	112090	0.006253705327706498	Aphanomyces astaci	Aphanomyces	Verrucalvaceae	Saprolegniales	Saprolegniomycetes	Oomycota	Sar					652.6054194728116
barcode20	4787	0.0027780066094028797	Phytophthora infestans	Phytophthora	Peronosporaceae	Peronosporales	Peronosporomycetes	Oomycota	Sar					289.89887972423753
barcode20	4779	0.00026054781030467706	Bremia lactucae	Bremia	Peronosporaceae	Peronosporales	Peronosporomycetes	Oomycota	Sar					27.189466744344575
barcode20	281847	0.00017337522136727325	Rozella allomycis	Rozella				Cryptomycota	Opisthokonta					18.0925712257818
barcode20	2605921	0.0006890993250365786	Novakomyces olei	Novakomyces				Ascomycota	Opisthokonta					71.91096006419215
barcode20	1133749	0.00044931812874395217	Tricholomopsis osiliensis	Tricholomopsis		Agaricales	Agaricomycetes	Basidiomycota	Opisthokonta					46.88859332507513
barcode20	46584	0.003103298926010693	Danielia oregonensis	Danielia	Metschnikowiaceae	Serinales	Pichiomycetes	Ascomycota	Opisthokonta					323.84475942384586
barcode20	554065	0.00046998690567124686	Chlorella variabilis	Chlorella	Chlorellaceae	Chlorellales	Trebouxiophyceae	Chlorophyta	core chlorophytes					49.045483541322966
barcode20	1123529	0.0006931949607484608	Gonapodya prolifera	Gonapodya	Gonapodyaceae	Monoblepharidales	Monoblepharidomycetes	Chytridiomycota	Opisthokonta					72.33836012890562
barcode20	150278	0.020950027959639184	Monoblepharis macrandra	Monoblepharis	Monoblepharidaceae	Monoblepharidales	Monoblepharidomycetes	Chytridiomycota	Opisthokonta					2186.240167728147
barcode20	82268	0.0011943320791359092	Hyaloraphidium curvatum	Hyaloraphidium		Monoblepharidales	Monoblepharidomycetes	Chytridiomycota	Opisthokonta					124.6345241182278
barcode20	1661797	0.005720249376022896	Dactylidispora singaporensis	Dactylidispora	Ceratostomataceae	Coronophorales	Sordariomycetes	Ascomycota	Opisthokonta					596.9366236348693
barcode20	1985864	0.00020337000847964355	Heitmania litseae	Heitmania	Heitmaniaceae	Heitmaniales	Microbotryomycetes	Basidiomycota	Opisthokonta					21.222677234893204
barcode20	2877801	0.00046604464004988195	Microbotryozyma swertiae	Microbotryozyma	Ustilentylomataceae	Microbotryales	Microbotryomycetes	Basidiomycota	Opisthokonta					48.63408841240543
barcode20	3044046	0.0003596534779720078	Leucosporidium egoroviorum	Leucosporidium	Leucosporidiaceae	Leucosporidiales	Microbotryomycetes	Basidiomycota	Opisthokonta					37.531638693768876
barcode20	1985866	0.00016953106416593683	Heitmania elacocarpi	Heitmania	Heitmaniaceae	Heitmaniales	Microbotryomycetes	Basidiomycota	Opisthokonta					17.691414201036338
barcode20	2877800	0.00012912483563183694	Heitmania cylindrica	Heitmania	Heitmaniaceae	Heitmaniales	Microbotryomycetes	Basidiomycota	Opisthokonta					13.474822222360343
barcode20	2877799	0.0001423610179224527	Heitmania tridentata	Heitmania	Heitmaniaceae	Heitmaniales	Microbotryomycetes	Basidiomycota	Opisthokonta					14.856084025297552
barcode20	1754191	0.0005975461388378608	Piromyces finnis	Piromyces	Neocallimastigaceae	Neocallimastigales	Neocallimastigomycetes	Chytridiomycota	Opisthokonta					62.356927318424965
barcode20	45553	0.0010979590825583544	Wickerhamiella galacta	Wickerhamiella	Trichomonascaceae	Dipodascales	Dipodascomycetes	Ascomycota	Opisthokonta					114.57752006037707
barcode20	2854244	0.0004239271455388335	Verruconis cylindricalis	Verruconis	Sympoventuriaceae	Venturiales	Dothideomycetes	Ascomycota	Opisthokonta					44.23891727270497
barcode20	415601	0.0009088314580121364	Redeckera megalocarpum	Redeckera	Diversisporaceae	Diversisporales	Glomeromycetes	Mucoromycota	Opisthokonta					94.8411068008565
barcode20	936130	0.0003918207072820725	Pisolithus orientalis	Pisolithus	Pisolithaceae	Boletales	Agaricomycetes	Basidiomycota	Opisthokonta					40.888449908420675
barcode20	45792	0.0015293740655475169	Lipomyces oligophaga	Lipomyces	Lipomycetaceae	Lipomycetales	Lipomycetes	Ascomycota	Opisthokonta					159.59783061021113
barcode20	61395	0.0005931415522433893	Linderina pennispora	Linderina	Kickxellaceae	Kickxellales	Kickxellomycetes	Zoopagomycota	Opisthokonta					61.89728668435889
barcode20	334125	0.0003076509682219133	Clavulina monodiminutiva	Clavulina	Hydnaceae	Cantharellales	Agaricomycetes	Basidiomycota	Opisthokonta					32.104916788797766
barcode20	114775	0.00039477165847417984	Trigonosporomyces hylophilus	Trigonosporomyces	Chrysozymaceae		Microbotryomycetes	Basidiomycota	Opisthokonta					41.196396420073036
barcode20	2292779	0.0003843597845602597	Solicoccozyma zizaniae	Solicoccozyma	Piskurozymaceae	Filobasidiales	Tremellomycetes	Basidiomycota	Opisthokonta					40.1098653177859
barcode20	2704024	0.0011540837727668112	Vinositunica radiata	Vinositunica	Endogonaceae	Endogonales	Endogonomycetes	Mucoromycota	Opisthokonta					120.43441210708059
barcode20	4860	0.004500900253090346	Basidiobolus magnus	Basidiobolus	Basidiobolaceae	Basidiobolales	Basidiobolomycetes	Zoopagomycota	Opisthokonta					469.6914459112431
barcode20	2588764	0.0018707590468352562	Archaeospora ecuadoriana	Archaeospora	Archaeosporaceae	Archaeosporales	Glomeromycetes	Mucoromycota	Opisthokonta					195.22306033249316
barcode20	1115089	0.0002314606614906435	Clavulina cinereoglebosa	Clavulina	Hydnaceae	Cantharellales	Agaricomycetes	Basidiomycota	Opisthokonta					24.1540773298561
barcode20	2576354	0.00017396690559415919	Volvariella pulla	Volvariella	Pluteaceae	Agaricales	Agaricomycetes	Basidiomycota	Opisthokonta					18.15431643327848
barcode20	181762	0.021413244584693937	Psilocybe cubensis	Psilocybe	Strophariaceae	Agaricales	Agaricomycetes	Basidiomycota	Opisthokonta					2234.579138635736
barcode20	5341	0.0003654456375443402	Agaricus bisporus	Agaricus	Agaricaceae	Agaricales	Agaricomycetes	Basidiomycota	Opisthokonta					38.13607950593962
barcode20	1929756	0.000491290714503959	Desarmillaria tabescens	Desarmillaria	Physalacriaceae	Agaricales	Agaricomycetes	Basidiomycota	Opisthokonta					51.26864251206064
barcode20	292281	0.015354762837238592	Gloiocephala aquatica	Gloiocephala	Physalacriaceae	Agaricales	Agaricomycetes	Basidiomycota	Opisthokonta					1602.3462758800333
barcode20	13684	0.00020731091681716447	Parastagonospora nodorum	Parastagonospora	Phaeosphaeriaceae	Pleosporales	Dothideomycetes	Ascomycota	Opisthokonta					21.633930724455197
barcode20	129865	0.00010570282422404074	Septoriella leuchtmannii	Septoriella	Phaeosphaeriaceae	Pleosporales	Dothideomycetes	Ascomycota	Opisthokonta					11.030618221899772
barcode20	1208333	0.0043480988828373535	Dentiscutata savannicola	Dentiscutata	Gigasporaceae	Diversisporales	Glomeromycetes	Mucoromycota	Opisthokonta					453.74585891849205
barcode20	40221	0.0005654452739583157	Symbiotaphrina kochii	Symbiotaphrina	Symbiotaphrinaceae	Symbiotaphrinales		Ascomycota	Opisthokonta					59.00704156392003
barcode20	45511	0.00022138630134403332	Yamadazyma scolyti	Yamadazyma	Debaryomycetaceae	Serinales	Pichiomycetes	Ascomycota	Opisthokonta					23.102767476756597
barcode20	2710867	0.00014011553636035943	Khoyollomyces ramosus	Khoyollomyces	Neocallimastigaceae	Neocallimastigales	Neocallimastigomycetes	Chytridiomycota	Opisthokonta					14.621756796885307
barcode20	2170546	0.0012119475784323013	Feramyces austinii	Feramyces	Neocallimastigaceae	Neocallimastigales	Neocallimastigomycetes	Chytridiomycota	Opisthokonta					126.4727895473028
barcode20	2911221	0.004362451765953307	Chromocyphella lamellata	Chromocyphella	Chromocyphellaceae	Agaricales	Agaricomycetes	Basidiomycota	Opisthokonta					455.2436540360573
barcode20	4792	0.0005178582672319673	Phytophthora nicotianae	Phytophthora	Peronosporaceae	Peronosporales	Peronosporomycetes	Oomycota	Sar					54.041099476991945
barcode20	67593	0.00022073203438665185	Phytophthora sojae	Phytophthora	Peronosporaceae	Peronosporales	Peronosporomycetes	Oomycota	Sar					23.034491448419054
barcode20	2891599	0.0009826213193715942	Candidozyma khanbhai	Candidozyma	Metschnikowiaceae	Serinales	Pichiomycetes	Ascomycota	Opisthokonta					102.54144778302272
barcode20	42068	0.00021827941797266913	Pneumocystis jirovecii	Pneumocystis	Pneumocystaceae	Pneumocystales	Pneumocystomycetes	Ascomycota	Opisthokonta					22.778548662537887
barcode20	263815	0.00013427959367149858	Pneumocystis murina	Pneumocystis	Pneumocystaceae	Pneumocystales	Pneumocystomycetes	Ascomycota	Opisthokonta					14.012746997589234
barcode20	4754	0.00022862589077365087	Pneumocystis carinii	Pneumocystis	Pneumocystaceae	Pneumocystales	Pneumocystomycetes	Ascomycota	Opisthokonta					23.858254831684338
barcode20	2850	0.00026704590454608684	Phaeodactylum tricornutum	Phaeodactylum	Phaeodactylaceae	Naviculales	Bacillariophyceae	Bacillariophyta	Sar					27.86757536890689
barcode20	45539	0.00044282386145763424	Blastobotrys chiropterorum	Blastobotrys	Trichomonascaceae	Dipodascales	Dipodascomycetes	Ascomycota	Opisthokonta					46.210884062411424
barcode20	796027	0.0013875000458494938	Sugiyamaella lignohabitans	Sugiyamaella	Trichomonascaceae	Dipodascales	Dipodascomycetes	Ascomycota	Opisthokonta					144.7925672846239
barcode20	80884	0.0005652918464047517	Colletotrichum higginsianum	Colletotrichum	Glomerellaceae	Glomerellales	Sordariomycetes	Ascomycota	Opisthokonta					58.99103063156787
barcode20	1857663	0.00024976769988120824	Sugiyamaella mastotermitis	Sugiyamaella	Trichomonascaceae	Dipodascales	Dipodascomycetes	Ascomycota	Opisthokonta					26.064508321103485
barcode20	1068736	0.0005546733396076627	Monilochaetes dimorphospora	Monilochaetes	Australiascaceae	Glomerellales	Sordariomycetes	Ascomycota	Opisthokonta					57.882936354757646
barcode20	45271	0.00030076578206240164	Pseudallescheria ellipsoidea	Pseudallescheria	Microascaceae	Microascales	Sordariomycetes	Ascomycota	Opisthokonta					31.386413187121924
barcode20	308924	0.00023211474169020492	Starmerella riodocensis	Starmerella	Trichomonascaceae	Dipodascales	Dipodascomycetes	Ascomycota	Opisthokonta					24.222333869081336
barcode20	329884	0.0009253773685957801	Friedmanniomyces simplex	Friedmanniomyces	Teratosphaeriaceae	Mycosphaerellales	Dothideomycetes	Ascomycota	Opisthokonta					96.56775529981263
barcode20	1903024	0.0010364828298007472	Gloniopsis calami	Gloniopsis	Hysteriaceae	Hysteriales	Dothideomycetes	Ascomycota	Opisthokonta					108.16216570385699
barcode20	2544956	0.000626247758536879	Dicephalospora sessilis	Dicephalospora	Helotiaceae	Helotiales	Leotiomycetes	Ascomycota	Opisthokonta					65.352084842116
barcode20	1571505	0.0006265411927925688	Darksidea zeta	Darksidea	Lentitheciaceae	Pleosporales	Dothideomycetes	Ascomycota	Opisthokonta					65.38270617386851
barcode20	1303431	0.00023154396942453342	Clypeoloculus akitaensis	Clypeoloculus	Morosphaeriaceae	Pleosporales	Dothideomycetes	Ascomycota	Opisthokonta					24.162770929297185
barcode20	2878300	0.00023305398993437587	Piskurozyma stramentorum	Piskurozyma	Piskurozymaceae	Filobasidiales	Tremellomycetes	Basidiomycota	Opisthokonta					24.320349119601794
barcode20	1661796	0.003202685447935371	Dactylidispora ellipsospora	Dactylidispora	Ceratostomataceae	Coronophorales	Sordariomycetes	Ascomycota	Opisthokonta					334.2162399192956
barcode20	2036943	0.0005540102088639761	Harzia palmara	Harzia	Ceratostomataceae	Coronophorales	Sordariomycetes	Ascomycota	Opisthokonta					57.81373534600023
barcode20	124036	0.00011049232593864581	Berkeleyomyces basicola	Berkeleyomyces	Ceratocystidaceae	Microascales	Sordariomycetes	Ascomycota	Opisthokonta					11.530426673327383
barcode20	2709059	0.000627801475873801	Periconia cortaderiae	Periconia	Periconiaceae	Pleosporales	Dothideomycetes	Ascomycota	Opisthokonta					65.5142230148105
barcode20	2036939	0.0003100370638931494	Harzia patula	Harzia	Ceratostomataceae	Coronophorales	Sordariomycetes	Ascomycota	Opisthokonta					32.353917802569605
barcode20	2036938	0.00036281036464359026	Harzia macrospora	Harzia	Ceratostomataceae	Coronophorales	Sordariomycetes	Ascomycota	Opisthokonta					37.86107560238186
barcode20	2654861	0.0037983313142848146	Quaeritorhiza haematococci	Quaeritorhiza	Quaeritorhizaceae		Chytridiomycetes	Chytridiomycota	Opisthokonta					396.37486430219184
barcode20	45607	0.0002584383161005152	Wickerhamiella sorbophila	Wickerhamiella	Trichomonascaceae	Dipodascales	Dipodascomycetes	Ascomycota	Opisthokonta					26.969330476669267
barcode20	1095183	0.00012379819951113867	Magnusiomyces capitatus	Magnusiomyces	Dipodascaceae	Dipodascales	Dipodascomycetes	Ascomycota	Opisthokonta					12.918961109984876
barcode20	2832334	0.0009150834569599006	Wickerhamiella osmotolerans	Wickerhamiella	Trichomonascaceae	Dipodascales	Dipodascomycetes	Ascomycota	Opisthokonta					95.49353415105043
barcode20	2991538	0.0006971589410208615	Entomortierella sugadairana	Entomortierella	Mortierellaceae	Mortierellales	Mortierellomycetes	Mucoromycota	Opisthokonta					72.75202129023201
barcode20	2877792	0.00034137457469756853	Begerowomyces foliicola	Begerowomyces		Cystobasidiales	Cystobasidiomycetes	Basidiomycota	Opisthokonta					35.62414374256476
barcode20	2877765	0.00035754459100990833	Kondoa cylindrica	Kondoa	Kondoaceae	Agaricostilbales	Agaricostilbomycetes	Basidiomycota	Opisthokonta					37.311565794838984
barcode20	2943438	0.001839666816782186	Hydnum reginae	Hydnum	Hydnaceae	Cantharellales	Agaricomycetes	Basidiomycota	Opisthokonta					191.978430665305
barcode20	911321	0.00024177208197223384	Calcarisporiella thermophila	Calcarisporiella	Calcarisporiellaceae	Calcarisporiellales		Mucoromycota	Opisthokonta					25.23012561421246
barcode20	1486924	0.0019663578846941614	Gromochytrium mamkaevae	Gromochytrium	Gromochytriaceae	Gromochytriales	Chytridiomycetes	Chytridiomycota	Opisthokonta					205.19927705725922
barcode20	2775103	0.00023444346850707548	Puccinia xinyuanensis	Puccinia	Pucciniaceae	Pucciniales	Pucciniomycetes	Basidiomycota	Opisthokonta					24.46534815605586
barcode20	243824	0.0001453213463512972	Sporobolomyces jilinensis	Sporobolomyces	Sporidiobolaceae	Sporidiobolales	Microbotryomycetes	Basidiomycota	Opisthokonta					15.165009098489621
barcode20	2877793	0.0006231724311836093	Sporobolomyces cellobiolyticus	Sporobolomyces	Sporidiobolaceae	Sporidiobolales	Microbotryomycetes	Basidiomycota	Opisthokonta					65.03115905616555
barcode20	2877794	0.00060867053525426	Sporobolomyces ellipsoideus	Sporobolomyces	Sporidiobolaceae	Sporidiobolales	Microbotryomycetes	Basidiomycota	Opisthokonta					63.517813706458305
barcode20	243823	0.00023043504488284305	Sporobolomyces beijingensis	Sporobolomyces	Sporidiobolaceae	Sporidiobolales	Microbotryomycetes	Basidiomycota	Opisthokonta					24.047049108749086
barcode20	2877821	0.000351150450355684	Sporobolomyces reniformis	Sporobolomyces	Sporidiobolaceae	Sporidiobolales	Microbotryomycetes	Basidiomycota	Opisthokonta					36.644305246867404
barcode20	1904429	0.0004933626326294082	Puccinia novopanici	Puccinia	Pucciniaceae	Pucciniales	Pucciniomycetes	Basidiomycota	Opisthokonta					51.48485752804189
barcode20	3058949	0.0021164656831336548	Gorgonomyces thailandicus	Gorgonomyces	Gorgonomycetaceae	Rhizophydiales	Chytridiomycetes	Chytridiomycota	Opisthokonta					220.86377636341254
barcode20	2494425	0.0005352703114649606	Lentaria variabilis	Lentaria	Lentariaceae	Gomphales	Agaricomycetes	Basidiomycota	Opisthokonta					55.85813335292597
barcode20	5481	0.00015330783306190861	Diutina rugosa	Diutina	Debaryomycetaceae	Serinales	Pichiomycetes	Ascomycota	Opisthokonta					15.998438919175474
barcode20	46585	0.0002399022022807858	Sungouiella pseudointermedia	Sungouiella	Metschnikowiaceae	Serinales	Pichiomycetes	Ascomycota	Opisthokonta					25.034994319011403
barcode20	1041604	0.0005533562441937216	Sungouiella pseudoflosculorum	Sungouiella	Metschnikowiaceae	Serinales	Pichiomycetes	Ascomycota	Opisthokonta					57.74549086283582
barcode20	299329	0.007953813741488194	Metschnikowia vanudenii	Metschnikowia	Metschnikowiaceae	Serinales	Pichiomycetes	Ascomycota	Opisthokonta					830.0202329930005
barcode20	2832335	0.00031231799816080157	Wickerhamiella tropicalis	Wickerhamiella	Trichomonascaceae	Dipodascales	Dipodascomycetes	Ascomycota	Opisthokonta					32.59194469807045
barcode20	85574	0.0014680038388667474	Kodamaea kakaduensis	Kodamaea	Debaryomycetaceae	Serinales	Pichiomycetes	Ascomycota	Opisthokonta					153.19354060493941
barcode20	2596947	0.00026119693603568434	Starmerella vitae	Starmerella	Trichomonascaceae	Dipodascales	Dipodascomycetes	Ascomycota	Opisthokonta					27.25720626000384
barcode20	115786	0.001010120945824187	[Candida] orba	Phaffomyces	Phaffomycetaceae	Phaffomycetales	Saccharomycetes	Ascomycota	Opisthokonta					105.41117130148304
barcode20	174643	0.012139850776162944	Metschnikowia dekortorum	Metschnikowia	Metschnikowiaceae	Serinales	Pichiomycetes	Ascomycota	Opisthokonta					1266.854127746484
barcode20	64504	0.000694531734045252	Allomyces arbusculus	Allomyces	Blastocladiaceae	Blastocladiales	Blastocladiomycetes	Blastocladiomycota	Opisthokonta					72.47785910629227
barcode20	372061	0.005083423683184747	Lepidosphaeria nicotiae	Lepidosphaeria	Testudinaceae	Pleosporales	Dothideomycetes	Ascomycota	Opisthokonta					530.4806784587443
barcode20	4997	0.00015615044896499179	Kondoa yuccicola	Kondoa	Kondoaceae	Agaricostilbales	Agaricostilbomycetes	Basidiomycota	Opisthokonta					16.295080101741718
barcode20	1306365	0.00022753586087901617	Cryomyces montanus	Cryomyces			Dothideomycetes	Ascomycota	Opisthokonta					23.74450476202973
barcode20	2810478	0.007381872179095312	Salinomyces polonicus	Salinomyces	Teratosphaeriaceae	Mycosphaerellales	Dothideomycetes	Ascomycota	Opisthokonta					770.3352712494913
barcode20	1396493	0.002521165977191481	Fimicolochytrium jonesii	Fimicolochytrium	Powellomycetaceae	Spizellomycetales	Chytridiomycetes	Chytridiomycota	Opisthokonta					263.096275549817
barcode20	95809	0.00024226085745320428	Kodamaea fungicola	Kodamaea	Debaryomycetaceae	Serinales	Pichiomycetes	Ascomycota	Opisthokonta					25.281131779529133
barcode20	507509	0.0007990259986650708	Danielozyma litseae	Danielozyma	Debaryomycetaceae	Serinales	Pichiomycetes	Ascomycota	Opisthokonta					83.38235809069346
barcode20	1508187	0.00019778542067859183	Meristemomyces frigidus	Meristemomyces	Teratosphaeriaceae	Mycosphaerellales	Dothideomycetes	Ascomycota	Opisthokonta					20.63989757491445
barcode20	78172	0.00013672214898026206	Sungouiella akabanensis	Sungouiella	Metschnikowiaceae	Serinales	Pichiomycetes	Ascomycota	Opisthokonta					14.267639856835247
barcode20	1396494	0.00019003881814086136	Fimicolochytrium alabamae	Fimicolochytrium	Powellomycetaceae	Spizellomycetales	Chytridiomycetes	Chytridiomycota	Opisthokonta					19.831500867089588
barcode20	1396496	0.0009777232413933623	Thoreauomyces humboldtii	Thoreauomyces	Powellomycetaceae	Spizellomycetales	Chytridiomycetes	Chytridiomycota	Opisthokonta					102.03030885560433
barcode20	2877732	0.00018003630117890664	Teunia korlaensis	Teunia	Cryptococcaceae	Tremellales	Tremellomycetes	Basidiomycota	Opisthokonta					18.787688209524802
barcode20	27374	0.0004080392811646405	Acaulospora spinosa	Acaulospora	Acaulosporaceae	Diversisporales	Glomeromycetes	Mucoromycota	Opisthokonta					42.58093918593606
barcode20	1315970	0.00026330868027495016	Lactifluus chrysocarpus	Lactifluus	Russulaceae	Russulales	Agaricomycetes	Basidiomycota	Opisthokonta					27.477577330092423
barcode20	582727	0.0004114497489364165	Puccinia emaculata	Puccinia	Pucciniaceae	Pucciniales	Pucciniomycetes	Basidiomycota	Opisthokonta					42.93683855025974
barcode20	2704021	0.000735512241176899	Endogone botryocarpus	Endogone	Endogonaceae	Endogonales	Endogonomycetes	Mucoromycota	Opisthokonta					76.7543799280153
barcode20	1249076	0.00021306172967993929	Ogataea wickerhamii	Ogataea	Pichiaceae	Pichiales	Pichiomycetes	Ascomycota	Opisthokonta					22.234056800750064
barcode20	1056133	0.00012402032465710816	Infundichalara microchona	Infundichalara	Hamatocanthoscyphaceae	Helotiales	Leotiomycetes	Ascomycota	Opisthokonta					12.942140979592521
barcode20	70189	0.00022859039988436448	Olpidium brassicae	Olpidium	Olpidiaceae	Olpidiales	Olpidiomycetes	Olpidiomycota	Opisthokonta					23.854551179932855
barcode20	1987568	0.00021083459687179772	Pecoramyces ruminantium	Pecoramyces	Neocallimastigaceae	Neocallimastigales	Neocallimastigomycetes	Chytridiomycota	Opisthokonta					22.00164435655645
barcode20	4816	0.0002416324622828715	Spizellomyces acuminatus	Spizellomyces	Spizellomycetaceae	Spizellomycetales	Chytridiomycetes	Chytridiomycota	Opisthokonta					25.215555601529054
barcode20	117821	0.00014464028722745902	Spizellomyces plurigibbosus	Spizellomyces	Spizellomycetaceae	Spizellomycetales	Chytridiomycetes	Chytridiomycota	Opisthokonta					15.093937173621486
barcode20	2750447	0.00013262893317584585	Gaertneriomyces spectabilis	Gaertneriomyces	Spizellomycetaceae	Spizellomycetales	Chytridiomycetes	Chytridiomycota	Opisthokonta					13.840492321565394
barcode20	64516	0.000580692146966944	Phlyctochytrium californicum	Phlyctochytrium	Chytridiaceae	Chytridiales	Chytridiomycetes	Chytridiomycota	Opisthokonta					60.59812899673544
barcode20	109895	0.0005266073482739092	Powellomyces hirtus	Powellomyces	Powellomycetaceae	Spizellomycetales	Chytridiomycetes	Chytridiomycota	Opisthokonta					54.954109829123794
barcode20	1395665	0.001616296302891475	Alogomyces tanneri	Alogomyces	Lobulomycetaceae	Lobulomycetales	Chytridiomycetes	Chytridiomycota	Opisthokonta					168.66860068823988
barcode20	2877725	0.00022012301898846832	Vishniacozyma pseudopenaeus	Vishniacozyma	Bulleribasidiaceae	Tremellales	Tremellomycetes	Basidiomycota	Opisthokonta					22.97093764654161
barcode20	2877723	0.000214022300889084	Tremella shuangheensis	Tremella	Tremellaceae	Tremellales	Tremellomycetes	Basidiomycota	Opisthokonta					22.33429720928036
barcode20	151289	0.00032114459458958724	Vishniacozyma tephrensis	Vishniacozyma	Bulleribasidiaceae	Tremellales	Tremellomycetes	Basidiomycota	Opisthokonta					33.51304416839638
barcode20	2877726	0.000135098082581764	Vishniacozyma europaea	Vishniacozyma	Bulleribasidiaceae	Tremellales	Tremellomycetes	Basidiomycota	Opisthokonta					14.09816040781998
barcode20	417184	0.00014054944154458173	Mycoemilia scoparia	Mycoemilia	Kickxellaceae	Kickxellales	Kickxellomycetes	Zoopagomycota	Opisthokonta					14.667036972384826
barcode20	2211346	0.00029492116141487226	Curvularia colbranii	Curvularia	Pleosporaceae	Pleosporales	Dothideomycetes	Ascomycota	Opisthokonta					30.776497799448997
barcode20	2877757	0.0002864959831976895	Phaeotremella ovata	Phaeotremella	Phaeotremellaceae	Tremellales	Tremellomycetes	Basidiomycota	Opisthokonta					29.897288326594886
barcode20	1392244	0.001540041336241917	Kalmanozyma brasiliensis	Kalmanozyma		Ustilaginales	Ustilaginomycetes	Basidiomycota	Opisthokonta					160.71101364352523
barcode20	2021465	0.0005663254810157977	Sulzbacheromyces miomboensis	Sulzbacheromyces	Lepidostromataceae	Lepidostromatales	Agaricomycetes	Basidiomycota	Opisthokonta					59.098895571403574
barcode20	89926	0.0006167028763390142	Cystofilobasidium macerans	Cystofilobasidium	Cystofilobasidiaceae	Cystofilobasidiales	Tremellomycetes	Basidiomycota	Opisthokonta					64.35602866035782
barcode20	1977396	0.00034524070964475466	Sulzbacheromyces bicolor	Sulzbacheromyces	Lepidostromataceae	Lepidostromatales	Agaricomycetes	Basidiomycota	Opisthokonta					36.027594254978375
barcode20	1961798	0.00019354160505639982	Cyanodermella oleoligni	Cyanodermella	Stictidaceae	Ostropales	Lecanoromycetes	Ascomycota	Opisthokonta					20.197034195660603
barcode20	2038467	0.00030174009142692803	Wickerhamomyces xylosivorus	Wickerhamomyces	Wickerhamomycetaceae	Phaffomycetales	Saccharomycetes	Ascomycota	Opisthokonta					31.488087240857077
barcode20	36028	0.00021635278517468878	Cyberlindnera petersonii	Cyberlindnera	Phaffomycetaceae	Phaffomycetales	Saccharomycetes	Ascomycota	Opisthokonta					22.577494896904646
barcode20	1072254	0.0001579015894605618	Octaviania nonae	Octaviania	Boletaceae	Boletales	Agaricomycetes	Basidiomycota	Opisthokonta					16.477820368156927
barcode20	64571	0.00027180573747354574	Lobosporangium transversale	Lobosporangium	Mortierellaceae	Mortierellales	Mortierellomycetes	Mucoromycota	Opisthokonta					28.364287734051864
barcode20	1932876	0.0003761263546112359	Cyathus ibericus	Cyathus	Nidulariaceae	Agaricales	Agaricomycetes	Basidiomycota	Opisthokonta					39.25066573545552
barcode20	1652704	0.00014005243071494656	Pseudozyma pruni	Pseudozyma	Ustilaginaceae	Ustilaginales	Ustilaginomycetes	Basidiomycota	Opisthokonta					14.615171407258249
barcode20	418784	0.0007095322437325229	Candidozyma pseudohaemuli	Candidozyma	Metschnikowiaceae	Serinales	Pichiomycetes	Ascomycota	Opisthokonta					74.04323729470742
barcode20	224212	0.00021657206362638663	[Candida] anutae		Debaryomycetaceae	Serinales	Pichiomycetes	Ascomycota	Opisthokonta					22.600377699731578
barcode20	2877810	9.689046859043866e-05	Chrysozyma sorbariae	Chrysozyma	Chrysozymaceae		Microbotryomycetes	Basidiomycota	Opisthokonta					10.111004849755226
barcode20	1739102	0.00022873844038718354	Ambrosiella nakashimae	Ambrosiella	Ceratocystidaceae	Microascales	Sordariomycetes	Ascomycota	Opisthokonta					23.869999946604537
barcode20	2841483	0.000138416713053404	Tomentella exiguelata	Tomentella	Thelephoraceae	Thelephorales	Agaricomycetes	Basidiomycota	Opisthokonta					14.444476090687976
barcode20	2565639	0.0022297039578073573	Tomentella bidoupensis	Tomentella	Thelephoraceae	Thelephorales	Agaricomycetes	Basidiomycota	Opisthokonta					232.68075651698678
barcode20	5325	0.0005106684116021656	Trametes versicolor	Trametes	Polyporaceae	Polyporales	Agaricomycetes	Basidiomycota	Opisthokonta					53.29080209274399
barcode20	700571	0.0007199684959583591	Aureonarius collybianus	Aureonarius	Cortinariaceae	Agaricales	Agaricomycetes	Basidiomycota	Opisthokonta					75.13231239573456
barcode20	2877763	0.0001618753189603564	Filobasidium mucilaginum	Filobasidium	Filobasidiaceae	Filobasidiales	Tremellomycetes	Basidiomycota	Opisthokonta					16.892498910107992
barcode20	742028	0.00013774163581523963	Xeromphalina setulipes	Xeromphalina		Agaricales	Agaricomycetes	Basidiomycota	Opisthokonta					14.374028405499331
barcode20	2877761	0.0002826079477401071	Filobasidium globosum	Filobasidium	Filobasidiaceae	Filobasidiales	Tremellomycetes	Basidiomycota	Opisthokonta					29.491552386418874
barcode20	3231536	0.0008439692206489752	Terramyces aquatica	Terramyces	Terramycetaceae	Rhizophydiales	Chytridiomycetes	Chytridiomycota	Opisthokonta					88.0724080208238
barcode20	3058948	0.00026081868422353255	Angulomyces solicola	Angulomyces	Angulomycetaceae	Rhizophydiales	Chytridiomycetes	Chytridiomycota	Opisthokonta					27.21773379214674
barcode20	3231534	0.00013089521982170423	Pateramyces pingflumenensis	Pateramyces	Pateramycetaceae	Rhizophydiales	Chytridiomycetes	Chytridiomycota	Opisthokonta					13.659570664493945
barcode20	1675846	0.00012193085678302744	Paludomyces mangrovei	Paludomyces	Halomycetaceae	Rhizophydiales	Chytridiomycetes	Chytridiomycota	Opisthokonta					12.724094559592828
barcode20	382552	0.00012612680095558615	Operculomyces laminatus	Operculomyces		Rhizophydiales	Chytridiomycetes	Chytridiomycota	Opisthokonta					13.161962313720192
barcode20	324673	0.0001293386514900566	Rhizophydium brooksianum	Rhizophydium	Rhizophydiaceae	Rhizophydiales	Chytridiomycetes	Chytridiomycota	Opisthokonta					13.497134976244856
barcode20	109903	0.00018741603850568953	Alphamyces chaetifer	Alphamyces	Alphamycetaceae	Rhizophydiales	Chytridiomycetes	Chytridiomycota	Opisthokonta					19.557800698261232
barcode20	122368	0.0002769776135249366	Cercospora beticola	Cercospora	Mycosphaerellaceae	Mycosphaerellales	Dothideomycetes	Ascomycota	Opisthokonta					28.90399885939476
barcode20	34356	0.0011797873743420728	Kodamaea ohmeri	Kodamaea	Debaryomycetaceae	Serinales	Pichiomycetes	Ascomycota	Opisthokonta					123.116711449467
barcode20	78545	0.0005402740191581443	Acaulospora laevis	Acaulospora	Acaulosporaceae	Diversisporales	Glomeromycetes	Mucoromycota	Opisthokonta					56.38029526924815
barcode20	3231529	0.00012481663455107114	Alphamyces thailandicus	Alphamyces	Alphamycetaceae	Rhizophydiales	Chytridiomycetes	Chytridiomycota	Opisthokonta					13.025239898577029
barcode20	2315449	0.0005021082379104013	Yamadazyma tenuis	Yamadazyma	Debaryomycetaceae	Serinales	Pichiomycetes	Ascomycota	Opisthokonta					52.397505167139926
barcode20	2877736	0.0012959380648478874	Dioszegia ovata	Dioszegia	Bulleribasidiaceae	Tremellales	Tremellomycetes	Basidiomycota	Opisthokonta					135.2376167572013
barcode20	297794	0.0009848187346795391	[Candida] blattariae	Yamadazyma	Debaryomycetaceae	Serinales	Pichiomycetes	Ascomycota	Opisthokonta					102.7707590574833
barcode20	234568	0.00020317019374510204	Kodamaea arcana	Kodamaea	Debaryomycetaceae	Serinales	Pichiomycetes	Ascomycota	Opisthokonta					21.201825568270124
barcode20	176627	0.00017878914408456722	Rhizopogon arctostaphyli	Rhizopogon	Rhizopogonaceae	Boletales	Agaricomycetes	Basidiomycota	Opisthokonta					18.657541130945013
barcode20	1873960	0.0004450111555424336	Pseudocercospora fijiensis	Pseudocercospora	Mycosphaerellaceae	Mycosphaerellales	Dothideomycetes	Ascomycota	Opisthokonta					46.43913913663066
barcode20	279323	0.0010369588953620854	Apiotrichum otae	Apiotrichum	Trichosporonaceae	Trichosporonales	Tremellomycetes	Basidiomycota	Opisthokonta					108.21184552551043
barcode20	3031279	0.0003216622631633861	Rhizomarasmius cunninghamietorum	Rhizomarasmius	Physalacriaceae	Agaricales	Agaricomycetes	Basidiomycota	Opisthokonta					33.56706547241516
barcode20	2580354	0.00023522241409478414	Geastrum lanuginosum	Geastrum	Geastraceae	Geastrales	Agaricomycetes	Basidiomycota	Opisthokonta					24.5466350228612
barcode20	58916	0.00020771492558944256	Phragmotaenium fulvescens	Phragmotaenium	Tilletiariaceae	Georgefischeriales	Exobasidiomycetes	Basidiomycota	Opisthokonta					21.67609105988628
barcode20	399469	0.00011354290805357885	Diutina scorzettiae	Diutina	Debaryomycetaceae	Serinales	Pichiomycetes	Ascomycota	Opisthokonta					11.848770169931221
barcode20	36021	0.0001528484106884254	Starmera dryadoides	Starmera	Phaffomycetaceae	Phaffomycetales	Saccharomycetes	Ascomycota	Opisthokonta					15.950495897390633
barcode20	49324	0.000634774257805511	[Candida] dendrica	Starmera	Phaffomycetaceae	Phaffomycetales	Saccharomycetes	Ascomycota	Opisthokonta					66.24186767329411
barcode20	747524	0.000685268810251477	Antherospora vindobonensis	Antherospora	Floromycetaceae	Urocystidales	Ustilaginomycetes	Basidiomycota	Opisthokonta					71.51122669379288
barcode20	2494426	0.00021221462971436028	Lentaria gossypina	Lentaria	Lentariaceae	Gomphales	Agaricomycetes	Basidiomycota	Opisthokonta					22.145657683842067
barcode20	447950	0.0001604737108775891	Lobulomyces poculatus	Lobulomyces	Lobulomycetaceae	Lobulomycetales	Chytridiomycetes	Chytridiomycota	Opisthokonta					16.746234098630808
barcode20	3231530	0.00016404939934520088	Angulomyces ubonensis	Angulomyces	Angulomycetaceae	Rhizophydiales	Chytridiomycetes	Chytridiomycota	Opisthokonta					17.11937506866844
barcode20	109760	0.0002585366528046293	Spizellomyces punctatus	Spizellomyces	Spizellomycetaceae	Spizellomycetales	Chytridiomycetes	Chytridiomycota	Opisthokonta					26.979592403427088
barcode20	1915160	0.00013542752294148675	Triparticalcar equi	Triparticalcar	Spizellomycetaceae	Spizellomycetales	Chytridiomycetes	Chytridiomycota	Opisthokonta					14.132539156558849
barcode20	5606	0.0005763717846735037	Saitoella complicata	Saitoella				Ascomycota	Opisthokonta					60.147277589603476
barcode20	3237498	0.00012237779632437055	Amanita chepangianoides	Amanita	Amanitaceae	Agaricales	Agaricomycetes	Basidiomycota	Opisthokonta					12.770734935429688
barcode20	2950318	0.00021685073267582606	Neodevriesia kalakoutskii	Neodevriesia	Neodevriesiaceae	Mycosphaerellales	Dothideomycetes	Ascomycota	Opisthokonta					22.629458208385827
barcode20	2978459	0.00026516197943077745	Kirschsteiniothelia puerensis	Kirschsteiniothelia	Kirschsteiniotheliaceae	Kirschsteiniotheliales	Dothideomycetes	Ascomycota	Opisthokonta					27.67097836349878
barcode20	45354	0.0001910502900813708	Sungouiella intermedia	Sungouiella	Metschnikowiaceae	Serinales	Pichiomycetes	Ascomycota	Opisthokonta					19.93705302144145
barcode20	69980	0.0002049007261387835	Ballistosporomyces taupoensis	Ballistosporomyces	Chionosphaeraceae	Agaricostilbales	Agaricostilbomycetes	Basidiomycota	Opisthokonta					21.382415276212754
barcode20	2022632	0.00012340016616733113	Psathyrella ochrofulva	Psathyrella	Psathyrellaceae	Agaricales	Agaricomycetes	Basidiomycota	Opisthokonta					12.87742434039184
barcode20	512029	0.0014520895661029299	Buwchfawromyces eastonii	Buwchfawromyces	Neocallimastigaceae	Neocallimastigales	Neocallimastigomycetes	Chytridiomycota	Opisthokonta					151.53280667067125
barcode20	34475	0.0002293325654819551	Rhodofomes roseus	Rhodofomes	Fomitopsidaceae	Polyporales	Agaricomycetes	Basidiomycota	Opisthokonta					23.931999870869426
barcode20	1806994	0.0001916532495168448	Synchytrium microbalum	Synchytrium	Synchytriaceae	Synchytriales	Chytridiomycetes	Chytridiomycota	Opisthokonta					19.99997485333034
barcode20	1750568	0.0001305487404904881	Cantharellus anzutake	Cantharellus	Hydnaceae	Cantharellales	Agaricomycetes	Basidiomycota	Opisthokonta					13.623413813884886
barcode20	1809185	0.00045081576163555	Adelosphaeria catenata	Adelosphaeria	Pleurotheciaceae	Pleurotheciales	Sordariomycetes	Ascomycota	Opisthokonta					47.04487880547782
barcode20	1535305	0.00027435579001741753	Ambrosiella roeperi	Ambrosiella	Ceratocystidaceae	Microascales	Sordariomycetes	Ascomycota	Opisthokonta					28.630398467267607
barcode20	1809268	0.00030664576801994227	Atractospora decumbens	Atractospora	Atractosporaceae		Sordariomycetes	Ascomycota	Opisthokonta					32.000019121721074
barcode20	2499430	0.00020039016833111695	Gloniopsis leucaenae	Gloniopsis	Hysteriaceae	Hysteriales	Dothideomycetes	Ascomycota	Opisthokonta					20.911716016193708
barcode20	104408	0.0002878741422233764	Naganishia liquefaciens	Naganishia	Filobasidiaceae	Filobasidiales	Tremellomycetes	Basidiomycota	Opisthokonta					30.041106111720442
barcode20	104415	0.0002480318529784982	Naganishia uzbekistanensis	Naganishia	Filobasidiaceae	Filobasidiales	Tremellomycetes	Basidiomycota	Opisthokonta					25.88336401757118
barcode20	55514	0.0004280264515361169	Lactarius deliciosus	Lactarius	Russulaceae	Russulales	Agaricomycetes	Basidiomycota	Opisthokonta					44.66670035005148
barcode20	2027812	0.0004218375756119293	Classicula sinensis	Classicula	Classiculaceae	Classiculales	Classiculomycetes	Basidiomycota	Opisthokonta					44.02086020298288
barcode20	979695	0.00015243744317659048	Mortierella elongatula	Mortierella	Mortierellaceae	Mortierellales	Mortierellomycetes	Mucoromycota	Opisthokonta					15.9076093826931
barcode20	979690	0.0004716319209583996	Gryganskiella cystojenkinii	Gryganskiella	Mortierellaceae	Mortierellales	Mortierellomycetes	Mucoromycota	Opisthokonta					49.217149111613786
barcode20	76775	0.00045996841147148015	Malassezia restricta	Malassezia	Malasseziaceae	Malasseziales	Malasseziomycetes	Basidiomycota	Opisthokonta					48.00000357910631
barcode20	53607	0.0004252321202620482	Cyberlindnera mississippiensis	Cyberlindnera	Phaffomycetaceae	Phaffomycetales	Saccharomycetes	Ascomycota	Opisthokonta					44.37509790994604
barcode20	1006461	0.00019495205665068376	Dasyspora nitidae	Dasyspora	Sphaerophragmiaceae	Pucciniales	Pucciniomycetes	Basidiomycota	Opisthokonta					20.344221871782104
barcode20	1006457	0.00023190482835990214	Dasyspora frutescentis	Dasyspora	Sphaerophragmiaceae	Pucciniales	Pucciniomycetes	Basidiomycota	Opisthokonta					24.200428363497586
barcode20	4903	0.00013802351439428658	Cyberlindnera jadinii	Cyberlindnera	Phaffomycetaceae	Phaffomycetales	Saccharomycetes	Ascomycota	Opisthokonta					14.403443844615776
barcode20	246081	0.0001591944085615247	Suhomyces kunorum	Suhomyces	Debaryomycetaceae	Serinales	Pichiomycetes	Ascomycota	Opisthokonta					16.61273250543791
barcode20	2779259	0.00015634635247921397	Squamanita sororcula	Squamanita	Squamanitaceae	Agaricales	Agaricomycetes	Basidiomycota	Opisthokonta					16.315523612968374
barcode20	1754192	0.0004406924655770638	Anaeromyces robustus	Anaeromyces	Neocallimastigaceae	Neocallimastigales	Neocallimastigomycetes	Chytridiomycota	Opisthokonta					45.98846224529449
barcode20	1918533	0.00023065649112471922	Bipolaris sivanesaniana	Bipolaris	Pleosporaceae	Pleosporales	Dothideomycetes	Ascomycota	Opisthokonta					24.070158131320074
barcode20	3043688	0.00027536945975202635	Cryptotrichosporon siamense	Cryptotrichosporon	Tetragoniomycetaceae	Trichosporonales	Tremellomycetes	Basidiomycota	Opisthokonta					28.73617997242271
barcode20	442443	9.863853877263972e-05	Cortinarius carranzae	Cortinarius	Cortinariaceae	Agaricales	Agaricomycetes	Basidiomycota	Opisthokonta					10.293424713618817
barcode20	271282	0.00020911628550610416	Spathaspora jeffriesii	Spathaspora	Debaryomycetaceae	Serinales	Pichiomycetes	Ascomycota	Opisthokonta					21.8223299739895
barcode20	261097	0.00013355626970957724	Kappamyces laurelensis	Kappamyces	Kappamycetaceae	Rhizophydiales	Chytridiomycetes	Chytridiomycota	Opisthokonta					13.937264525542933
barcode20	2681178	0.0009200103228825097	Meliola pottsiae	Meliola	Meliolaceae	Meliolales	Sordariomycetes	Ascomycota	Opisthokonta					96.00767724440429
barcode20	2598216	0.0005359716067156329	Gymnopilus speciosissimus	Gymnopilus	Hymenogastraceae	Agaricales	Agaricomycetes	Basidiomycota	Opisthokonta					55.93131701880987
barcode20	1381954	0.00018600734610938944	Vanrija nantouana	Vanrija	Trichosporonaceae	Trichosporonales	Tremellomycetes	Basidiomycota	Opisthokonta					19.410796603245334
barcode20	1132468	0.0007143701667409888	Alternaria sorghi	Alternaria	Pleosporaceae	Pleosporales	Dothideomycetes	Ascomycota	Opisthokonta					74.54809875025589
barcode20	1796078	0.0005633206103132336	Orbilia comma	Orbilia	Orbiliaceae	Orbiliales	Orbiliomycetes	Ascomycota	Opisthokonta					58.78532228923749
barcode20	1395676	0.00023809633766572072	Urceomyces sphaerocarpus	Urceomyces	Globomycetaceae	Rhizophydiales	Chytridiomycetes	Chytridiomycota	Opisthokonta					24.846543317106285
barcode20	54101	0.00022607978890996547	Myxozyma vanderwaltii	Myxozyma	Lipomycetaceae	Lipomycetales	Lipomycetes	Ascomycota	Opisthokonta					23.592556371699448
barcode20	2973806	0.0004373599740160389	Hymenopellis straminea	Hymenopellis	Physalacriaceae	Agaricales	Agaricomycetes	Basidiomycota	Opisthokonta					45.64070008844374
barcode20	1326894	0.00019169367362528378	Tortispora agaves	Tortispora	Trigonopsidaceae	Trigonopsidales	Trigonopsidomycetes	Ascomycota	Opisthokonta					20.00419331116649
barcode20	90248	0.0003807580192985547	Basidiobolus haptosporus	Basidiobolus	Basidiobolaceae	Basidiobolales	Basidiobolomycetes	Zoopagomycota	Opisthokonta					39.734003103900676
barcode20	181047	0.00011810124457410007	Basidiobolus microsporus	Basidiobolus	Basidiobolaceae	Basidiobolales	Basidiobolomycetes	Zoopagomycota	Opisthokonta					12.324455377530212
barcode20	2877764	0.00037409782318648967	Phaffia aurantiaca	Phaffia	Mrakiaceae	Cystofilobasidiales	Tremellomycetes	Basidiomycota	Opisthokonta					39.03897833862613
barcode20	108569	0.0002108188395381151	Neofabraea malicorticis	Neofabraea	Dermateaceae	Helotiales	Leotiomycetes	Ascomycota	Opisthokonta					22.0
barcode20	1314805	0.00017169521319774679	Vararia minispora	Vararia	Lachnocladiaceae	Russulales	Agaricomycetes	Basidiomycota	Opisthokonta					17.917253973250865
barcode20	702124	0.00018700177376866913	Inocybe viscata	Inocybe	Inocybaceae	Agaricales	Agaricomycetes	Basidiomycota	Opisthokonta					19.514570101629467
barcode20	467984	0.0004880656017353671	Falcocladium thailandicum	Falcocladium	Falcocladiaceae	Falcocladiales	Sordariomycetes	Ascomycota	Opisthokonta					50.93208586909423
barcode20	2708304	0.00034479029575825435	Basidiodendron globisporum	Basidiodendron	Exidiaceae	Auriculariales	Agaricomycetes	Basidiomycota	Opisthokonta					35.980591313852635
barcode20	391824	0.00011983299807359801	Sungouiella blattae	Sungouiella	Metschnikowiaceae	Serinales	Pichiomycetes	Ascomycota	Opisthokonta					12.50517251397032
barcode20	2834507	0.00021698829816349735	Sistotremastrum vigilans	Sistotremastrum	Sistotremastraceae	Sistotremastrales	Agaricomycetes	Basidiomycota	Opisthokonta					22.643813854851768
barcode20	2877788	0.00017684505341583056	Symmetrospora rhododendri	Symmetrospora	Symmetrosporaceae		Cystobasidiomycetes	Basidiomycota	Opisthokonta					18.454665549208997
barcode20	266793	0.0002181527997933608	Vishniacozyma taibaiensis	Vishniacozyma	Bulleribasidiaceae	Tremellales	Tremellomycetes	Basidiomycota	Opisthokonta					22.765335422436166
barcode20	979659	0.00013667735852472052	Mortierella angusta	Mortierella	Mortierellaceae	Mortierellales	Mortierellomycetes	Mucoromycota	Opisthokonta					14.26296574884721
barcode20	1170364	0.00018272153752288352	Falcocladium turbinatum	Falcocladium	Falcocladiaceae	Falcocladiales	Sordariomycetes	Ascomycota	Opisthokonta					19.06790604820051
barcode20	2576851	0.0001475245989497832	Metschnikowia amazonensis	Metschnikowia	Metschnikowiaceae	Serinales	Pichiomycetes	Ascomycota	Opisthokonta					15.394929523404626
barcode20	706556	0.00011401187972793186	Neodevriesia hilliana	Neodevriesia	Neodevriesiaceae	Mycosphaerellales	Dothideomycetes	Ascomycota	Opisthokonta					11.89770970900833
barcode20	3031846	0.00011928831607435376	Lipomyces amatsuensis	Lipomyces	Lipomycetaceae	Lipomycetales	Lipomycetes	Ascomycota	Opisthokonta					12.448332223939186
barcode20	1396502	0.00011042586439737813	Sonoraphlyctis ranzonii	Sonoraphlyctis	Sonoraphlyctidaceae	Rhizophlyctidales	Chytridiomycetes	Chytridiomycota	Opisthokonta					11.523491079188394
barcode20	1195480	0.00017162828729992425	Circinella lacrymispora	Circinella	Lichtheimiaceae	Mucorales	Mucoromycetes	Mucoromycota	Opisthokonta					17.910269921183595
barcode21	1485682	0.013202172202787407	Mitosporidium daphniae	Mitosporidium				Microsporidia	Opisthokonta					2529.985067908962
barcode21	42068	0.000365142375057695	Pneumocystis jirovecii	Pneumocystis	Pneumocystaceae	Pneumocystales	Pneumocystomycetes	Ascomycota	Opisthokonta					69.97369390180633
barcode21	263815	0.00016223345778435235	Pneumocystis murina	Pneumocystis	Pneumocystaceae	Pneumocystales	Pneumocystomycetes	Ascomycota	Opisthokonta					31.08944644904658
barcode21	61418	0.004686866425059406	Spiromyces minutus	Spiromyces	Kickxellaceae	Kickxellales	Kickxellomycetes	Zoopagomycota	Opisthokonta					898.1629604998342
barcode21	78917	0.0021318127749550965	Piptocephalis corymbifera	Piptocephalis	Piptocephalidaceae	Zoopagales	Zoopagomycetes	Zoopagomycota	Opisthokonta					408.52780931574495
barcode21	61395	0.0013378460710341633	Linderina pennispora	Linderina	Kickxellaceae	Kickxellales	Kickxellomycetes	Zoopagomycota	Opisthokonta					256.37679397656086
barcode21	564305	0.028731623737302953	Kwoniella shivajii	Kwoniella	Cryptococcaceae	Tremellales	Tremellomycetes	Basidiomycota	Opisthokonta					5505.955983274314
barcode21	46585	0.0003344067532753161	Sungouiella pseudointermedia	Sungouiella	Metschnikowiaceae	Serinales	Pichiomycetes	Ascomycota	Opisthokonta					64.08370375716193
barcode21	85574	0.0024819788511668086	Kodamaea kakaduensis	Kodamaea	Debaryomycetaceae	Serinales	Pichiomycetes	Ascomycota	Opisthokonta					475.6315351645002
barcode21	1041604	0.00040281725545972453	Sungouiella pseudoflosculorum	Sungouiella	Metschnikowiaceae	Serinales	Pichiomycetes	Ascomycota	Opisthokonta					77.19348193276885
barcode21	115786	0.0009390619731666038	[Candida] orba	Phaffomyces	Phaffomycetaceae	Phaffomycetales	Saccharomycetes	Ascomycota	Opisthokonta					179.95620216580895
barcode21	299329	0.01233902269387718	Metschnikowia vanudenii	Metschnikowia	Metschnikowiaceae	Serinales	Pichiomycetes	Ascomycota	Opisthokonta					2364.5762749184596
barcode21	174643	0.020939371182575356	Metschnikowia dekortorum	Metschnikowia	Metschnikowiaceae	Serinales	Pichiomycetes	Ascomycota	Opisthokonta					4012.6954572016457
barcode21	3055	0.0896717759282793	Chlamydomonas reinhardtii	Chlamydomonas	Chlamydomonadaceae	Chlamydomonadales	Chlorophyceae	Chlorophyta	core chlorophytes					17184.161108239874
barcode21	3067	0.007102201078075703	Volvox carteri	Volvox	Volvocaceae	Chlamydomonadales	Chlorophyceae	Chlorophyta	core chlorophytes					1361.0232013959592
barcode21	693156	0.032485107548938776	Chytridium olla	Chytridium	Chytridiaceae	Chytridiales	Chytridiomycetes	Chytridiomycota	Opisthokonta					6225.251100033333
barcode21	2170546	0.0007858976152046931	Feramyces austinii	Feramyces	Neocallimastigaceae	Neocallimastigales	Neocallimastigomycetes	Chytridiomycota	Opisthokonta					150.60470359213616
barcode21	308927	0.007587577642338984	Diversispora spurca	Diversispora	Diversisporaceae	Diversisporales	Glomeromycetes	Mucoromycota	Opisthokonta					1454.0378539119888
barcode21	2650714	0.004222225917644416	Diversispora aurantia	Diversispora	Diversisporaceae	Diversisporales	Glomeromycetes	Mucoromycota	Opisthokonta					809.12204150187
barcode21	1972599	0.03315114617212993	Racocetra crispa	Racocetra	Gigasporaceae	Diversisporales	Glomeromycetes	Mucoromycota	Opisthokonta					6352.886745549947
barcode21	2991561	0.00886595244009199	Linnemannia solitaria	Linnemannia	Mortierellaceae	Mortierellales	Mortierellomycetes	Mucoromycota	Opisthokonta					1699.0179299045885
barcode21	554065	0.00044456982399264334	Chlorella variabilis	Chlorella	Chlorellaceae	Chlorellales	Trebouxiophyceae	Chlorophyta	core chlorophytes					85.19469365100622
barcode21	382531	0.00013778341402979894	Protrudomyces lateralis	Protrudomyces	Protrudomycetaceae	Rhizophydiales	Chytridiomycetes	Chytridiomycota	Opisthokonta					26.403986764186488
barcode21	1123529	0.0006627812714365017	Gonapodya prolifera	Gonapodya	Gonapodyaceae	Monoblepharidales	Monoblepharidomycetes	Chytridiomycota	Opisthokonta					127.01142617046257
barcode21	150278	0.019903871587534764	Monoblepharis macrandra	Monoblepharis	Monoblepharidaceae	Monoblepharidales	Monoblepharidomycetes	Chytridiomycota	Opisthokonta					3814.2585278056367
barcode21	82268	0.0006434246914057541	Hyaloraphidium curvatum	Hyaloraphidium		Monoblepharidales	Monoblepharidomycetes	Chytridiomycota	Opisthokonta					123.30204731285029
barcode21	2877740	9.525124505619601e-05	Bulleribasidium cremeum	Bulleribasidium	Bulleribasidiaceae	Tremellales	Tremellomycetes	Basidiomycota	Opisthokonta					18.253377095099065
barcode21	1508247	0.00012019521663589337	Chaetomella zambiensis	Chaetomella	Chaetomellaceae	Chaetomellales	Leotiomycetes	Ascomycota	Opisthokonta					23.03349014480279
barcode21	324621	0.0005256528070395728	Jimgerdemannia lactiflua	Jimgerdemannia	Endogonaceae	Endogonales	Endogonomycetes	Mucoromycota	Opisthokonta					100.7329500242215
barcode21	423455	0.0012837013089870644	Basidiobolus heterosporus	Basidiobolus	Basidiobolaceae	Basidiobolales	Basidiobolomycetes	Zoopagomycota	Opisthokonta					246.0008166464271
barcode21	2704025	0.03226273593216628	Vinositunica ingens	Vinositunica	Endogonaceae	Endogonales	Endogonomycetes	Mucoromycota	Opisthokonta					6182.637137624753
barcode21	2588764	0.0017353743646529834	Archaeospora ecuadoriana	Archaeospora	Archaeosporaceae	Archaeosporales	Glomeromycetes	Mucoromycota	Opisthokonta					332.55673099590985
barcode21	4860	0.0065306379910382946	Basidiobolus magnus	Basidiobolus	Basidiobolaceae	Basidiobolales	Basidiobolomycetes	Zoopagomycota	Opisthokonta					1251.4922807746325
barcode21	1246581	0.0014356653347040156	Paramicrosporidium saccamoebae	Paramicrosporidium				Cryptomycota	Opisthokonta					275.1222907506693
barcode21	1904436	0.004627821153753421	Puccinia wiehei	Puccinia	Pucciniaceae	Pucciniales	Pucciniomycetes	Basidiomycota	Opisthokonta					886.8478789783832
barcode21	1115088	0.00013236463264114154	Clavulina cerebriformis	Clavulina	Hydnaceae	Cantharellales	Agaricomycetes	Basidiomycota	Opisthokonta					25.365564011552518
barcode21	2558025	0.0016090108678263203	Milesina woodwardiana	Milesina	Milesinaceae	Pucciniales	Pucciniomycetes	Basidiomycota	Opisthokonta					308.34118864502904
barcode21	2822377	0.0009048761052235005	Hydnum cremeoalbum	Hydnum	Hydnaceae	Cantharellales	Agaricomycetes	Basidiomycota	Opisthokonta					173.40502754840028
barcode21	2822381	0.004443535321414462	Hydnum pinicola	Hydnum	Hydnaceae	Cantharellales	Agaricomycetes	Basidiomycota	Opisthokonta					851.532447783939
barcode21	1403820	0.0013719018699551596	Sistotrema luteoviride	Sistotrema	Corticiaceae	Corticiales	Agaricomycetes	Basidiomycota	Opisthokonta					262.90304294698706
barcode21	2292779	0.00044778873676780417	Solicoccozyma zizaniae	Solicoccozyma	Piskurozymaceae	Filobasidiales	Tremellomycetes	Basidiomycota	Opisthokonta					85.81154678176138
barcode21	2877804	8.381796697806869e-05	Oberwinklerozyma dicranopteridis	Oberwinklerozyma	Chrysozymaceae		Microbotryomycetes	Basidiomycota	Opisthokonta					16.062372283875217
barcode21	2877785	0.0001132086531255349	Microsporomyces ellipsoideus	Microsporomyces	Microsporomycetaceae	Cystobasidiales	Cystobasidiomycetes	Basidiomycota	Opisthokonta					21.694627033058755
barcode21	2877786	7.389476633757016e-05	Microsporomyces rubellus	Microsporomyces	Microsporomycetaceae	Cystobasidiales	Cystobasidiomycetes	Basidiomycota	Opisthokonta					14.160749652333921
barcode21	2878256	7.144225419342375e-05	Boekhoutia sterigmata	Boekhoutia	Chionosphaeraceae	Agaricostilbales	Agaricostilbomycetes	Basidiomycota	Opisthokonta					13.690764940102568
barcode21	2877771	8.093673699983009e-05	Kondoa ribitophobia	Kondoa	Kondoaceae	Agaricostilbales	Agaricostilbomycetes	Basidiomycota	Opisthokonta					15.510230658225439
barcode21	114775	0.0005246899164182181	Trigonosporomyces hylophilus	Trigonosporomyces	Chrysozymaceae		Microbotryomycetes	Basidiomycota	Opisthokonta					100.5484274428888
barcode21	2877805	0.00012162879002226622	Chrysozyma pseudogriseoflava	Chrysozyma	Chrysozymaceae		Microbotryomycetes	Basidiomycota	Opisthokonta					23.308211547126962
barcode21	2877812	0.00014795964387984855	Chrysozyma flava	Chrysozyma	Chrysozymaceae		Microbotryomycetes	Basidiomycota	Opisthokonta					28.354098395270896
barcode21	2877809	7.646048593446551e-05	Chrysozyma fusiformis	Chrysozyma	Chrysozymaceae		Microbotryomycetes	Basidiomycota	Opisthokonta					14.652428761565364
barcode21	1806907	0.00047092525164506706	Gymnosporangium przewalskii	Gymnosporangium	Gymnosporangiaceae	Pucciniales	Pucciniomycetes	Basidiomycota	Opisthokonta					90.24528967375078
barcode21	2877807	0.00016653780028995103	Chrysozyma iridis	Chrysozyma	Chrysozymaceae		Microbotryomycetes	Basidiomycota	Opisthokonta					31.914304820764475
barcode21	2877806	0.000318898331920054	Chrysozyma sambuci	Chrysozyma	Chrysozymaceae		Microbotryomycetes	Basidiomycota	Opisthokonta					61.11176293916763
barcode21	1392244	0.0005478845724267086	Kalmanozyma brasiliensis	Kalmanozyma		Ustilaginales	Ustilaginomycetes	Basidiomycota	Opisthokonta					104.99331215241988
barcode21	27376	0.010335113501114435	Acaulospora colombiana	Acaulospora	Acaulosporaceae	Diversisporales	Glomeromycetes	Mucoromycota	Opisthokonta					1980.5591406725637
barcode21	1486924	0.0019397225215008918	Gromochytrium mamkaevae	Gromochytrium	Gromochytriaceae	Gromochytriales	Chytridiomycetes	Chytridiomycota	Opisthokonta					371.7167856853019
barcode21	1754191	0.0005299139389942232	Piromyces finnis	Piromyces	Neocallimastigaceae	Neocallimastigales	Neocallimastigomycetes	Chytridiomycota	Opisthokonta					101.54952778521897
barcode21	2710867	0.00021050991579844993	Khoyollomyces ramosus	Khoyollomyces	Neocallimastigaceae	Neocallimastigales	Neocallimastigomycetes	Chytridiomycota	Opisthokonta					40.340857204120155
barcode21	2315449	0.0003218428043152266	Yamadazyma tenuis	Yamadazyma	Debaryomycetaceae	Serinales	Pichiomycetes	Ascomycota	Opisthokonta					61.676023962144136
barcode21	1208333	0.005902766450426521	Dentiscutata savannicola	Dentiscutata	Gigasporaceae	Diversisporales	Glomeromycetes	Mucoromycota	Opisthokonta					1131.170745961036
barcode21	329884	0.0006224077237112502	Friedmanniomyces simplex	Friedmanniomyces	Teratosphaeriaceae	Mycosphaerellales	Dothideomycetes	Ascomycota	Opisthokonta					119.27448172568171
barcode21	383838	0.00011478470207182328	Myxozyma neglecta	Myxozyma	Lipomycetaceae	Lipomycetales	Lipomycetes	Ascomycota	Opisthokonta					21.996651596831782
barcode21	45792	0.002029007870789486	Lipomyces oligophaga	Lipomyces	Lipomycetaceae	Lipomycetales	Lipomycetes	Ascomycota	Opisthokonta					388.8268943108723
barcode21	44066	9.819255912722745e-05	Geotrichum fermentans	Geotrichum	Dipodascaceae	Dipodascales	Dipodascomycetes	Ascomycota	Opisthokonta					18.817032875787106
barcode21	2891599	0.0013193273381090507	Candidozyma khanbhai	Candidozyma	Metschnikowiaceae	Serinales	Pichiomycetes	Ascomycota	Opisthokonta					252.8279751111898
barcode21	46584	0.003828388603915814	Danielia oregonensis	Danielia	Metschnikowiaceae	Serinales	Pichiomycetes	Ascomycota	Opisthokonta					733.649421722803
barcode21	34356	0.0020352075958130506	Kodamaea ohmeri	Kodamaea	Debaryomycetaceae	Serinales	Pichiomycetes	Ascomycota	Opisthokonta					390.0149724160381
barcode21	131344	0.00017234915168093157	Pallidocercospora heimii	Pallidocercospora	Mycosphaerellaceae	Mycosphaerellales	Dothideomycetes	Ascomycota	Opisthokonta					33.02795733322364
barcode21	133175	9.204234047990692e-05	Pseudocercospora angolensis	Pseudocercospora	Mycosphaerellaceae	Mycosphaerellales	Dothideomycetes	Ascomycota	Opisthokonta					17.638441875526482
barcode21	1431932	0.0020877346992893247	Amycosphaerella africana	Amycosphaerella	Mycosphaerellaceae	Mycosphaerellales	Dothideomycetes	Ascomycota	Opisthokonta					400.08095136361044
barcode21	112494	0.000270484520711018	Paramycosphaerella parkii	Paramycosphaerella	Mycosphaerellaceae	Mycosphaerellales	Dothideomycetes	Ascomycota	Opisthokonta					51.83403064193523
barcode21	470158	0.00023014028813777532	Teratosphaeria stellenboschiana	Teratosphaeria	Teratosphaeriaceae	Mycosphaerellales	Dothideomycetes	Ascomycota	Opisthokonta					44.102703976994434
barcode21	418781	0.0002221480817616858	Teratosphaeria destructans	Teratosphaeria	Teratosphaeriaceae	Mycosphaerellales	Dothideomycetes	Ascomycota	Opisthokonta					42.5711255003189
barcode21	13684	0.005601802879552147	Parastagonospora nodorum	Parastagonospora	Phaeosphaeriaceae	Pleosporales	Dothideomycetes	Ascomycota	Opisthokonta					1073.495893020096
barcode21	1431937	0.0002611208252685906	Neocatenulostroma microsporum	Neocatenulostroma	Teratosphaeriaceae	Mycosphaerellales	Dothideomycetes	Ascomycota	Opisthokonta					50.03962822952109
barcode21	134358	0.0005851814678864801	Westerdykella cylindrica	Westerdykella	Sporormiaceae	Pleosporales	Dothideomycetes	Ascomycota	Opisthokonta					112.14066541695773
barcode21	372061	0.006796372986776633	Lepidosphaeria nicotiae	Lepidosphaeria	Testudinaceae	Pleosporales	Dothideomycetes	Ascomycota	Opisthokonta					1302.4161409479532
barcode21	62132	0.006683091820962077	Capnobotryella renispora	Capnobotryella	Teratosphaeriaceae	Mycosphaerellales	Dothideomycetes	Ascomycota	Opisthokonta					1280.7076180182466
barcode21	162394	0.0005674725332641846	Dothidea sambuci	Dothidea	Dothideaceae	Dothideales	Dothideomycetes	Ascomycota	Opisthokonta					108.74703143954875
barcode21	1921807	8.901284457394695e-05	Tintelnotia destructans	Tintelnotia	Phaeosphaeriaceae	Pleosporales	Dothideomycetes	Ascomycota	Opisthokonta					17.057887457083748
barcode21	43223	0.0004564395664503289	Tyrannosorus pinicola	Tyrannosorus	Venturiaceae	Venturiales	Dothideomycetes	Ascomycota	Opisthokonta					87.46933987714233
barcode21	157072	0.003384524120334112	Aphanomyces invadans	Aphanomyces	Verrucalvaceae	Saprolegniales	Saprolegniomycetes	Oomycota	Sar					648.5898952761072
barcode21	112090	0.006818892042226309	Aphanomyces astaci	Aphanomyces	Verrucalvaceae	Saprolegniales	Saprolegniomycetes	Oomycota	Sar					1306.7315576199965
barcode21	2704023	0.0038490730142533023	Jimgerdemannia ambigua	Jimgerdemannia	Endogonaceae	Endogonales	Endogonomycetes	Mucoromycota	Opisthokonta					737.6132580134173
barcode21	1047171	7.502569989286099e-05	Zymoseptoria tritici	Zymoseptoria	Mycosphaerellaceae	Mycosphaerellales	Dothideomycetes	Ascomycota	Opisthokonta					14.377474973268523
barcode21	1306365	0.00020754029334349387	Cryomyces montanus	Cryomyces			Dothideomycetes	Ascomycota	Opisthokonta					39.77177657458711
barcode21	463800	0.0001146339519148011	Kwoniella mangrovensis	Kwoniella	Cryptococcaceae	Tremellales	Tremellomycetes	Basidiomycota	Opisthokonta					21.967762741240996
barcode21	1470396	7.352416678901078e-05	Deakozyma indianensis	Deakozyma	Trichomonascaceae	Dipodascales	Dipodascomycetes	Ascomycota	Opisthokonta					14.089730178445292
barcode21	1809185	0.000944167534212164	Adelosphaeria catenata	Adelosphaeria	Pleurotheciaceae	Pleurotheciales	Sordariomycetes	Ascomycota	Opisthokonta					180.93460125121382
barcode21	565031	6.992646103468822e-05	Alternaria terricola	Alternaria	Pleosporaceae	Pleosporales	Dothideomycetes	Ascomycota	Opisthokonta					13.400287433921442
barcode21	2979814	7.136469860992843e-05	Paraleptosphaeria kunmingensis	Paraleptosphaeria	Leptosphaeriaceae	Pleosporales	Dothideomycetes	Ascomycota	Opisthokonta					13.675902653415024
barcode21	646068	7.199535231493632e-05	Neoascochyta paspali	Neoascochyta	Didymellaceae	Pleosporales	Dothideomycetes	Ascomycota	Opisthokonta					13.796757345520506
barcode21	743949	8.298741044723929e-05	Alternaria elegans	Alternaria	Pleosporaceae	Pleosporales	Dothideomycetes	Ascomycota	Opisthokonta					15.903209413646254
barcode21	2021042	7.711015093973434e-05	Neoascochyta soli	Neoascochyta	Didymellaceae	Pleosporales	Dothideomycetes	Ascomycota	Opisthokonta					14.776926665185051
barcode21	28988	0.00011610524846472259	Leptosphaeria doliolum	Leptosphaeria	Leptosphaeriaceae	Pleosporales	Dothideomycetes	Ascomycota	Opisthokonta					22.249713184288648
barcode21	1911174	8.730045671566276e-05	Leptosphaeria irregularis	Leptosphaeria	Leptosphaeriaceae	Pleosporales	Dothideomycetes	Ascomycota	Opisthokonta					16.729735722249316
barcode21	2704024	0.001444532156526663	Vinositunica radiata	Vinositunica	Endogonaceae	Endogonales	Endogonomycetes	Mucoromycota	Opisthokonta					276.8214752838305
barcode21	45511	0.00016436276951148408	Yamadazyma scolyti	Yamadazyma	Debaryomycetaceae	Serinales	Pichiomycetes	Ascomycota	Opisthokonta					31.49749497256374
barcode21	2059835	0.00012002533057190121	Exopassalora zambiae	Exopassalora	Mycosphaerellaceae	Mycosphaerellales	Dothideomycetes	Ascomycota	Opisthokonta					23.000934198815717
barcode21	2810478	0.011441627538572809	Salinomyces polonicus	Salinomyces	Teratosphaeriaceae	Mycosphaerellales	Dothideomycetes	Ascomycota	Opisthokonta					2192.604851726862
barcode21	4792	0.0002683055126492112	Phytophthora nicotianae	Phytophthora	Peronosporaceae	Peronosporales	Peronosporomycetes	Oomycota	Sar					51.41645861101894
barcode21	4785	0.00010229042581828562	Phytophthora cinnamomi	Phytophthora	Peronosporaceae	Peronosporales	Peronosporomycetes	Oomycota	Sar					19.602323461261346
barcode21	67593	0.00011493250846967716	Phytophthora sojae	Phytophthora	Peronosporaceae	Peronosporales	Peronosporomycetes	Oomycota	Sar					22.024976328078115
barcode21	4787	0.004238213505838531	Phytophthora infestans	Phytophthora	Peronosporaceae	Peronosporales	Peronosporomycetes	Oomycota	Sar					812.185806977861
barcode21	4779	0.00043202856729851057	Bremia lactucae	Bremia	Peronosporaceae	Peronosporales	Peronosporomycetes	Oomycota	Sar					82.79136246568278
barcode21	2654861	0.005773973564328298	Quaeritorhiza haematococci	Quaeritorhiza	Quaeritorhizaceae		Chytridiomycetes	Chytridiomycota	Opisthokonta					1106.489650026489
barcode21	281847	0.0001631618012141715	Rozella allomycis	Rozella				Cryptomycota	Opisthokonta					31.26734861387654
barcode21	5491	0.00040781351232650965	Helenozyma melibiosica	Helenozyma	Metschnikowiaceae	Serinales	Pichiomycetes	Ascomycota	Opisthokonta					78.15093462117835
barcode21	5007	0.00022475956695105177	Brettanomyces bruxellensis	Brettanomyces	Pichiaceae	Pichiales	Pichiomycetes	Ascomycota	Opisthokonta					43.07157485309786
barcode21	54193	0.0012838814140240938	[Candida] silvatica	Pichia	Pichiaceae	Pichiales	Pichiomycetes	Ascomycota	Opisthokonta					246.0353308950932
barcode21	45553	0.0006593714984249838	Wickerhamiella galacta	Wickerhamiella	Trichomonascaceae	Dipodascales	Dipodascomycetes	Ascomycota	Opisthokonta					126.35799772917333
barcode21	56417	0.00012596191917897966	Metschnikowia agaves	Metschnikowia	Metschnikowiaceae	Serinales	Pichiomycetes	Ascomycota	Opisthokonta					24.138586419944588
barcode21	2201245	0.0027405384832478673	Metschnikowia laotica	Metschnikowia	Metschnikowiaceae	Serinales	Pichiomycetes	Ascomycota	Opisthokonta					525.1803516987218
barcode21	224212	0.00034850111388169566	[Candida] anutae		Debaryomycetaceae	Serinales	Pichiomycetes	Ascomycota	Opisthokonta					66.78466245760487
barcode21	129865	0.0025596843869514136	Septoriella leuchtmannii	Septoriella	Phaeosphaeriaceae	Pleosporales	Dothideomycetes	Ascomycota	Opisthokonta					490.5225578090472
barcode21	93612	6.963552015291684e-05	Exserohilum turcicum	Exserohilum	Pleosporaceae	Pleosporales	Dothideomycetes	Ascomycota	Opisthokonta					13.344533268984065
barcode21	89913	0.0001052474803105179	Cystofilobasidium infirmominiatum	Cystofilobasidium	Cystofilobasidiaceae	Cystofilobasidiales	Tremellomycetes	Basidiomycota	Opisthokonta					20.168995641825788
barcode21	2709059	0.00016590071383716418	Periconia cortaderiae	Periconia	Periconiaceae	Pleosporales	Dothideomycetes	Ascomycota	Opisthokonta					31.79221739547112
barcode21	1647314	5.9512104409137906e-05	Microthecium ciliatum	Microthecium	Ceratostomataceae	Coronophorales	Sordariomycetes	Ascomycota	Opisthokonta					11.404542616340734
barcode21	2036938	0.0001292713091701301	Harzia macrospora	Harzia	Ceratostomataceae	Coronophorales	Sordariomycetes	Ascomycota	Opisthokonta					24.77277806150871
barcode21	1661796	0.0024383975858851114	Dactylidispora ellipsospora	Dactylidispora	Ceratostomataceae	Coronophorales	Sordariomycetes	Ascomycota	Opisthokonta					467.2798829735074
barcode21	2036939	7.423061370612899e-05	Harzia patula	Harzia	Ceratostomataceae	Coronophorales	Sordariomycetes	Ascomycota	Opisthokonta					14.225109426960323
barcode21	2036943	5.917155590456828e-05	Harzia palmara	Harzia	Ceratostomataceae	Coronophorales	Sordariomycetes	Ascomycota	Opisthokonta					11.339281944216038
barcode21	1661797	0.0037620360635540195	Dactylidispora singaporensis	Dactylidispora	Ceratostomataceae	Coronophorales	Sordariomycetes	Ascomycota	Opisthokonta					720.934019003111
barcode21	2877774	0.00010030854985321304	Bensingtonia pseudorectispora	Bensingtonia	Kondoaceae	Agaricostilbales	Agaricostilbomycetes	Basidiomycota	Opisthokonta					19.222528642570627
barcode21	2877788	0.00020785496656148012	Symmetrospora rhododendri	Symmetrospora	Symmetrosporaceae		Cystobasidiomycetes	Basidiomycota	Opisthokonta					39.83207866204268
barcode21	2991538	0.0017331297359475897	Entomortierella sugadairana	Entomortierella	Mortierellaceae	Mortierellales	Mortierellomycetes	Mucoromycota	Opisthokonta					332.1265838185804
barcode21	2877791	0.00011206056889598582	Robertozyma ningxiaensis	Robertozyma		Cystobasidiales	Cystobasidiomycetes	Basidiomycota	Opisthokonta					21.474615059813345
barcode21	2877792	0.00023263401149230332	Begerowomyces foliicola	Begerowomyces		Cystobasidiales	Cystobasidiomycetes	Basidiomycota	Opisthokonta					44.58058615831605
barcode21	2877765	0.0002563957373719821	Kondoa cylindrica	Kondoa	Kondoaceae	Agaricostilbales	Agaricostilbomycetes	Basidiomycota	Opisthokonta					49.13414073554242
barcode21	911321	0.00019061306410728178	Calcarisporiella thermophila	Calcarisporiella	Calcarisporiellaceae	Calcarisporiellales		Mucoromycota	Opisthokonta					36.527943927134835
barcode21	65818	0.00011610452135021654	Cyberlindnera lachancei	Cyberlindnera	Phaffomycetaceae	Phaffomycetales	Saccharomycetes	Ascomycota	Opisthokonta					22.249573844427395
barcode21	234567	0.0001745929381206802	Kodamaea derodonti	Kodamaea	Debaryomycetaceae	Serinales	Pichiomycetes	Ascomycota	Opisthokonta					33.45794310381843
barcode21	234568	0.00021659953281962264	Kodamaea arcana	Kodamaea	Debaryomycetaceae	Serinales	Pichiomycetes	Ascomycota	Opisthokonta					41.507834872355566
barcode21	1006461	0.00024452457088548627	Dasyspora nitidae	Dasyspora	Sphaerophragmiaceae	Pucciniales	Pucciniomycetes	Basidiomycota	Opisthokonta					46.859221617069274
barcode21	1396493	0.00201919295397454	Fimicolochytrium jonesii	Fimicolochytrium	Powellomycetaceae	Spizellomycetales	Chytridiomycetes	Chytridiomycota	Opisthokonta					386.946022541957
barcode21	1134076	0.0013081036486671561	Geranomyces tanneri	Geranomyces	Powellomycetaceae	Spizellomycetales	Chytridiomycetes	Chytridiomycota	Opisthokonta					250.6771346086818
barcode21	1396496	0.0016059693226279628	Thoreauomyces humboldtii	Thoreauomyces	Powellomycetaceae	Spizellomycetales	Chytridiomycetes	Chytridiomycota	Opisthokonta					307.75832517248705
barcode21	1134077	0.00018074951740663242	Geranomyces michiganensis	Geranomyces	Powellomycetaceae	Spizellomycetales	Chytridiomycetes	Chytridiomycota	Opisthokonta					34.6377530187026
barcode21	68401	0.00016130181430137083	Spiromyces aspiralis	Spiromyces	Kickxellaceae	Kickxellales	Kickxellomycetes	Zoopagomycota	Opisthokonta					30.9109118818289
barcode21	2841483	0.00011579952717133684	Tomentella exiguelata	Tomentella	Thelephoraceae	Thelephorales	Agaricomycetes	Basidiomycota	Opisthokonta					22.191126589951963
barcode21	2565641	0.00016091831920287696	Tomentella longiechinula	Tomentella	Thelephoraceae	Thelephorales	Agaricomycetes	Basidiomycota	Opisthokonta					30.837421182124125
barcode21	4754	0.00012121234430356417	Pneumocystis carinii	Pneumocystis	Pneumocystaceae	Pneumocystales	Pneumocystomycetes	Ascomycota	Opisthokonta					23.228406388269214
barcode21	2035830	0.0001260654008175059	Berkeleyomyces rouxiae	Berkeleyomyces	Ceratocystidaceae	Microascales	Sordariomycetes	Ascomycota	Opisthokonta					24.158417020261922
barcode21	40221	0.0008613452913368549	Symbiotaphrina kochii	Symbiotaphrina	Symbiotaphrinaceae	Symbiotaphrinales		Ascomycota	Opisthokonta					165.06304356004685
barcode21	308924	0.00024971038694481326	Starmerella riodocensis	Starmerella	Trichomonascaceae	Dipodascales	Dipodascomycetes	Ascomycota	Opisthokonta					47.853000291782344
barcode21	261099	9.797000661423632e-05	Boothiomyces macroporosus	Boothiomyces	Terramycetaceae	Rhizophydiales	Chytridiomycetes	Chytridiomycota	Opisthokonta					18.774384247512565
barcode21	2605921	0.0011207474048634193	Novakomyces olei	Novakomyces				Ascomycota	Opisthokonta					214.7733081835965
barcode21	1396494	0.0001395354705569325	Fimicolochytrium alabamae	Fimicolochytrium	Powellomycetaceae	Spizellomycetales	Chytridiomycetes	Chytridiomycota	Opisthokonta					26.7397403647072
barcode21	1190719	0.00015173136100252426	Clavulina pakaraimensis	Clavulina	Hydnaceae	Cantharellales	Agaricomycetes	Basidiomycota	Opisthokonta					29.076887634357735
barcode21	334125	7.783095952067967e-05	Clavulina monodiminutiva	Clavulina	Hydnaceae	Cantharellales	Agaricomycetes	Basidiomycota	Opisthokonta					14.915058096785929
barcode21	1750568	7.802641200100145e-05	Cantharellus anzutake	Cantharellus	Hydnaceae	Cantharellales	Agaricomycetes	Basidiomycota	Opisthokonta					14.952513437399912
barcode21	1115089	0.00021271401347386257	Clavulina cinereoglebosa	Clavulina	Hydnaceae	Cantharellales	Agaricomycetes	Basidiomycota	Opisthokonta					40.76323725805018
barcode21	2292778	9.220063899916153e-05	Papiliotrema zeae	Papiliotrema	Rhynchogastremaceae	Tremellales	Tremellomycetes	Basidiomycota	Opisthokonta					17.66877725396532
barcode21	54100	0.0001148807929474359	Myxozyma udenii	Myxozyma	Lipomycetaceae	Lipomycetales	Lipomycetes	Ascomycota	Opisthokonta					22.015065875688933
barcode21	796027	0.002434800363450867	Sugiyamaella lignohabitans	Sugiyamaella	Trichomonascaceae	Dipodascales	Dipodascomycetes	Ascomycota	Opisthokonta					466.5905328495435
barcode21	933994	0.0001747273863588136	Spencermartinsiella europaea	Spencermartinsiella	Trichomonascaceae	Dipodascales	Dipodascomycetes	Ascomycota	Opisthokonta					33.48370795748489
barcode21	78596	0.00019577727936581762	Narasimhella hyalinospora	Narasimhella	Gymnoascaceae	Onygenales	Eurotiomycetes	Ascomycota	Opisthokonta					37.517583153989094
barcode21	1215355	0.00022960315550912927	Knoxdaviesia proteae	Knoxdaviesia	Gondwanamycetaceae	Microascales	Sordariomycetes	Ascomycota	Opisthokonta					43.999771102836476
barcode21	2027812	0.0005583684000778822	Classicula sinensis	Classicula	Classiculaceae	Classiculales	Classiculomycetes	Basidiomycota	Opisthokonta					107.00236998052489
barcode21	54101	0.00026469855696735603	Myxozyma vanderwaltii	Myxozyma	Lipomycetaceae	Lipomycetales	Lipomycetes	Ascomycota	Opisthokonta					50.725243265882305
barcode21	936130	0.0005168614741071712	Pisolithus orientalis	Pisolithus	Pisolithaceae	Boletales	Agaricomycetes	Basidiomycota	Opisthokonta					99.04823172905365
barcode21	5606	0.0005876883236278889	Saitoella complicata	Saitoella				Ascomycota	Opisthokonta					112.62106421010685
barcode21	208486	7.132963857142512e-05	Metschnikowia rancensis	Metschnikowia	Metschnikowiaceae	Serinales	Pichiomycetes	Ascomycota	Opisthokonta					13.66918395799648
barcode21	415601	0.0012674319512917364	Redeckera megalocarpum	Redeckera	Diversisporaceae	Diversisporales	Glomeromycetes	Mucoromycota	Opisthokonta					242.88305455384062
barcode21	3231533	7.758481423638321e-05	Gorgonomyces chiangraiensis	Gorgonomyces	Gorgonomycetaceae	Rhizophydiales	Chytridiomycetes	Chytridiomycota	Opisthokonta					14.867888291375062
barcode21	3231531	0.00012423884890153984	Gorgonomyces aquaticus	Gorgonomyces	Gorgonomycetaceae	Rhizophydiales	Chytridiomycetes	Chytridiomycota	Opisthokonta					23.808387570397684
barcode21	3231532	0.00013050512958694144	Gorgonomyces limnicus	Gorgonomyces	Gorgonomycetaceae	Rhizophydiales	Chytridiomycetes	Chytridiomycota	Opisthokonta					25.009220003263934
barcode21	382530	0.0001840795232895547	Gorgonomyces haynaldii	Gorgonomyces	Gorgonomycetaceae	Rhizophydiales	Chytridiomycetes	Chytridiomycota	Opisthokonta					35.27589536607052
barcode21	3058949	0.0016909491363633759	Gorgonomyces thailandicus	Gorgonomyces	Gorgonomycetaceae	Rhizophydiales	Chytridiomycetes	Chytridiomycota	Opisthokonta					324.04334679785916
barcode21	51019	8.871081715892162e-05	Aspergillus heteromorphus	Aspergillus	Aspergillaceae	Eurotiales	Eurotiomycetes	Ascomycota	Opisthokonta					17.000008735432786
barcode21	1986178	8.928691955308111e-05	Parafenestella ostryae	Parafenestella	Cucurbitariaceae	Pleosporales	Dothideomycetes	Ascomycota	Opisthokonta					17.110409541635146
barcode21	1303431	0.0003250195557305964	Clypeoloculus akitaensis	Clypeoloculus	Morosphaeriaceae	Pleosporales	Dothideomycetes	Ascomycota	Opisthokonta					62.28479754287711
barcode21	1571505	0.0005881284366738211	Darksidea zeta	Darksidea	Lentitheciaceae	Pleosporales	Dothideomycetes	Ascomycota	Opisthokonta					112.70540483355103
barcode21	2877763	0.0001659012755668875	Filobasidium mucilaginum	Filobasidium	Filobasidiaceae	Filobasidiales	Tremellomycetes	Basidiomycota	Opisthokonta					31.792325041984917
barcode21	44082	9.72442887564759e-05	Ambrosiozyma cicatricosa	Ambrosiozyma	Pichiaceae	Pichiales	Pichiomycetes	Ascomycota	Opisthokonta					18.635312031558502
barcode21	264483	7.3537456403446e-05	Phaffia rhodozyma	Phaffia	Mrakiaceae	Cystofilobasidiales	Tremellomycetes	Basidiomycota	Opisthokonta					14.092276920417971
barcode21	89926	0.0007795914366014556	Cystofilobasidium macerans	Cystofilobasidium	Cystofilobasidiaceae	Cystofilobasidiales	Tremellomycetes	Basidiomycota	Opisthokonta					149.39622536168332
barcode21	610337	0.0003241453586728828	Naganishia cerealis	Naganishia	Filobasidiaceae	Filobasidiales	Tremellomycetes	Basidiomycota	Opisthokonta					62.117271663919226
barcode21	2021465	0.0010575190517024588	Sulzbacheromyces miomboensis	Sulzbacheromyces	Lepidostromataceae	Lepidostromatales	Agaricomycetes	Basidiomycota	Opisthokonta					202.65660595394897
barcode21	1977396	0.0004089689277983552	Sulzbacheromyces bicolor	Sulzbacheromyces	Lepidostromataceae	Lepidostromatales	Agaricomycetes	Basidiomycota	Opisthokonta					78.37235150971
barcode21	1903024	0.0010740291310894748	Gloniopsis calami	Gloniopsis	Hysteriaceae	Hysteriales	Dothideomycetes	Ascomycota	Opisthokonta					205.8204985072004
barcode21	2850	0.0003781016969256577	Phaeodactylum tricornutum	Phaeodactylum	Phaeodactylaceae	Naviculales	Bacillariophyceae	Bacillariophyta	Sar					72.45714058865148
barcode21	1132468	0.0010985052207967891	Alternaria sorghi	Alternaria	Pleosporaceae	Pleosporales	Dothideomycetes	Ascomycota	Opisthokonta					210.5109494821719
barcode21	2231374	0.00012971296199227572	Curvularia coatesiae	Curvularia	Pleosporaceae	Pleosporales	Dothideomycetes	Ascomycota	Opisthokonta					24.857413758427764
barcode21	2211346	0.0006319538695350363	Curvularia colbranii	Curvularia	Pleosporaceae	Pleosporales	Dothideomycetes	Ascomycota	Opisthokonta					121.10384783447715
barcode21	70189	0.0004562323974665808	Olpidium brassicae	Olpidium	Olpidiaceae	Olpidiales	Olpidiomycetes	Olpidiomycota	Opisthokonta					87.42963925611075
barcode21	507509	0.0007401246851771746	Danielozyma litseae	Danielozyma	Debaryomycetaceae	Serinales	Pichiomycetes	Ascomycota	Opisthokonta					141.83305391924267
barcode21	1231522	5.9874250950447905e-05	Candidozyma duobushaemuli	Candidozyma	Metschnikowiaceae	Serinales	Pichiomycetes	Ascomycota	Opisthokonta					11.473942206638133
barcode21	2877793	0.0008051553672830808	Sporobolomyces cellobiolyticus	Sporobolomyces	Sporidiobolaceae	Sporidiobolales	Microbotryomycetes	Basidiomycota	Opisthokonta					154.2951436539259
barcode21	243823	0.001069426087042332	Sporobolomyces beijingensis	Sporobolomyces	Sporidiobolaceae	Sporidiobolales	Microbotryomycetes	Basidiomycota	Opisthokonta					204.93839876427023
barcode21	2877794	0.0002978124547501521	Sporobolomyces ellipsoideus	Sporobolomyces	Sporidiobolaceae	Sporidiobolales	Microbotryomycetes	Basidiomycota	Opisthokonta					57.07099195359064
barcode21	243824	0.00045501626937031347	Sporobolomyces jilinensis	Sporobolomyces	Sporidiobolaceae	Sporidiobolales	Microbotryomycetes	Basidiomycota	Opisthokonta					87.19658776451065
barcode21	2877821	0.0004962438692433216	Sporobolomyces reniformis	Sporobolomyces	Sporidiobolaceae	Sporidiobolales	Microbotryomycetes	Basidiomycota	Opisthokonta					95.09719763857468
barcode21	95809	0.00013481221686445984	Kodamaea fungicola	Kodamaea	Debaryomycetaceae	Serinales	Pichiomycetes	Ascomycota	Opisthokonta					25.834604366603898
barcode21	78172	0.00017312695954603002	Sungouiella akabanensis	Sungouiella	Metschnikowiaceae	Serinales	Pichiomycetes	Ascomycota	Opisthokonta					33.17701176564392
barcode21	1857663	0.0002481163933703009	Sugiyamaella mastotermitis	Sugiyamaella	Trichomonascaceae	Dipodascales	Dipodascomycetes	Ascomycota	Opisthokonta					47.54753692712424
barcode21	5580	0.00011128608530257421	Aureobasidium pullulans	Aureobasidium	Saccotheciaceae	Dothideales	Dothideomycetes	Ascomycota	Opisthokonta					21.32619767087351
barcode21	1079897	0.0001236988971667251	Acaulospora cavernata	Acaulospora	Acaulosporaceae	Diversisporales	Glomeromycetes	Mucoromycota	Opisthokonta					23.704914459648197
barcode21	53607	0.0004610998130228137	Cyberlindnera mississippiensis	Cyberlindnera	Phaffomycetaceae	Phaffomycetales	Saccharomycetes	Ascomycota	Opisthokonta					88.36240156881388
barcode21	2877764	7.487937739319327e-05	Phaffia aurantiaca	Phaffia	Mrakiaceae	Cystofilobasidiales	Tremellomycetes	Basidiomycota	Opisthokonta					14.3494346073672
barcode21	144533	0.0005417142364610571	Glomus macrocarpum	Glomus	Glomeraceae	Glomerales	Glomeromycetes	Mucoromycota	Opisthokonta					103.81086598997823
barcode21	512029	0.0021205426073099545	Buwchfawromyces eastonii	Buwchfawromyces	Neocallimastigaceae	Neocallimastigales	Neocallimastigomycetes	Chytridiomycota	Opisthokonta					406.3680620092358
barcode21	1133749	0.000610585309093741	Tricholomopsis osiliensis	Tricholomopsis		Agaricales	Agaricomycetes	Basidiomycota	Opisthokonta					117.00890512286996
barcode21	279323	0.00015848571494957495	Apiotrichum otae	Apiotrichum	Trichosporonaceae	Trichosporonales	Tremellomycetes	Basidiomycota	Opisthokonta					30.371251498646846
barcode21	2494425	0.0009864878566394832	Lentaria variabilis	Lentaria	Lentariaceae	Gomphales	Agaricomycetes	Basidiomycota	Opisthokonta					189.0446139192507
barcode21	58916	0.00014430161396190277	Phragmotaenium fulvescens	Phragmotaenium	Tilletiariaceae	Georgefischeriales	Exobasidiomycetes	Basidiomycota	Opisthokonta					27.653095489975275
barcode21	2832334	0.0010851119754970704	Wickerhamiella osmotolerans	Wickerhamiella	Trichomonascaceae	Dipodascales	Dipodascomycetes	Ascomycota	Opisthokonta					207.9443483124056
barcode21	2832335	0.0005840328006695622	Wickerhamiella tropicalis	Wickerhamiella	Trichomonascaceae	Dipodascales	Dipodascomycetes	Ascomycota	Opisthokonta					111.92054172351088
barcode21	45539	0.0003218281900967358	Blastobotrys chiropterorum	Blastobotrys	Trichomonascaceae	Dipodascales	Dipodascomycetes	Ascomycota	Opisthokonta					61.67322338099787
barcode21	271282	0.0001363481269058711	Spathaspora jeffriesii	Spathaspora	Debaryomycetaceae	Serinales	Pichiomycetes	Ascomycota	Opisthokonta					26.1289369514797
barcode21	1985864	6.653815612335847e-05	Heitmania litseae	Heitmania	Heitmaniaceae	Heitmaniales	Microbotryomycetes	Basidiomycota	Opisthokonta					12.750973010543676
barcode21	1918532	0.00024973796914091995	Bipolaris simmondsii	Bipolaris	Pleosporaceae	Pleosporales	Dothideomycetes	Ascomycota	Opisthokonta					47.858285978351056
barcode21	2211343	6.665719859330946e-05	Curvularia beerburrumensis	Curvularia	Pleosporaceae	Pleosporales	Dothideomycetes	Ascomycota	Opisthokonta					12.773785595230265
barcode21	2211344	0.00012401432568700515	Curvularia boeremae	Curvularia	Pleosporaceae	Pleosporales	Dothideomycetes	Ascomycota	Opisthokonta					23.765361288703545
barcode21	1918535	0.00021370211773586665	Bipolaris woodii	Bipolaris	Pleosporaceae	Pleosporales	Dothideomycetes	Ascomycota	Opisthokonta					40.95259163019507
barcode21	1918533	0.0003069643781409702	Bipolaris sivanesaniana	Bipolaris	Pleosporaceae	Pleosporales	Dothideomycetes	Ascomycota	Opisthokonta					58.82481164066669
barcode21	1918531	0.00019839961098825035	Bipolaris shoemakeri	Bipolaris	Pleosporaceae	Pleosporales	Dothideomycetes	Ascomycota	Opisthokonta					38.02011105212237
barcode21	2877725	0.00022630689994568108	Vishniacozyma pseudopenaeus	Vishniacozyma	Bulleribasidiaceae	Tremellales	Tremellomycetes	Basidiomycota	Opisthokonta					43.36809646419065
barcode21	2877723	0.00022133363291334344	Tremella shuangheensis	Tremella	Tremellaceae	Tremellales	Tremellomycetes	Basidiomycota	Opisthokonta					42.41504940971566
barcode21	71795	6.767480484107267e-05	Tremella tropica	Tremella	Tremellaceae	Tremellales	Tremellomycetes	Basidiomycota	Opisthokonta					12.96879355091412
barcode21	2877726	0.0004093557085553174	Vishniacozyma europaea	Vishniacozyma	Bulleribasidiaceae	Tremellales	Tremellomycetes	Basidiomycota	Opisthokonta					78.4464718532897
barcode21	151289	0.0005849071263139878	Vishniacozyma tephrensis	Vishniacozyma	Bulleribasidiaceae	Tremellales	Tremellomycetes	Basidiomycota	Opisthokonta					112.08809224405474
barcode21	418784	0.0008673106700177588	Candidozyma pseudohaemuli	Candidozyma	Metschnikowiaceae	Serinales	Pichiomycetes	Ascomycota	Opisthokonta					166.20621293818317
barcode21	652156	6.13833621371788e-05	Fuscohilum siciliana	Fuscohilum	Sympoventuriaceae	Venturiales	Dothideomycetes	Ascomycota	Opisthokonta					11.763139219796122
barcode21	2854244	0.0003228450430153904	Verruconis cylindricalis	Verruconis	Sympoventuriaceae	Venturiales	Dothideomycetes	Ascomycota	Opisthokonta					61.86808697321132
barcode21	1985866	9.768861021997738e-05	Heitmania elacocarpi	Heitmania	Heitmaniaceae	Heitmaniales	Microbotryomycetes	Basidiomycota	Opisthokonta					18.720459130895144
barcode21	2877799	0.00014112611743514556	Heitmania tridentata	Heitmania	Heitmaniaceae	Heitmaniales	Microbotryomycetes	Basidiomycota	Opisthokonta					27.044562388566682
barcode21	45607	0.00016060686980436733	Wickerhamiella sorbophila	Wickerhamiella	Trichomonascaceae	Dipodascales	Dipodascomycetes	Ascomycota	Opisthokonta					30.77773688809013
barcode21	202755	0.0002582057164812079	Schizonella caricis-atratae	Schizonella	Ustilaginaceae	Ustilaginales	Ustilaginomycetes	Basidiomycota	Opisthokonta					49.4809942721598
barcode21	1300151	0.00012081628877758301	Solaloca norvegica	Solaloca	Ceratocystidaceae	Microascales	Sordariomycetes	Ascomycota	Opisthokonta					23.152508683603344
barcode21	2943438	0.0023153055048346625	Hydnum reginae	Hydnum	Hydnaceae	Cantharellales	Agaricomycetes	Basidiomycota	Opisthokonta					443.69125511348574
barcode21	2775103	0.0001664370016349985	Puccinia xinyuanensis	Puccinia	Pucciniaceae	Pucciniales	Pucciniomycetes	Basidiomycota	Opisthokonta					31.8949883713213
barcode21	2877801	0.000289529061600063	Microbotryozyma swertiae	Microbotryozyma	Ustilentylomataceae	Microbotryales	Microbotryomycetes	Basidiomycota	Opisthokonta					55.48361219066648
barcode21	3044046	0.00044645337011964633	Leucosporidium egoroviorum	Leucosporidium	Leucosporidiaceae	Leucosporidiales	Microbotryomycetes	Basidiomycota	Opisthokonta					85.5556451295083
barcode21	2486201	8.430896674193212e-05	Leptosphaeria urticae	Leptosphaeria	Leptosphaeriaceae	Pleosporales	Dothideomycetes	Ascomycota	Opisthokonta					16.15646453262342
barcode21	1858587	7.09559864501347e-05	Neoascochyta cylindrispora	Neoascochyta	Didymellaceae	Pleosporales	Dothideomycetes	Ascomycota	Opisthokonta					13.597579507385113
barcode21	352915	0.0001792764239086673	Genea balsleyi	Genea	Pyronemataceae	Pezizales	Pezizomycetes	Ascomycota	Opisthokonta					34.35545821931355
barcode21	1796078	0.0008265719281829673	Orbilia comma	Orbilia	Orbiliaceae	Orbiliales	Orbiliomycetes	Ascomycota	Opisthokonta					158.39928488541477
barcode21	1795741	0.0002482838078796867	Orbilia frangulae	Orbilia	Orbiliaceae	Orbiliales	Orbiliomycetes	Ascomycota	Opisthokonta					47.57961923921589
barcode21	2681178	0.0017063993346504546	Meliola pottsiae	Meliola	Meliolaceae	Meliolales	Sordariomycetes	Ascomycota	Opisthokonta					327.0041300964052
barcode21	2704021	0.0008209197551634214	Endogone botryocarpus	Endogone	Endogonaceae	Endogonales	Endogonomycetes	Mucoromycota	Opisthokonta					157.3161363609871
barcode21	35128	6.84805143779617e-05	Thalassiosira pseudonana	Thalassiosira	Thalassiosiraceae	Thalassiosirales	Coscinodiscophyceae	Bacillariophyta	Sar					13.123194892306312
barcode21	2580354	0.0001495471082745828	Geastrum lanuginosum	Geastrum	Geastraceae	Geastrales	Agaricomycetes	Basidiomycota	Opisthokonta					28.6583105470914
barcode21	2301216	0.0001458404693874512	Thecaphora australiensis	Thecaphora	Glomosporiaceae	Urocystidales	Ustilaginomycetes	Basidiomycota	Opisthokonta					27.947992510594823
barcode21	111463	6.783672560884427e-05	Hirsutella rhossiliensis	Hirsutella	Ophiocordycipitaceae	Hypocreales	Sordariomycetes	Ascomycota	Opisthokonta					12.999823075325263
barcode21	1395791	0.00039624822802212633	Pateramyces corrientinensis	Pateramyces	Pateramycetaceae	Rhizophydiales	Chytridiomycetes	Chytridiomycota	Opisthokonta					75.93463292879215
barcode21	324673	6.810756465659969e-05	Rhizophydium brooksianum	Rhizophydium	Rhizophydiaceae	Rhizophydiales	Chytridiomycetes	Chytridiomycota	Opisthokonta					13.051725045402826
barcode21	1395665	0.0022742222868171614	Alogomyces tanneri	Alogomyces	Lobulomycetaceae	Lobulomycetales	Chytridiomycetes	Chytridiomycota	Opisthokonta					435.8183137119199
barcode21	109895	0.000405826841198098	Powellomyces hirtus	Powellomyces	Powellomycetaceae	Spizellomycetales	Chytridiomycetes	Chytridiomycota	Opisthokonta					77.77022088615631
barcode21	78545	0.0008235034870121311	Acaulospora laevis	Acaulospora	Acaulosporaceae	Diversisporales	Glomeromycetes	Mucoromycota	Opisthokonta					157.81126723008273
barcode21	1776150	0.0001889559368752586	Mucor lilianae	Mucor	Mucoraceae	Mucorales	Mucoromycetes	Mucoromycota	Opisthokonta					36.21038200715331
barcode21	181047	0.00021647065516950368	Basidiobolus microsporus	Basidiobolus	Basidiobolaceae	Basidiobolales	Basidiobolomycetes	Zoopagomycota	Opisthokonta					41.48313753275267
barcode21	1527289	0.0001668000175433731	Yarrowia yakushimensis	Yarrowia		Dipodascales	Dipodascomycetes	Ascomycota	Opisthokonta					31.964554561906763
barcode21	2259113	0.0001479691645682921	Terfezia lusitanica	Terfezia	Pezizaceae	Pezizales	Pezizomycetes	Ascomycota	Opisthokonta					28.355922882880087
barcode21	2608273	0.0006361695078895825	Terfezia dunensis	Terfezia	Pezizaceae	Pezizales	Pezizomycetes	Ascomycota	Opisthokonta					121.91170747491225
barcode21	27374	0.0003826475113447973	Acaulospora spinosa	Acaulospora	Acaulosporaceae	Diversisporales	Glomeromycetes	Mucoromycota	Opisthokonta					73.32827318904889
barcode21	3231536	0.0005509714209639252	Terramyces aquatica	Terramyces	Terramycetaceae	Rhizophydiales	Chytridiomycetes	Chytridiomycota	Opisthokonta					105.58485728500085
barcode21	1055356	0.00010278683226395617	Amanita vernicoccora	Amanita	Amanitaceae	Agaricales	Agaricomycetes	Basidiomycota	Opisthokonta					19.697451814070977
barcode21	278025	9.202001484765501e-05	Arxiozyma pintolopesii	Arxiozyma	Saccharomycetaceae	Saccharomycetales	Saccharomycetes	Ascomycota	Opisthokonta					17.634163525315522
barcode21	1390525	8.206981170017045e-05	Bulleribasidium setariae	Bulleribasidium	Bulleribasidiaceae	Tremellales	Tremellomycetes	Basidiomycota	Opisthokonta					15.727366295350464
barcode21	1938712	0.000793972626648103	Atractiella rhizophila	Atractiella	Hoehnelomycetaceae	Atractiellales	Atractiellomycetes	Basidiomycota	Opisthokonta					152.15215033508255
barcode21	2877814	0.0001754998620796147	Pseudohyphozyma lulangensis	Pseudohyphozyma	Chrysozymaceae		Microbotryomycetes	Basidiomycota	Opisthokonta					33.63174056976488
barcode21	1651791	0.0003308921171460529	Hannaella pagnoccae	Hannaella	Bulleribasidiaceae	Tremellales	Tremellomycetes	Basidiomycota	Opisthokonta					63.4101799771667
barcode21	1806994	0.00014728457124850252	Synchytrium microbalum	Synchytrium	Synchytriaceae	Synchytriales	Chytridiomycetes	Chytridiomycota	Opisthokonta					28.22473152663553
barcode21	1440432	6.142056579275392e-05	Stomatisora psychotriicola	Stomatisora	Crossopsoraceae	Pucciniales	Pucciniomycetes	Basidiomycota	Opisthokonta					11.770268705128604
barcode21	1961798	0.00012847530702604252	Cyanodermella oleoligni	Cyanodermella	Stictidaceae	Ostropales	Lecanoromycetes	Ascomycota	Opisthokonta					24.620236986628633
barcode21	3125859	0.00020156735014435035	Hamaspora rubi-alceifolii	Hamaspora	Phragmidiaceae	Pucciniales	Pucciniomycetes	Basidiomycota	Opisthokonta					38.627157577562436
barcode21	1006457	0.00025832826143574073	Dasyspora frutescentis	Dasyspora	Sphaerophragmiaceae	Pucciniales	Pucciniomycetes	Basidiomycota	Opisthokonta					49.50447805197674
barcode21	2676910	0.00011187974331035831	Annabella australiensis	Annabella	Cordieritidaceae	Helotiales	Leotiomycetes	Ascomycota	Opisthokonta					21.439962729537204
barcode21	1206149	0.00010793600617496007	Geotrichum pseudocandidum	Geotrichum	Dipodascaceae	Dipodascales	Dipodascomycetes	Ascomycota	Opisthokonta					20.684208607332298
barcode21	1149710	0.00019117625376444762	Geotrichum europaeum	Geotrichum	Dipodascaceae	Dipodascales	Dipodascomycetes	Ascomycota	Opisthokonta					36.635870213896155
barcode21	1809268	0.00030503445454537284	Atractospora decumbens	Atractospora	Atractosporaceae		Sordariomycetes	Ascomycota	Opisthokonta					58.45497266234798
barcode21	2978459	0.00029861419149554636	Kirschsteiniothelia puerensis	Kirschsteiniothelia	Kirschsteiniotheliaceae	Kirschsteiniotheliales	Dothideomycetes	Ascomycota	Opisthokonta					57.224631973057534
barcode21	2499430	0.00019285488784412383	Gloniopsis leucaenae	Gloniopsis	Hysteriaceae	Hysteriales	Dothideomycetes	Ascomycota	Opisthokonta					36.95755357712083
barcode21	1431946	8.357663645498033e-05	Pseudoteratosphaeria ohnowa	Pseudoteratosphaeria	Teratosphaeriaceae	Mycosphaerellales	Dothideomycetes	Ascomycota	Opisthokonta					16.0161251504137
barcode21	2950318	0.00017100459585784523	Neodevriesia kalakoutskii	Neodevriesia	Neodevriesiaceae	Mycosphaerellales	Dothideomycetes	Ascomycota	Opisthokonta					32.77029472262231
barcode21	2956821	0.00012128999593020541	Scolecobasidium obovoideum	Scolecobasidium	Sympoventuriaceae	Venturiales	Dothideomycetes	Ascomycota	Opisthokonta					23.243287080088983
barcode21	117821	0.00025711339286897087	Spizellomyces plurigibbosus	Spizellomyces	Spizellomycetaceae	Spizellomycetales	Chytridiomycetes	Chytridiomycota	Opisthokonta					49.27166792905236
barcode21	4816	0.00010928142760537912	Spizellomyces acuminatus	Spizellomyces	Spizellomycetaceae	Spizellomycetales	Chytridiomycetes	Chytridiomycota	Opisthokonta					20.942037097729223
barcode21	2750447	0.0002774384959940323	Gaertneriomyces spectabilis	Gaertneriomyces	Spizellomycetaceae	Spizellomycetales	Chytridiomycetes	Chytridiomycota	Opisthokonta					53.166648741320394
barcode21	64516	0.0008203069182306505	Phlyctochytrium californicum	Phlyctochytrium	Chytridiaceae	Chytridiales	Chytridiomycetes	Chytridiomycota	Opisthokonta					157.1986959682125
barcode21	3231530	0.00026302008052032764	Angulomyces ubonensis	Angulomyces	Angulomycetaceae	Rhizophydiales	Chytridiomycetes	Chytridiomycota	Opisthokonta					50.40359011043247
barcode21	382552	7.477570725414628e-05	Operculomyces laminatus	Operculomyces		Rhizophydiales	Chytridiomycetes	Chytridiomycota	Opisthokonta					14.329567883941069
barcode21	3058948	0.000346710723189649	Angulomyces solicola	Angulomyces	Angulomycetaceae	Rhizophydiales	Chytridiomycetes	Chytridiomycota	Opisthokonta					66.44156272772518
barcode21	1395669	9.298453422207469e-05	Aquamyces chlorogonii	Aquamyces	Aquamycetaceae	Rhizophydiales	Chytridiomycetes	Chytridiomycota	Opisthokonta					17.81899823111306
barcode21	1326894	0.0002882951897135363	Tortispora agaves	Tortispora	Trigonopsidaceae	Trigonopsidales	Trigonopsidomycetes	Ascomycota	Opisthokonta					55.24716038556382
barcode21	45357	0.0003686044981411367	Candidozyma haemuli	Candidozyma	Metschnikowiaceae	Serinales	Pichiomycetes	Ascomycota	Opisthokonta					70.6371543967786
barcode21	979695	0.00025505172006830507	Mortierella elongatula	Mortierella	Mortierellaceae	Mortierellales	Mortierellomycetes	Mucoromycota	Opisthokonta					48.876581323569575
barcode21	979690	0.0007558186941856448	Gryganskiella cystojenkinii	Gryganskiella	Mortierellaceae	Mortierellales	Mortierellomycetes	Mucoromycota	Opisthokonta					144.84055964157187
barcode21	95746	0.00010726808651791705	Exserohilum minor	Exserohilum	Pleosporaceae	Pleosporales	Dothideomycetes	Ascomycota	Opisthokonta					20.556212491774517
barcode21	122368	9.043339827139655e-05	Cercospora beticola	Cercospora	Mycosphaerellaceae	Mycosphaerellales	Dothideomycetes	Ascomycota	Opisthokonta					17.330113844340808
barcode21	1390527	6.441006875077938e-05	Bulleribasidium wuzhishanense	Bulleribasidium	Bulleribasidiaceae	Tremellales	Tremellomycetes	Basidiomycota	Opisthokonta					12.343159114986856
barcode21	169509	0.00014110336839750644	Ogataea trehaloabstinens	Ogataea	Pichiaceae	Pichiales	Pichiomycetes	Ascomycota	Opisthokonta					27.04020289948775
barcode21	64571	0.001051843151549385	Lobosporangium transversale	Lobosporangium	Mortierellaceae	Mortierellales	Mortierellomycetes	Mucoromycota	Opisthokonta					201.56891050401484
barcode21	2877761	0.0006951467595534744	Filobasidium globosum	Filobasidium	Filobasidiaceae	Filobasidiales	Tremellomycetes	Basidiomycota	Opisthokonta					133.2137541202705
barcode21	2877762	0.0001223796333971843	Filobasidium mali	Filobasidium	Filobasidiaceae	Filobasidiales	Tremellomycetes	Basidiomycota	Opisthokonta					23.452098666436015
barcode21	2596947	0.0004493448262393402	Starmerella vitae	Starmerella	Trichomonascaceae	Dipodascales	Dipodascomycetes	Ascomycota	Opisthokonta					86.10974643154972
barcode21	45354	0.000259242265549663	Sungouiella intermedia	Sungouiella	Metschnikowiaceae	Serinales	Pichiomycetes	Ascomycota	Opisthokonta					49.67963231634412
barcode21	2315864	0.00023209623701556323	Ramoconidiophora euphorbiae	Ramoconidiophora		Phacidiales	Leotiomycetes	Ascomycota	Opisthokonta					44.477530284240444
barcode21	2704583	0.00010953927821924888	Darksidea phi	Darksidea	Lentitheciaceae	Pleosporales	Dothideomycetes	Ascomycota	Opisthokonta					20.99145004226754
barcode21	2877730	8.614416012451473e-05	Teunia helanensis	Teunia	Cryptococcaceae	Tremellales	Tremellomycetes	Basidiomycota	Opisthokonta					16.508149981301255
barcode21	2877732	0.0001258526984149951	Teunia korlaensis	Teunia	Cryptococcaceae	Tremellales	Tremellomycetes	Basidiomycota	Opisthokonta					24.11765600805917
barcode21	1675846	0.000442099008141404	Paludomyces mangrovei	Paludomyces	Halomycetaceae	Rhizophydiales	Chytridiomycetes	Chytridiomycota	Opisthokonta					84.72120132616982
barcode21	3231534	0.00044740783437416224	Pateramyces pingflumenensis	Pateramyces	Pateramycetaceae	Rhizophydiales	Chytridiomycetes	Chytridiomycota	Opisthokonta					85.7385529324582
barcode21	34475	0.006346379866051946	Rhodofomes roseus	Rhodofomes	Fomitopsidaceae	Polyporales	Agaricomycetes	Basidiomycota	Opisthokonta					1216.1821592509987
barcode21	36751	8.20638973730029e-05			Glomeraceae	Glomerales	Glomeromycetes	Mucoromycota	Opisthokonta					15.726232909178037
barcode21	447962	6.021058425031964e-05	Clydaea vesicula	Clydaea	Lobulomycetaceae	Lobulomycetales	Chytridiomycetes	Chytridiomycota	Opisthokonta					11.538395102225754
barcode21	1776151	0.0001470403408684305	Mucor rudolphii	Mucor	Mucoraceae	Mucorales	Mucoromycetes	Mucoromycota	Opisthokonta					28.17792868198081
barcode21	90248	0.0008872467746459552	Basidiobolus haptosporus	Basidiobolus	Basidiobolaceae	Basidiobolales	Basidiobolomycetes	Zoopagomycota	Opisthokonta					170.02664841250296
barcode21	3438661	7.827012063909711e-05	Lulesia alachuana	Lulesia	Entolomataceae	Agaricales	Agaricomycetes	Basidiomycota	Opisthokonta					14.999216298552735
barcode21	2494426	7.973029361908552e-05	Lentaria gossypina	Lentaria	Lentariaceae	Gomphales	Agaricomycetes	Basidiomycota	Opisthokonta					15.279035087399834
barcode21	2877758	0.00013740747361310146	Holtermannia saccardoi	Holtermannia		Holtermanniales	Tremellomycetes	Basidiomycota	Opisthokonta					26.331943798373086
barcode21	1395676	6.097912124589807e-05	Urceomyces sphaerocarpus	Urceomyces	Globomycetaceae	Rhizophydiales	Chytridiomycetes	Chytridiomycota	Opisthokonta					11.68567292083643
barcode21	1652702	0.00017266824287941404	Farysia setubalensis	Farysia	Ustilaginaceae	Ustilaginales	Ustilaginomycetes	Basidiomycota	Opisthokonta					33.08910605595363
barcode21	64504	0.0007486444478739192	Allomyces arbusculus	Allomyces	Blastocladiaceae	Blastocladiales	Blastocladiomycetes	Blastocladiomycota	Opisthokonta					143.46573012387063
barcode21	2571398	0.00012947971869080806	Fuscocatenula submersa	Fuscocatenula	Chaetosphaeriaceae	Chaetosphaeriales	Sordariomycetes	Ascomycota	Opisthokonta					24.812716411594312
barcode21	1955261	0.00016831787462309286	Thamnomyces dendroideus	Thamnomyces	Xylariaceae	Xylariales	Sordariomycetes	Ascomycota	Opisthokonta					32.25542758552178
barcode21	1819261	0.0007980570953066598	Myrmecridium hiemale	Myrmecridium	Myrmecridiaceae	Myrmecridiales	Sordariomycetes	Ascomycota	Opisthokonta					152.93487340199644
barcode21	1056642	0.00011605365737556428	Curvularia tuberculata	Curvularia	Pleosporaceae	Pleosporales	Dothideomycetes	Ascomycota	Opisthokonta					22.239826577508886
barcode21	109760	0.00032986614819719004	Spizellomyces punctatus	Spizellomyces	Spizellomycetaceae	Spizellomycetales	Chytridiomycetes	Chytridiomycota	Opisthokonta					63.213569443620315
barcode21	442443	0.00036542410802208074	Cortinarius carranzae	Cortinarius	Cortinariaceae	Agaricales	Agaricomycetes	Basidiomycota	Opisthokonta					70.02768351670342
barcode21	1315970	0.000286656218011791	Lactifluus chrysocarpus	Lactifluus	Russulaceae	Russulales	Agaricomycetes	Basidiomycota	Opisthokonta					54.933077682471556
barcode21	2070555	0.0001319192433728563	Hygrophorus mesotephrus	Hygrophorus	Hygrophoraceae	Agaricales	Agaricomycetes	Basidiomycota	Opisthokonta					25.280212284513944
barcode21	1068736	0.00038663938465068824	Monilochaetes dimorphospora	Monilochaetes	Australiascaceae	Glomerellales	Sordariomycetes	Ascomycota	Opisthokonta					74.09325183815
barcode21	706556	0.00024318557188924693	Neodevriesia hilliana	Neodevriesia	Neodevriesiaceae	Mycosphaerellales	Dothideomycetes	Ascomycota	Opisthokonta					46.602623883423945
barcode21	246081	0.0001967646053817067	Suhomyces kunorum	Suhomyces	Debaryomycetaceae	Serinales	Pichiomycetes	Ascomycota	Opisthokonta					37.70678838771798
barcode21	27318	9.392934183256693e-05	Skoua fertilis	Skoua	Myxotrichaceae		Leotiomycetes	Ascomycota	Opisthokonta					18.00005549274213
barcode21	2544956	0.0009558198320759908	Dicephalospora sessilis	Dicephalospora	Helotiaceae	Helotiales	Leotiomycetes	Ascomycota	Opisthokonta					183.16757770005043
barcode21	1915160	5.964661359005247e-05	Triparticalcar equi	Triparticalcar	Spizellomycetaceae	Spizellomycetales	Chytridiomycetes	Chytridiomycota	Opisthokonta					11.430319148716116
barcode21	69980	0.00011480157591270437	Ballistosporomyces taupoensis	Ballistosporomyces	Chionosphaeraceae	Agaricostilbales	Agaricostilbomycetes	Basidiomycota	Opisthokonta					21.99988519845519
barcode21	28565	0.00010958332247500515	Thermomyces dupontii	Thermomyces	Trichocomaceae	Eurotiales	Eurotiomycetes	Ascomycota	Opisthokonta					20.999890419175138
barcode21	297794	0.000713672069847268	[Candida] blattariae	Yamadazyma	Debaryomycetaceae	Serinales	Pichiomycetes	Ascomycota	Opisthokonta					136.76383343311136
barcode21	2070752	0.00011316827091066596	Aspergillus noonimiae	Aspergillus	Aspergillaceae	Eurotiales	Eurotiomycetes	Ascomycota	Opisthokonta					21.68688842769456
barcode21	2070753	8.16503179149342e-05	Aspergillus sclerotialis	Aspergillus	Aspergillaceae	Eurotiales	Eurotiomycetes	Ascomycota	Opisthokonta					15.6469770233105
barcode21	1770061	0.00018932589128713682	Sugiyamaella ayubii	Sugiyamaella	Trichomonascaceae	Dipodascales	Dipodascomycetes	Ascomycota	Opisthokonta					36.281277850919174
barcode21	1367421	0.00015340549936620218	Fonsecaea minima	Fonsecaea	Herpotrichiellaceae	Chaetothyriales	Eurotiomycetes	Ascomycota	Opisthokonta					29.39770946554279
barcode21	1470016	7.565743507610265e-05	Aspergillus salinarum	Aspergillus	Aspergillaceae	Eurotiales	Eurotiomycetes	Ascomycota	Opisthokonta					14.498536913373856
barcode21	2576851	8.512990924647971e-05	Metschnikowia amazonensis	Metschnikowia	Metschnikowiaceae	Serinales	Pichiomycetes	Ascomycota	Opisthokonta					16.313785028539893
barcode21	3031846	6.904487499250575e-05	Lipomyces amatsuensis	Lipomyces	Lipomycetaceae	Lipomycetales	Lipomycetes	Ascomycota	Opisthokonta					13.231345574313847
barcode21	2529385	0.0001281011376379657	Lactarius taedae	Lactarius	Russulaceae	Russulales	Agaricomycetes	Basidiomycota	Opisthokonta					24.54853341011392
barcode21	55514	0.00010278047182558087	Lactarius deliciosus	Lactarius	Russulaceae	Russulales	Agaricomycetes	Basidiomycota	Opisthokonta					19.696232937823364
barcode21	979717	8.576803997863905e-05	Linnemannia nantahalensis	Linnemannia	Mortierellaceae	Mortierellales	Mortierellomycetes	Mucoromycota	Opisthokonta					16.436072573266514
barcode21	1314805	8.312608156023707e-05	Vararia minispora	Vararia	Lachnocladiaceae	Russulales	Agaricomycetes	Basidiomycota	Opisthokonta					15.92978351371447
barcode21	2935555	0.0001295740571949676	Pseudolignincola siamensis	Pseudolignincola	Halosphaeriaceae	Microascales	Sordariomycetes	Ascomycota	Opisthokonta					24.83079487650042
barcode21	2527679	0.00012033860333810348	Leptosillia macrospora	Leptosillia	Leptosilliaceae	Xylariales	Sordariomycetes	Ascomycota	Opisthokonta					23.06096791209412
barcode21	1570466	0.00020351188559454084	Otidea brunneoparva	Otidea	Pyronemataceae	Pezizales	Pezizomycetes	Ascomycota	Opisthokonta					38.99979668402424
barcode21	1873960	0.00040441434754549674	Pseudocercospora fijiensis	Pseudocercospora	Mycosphaerellaceae	Mycosphaerellales	Dothideomycetes	Ascomycota	Opisthokonta					77.49953907753373
barcode21	1056133	0.00010936292354465693	Infundichalara microchona	Infundichalara	Hamatocanthoscyphaceae	Helotiales	Leotiomycetes	Ascomycota	Opisthokonta					20.957654490556784
barcode21	1249076	0.00020341368832593949	Ogataea wickerhamii	Ogataea	Pichiaceae	Pichiales	Pichiomycetes	Ascomycota	Opisthokonta					38.98097874865309
barcode21	879818	8.567439511314307e-05	Apiotrichum cacaoliposimile	Apiotrichum	Trichosporonaceae	Trichosporonales	Tremellomycetes	Basidiomycota	Opisthokonta					16.41812703311206
barcode21	2877737	5.5134304443896516e-05	Dioszegia maotaiensis	Dioszegia	Bulleribasidiaceae	Tremellales	Tremellomycetes	Basidiomycota	Opisthokonta					10.565607297801664
barcode21	582727	0.00028483948710449644	Puccinia emaculata	Puccinia	Pucciniaceae	Pucciniales	Pucciniomycetes	Basidiomycota	Opisthokonta					54.58493027178307
barcode21	1904429	0.00025717620646034016	Puccinia novopanici	Puccinia	Pucciniaceae	Pucciniales	Pucciniomycetes	Basidiomycota	Opisthokonta					49.28370514882083
barcode21	2859061	9.825438545454133e-05	Sistotrema chloroporum	Sistotrema	Corticiaceae	Corticiales	Agaricomycetes	Basidiomycota	Opisthokonta					18.828880902195575
barcode21	2717609	0.0001983698296590005	Tremateia thailandensis	Tremateia	Didymosphaeriaceae	Pleosporales	Dothideomycetes	Ascomycota	Opisthokonta					38.0144039368729
barcode21	2780979	0.00011239971814451969	Dacrymyces venustus	Dacrymyces	Dacrymycetaceae	Dacrymycetales	Dacrymycetes	Basidiomycota	Opisthokonta					21.539607586906886
barcode21	89792	6.261890738674483e-05	Sagenomella diversispora	Sagenomella	Trichocomaceae	Eurotiales	Eurotiomycetes	Ascomycota	Opisthokonta					11.99991169815146
barcode21	1987568	0.00019341489419839422	Pecoramyces ruminantium	Pecoramyces	Neocallimastigaceae	Neocallimastigales	Neocallimastigomycetes	Chytridiomycota	Opisthokonta					37.06486983481508
barcode21	293243	6.783729572730992e-05	Rhopalophora clavispora	Rhopalophora	Dactylosporaceae	Sclerococcales	Eurotiomycetes	Ascomycota	Opisthokonta					12.999932329407308
barcode21	54094	9.392857633995463e-05	Sporopachydermia quercuum	Sporopachydermia	Sporopachydermiaceae	Sporopachydermiales	Sporopachydermiomycetes	Ascomycota	Opisthokonta					17.999908798330864
barcode21	2822382	9.15402646025757e-05	Hydnum itachiharitake	Hydnum	Hydnaceae	Cantharellales	Agaricomycetes	Basidiomycota	Opisthokonta					17.542227066849993
barcode21	2823044	0.0001101244967877933	Hydnum minospororufescens	Hydnum	Hydnaceae	Cantharellales	Agaricomycetes	Basidiomycota	Opisthokonta					21.10359781743198
barcode21	2937977	0.00011452414499048815	Hydnum subberkeleyanum	Hydnum	Hydnaceae	Cantharellales	Agaricomycetes	Basidiomycota	Opisthokonta					21.946720001107206
barcode21	2971851	8.871029123116905e-05	Octospora oscarii	Octospora	Pyronemataceae	Pezizales	Pezizomycetes	Ascomycota	Opisthokonta					16.999907949793847
barcode21	49324	0.00015660318982233895	[Candida] dendrica	Starmera	Phaffomycetaceae	Phaffomycetales	Saccharomycetes	Ascomycota	Opisthokonta					30.010495678414102
barcode21	1307819	0.00021823612253820348	Cladophialophora humicola	Cladophialophora	Herpotrichiellaceae	Chaetothyriales	Eurotiomycetes	Ascomycota	Opisthokonta					41.82146110648608
barcode21	399469	0.00010873037793089074	Diutina scorzettiae	Diutina	Debaryomycetaceae	Serinales	Pichiomycetes	Ascomycota	Opisthokonta					20.836437244408316
barcode21	77852	8.703139350525425e-05	Kodamaea nitidulidarum	Kodamaea	Debaryomycetaceae	Serinales	Pichiomycetes	Ascomycota	Opisthokonta					16.678174062985892
barcode21	391824	5.772849518162387e-05	Sungouiella blattae	Sungouiella	Metschnikowiaceae	Serinales	Pichiomycetes	Ascomycota	Opisthokonta					11.062742445635308
barcode21	979659	0.0002316336138428995	Mortierella angusta	Mortierella	Mortierellaceae	Mortierellales	Mortierellomycetes	Mucoromycota	Opisthokonta					44.3888759551702
barcode21	1509415	6.928217470761417e-05	Mastigosporium album	Mastigosporium		Helotiales	Leotiomycetes	Ascomycota	Opisthokonta					13.276820267918934
barcode21	1775466	7.008225893871677e-05	Endogone corticioides	Endogone	Endogonaceae	Endogonales	Endogonomycetes	Mucoromycota	Opisthokonta					13.430143609462048
barcode21	340170	5.665461095667538e-05	Spathaspora passalidarum	Spathaspora	Debaryomycetaceae	Serinales	Pichiomycetes	Ascomycota	Opisthokonta					10.85694971607153
barcode21	1739110	7.406360323411348e-05	Meredithiella norrisii	Meredithiella	Ceratocystidaceae	Microascales	Sordariomycetes	Ascomycota	Opisthokonta					14.193104542166104
barcode21	2602199	5.619320788884784e-05	Lipomyces sakishimensis	Lipomyces	Lipomycetaceae	Lipomycetales	Lipomycetes	Ascomycota	Opisthokonta					10.768529200571468
barcode21	1842020	7.316130521377396e-05	Neocoleroa metrosideri	Neocoleroa	Sympoventuriaceae	Venturiales	Dothideomycetes	Ascomycota	Opisthokonta					14.02019356333636
barcode21	417184	0.00022895445174767227	Mycoemilia scoparia	Mycoemilia	Kickxellaceae	Kickxellales	Kickxellomycetes	Zoopagomycota	Opisthokonta					43.87545740621343
barcode21	4968	0.0001250491857706143	Eremascus albus	Eremascus	Eremascaceae	Onygenales	Eurotiomycetes	Ascomycota	Opisthokonta					23.963675665965898
barcode21	2697669	0.00010436506911929202	Paraisaria alba	Paraisaria	Ophiocordycipitaceae	Hypocreales	Sordariomycetes	Ascomycota	Opisthokonta					19.999895655606405
barcode21	3016851	8.349205520912162e-05	Pleurocordyceps ophiocordycipiticola	Pleurocordyceps	Ophiocordycipitaceae	Hypocreales	Sordariomycetes	Ascomycota	Opisthokonta					15.999916507944814
barcode21	1596014	9.921387838894966e-05	Neosarcodon umbilicatus	Neosarcodon	Thelephoraceae	Thelephorales	Agaricomycetes	Basidiomycota	Opisthokonta					19.01275237118798
barcode21	3064266	7.823065098610191e-05	Umbelopsis curvata	Umbelopsis	Umbelopsidaceae	Umbelopsidales	Umbelopsidomycetes	Mucoromycota	Opisthokonta					14.991652571070654
barcode21	266793	0.00021480111432997691	Vishniacozyma taibaiensis	Vishniacozyma	Bulleribasidiaceae	Tremellales	Tremellomycetes	Basidiomycota	Opisthokonta					41.163196743510795
barcode21	2730120	7.077673898910029e-05	Funneliformis pilosus	Funneliformis	Glomeraceae	Glomerales	Glomeromycetes	Mucoromycota	Opisthokonta					13.563229599437244
barcode21	3237498	5.4875586302310526e-05	Amanita chepangianoides	Amanita	Amanitaceae	Agaricales	Agaricomycetes	Basidiomycota	Opisthokonta					10.516028105456975
barcode21	3039887	6.320586531297725e-05	Entoloma dichroides	Entoloma	Entolomataceae	Agaricales	Agaricomycetes	Basidiomycota	Opisthokonta					12.112392793387082
barcode21	2708308	7.817517493499123e-05	Basidiodendron parile	Basidiodendron	Exidiaceae	Auriculariales	Agaricomycetes	Basidiomycota	Opisthokonta					14.98102147349211
unclassified	112090	0.0049849445627338645	Aphanomyces astaci	Aphanomyces	Verrucalvaceae	Saprolegniales	Saprolegniomycetes	Oomycota	Sar					93.56242449795191
unclassified	157072	0.0026159775959562932	Aphanomyces invadans	Aphanomyces	Verrucalvaceae	Saprolegniales	Saprolegniomycetes	Oomycota	Sar					49.09928349850367
unclassified	4787	0.0038899820253373834	Phytophthora infestans	Phytophthora	Peronosporaceae	Peronosporales	Peronosporomycetes	Oomycota	Sar					73.01107263355735
unclassified	2877761	0.0011971613266415387	Filobasidium globosum	Filobasidium	Filobasidiaceae	Filobasidiales	Tremellomycetes	Basidiomycota	Opisthokonta					22.469520939735038
unclassified	564305	0.02571268698702997	Kwoniella shivajii	Kwoniella	Cryptococcaceae	Tremellales	Tremellomycetes	Basidiomycota	Opisthokonta					482.6014220595655
unclassified	3055	0.08094939106087688	Chlamydomonas reinhardtii	Chlamydomonas	Chlamydomonadaceae	Chlamydomonadales	Chlorophyceae	Chlorophyta	core chlorophytes					1519.3391208215983
unclassified	3067	0.006032355560488535	Volvox carteri	Volvox	Volvocaceae	Chlamydomonadales	Chlorophyceae	Chlorophyta	core chlorophytes					113.2212815148093
unclassified	693156	0.024157543457050394	Chytridium olla	Chytridium	Chytridiaceae	Chytridiales	Chytridiomycetes	Chytridiomycota	Opisthokonta					453.4129331453789
unclassified	82268	0.0012542898106041153	Hyaloraphidium curvatum	Hyaloraphidium		Monoblepharidales	Monoblepharidomycetes	Chytridiomycota	Opisthokonta					23.54176545522864
unclassified	1396493	0.0028818945858945376	Fimicolochytrium jonesii	Fimicolochytrium	Powellomycetaceae	Spizellomycetales	Chytridiomycetes	Chytridiomycota	Opisthokonta					54.09027948265457
unclassified	1431932	0.002889015746253006	Amycosphaerella africana	Amycosphaerella	Mycosphaerellaceae	Mycosphaerellales	Dothideomycetes	Ascomycota	Opisthokonta					54.22393654142267
unclassified	62132	0.006865175203317018	Capnobotryella renispora	Capnobotryella	Teratosphaeriaceae	Mycosphaerellales	Dothideomycetes	Ascomycota	Opisthokonta					128.85247339105712
unclassified	423455	0.001353841366554683	Basidiobolus heterosporus	Basidiobolus	Basidiobolaceae	Basidiobolales	Basidiobolomycetes	Zoopagomycota	Opisthokonta					25.410248608864848
unclassified	2810478	0.009867733212122481	Salinomyces polonicus	Salinomyces	Teratosphaeriaceae	Mycosphaerellales	Dothideomycetes	Ascomycota	Opisthokonta					185.20748465832685
unclassified	4860	0.008082952682535444	Basidiobolus magnus	Basidiobolus	Basidiobolaceae	Basidiobolales	Basidiobolomycetes	Zoopagomycota	Opisthokonta					151.70893889850774
unclassified	1396496	0.002490795384792958	Thoreauomyces humboldtii	Thoreauomyces	Powellomycetaceae	Spizellomycetales	Chytridiomycetes	Chytridiomycota	Opisthokonta					46.74973857717903
unclassified	1134076	0.0018334350780736496	Geranomyces tanneri	Geranomyces	Powellomycetaceae	Spizellomycetales	Chytridiomycetes	Chytridiomycota	Opisthokonta					34.41174298036433
unclassified	308927	0.00783709165130576	Diversispora spurca	Diversispora	Diversisporaceae	Diversisporales	Glomeromycetes	Mucoromycota	Opisthokonta					147.0943732033578
unclassified	1208333	0.006757055324137558	Dentiscutata savannicola	Dentiscutata	Gigasporaceae	Diversisporales	Glomeromycetes	Mucoromycota	Opisthokonta					126.82317137873783
unclassified	2704025	0.02404859422536401	Vinositunica ingens	Vinositunica	Endogonaceae	Endogonales	Endogonomycetes	Mucoromycota	Opisthokonta					451.36806501585716
unclassified	1485682	0.01425404230173954	Mitosporidium daphniae	Mitosporidium				Microsporidia	Opisthokonta					267.5341199613494
unclassified	2588764	0.0027571368786103736	Archaeospora ecuadoriana	Archaeospora	Archaeosporaceae	Archaeosporales	Glomeromycetes	Mucoromycota	Opisthokonta					51.7487020746381
unclassified	61418	0.0059080494142825955	Spiromyces minutus	Spiromyces	Kickxellaceae	Kickxellales	Kickxellomycetes	Zoopagomycota	Opisthokonta					110.88817945667003
unclassified	2877821	0.002237775535852173	Sporobolomyces reniformis	Sporobolomyces	Sporidiobolaceae	Sporidiobolales	Microbotryomycetes	Basidiomycota	Opisthokonta					42.000809032409435
unclassified	2494425	0.000926219223660637	Lentaria variabilis	Lentaria	Lentariaceae	Gomphales	Agaricomycetes	Basidiomycota	Opisthokonta					17.384208608886496
unclassified	2943438	0.0031619392196469147	Hydnum reginae	Hydnum	Hydnaceae	Cantharellales	Agaricomycetes	Basidiomycota	Opisthokonta					59.34643721355294
unclassified	2558025	0.003032891329732145	Milesina woodwardiana	Milesina	Milesinaceae	Pucciniales	Pucciniomycetes	Basidiomycota	Opisthokonta					56.92433736774263
unclassified	2877801	0.0013923805535405566	Microbotryozyma swertiae	Microbotryozyma	Ustilentylomataceae	Microbotryales	Microbotryomycetes	Basidiomycota	Opisthokonta					26.133590609402706
unclassified	78917	0.002121946587641879	Piptocephalis corymbifera	Piptocephalis	Piptocephalidaceae	Zoopagales	Zoopagomycetes	Zoopagomycota	Opisthokonta					39.82681550345043
unclassified	61395	0.000928998440095603	Linderina pennispora	Linderina	Kickxellaceae	Kickxellales	Kickxellomycetes	Zoopagomycota	Opisthokonta					17.436371722154373
unclassified	554065	0.0005337016817882409	Chlorella variabilis	Chlorella	Chlorellaceae	Chlorellales	Trebouxiophyceae	Chlorophyta	core chlorophytes					10.017046865483493
unclassified	2991538	0.0012448920353820476	Entomortierella sugadairana	Entomortierella	Mortierellaceae	Mortierellales	Mortierellomycetes	Mucoromycota	Opisthokonta					23.365378612085653
unclassified	2991561	0.010403046825504273	Linnemannia solitaria	Linnemannia	Mortierellaceae	Mortierellales	Mortierellomycetes	Mucoromycota	Opisthokonta					195.2547858678897
unclassified	1661797	0.0048434469875847435	Dactylidispora singaporensis	Dactylidispora	Ceratostomataceae	Coronophorales	Sordariomycetes	Ascomycota	Opisthokonta					90.90665650997805
unclassified	2650714	0.003296259719038357	Diversispora aurantia	Diversispora	Diversisporaceae	Diversisporales	Glomeromycetes	Mucoromycota	Opisthokonta					61.86749866663092
unclassified	1972599	0.04353337863962892	Racocetra crispa	Racocetra	Gigasporaceae	Diversisporales	Glomeromycetes	Mucoromycota	Opisthokonta					817.0779836871951
unclassified	45539	0.0006393521231818424	Blastobotrys chiropterorum	Blastobotrys	Trichomonascaceae	Dipodascales	Dipodascomycetes	Ascomycota	Opisthokonta					12.0
unclassified	2654861	0.00529522804941323	Quaeritorhiza haematococci	Quaeritorhiza	Quaeritorhizaceae		Chytridiomycetes	Chytridiomycota	Opisthokonta					99.38613525943693
unclassified	1133749	0.000843665057099606	Tricholomopsis osiliensis	Tricholomopsis		Agaricales	Agaricomycetes	Basidiomycota	Opisthokonta					15.834749456702506
unclassified	13684	0.003643112972257682	Parastagonospora nodorum	Parastagonospora	Phaeosphaeriaceae	Pleosporales	Dothideomycetes	Ascomycota	Opisthokonta					68.37758737630443
unclassified	2704023	0.003364236390453163	Jimgerdemannia ambigua	Jimgerdemannia	Endogonaceae	Endogonales	Endogonomycetes	Mucoromycota	Opisthokonta					63.143352812415415
unclassified	372061	0.006434272209579703	Lepidosphaeria nicotiae	Lepidosphaeria	Testudinaceae	Pleosporales	Dothideomycetes	Ascomycota	Opisthokonta					120.76485510160144
unclassified	2704024	0.001029233888404212	Vinositunica radiata	Vinositunica	Endogonaceae	Endogonales	Endogonomycetes	Mucoromycota	Opisthokonta					19.317690851458654
unclassified	1904436	0.00571677524461381	Puccinia wiehei	Puccinia	Pucciniaceae	Pucciniales	Pucciniomycetes	Basidiomycota	Opisthokonta					107.2981545661566
unclassified	85574	0.0018824491667409498	Kodamaea kakaduensis	Kodamaea	Debaryomycetaceae	Serinales	Pichiomycetes	Ascomycota	Opisthokonta					35.331688410560886
unclassified	45792	0.002611556785635958	Lipomyces oligophaga	Lipomyces	Lipomycetaceae	Lipomycetales	Lipomycetes	Ascomycota	Opisthokonta					49.01630930960129
unclassified	1486924	0.0027791185691784085	Gromochytrium mamkaevae	Gromochytrium	Gromochytriaceae	Gromochytriales	Chytridiomycetes	Chytridiomycota	Opisthokonta					52.16127642490955
unclassified	1403820	0.0013305321773513434	Sistotrema luteoviride	Sistotrema	Corticiaceae	Corticiales	Agaricomycetes	Basidiomycota	Opisthokonta					24.972758436707366
unclassified	1392244	0.001165613894047185	Kalmanozyma brasiliensis	Kalmanozyma		Ustilaginales	Ustilaginomycetes	Basidiomycota	Opisthokonta					21.877407177371616
unclassified	1661796	0.0024201987312207013	Dactylidispora ellipsospora	Dactylidispora	Ceratostomataceae	Coronophorales	Sordariomycetes	Ascomycota	Opisthokonta					45.42470998628134
unclassified	1809185	0.0009064503897424742	Adelosphaeria catenata	Adelosphaeria	Pleurotheciaceae	Pleurotheciales	Sordariomycetes	Ascomycota	Opisthokonta					17.013167365076498
unclassified	299329	0.00842938485126706	Metschnikowia vanudenii	Metschnikowia	Metschnikowiaceae	Serinales	Pichiomycetes	Ascomycota	Opisthokonta					158.21112427343147
unclassified	2832334	0.000959029689873549	Wickerhamiella osmotolerans	Wickerhamiella	Trichomonascaceae	Dipodascales	Dipodascomycetes	Ascomycota	Opisthokonta					18.000028249236642
unclassified	174643	0.015458273388434439	Metschnikowia dekortorum	Metschnikowia	Metschnikowiaceae	Serinales	Pichiomycetes	Ascomycota	Opisthokonta					290.136333227526
unclassified	78545	0.0011574774895253695	Acaulospora laevis	Acaulospora	Acaulosporaceae	Diversisporales	Glomeromycetes	Mucoromycota	Opisthokonta					21.72469500090166
unclassified	415601	0.0011547484614467497	Redeckera megalocarpum	Redeckera	Diversisporaceae	Diversisporales	Glomeromycetes	Mucoromycota	Opisthokonta					21.673473872894043
unclassified	27376	0.01200166638604218	Acaulospora colombiana	Acaulospora	Acaulosporaceae	Diversisporales	Glomeromycetes	Mucoromycota	Opisthokonta					225.2592763996257
unclassified	46584	0.0038887220850073114	Danielia oregonensis	Danielia	Metschnikowiaceae	Serinales	Pichiomycetes	Ascomycota	Opisthokonta					72.98742481350223
unclassified	115786	0.0013568238168765196	[Candida] orba	Phaffomyces	Phaffomycetaceae	Phaffomycetales	Saccharomycetes	Ascomycota	Opisthokonta					25.466226218955395
unclassified	1123529	0.000803118078981933	Gonapodya prolifera	Gonapodya	Gonapodyaceae	Monoblepharidales	Monoblepharidomycetes	Chytridiomycota	Opisthokonta					15.0737232244119
unclassified	150278	0.022574732366510867	Monoblepharis macrandra	Monoblepharis	Monoblepharidaceae	Monoblepharidales	Monoblepharidomycetes	Chytridiomycota	Opisthokonta					423.70515178704244
unclassified	3058949	0.0018416908377328729	Gorgonomyces thailandicus	Gorgonomyces	Gorgonomycetaceae	Rhizophydiales	Chytridiomycetes	Chytridiomycota	Opisthokonta					34.56669533340829
unclassified	1395669	0.000811742406296553	Aquamyces chlorogonii	Aquamyces	Aquamycetaceae	Rhizophydiales	Chytridiomycetes	Chytridiomycota	Opisthokonta					15.235593223780004
unclassified	2822377	0.0009527181818338493	Hydnum cremeoalbum	Hydnum	Hydnaceae	Cantharellales	Agaricomycetes	Basidiomycota	Opisthokonta					17.881567554839517
unclassified	2822381	0.004974136063598722	Hydnum pinicola	Hydnum	Hydnaceae	Cantharellales	Agaricomycetes	Basidiomycota	Opisthokonta					93.35955977768442
unclassified	34475	0.005165190507752465	Rhodofomes roseus	Rhodofomes	Fomitopsidaceae	Polyporales	Agaricomycetes	Basidiomycota	Opisthokonta					96.94546064000602
unclassified	2891599	0.0009830997156723578	Candidozyma khanbhai	Candidozyma	Metschnikowiaceae	Serinales	Pichiomycetes	Ascomycota	Opisthokonta					18.451798563454485
unclassified	2605921	0.0007965404717744279	Novakomyces olei	Novakomyces				Ascomycota	Opisthokonta					14.950268114734238
unclassified	2681178	0.004273182518527355	Meliola pottsiae	Meliola	Meliolaceae	Meliolales	Sordariomycetes	Ascomycota	Opisthokonta					80.20336269023993
unclassified	1395665	0.002451083720396398	Alogomyces tanneri	Alogomyces	Lobulomycetaceae	Lobulomycetales	Chytridiomycetes	Chytridiomycota	Opisthokonta					46.00439034812
unclassified	292281	0.0047418614663108215	Gloiocephala aquatica	Gloiocephala	Physalacriaceae	Agaricales	Agaricomycetes	Basidiomycota	Opisthokonta					88.99999786118781
unclassified	109760	0.001185182983024511	Spizellomyces punctatus	Spizellomyces	Spizellomycetaceae	Spizellomycetales	Chytridiomycetes	Chytridiomycota	Opisthokonta					22.24469940838705
unclassified	54193	0.002086006193546757	[Candida] silvatica	Pichia	Pichiaceae	Pichiales	Pichiomycetes	Ascomycota	Opisthokonta					39.15225024667908
unclassified	1246581	0.001344024928399694	Paramicrosporidium saccamoebae	Paramicrosporidium				Cryptomycota	Opisthokonta					25.226003881133856
unclassified	418784	0.0007708034932831918	Candidozyma pseudohaemuli	Candidozyma	Metschnikowiaceae	Serinales	Pichiomycetes	Ascomycota	Opisthokonta					14.467210765432226
unclassified	34356	0.0012788269517429536	Kodamaea ohmeri	Kodamaea	Debaryomycetaceae	Serinales	Pichiomycetes	Ascomycota	Opisthokonta					24.002303057263497
unclassified	2565639	0.0005860798101108646	Tomentella bidoupensis	Tomentella	Thelephoraceae	Thelephorales	Agaricomycetes	Basidiomycota	Opisthokonta					11.000131955970817
unclassified	796027	0.0031451529020174646	Sugiyamaella lignohabitans	Sugiyamaella	Trichomonascaceae	Dipodascales	Dipodascomycetes	Ascomycota	Opisthokonta					59.03137481796579
unclassified	2201245	0.0033605903225738254	Metschnikowia laotica	Metschnikowia	Metschnikowiaceae	Serinales	Pichiomycetes	Ascomycota	Opisthokonta					63.07491976438813
unclassified	129865	0.0018970092012379335	Septoriella leuchtmannii	Septoriella	Phaeosphaeriaceae	Pleosporales	Dothideomycetes	Ascomycota	Opisthokonta					35.604965698034775
unclassified	53607	0.0007495365186198617	Cyberlindnera mississippiensis	Cyberlindnera	Phaffomycetaceae	Phaffomycetales	Saccharomycetes	Ascomycota	Opisthokonta					14.068050917976183
unclassified	2704021	0.0008911405176099819	Endogone botryocarpus	Endogone	Endogonaceae	Endogonales	Endogonomycetes	Mucoromycota	Opisthokonta					16.72581637502175
unclassified	181762	0.005411826179026532	Psilocybe cubensis	Psilocybe	Strophariaceae	Agaricales	Agaricomycetes	Basidiomycota	Opisthokonta					101.57456555414898
unclassified	2911221	0.00196021753989805	Chromocyphella lamellata	Chromocyphella	Chromocyphellaceae	Agaricales	Agaricomycetes	Basidiomycota	Opisthokonta					36.7913230063465
unclassified	1873960	0.001613156636781956	Pseudocercospora fijiensis	Pseudocercospora	Mycosphaerellaceae	Mycosphaerellales	Dothideomycetes	Ascomycota	Opisthokonta					30.277336915760532
unclassified	512029	0.0022377336197088437	Buwchfawromyces eastonii	Buwchfawromyces	Neocallimastigaceae	Neocallimastigales	Neocallimastigomycetes	Chytridiomycota	Opisthokonta					42.00002230831529
unclassified	90248	0.0007461442091740304	Basidiobolus haptosporus	Basidiobolus	Basidiobolaceae	Basidiobolales	Basidiobolomycetes	Zoopagomycota	Opisthokonta					14.004380661987378
unclassified	1819261	0.0011106612044254427	Myrmecridium hiemale	Myrmecridium	Myrmecridiaceae	Myrmecridiales	Sordariomycetes	Ascomycota	Opisthokonta					20.846000145861133
unclassified	1918533	0.001148106543356188	Bipolaris sivanesaniana	Bipolaris	Pleosporaceae	Pleosporales	Dothideomycetes	Ascomycota	Opisthokonta					21.54881171225229
unclassified	2608273	0.0005833927677991526	Terfezia dunensis	Terfezia	Pezizaceae	Pezizales	Pezizomycetes	Ascomycota	Opisthokonta					10.949698858822295
