sample_id	cluster_id	abundance	member_taxids	member_taxa	read_count
barcode19	0	0.000374	55514;181762;742028;2565641;2576354;2841483;2877764	55514||Basidiomycota|Agaricomycetes|Russulales|Russulaceae|Lactarius|Lactarius deliciosus;181762||Basidiomycota|Agaricomycetes|Agaricales|Strophariaceae|Psilocybe|Psilocybe cubensis;742028||Basidiomycota|Agaricomycetes|Agaricales||Xeromphalina|Xeromphalina setulipes;2565641||Basidiomycota|Agaricomycetes|Thelephorales|Thelephoraceae|Tomentella|Tomentella longiechinula;2576354||Basidiomycota|Agaricomycetes|Agaricales|Pluteaceae|Volvariella|Volvariella pulla;2841483||Basidiomycota|Agaricomycetes|Thelephorales|Thelephoraceae|Tomentella|Tomentella exiguelata;2877764||Basidiomycota|Tremellomycetes|Cystofilobasidiales|Mrakiaceae|Phaffia|Phaffia aurantiaca	16.000000
barcode19	1	0.000691	554065	554065||Chlorophyta|Trebouxiophyceae|Chlorellales|Chlorellaceae|Chlorella|Chlorella variabilis	29.600000
barcode19	10	0.000261	1873960	1873960||Ascomycota|Dothideomycetes|Mycosphaerellales|Mycosphaerellaceae|Pseudocercospora|Pseudocercospora fijiensis	11.200000
barcode19	102	0.000748	1938712	1938712||Basidiomycota|Atractiellomycetes|Atractiellales|Hoehnelomycetaceae|Atractiella|Atractiella rhizophila	32.000000
barcode19	103	0.000327	1470396	1470396||Ascomycota|Dipodascomycetes|Dipodascales|Trichomonascaceae|Deakozyma|Deakozyma indianensis	14.000000
barcode19	107	0.001379	1571505;2704583	1571505||Ascomycota|Dothideomycetes|Pleosporales|Lentitheciaceae|Darksidea|Darksidea zeta;2704583||Ascomycota|Dothideomycetes|Pleosporales|Lentitheciaceae|Darksidea|Darksidea phi	59.000000
barcode19	109	0.001225	2544956	2544956||Ascomycota|Leotiomycetes|Helotiales|Helotiaceae|Dicephalospora|Dicephalospora sessilis	52.400000
barcode19	110	0.000266	2544971	2544971||Ascomycota|Leotiomycetes|Helotiales|Mollisiaceae|Neomollisia|Neomollisia gelatinosa	11.400000
barcode19	112	0.000490	1987568	1987568||Chytridiomycota|Neocallimastigomycetes|Neocallimastigales|Neocallimastigaceae|Pecoramyces|Pecoramyces ruminantium	21.000000
barcode19	113	0.001971	1486924	1486924||Chytridiomycota|Chytridiomycetes|Gromochytriales|Gromochytriaceae|Gromochytrium|Gromochytrium mamkaevae	84.400000
barcode19	114	0.001393	2066077;2929137	2066077||Ascomycota|Sordariomycetes|Phyllachorales|Phyllachoraceae|Phyllachora|Phyllachora panicicola;2929137||Ascomycota|Sordariomycetes|Phyllachorales|Phyllachoraceae|Phyllachora|Phyllachora sandiensis	59.700000
barcode19	115	0.000770	2978459	2978459||Ascomycota|Dothideomycetes|Kirschsteiniotheliales|Kirschsteiniotheliaceae|Kirschsteiniothelia|Kirschsteiniothelia puerensis	33.000000
barcode19	116	0.000911	2681178	2681178||Ascomycota|Sordariomycetes|Meliolales|Meliolaceae|Meliola|Meliola pottsiae	39.000000
barcode19	121	0.005091	2654861	2654861||Chytridiomycota|Chytridiomycetes||Quaeritorhizaceae|Quaeritorhiza|Quaeritorhiza haematococci	217.900000
barcode19	122	0.029195	693156	693156||Chytridiomycota|Chytridiomycetes|Chytridiales|Chytridiaceae|Chytridium|Chytridium olla	1249.500000
barcode19	130	0.000500	1123529	1123529||Chytridiomycota|Monoblepharidomycetes|Monoblepharidales|Gonapodyaceae|Gonapodya|Gonapodya prolifera	21.400000
barcode19	137	0.000917	2943438	2943438||Basidiomycota|Agaricomycetes|Cantharellales|Hydnaceae|Hydnum|Hydnum reginae	39.200000
barcode19	139	0.000317	1904434	1904434||Basidiomycota|Pucciniomycetes|Pucciniales|Pucciniaceae|Puccinia|Puccinia setariae	13.600000
barcode19	143	0.000638	114775	114775||Basidiomycota|Microbotryomycetes||Chrysozymaceae|Trigonosporomyces|Trigonosporomyces hylophilus	27.300000
barcode19	15	0.002501	27318;28988;108569;1903024;1986178;2486201;2499430;2709059;2979814	27318||Ascomycota|Leotiomycetes||Myxotrichaceae|Skoua|Skoua fertilis;28988||Ascomycota|Dothideomycetes|Pleosporales|Leptosphaeriaceae|Leptosphaeria|Leptosphaeria doliolum;108569||Ascomycota|Leotiomycetes|Helotiales|Dermateaceae|Neofabraea|Neofabraea malicorticis;1903024||Ascomycota|Dothideomycetes|Hysteriales|Hysteriaceae|Gloniopsis|Gloniopsis calami;1986178||Ascomycota|Dothideomycetes|Pleosporales|Cucurbitariaceae|Parafenestella|Parafenestella ostryae;2486201||Ascomycota|Dothideomycetes|Pleosporales|Leptosphaeriaceae|Leptosphaeria|Leptosphaeria urticae;2499430||Ascomycota|Dothideomycetes|Hysteriales|Hysteriaceae|Gloniopsis|Gloniopsis leucaenae;2709059||Ascomycota|Dothideomycetes|Pleosporales|Periconiaceae|Periconia|Periconia cortaderiae;2979814||Ascomycota|Dothideomycetes|Pleosporales|Leptosphaeriaceae|Paraleptosphaeria|Paraleptosphaeria kunmingensis	107.000000
barcode19	159	0.000976	3023420	3023420||Basidiomycota|Agaricomycetes|Agaricales|Inocybaceae|Inocybe|Inocybe phari	41.800000
barcode19	163	0.001334	1315970	1315970||Basidiomycota|Agaricomycetes|Russulales|Russulaceae|Lactifluus|Lactifluus chrysocarpus	57.100000
barcode19	174	0.000343	1440432	1440432||Basidiomycota|Pucciniomycetes|Pucciniales|Crossopsoraceae|Stomatisora|Stomatisora psychotriicola	14.700000
barcode19	179	0.000824	2877793;2877794;2877821	2877793||Basidiomycota|Microbotryomycetes|Sporidiobolales|Sporidiobolaceae|Sporobolomyces|Sporobolomyces cellobiolyticus;2877794||Basidiomycota|Microbotryomycetes|Sporidiobolales|Sporidiobolaceae|Sporobolomyces|Sporobolomyces ellipsoideus;2877821||Basidiomycota|Microbotryomycetes|Sporidiobolales|Sporidiobolaceae|Sporobolomyces|Sporobolomyces reniformis	35.200000
barcode19	182	0.000312	2211344;2211346	2211344||Ascomycota|Dothideomycetes|Pleosporales|Pleosporaceae|Curvularia|Curvularia boeremae;2211346||Ascomycota|Dothideomycetes|Pleosporales|Pleosporaceae|Curvularia|Curvularia colbranii	13.400000
barcode19	188	0.000982	2822377;2822381	2822377||Basidiomycota|Agaricomycetes|Cantharellales|Hydnaceae|Hydnum|Hydnum cremeoalbum;2822381||Basidiomycota|Agaricomycetes|Cantharellales|Hydnaceae|Hydnum|Hydnum pinicola	42.000000
barcode19	19	0.000304	1809268	1809268||Ascomycota|Sordariomycetes||Atractosporaceae|Atractospora|Atractospora decumbens	13.000000
barcode19	194	0.000680	1754191	1754191||Chytridiomycota|Neocallimastigomycetes|Neocallimastigales|Neocallimastigaceae|Piromyces|Piromyces finnis	29.100000
barcode19	197	0.000939	2558025	2558025||Basidiomycota|Pucciniomycetes|Pucciniales|Milesinaceae|Milesina|Milesina woodwardiana	40.200000
barcode19	200	0.016046	150278	150278||Chytridiomycota|Monoblepharidomycetes|Monoblepharidales|Monoblepharidaceae|Monoblepharis|Monoblepharis macrandra	686.700000
barcode19	205	0.002658	27376	27376||Mucoromycota|Glomeromycetes|Diversisporales|Acaulosporaceae|Acaulospora|Acaulospora colombiana	113.800000
barcode19	21	0.001058	64504	64504||Blastocladiomycota|Blastocladiomycetes|Blastocladiales|Blastocladiaceae|Allomyces|Allomyces arbusculus	45.300000
barcode19	212	0.002393	937378	937378||Mucoromycota|Glomeromycetes|Diversisporales|Acaulosporaceae|Acaulospora|Acaulospora entreriana	102.400000
barcode19	216	0.000997	415601	415601||Mucoromycota|Glomeromycetes|Diversisporales|Diversisporaceae|Redeckera|Redeckera megalocarpum	42.700000
barcode19	22	0.001683	4779;67593	4779||Oomycota|Peronosporomycetes|Peronosporales|Peronosporaceae|Bremia|Bremia lactucae;67593||Oomycota|Peronosporomycetes|Peronosporales|Peronosporaceae|Phytophthora|Phytophthora sojae	72.000000
barcode19	222	0.007989	2991561	2991561||Mucoromycota|Mortierellomycetes|Mortierellales|Mortierellaceae|Linnemannia|Linnemannia solitaria	341.900000
barcode19	229	0.006443	308927	308927||Mucoromycota|Glomeromycetes|Diversisporales|Diversisporaceae|Diversispora|Diversispora spurca	275.800000
barcode19	23	0.000310	61395	61395||Zoopagomycota|Kickxellomycetes|Kickxellales|Kickxellaceae|Linderina|Linderina pennispora	13.300000
barcode19	230	0.003045	1006457	1006457||Basidiomycota|Pucciniomycetes|Pucciniales|Sphaerophragmiaceae|Dasyspora|Dasyspora frutescentis	130.300000
barcode19	231	0.003373	2650714	2650714||Mucoromycota|Glomeromycetes|Diversisporales|Diversisporaceae|Diversispora|Diversispora aurantia	144.400000
barcode19	234	0.000654	90248	90248||Zoopagomycota|Basidiobolomycetes|Basidiobolales|Basidiobolaceae|Basidiobolus|Basidiobolus haptosporus	28.000000
barcode19	236	0.001716	2877736;2877738	2877736||Basidiomycota|Tremellomycetes|Tremellales|Bulleribasidiaceae|Dioszegia|Dioszegia ovata;2877738||Basidiomycota|Tremellomycetes|Tremellales|Bulleribasidiaceae|Dioszegia|Dioszegia kandeliae	73.500000
barcode19	24	0.010509	1485682	1485682||Microsporidia||||Mitosporidium|Mitosporidium daphniae	449.800000
barcode19	248	0.001548	1326894	1326894||Ascomycota|Trigonopsidomycetes|Trigonopsidales|Trigonopsidaceae|Tortispora|Tortispora agaves	66.300000
barcode19	25	0.002378	4785;4787;4792	4785||Oomycota|Peronosporomycetes|Peronosporales|Peronosporaceae|Phytophthora|Phytophthora cinnamomi;4787||Oomycota|Peronosporomycetes|Peronosporales|Peronosporaceae|Phytophthora|Phytophthora infestans;4792||Oomycota|Peronosporomycetes|Peronosporales|Peronosporaceae|Phytophthora|Phytophthora nicotianae	101.800000
barcode19	251	0.032634	1972599	1972599||Mucoromycota|Glomeromycetes|Diversisporales|Gigasporaceae|Racocetra|Racocetra crispa	1396.700000
barcode19	252	0.008089	1904436	1904436||Basidiomycota|Pucciniomycetes|Pucciniales|Pucciniaceae|Puccinia|Puccinia wiehei	346.200000
barcode19	258	0.000997	2991538	2991538||Mucoromycota|Mortierellomycetes|Mortierellales|Mortierellaceae|Entomortierella|Entomortierella sugadairana	42.700000
barcode19	261	0.001035	115786	115786||Ascomycota|Saccharomycetes|Phaffomycetales|Phaffomycetaceae|Phaffomyces|[Candida] orba	44.300000
barcode19	264	0.000440	1651791	1651791||Basidiomycota|Tremellomycetes|Tremellales|Bulleribasidiaceae|Hannaella|Hannaella pagnoccae	18.800000
barcode19	265	0.000421	2093397	2093397||Ascomycota|Sordariomycetes|Glomerellales|Plectosphaerellaceae|Plectosphaerella|Plectosphaerella niemeijerarum	18.000000
barcode19	268	0.001673	279323	279323||Basidiomycota|Tremellomycetes|Trichosporonales|Trichosporonaceae|Apiotrichum|Apiotrichum otae	71.600000
barcode19	269	0.000897	3125859	3125859||Basidiomycota|Pucciniomycetes|Pucciniales|Phragmidiaceae|Hamaspora|Hamaspora rubi-alceifolii	38.400000
barcode19	27	0.002858	157072	157072||Oomycota|Saprolegniomycetes|Saprolegniales|Verrucalvaceae|Aphanomyces|Aphanomyces invadans	122.300000
barcode19	271	0.000994	1246581	1246581||Cryptomycota||||Paramicrosporidium|Paramicrosporidium saccamoebae	42.600000
barcode19	274	0.000565	3231536	3231536||Chytridiomycota|Chytridiomycetes|Rhizophydiales|Terramycetaceae|Terramyces|Terramyces aquatica	24.200000
barcode19	275	0.000357	2596947	2596947||Ascomycota|Dipodascomycetes|Dipodascales|Trichomonascaceae|Starmerella|Starmerella vitae	15.300000
barcode19	280	0.000337	1133749	1133749||Basidiomycota|Agaricomycetes|Agaricales||Tricholomopsis|Tricholomopsis osiliensis	14.400000
barcode19	284	0.015357	299329	299329||Ascomycota|Pichiomycetes|Serinales|Metschnikowiaceae|Metschnikowia|Metschnikowia vanudenii	657.300000
barcode19	286	0.001209	1041604	1041604||Ascomycota|Pichiomycetes|Serinales|Metschnikowiaceae|Sungouiella|Sungouiella pseudoflosculorum	51.700000
barcode19	288	0.000339	4903	4903||Ascomycota|Saccharomycetes|Phaffomycetales|Phaffomycetaceae|Cyberlindnera|Cyberlindnera jadinii	14.500000
barcode19	289	0.003379	85574	85574||Ascomycota|Pichiomycetes|Serinales|Debaryomycetaceae|Kodamaea|Kodamaea kakaduensis	144.600000
barcode19	29	0.000724	5341;34475;292281;1929756;1977396;2021465;2779259;2911221	5341||Basidiomycota|Agaricomycetes|Agaricales|Agaricaceae|Agaricus|Agaricus bisporus;34475||Basidiomycota|Agaricomycetes|Polyporales|Fomitopsidaceae|Rhodofomes|Rhodofomes roseus;292281||Basidiomycota|Agaricomycetes|Agaricales|Physalacriaceae|Gloiocephala|Gloiocephala aquatica;1929756||Basidiomycota|Agaricomycetes|Agaricales|Physalacriaceae|Desarmillaria|Desarmillaria tabescens;1977396||Basidiomycota|Agaricomycetes|Lepidostromatales|Lepidostromataceae|Sulzbacheromyces|Sulzbacheromyces bicolor;2021465||Basidiomycota|Agaricomycetes|Lepidostromatales|Lepidostromataceae|Sulzbacheromyces|Sulzbacheromyces miomboensis;2779259||Basidiomycota|Agaricomycetes|Agaricales|Squamanitaceae|Squamanita|Squamanita sororcula;2911221||Basidiomycota|Agaricomycetes|Agaricales|Chromocyphellaceae|Chromocyphella|Chromocyphella lamellata	31.000000
barcode19	293	0.002051	78545	78545||Mucoromycota|Glomeromycetes|Diversisporales|Acaulosporaceae|Acaulospora|Acaulospora laevis	87.800000
barcode19	294	0.000556	512029	512029||Chytridiomycota|Neocallimastigomycetes|Neocallimastigales|Neocallimastigaceae|Buwchfawromyces|Buwchfawromyces eastonii	23.800000
barcode19	3	0.001892	109760	109760||Chytridiomycota|Chytridiomycetes|Spizellomycetales|Spizellomycetaceae|Spizellomyces|Spizellomyces punctatus	81.000000
barcode19	301	0.019405	174643	174643||Ascomycota|Pichiomycetes|Serinales|Metschnikowiaceae|Metschnikowia|Metschnikowia dekortorum	830.500000
barcode19	303	0.001822	3058949	3058949||Chytridiomycota|Chytridiomycetes|Rhizophydiales|Gorgonomycetaceae|Gorgonomyces|Gorgonomyces thailandicus	78.000000
barcode19	31	0.004607	112090	112090||Oomycota|Saprolegniomycetes|Saprolegniales|Verrucalvaceae|Aphanomyces|Aphanomyces astaci	197.200000
barcode19	32	0.016205	4816;64516;109895;117821;1134076;1134077;1395665;1396493;1396494;1396496;2750447	4816||Chytridiomycota|Chytridiomycetes|Spizellomycetales|Spizellomycetaceae|Spizellomyces|Spizellomyces acuminatus;64516||Chytridiomycota|Chytridiomycetes|Chytridiales|Chytridiaceae|Phlyctochytrium|Phlyctochytrium californicum;109895||Chytridiomycota|Chytridiomycetes|Spizellomycetales|Powellomycetaceae|Powellomyces|Powellomyces hirtus;117821||Chytridiomycota|Chytridiomycetes|Spizellomycetales|Spizellomycetaceae|Spizellomyces|Spizellomyces plurigibbosus;1134076||Chytridiomycota|Chytridiomycetes|Spizellomycetales|Powellomycetaceae|Geranomyces|Geranomyces tanneri;1134077||Chytridiomycota|Chytridiomycetes|Spizellomycetales|Powellomycetaceae|Geranomyces|Geranomyces michiganensis;1395665||Chytridiomycota|Chytridiomycetes|Lobulomycetales|Lobulomycetaceae|Alogomyces|Alogomyces tanneri;1396493||Chytridiomycota|Chytridiomycetes|Spizellomycetales|Powellomycetaceae|Fimicolochytrium|Fimicolochytrium jonesii;1396494||Chytridiomycota|Chytridiomycetes|Spizellomycetales|Powellomycetaceae|Fimicolochytrium|Fimicolochytrium alabamae;1396496||Chytridiomycota|Chytridiomycetes|Spizellomycetales|Powellomycetaceae|Thoreauomyces|Thoreauomyces humboldtii;2750447||Chytridiomycota|Chytridiomycetes|Spizellomycetales|Spizellomycetaceae|Gaertneriomyces|Gaertneriomyces spectabilis	693.400000
barcode19	35	0.005635	45539;796027;933994;1857663	45539||Ascomycota|Dipodascomycetes|Dipodascales|Trichomonascaceae|Blastobotrys|Blastobotrys chiropterorum;796027||Ascomycota|Dipodascomycetes|Dipodascales|Trichomonascaceae|Sugiyamaella|Sugiyamaella lignohabitans;933994||Ascomycota|Dipodascomycetes|Dipodascales|Trichomonascaceae|Spencermartinsiella|Spencermartinsiella europaea;1857663||Ascomycota|Dipodascomycetes|Dipodascales|Trichomonascaceae|Sugiyamaella|Sugiyamaella mastotermitis	241.100000
barcode19	36	0.032377	151289;463800;564305	151289||Basidiomycota|Tremellomycetes|Tremellales|Bulleribasidiaceae|Vishniacozyma|Vishniacozyma tephrensis;463800||Basidiomycota|Tremellomycetes|Tremellales|Cryptococcaceae|Kwoniella|Kwoniella mangrovensis;564305||Basidiomycota|Tremellomycetes|Tremellales|Cryptococcaceae|Kwoniella|Kwoniella shivajii	1385.700000
barcode19	38	0.012240	5580;43223;62132;84275;112494;122368;129865;131344;133175;134358;162394;329884;372061;418781;470158;1047171;1056133;1306365;1431932;1431937;1508187;1921807;2059835;2315864;2810478;2950318	5580||Ascomycota|Dothideomycetes|Dothideales|Saccotheciaceae|Aureobasidium|Aureobasidium pullulans;43223||Ascomycota|Dothideomycetes|Venturiales|Venturiaceae|Tyrannosorus|Tyrannosorus pinicola;62132||Ascomycota|Dothideomycetes|Mycosphaerellales|Teratosphaeriaceae|Capnobotryella|Capnobotryella renispora;84275||Ascomycota|Dothideomycetes|Mycosphaerellales|Mycosphaerellaceae|Cercospora|Cercospora kikuchii;112494||Ascomycota|Dothideomycetes|Mycosphaerellales|Mycosphaerellaceae|Paramycosphaerella|Paramycosphaerella parkii;122368||Ascomycota|Dothideomycetes|Mycosphaerellales|Mycosphaerellaceae|Cercospora|Cercospora beticola;129865||Ascomycota|Dothideomycetes|Pleosporales|Phaeosphaeriaceae|Septoriella|Septoriella leuchtmannii;131344||Ascomycota|Dothideomycetes|Mycosphaerellales|Mycosphaerellaceae|Pallidocercospora|Pallidocercospora heimii;133175||Ascomycota|Dothideomycetes|Mycosphaerellales|Mycosphaerellaceae|Pseudocercospora|Pseudocercospora angolensis;134358||Ascomycota|Dothideomycetes|Pleosporales|Sporormiaceae|Westerdykella|Westerdykella cylindrica;162394||Ascomycota|Dothideomycetes|Dothideales|Dothideaceae|Dothidea|Dothidea sambuci;329884||Ascomycota|Dothideomycetes|Mycosphaerellales|Teratosphaeriaceae|Friedmanniomyces|Friedmanniomyces simplex;372061||Ascomycota|Dothideomycetes|Pleosporales|Testudinaceae|Lepidosphaeria|Lepidosphaeria nicotiae;418781||Ascomycota|Dothideomycetes|Mycosphaerellales|Teratosphaeriaceae|Teratosphaeria|Teratosphaeria destructans;470158||Ascomycota|Dothideomycetes|Mycosphaerellales|Teratosphaeriaceae|Teratosphaeria|Teratosphaeria stellenboschiana;1047171||Ascomycota|Dothideomycetes|Mycosphaerellales|Mycosphaerellaceae|Zymoseptoria|Zymoseptoria tritici;1056133||Ascomycota|Leotiomycetes|Helotiales|Hamatocanthoscyphaceae|Infundichalara|Infundichalara microchona;1306365||Ascomycota|Dothideomycetes|||Cryomyces|Cryomyces montanus;1431932||Ascomycota|Dothideomycetes|Mycosphaerellales|Mycosphaerellaceae|Amycosphaerella|Amycosphaerella africana;1431937||Ascomycota|Dothideomycetes|Mycosphaerellales|Teratosphaeriaceae|Neocatenulostroma|Neocatenulostroma microsporum;1508187||Ascomycota|Dothideomycetes|Mycosphaerellales|Teratosphaeriaceae|Meristemomyces|Meristemomyces frigidus;1921807||Ascomycota|Dothideomycetes|Pleosporales|Phaeosphaeriaceae|Tintelnotia|Tintelnotia destructans;2059835||Ascomycota|Dothideomycetes|Mycosphaerellales|Mycosphaerellaceae|Exopassalora|Exopassalora zambiae;2315864||Ascomycota|Leotiomycetes|Phacidiales||Ramoconidiophora|Ramoconidiophora euphorbiae;2810478||Ascomycota|Dothideomycetes|Mycosphaerellales|Teratosphaeriaceae|Salinomyces|Salinomyces polonicus;2950318||Ascomycota|Dothideomycetes|Mycosphaerellales|Neodevriesiaceae|Neodevriesia|Neodevriesia kalakoutskii	523.800000
barcode19	39	0.000687	1392244	1392244||Basidiomycota|Ustilaginomycetes|Ustilaginales||Kalmanozyma|Kalmanozyma brasiliensis	29.400000
barcode19	4	0.001590	203908	203908||Basidiomycota|Pucciniomycetes|Pucciniales|Melampsoraceae|Melampsora|Melampsora laricis-populina	68.100000
barcode19	41	0.000770	13684	13684||Ascomycota|Dothideomycetes|Pleosporales|Phaeosphaeriaceae|Parastagonospora|Parastagonospora nodorum	33.000000
barcode19	42	0.001313	82268	82268||Chytridiomycota|Monoblepharidomycetes|Monoblepharidales||Hyaloraphidium|Hyaloraphidium curvatum	56.200000
barcode19	43	0.000468	1671311	1671311||Ascomycota|Sordariomycetes|Glomerellales|Glomerellaceae|Colletotrichum|Colletotrichum abscissum	20.000000
barcode19	44	0.002855	45511;271282;273372;297794;2315449	45511||Ascomycota|Pichiomycetes|Serinales|Debaryomycetaceae|Yamadazyma|Yamadazyma scolyti;271282||Ascomycota|Pichiomycetes|Serinales|Debaryomycetaceae|Spathaspora|Spathaspora jeffriesii;273372||Ascomycota|Pichiomycetes|Serinales|Debaryomycetaceae|Candida|Candida metapsilosis;297794||Ascomycota|Pichiomycetes|Serinales|Debaryomycetaceae|Yamadazyma|[Candida] blattariae;2315449||Ascomycota|Pichiomycetes|Serinales|Debaryomycetaceae|Yamadazyma|Yamadazyma tenuis	122.200000
barcode19	45	0.000400	1806994	1806994||Chytridiomycota|Chytridiomycetes|Synchytriales|Synchytriaceae|Synchytrium|Synchytrium microbalum	17.100000
barcode19	46	0.004350	45271;1068736;1300151;1535305;1739102;1739110;2035830;2935555	45271||Ascomycota|Sordariomycetes|Microascales|Microascaceae|Pseudallescheria|Pseudallescheria ellipsoidea;1068736||Ascomycota|Sordariomycetes|Glomerellales|Australiascaceae|Monilochaetes|Monilochaetes dimorphospora;1300151||Ascomycota|Sordariomycetes|Microascales|Ceratocystidaceae|Solaloca|Solaloca norvegica;1535305||Ascomycota|Sordariomycetes|Microascales|Ceratocystidaceae|Ambrosiella|Ambrosiella roeperi;1739102||Ascomycota|Sordariomycetes|Microascales|Ceratocystidaceae|Ambrosiella|Ambrosiella nakashimae;1739110||Ascomycota|Sordariomycetes|Microascales|Ceratocystidaceae|Meredithiella|Meredithiella norrisii;2035830||Ascomycota|Sordariomycetes|Microascales|Ceratocystidaceae|Berkeleyomyces|Berkeleyomyces rouxiae;2935555||Ascomycota|Sordariomycetes|Microascales|Halosphaeriaceae|Pseudolignincola|Pseudolignincola siamensis	186.200000
barcode19	48	0.111611	3055;3067	3055||Chlorophyta|Chlorophyceae|Chlamydomonadales|Chlamydomonadaceae|Chlamydomonas|Chlamydomonas reinhardtii;3067||Chlorophyta|Chlorophyceae|Chlamydomonadales|Volvocaceae|Volvox|Volvox carteri	4776.700000
barcode19	49	0.001926	45607;2832334;2832335	45607||Ascomycota|Dipodascomycetes|Dipodascales|Trichomonascaceae|Wickerhamiella|Wickerhamiella sorbophila;2832334||Ascomycota|Dipodascomycetes|Dipodascales|Trichomonascaceae|Wickerhamiella|Wickerhamiella osmotolerans;2832335||Ascomycota|Dipodascomycetes|Dipodascales|Trichomonascaceae|Wickerhamiella|Wickerhamiella tropicalis	82.400000
barcode19	50	0.000304	144539	144539||Mucoromycota|Glomeromycetes|Paraglomerales|Paraglomeraceae|Paraglomus|Paraglomus occultum	13.000000
barcode19	57	0.005412	27374;1079897	27374||Mucoromycota|Glomeromycetes|Diversisporales|Acaulosporaceae|Acaulospora|Acaulospora spinosa;1079897||Mucoromycota|Glomeromycetes|Diversisporales|Acaulosporaceae|Acaulospora|Acaulospora cavernata	231.600000
barcode19	58	0.013705	324621;1775466;2704021;2704023;2704024;2704025	324621||Mucoromycota|Endogonomycetes|Endogonales|Endogonaceae|Jimgerdemannia|Jimgerdemannia lactiflua;1775466||Mucoromycota|Endogonomycetes|Endogonales|Endogonaceae|Endogone|Endogone corticioides;2704021||Mucoromycota|Endogonomycetes|Endogonales|Endogonaceae|Endogone|Endogone botryocarpus;2704023||Mucoromycota|Endogonomycetes|Endogonales|Endogonaceae|Jimgerdemannia|Jimgerdemannia ambigua;2704024||Mucoromycota|Endogonomycetes|Endogonales|Endogonaceae|Vinositunica|Vinositunica radiata;2704025||Mucoromycota|Endogonomycetes|Endogonales|Endogonaceae|Vinositunica|Vinositunica ingens	586.500000
barcode19	60	0.000629	45553	45553||Ascomycota|Dipodascomycetes|Dipodascales|Trichomonascaceae|Wickerhamiella|Wickerhamiella galacta	26.900000
barcode19	62	0.003699	61418	61418||Zoopagomycota|Kickxellomycetes|Kickxellales|Kickxellaceae|Spiromyces|Spiromyces minutus	158.300000
barcode19	63	0.001877	1208333	1208333||Mucoromycota|Glomeromycetes|Diversisporales|Gigasporaceae|Dentiscutata|Dentiscutata savannicola	80.300000
barcode19	66	0.002813	5491;45354;46584;46585;78172;391824	5491||Ascomycota|Pichiomycetes|Serinales|Metschnikowiaceae|Helenozyma|Helenozyma melibiosica;45354||Ascomycota|Pichiomycetes|Serinales|Metschnikowiaceae|Sungouiella|Sungouiella intermedia;46584||Ascomycota|Pichiomycetes|Serinales|Metschnikowiaceae|Danielia|Danielia oregonensis;46585||Ascomycota|Pichiomycetes|Serinales|Metschnikowiaceae|Sungouiella|Sungouiella pseudointermedia;78172||Ascomycota|Pichiomycetes|Serinales|Metschnikowiaceae|Sungouiella|Sungouiella akabanensis;391824||Ascomycota|Pichiomycetes|Serinales|Metschnikowiaceae|Sungouiella|Sungouiella blattae	120.400000
barcode19	68	0.001782	78917	78917||Zoopagomycota|Zoopagomycetes|Zoopagales|Piptocephalidaceae|Piptocephalis|Piptocephalis corymbifera	76.300000
barcode19	71	0.000537	34356;95809;234567;234568	34356||Ascomycota|Pichiomycetes|Serinales|Debaryomycetaceae|Kodamaea|Kodamaea ohmeri;95809||Ascomycota|Pichiomycetes|Serinales|Debaryomycetaceae|Kodamaea|Kodamaea fungicola;234567||Ascomycota|Pichiomycetes|Serinales|Debaryomycetaceae|Kodamaea|Kodamaea derodonti;234568||Ascomycota|Pichiomycetes|Serinales|Debaryomycetaceae|Kodamaea|Kodamaea arcana	23.000000
barcode19	72	0.001007	246081;507509	246081||Ascomycota|Pichiomycetes|Serinales|Debaryomycetaceae|Suhomyces|Suhomyces kunorum;507509||Ascomycota|Pichiomycetes|Serinales|Debaryomycetaceae|Danielozyma|Danielozyma litseae	43.100000
barcode19	73	0.000764	243823;243824;1985864;1985866;3044046	243823||Basidiomycota|Microbotryomycetes|Sporidiobolales|Sporidiobolaceae|Sporobolomyces|Sporobolomyces beijingensis;243824||Basidiomycota|Microbotryomycetes|Sporidiobolales|Sporidiobolaceae|Sporobolomyces|Sporobolomyces jilinensis;1985864||Basidiomycota|Microbotryomycetes|Heitmaniales|Heitmaniaceae|Heitmania|Heitmania litseae;1985866||Basidiomycota|Microbotryomycetes|Heitmaniales|Heitmaniaceae|Heitmania|Heitmania elacocarpi;3044046||Basidiomycota|Microbotryomycetes|Leucosporidiales|Leucosporidiaceae|Leucosporidium|Leucosporidium egoroviorum	32.700000
barcode19	75	0.000820	335848	335848||Ascomycota|Sordariomycetes|Amphisphaeriales|Apiosporaceae|Apiospora|Apiospora aurea	35.100000
barcode19	76	0.001799	45562	45562||Ascomycota|Dipodascomycetes|Dipodascales|Trichomonascaceae|Starmerella|Starmerella lactis-condensi	77.000000
barcode19	77	0.000963	2588764	2588764||Mucoromycota|Glomeromycetes|Archaeosporales|Archaeosporaceae|Archaeospora|Archaeospora ecuadoriana	41.200000
barcode19	78	0.014058	4860;423455	4860||Zoopagomycota|Basidiobolomycetes|Basidiobolales|Basidiobolaceae|Basidiobolus|Basidiobolus magnus;423455||Zoopagomycota|Basidiobolomycetes|Basidiobolales|Basidiobolaceae|Basidiobolus|Basidiobolus heterosporus	601.700000
barcode19	80	0.000374	1525356	1525356||Ascomycota|Sordariomycetes|Glomerellales|Plectosphaerellaceae|Chordomyces|Chordomyces antarcticum	16.000000
barcode19	82	0.000454	54100;54101;383838	54100||Ascomycota|Lipomycetes|Lipomycetales|Lipomycetaceae|Myxozyma|Myxozyma udenii;54101||Ascomycota|Lipomycetes|Lipomycetales|Lipomycetaceae|Myxozyma|Myxozyma vanderwaltii;383838||Ascomycota|Lipomycetes|Lipomycetales|Lipomycetaceae|Myxozyma|Myxozyma neglecta	19.400000
barcode19	84	0.000450	2605921	2605921||Ascomycota||||Novakomyces|Novakomyces olei	19.300000
barcode19	85	0.000359	911321	911321||Mucoromycota||Calcarisporiellales|Calcarisporiellaceae|Calcarisporiella|Calcarisporiella thermophila	15.400000
barcode19	86	0.000404	36028;53607;65818	36028||Ascomycota|Saccharomycetes|Phaffomycetales|Phaffomycetaceae|Cyberlindnera|Cyberlindnera petersonii;53607||Ascomycota|Saccharomycetes|Phaffomycetales|Phaffomycetaceae|Cyberlindnera|Cyberlindnera mississippiensis;65818||Ascomycota|Saccharomycetes|Phaffomycetales|Phaffomycetaceae|Cyberlindnera|Cyberlindnera lachancei	17.300000
barcode19	88	0.010234	1006461;1548888;2775103	1006461||Basidiomycota|Pucciniomycetes|Pucciniales|Sphaerophragmiaceae|Dasyspora|Dasyspora nitidae;1548888||Basidiomycota|Pucciniomycetes|Pucciniales|Pucciniastraceae|Pucciniastrum|Pucciniastrum myosotidii;2775103||Basidiomycota|Pucciniomycetes|Pucciniales|Pucciniaceae|Puccinia|Puccinia xinyuanensis	437.900000
barcode19	9	0.000330	417184	417184||Zoopagomycota|Kickxellomycetes|Kickxellales|Kickxellaceae|Mycoemilia|Mycoemilia scoparia	14.100000
barcode19	90	0.001027	2201245	2201245||Ascomycota|Pichiomycetes|Serinales|Metschnikowiaceae|Metschnikowia|Metschnikowia laotica	44.000000
barcode19	91	0.002724	45792	45792||Ascomycota|Lipomycetes|Lipomycetales|Lipomycetaceae|Lipomyces|Lipomyces oligophaga	116.600000
barcode19	94	0.000492	1095183	1095183||Ascomycota|Dipodascomycetes|Dipodascales|Dipodascaceae|Magnusiomyces|Magnusiomyces capitatus	21.100000
barcode19	95	0.000535	2027812	2027812||Basidiomycota|Classiculomycetes|Classiculales|Classiculaceae|Classicula|Classicula sinensis	22.900000
barcode19	96	0.000268	1961798	1961798||Ascomycota|Lecanoromycetes|Ostropales|Stictidaceae|Cyanodermella|Cyanodermella oleoligni	11.500000
barcode19	97	0.006666	1661796;1661797;2036938;2036939;2036943	1661796||Ascomycota|Sordariomycetes|Coronophorales|Ceratostomataceae|Dactylidispora|Dactylidispora ellipsospora;1661797||Ascomycota|Sordariomycetes|Coronophorales|Ceratostomataceae|Dactylidispora|Dactylidispora singaporensis;2036938||Ascomycota|Sordariomycetes|Coronophorales|Ceratostomataceae|Harzia|Harzia macrospora;2036939||Ascomycota|Sordariomycetes|Coronophorales|Ceratostomataceae|Harzia|Harzia patula;2036943||Ascomycota|Sordariomycetes|Coronophorales|Ceratostomataceae|Harzia|Harzia palmara	285.300000
barcode20	0	0.022665	55514;181762;742028;2565641;2576354;2841483;2877764	55514||Basidiomycota|Agaricomycetes|Russulales|Russulaceae|Lactarius|Lactarius deliciosus;181762||Basidiomycota|Agaricomycetes|Agaricales|Strophariaceae|Psilocybe|Psilocybe cubensis;742028||Basidiomycota|Agaricomycetes|Agaricales||Xeromphalina|Xeromphalina setulipes;2565641||Basidiomycota|Agaricomycetes|Thelephorales|Thelephoraceae|Tomentella|Tomentella longiechinula;2576354||Basidiomycota|Agaricomycetes|Agaricales|Pluteaceae|Volvariella|Volvariella pulla;2841483||Basidiomycota|Agaricomycetes|Thelephorales|Thelephoraceae|Tomentella|Tomentella exiguelata;2877764||Basidiomycota|Tremellomycetes|Cystofilobasidiales|Mrakiaceae|Phaffia|Phaffia aurantiaca	2365.300000
barcode20	1	0.000470	554065	554065||Chlorophyta|Trebouxiophyceae|Chlorellales|Chlorellaceae|Chlorella|Chlorella variabilis	49.000000
barcode20	10	0.000445	1873960	1873960||Ascomycota|Dothideomycetes|Mycosphaerellales|Mycosphaerellaceae|Pseudocercospora|Pseudocercospora fijiensis	46.400000
barcode20	101	0.000208	58916	58916||Basidiomycota|Exobasidiomycetes|Georgefischeriales|Tilletiariaceae|Phragmotaenium|Phragmotaenium fulvescens	21.700000
barcode20	104	0.000451	1809185	1809185||Ascomycota|Sordariomycetes|Pleurotheciales|Pleurotheciaceae|Adelosphaeria|Adelosphaeria catenata	47.000000
barcode20	105	0.000229	70189	70189||Olpidiomycota|Olpidiomycetes|Olpidiales|Olpidiaceae|Olpidium|Olpidium brassicae	23.900000
barcode20	107	0.000627	1571505;2704583	1571505||Ascomycota|Dothideomycetes|Pleosporales|Lentitheciaceae|Darksidea|Darksidea zeta;2704583||Ascomycota|Dothideomycetes|Pleosporales|Lentitheciaceae|Darksidea|Darksidea phi	65.400000
barcode20	108	0.000232	1303431	1303431||Ascomycota|Dothideomycetes|Pleosporales|Morosphaeriaceae|Clypeoloculus|Clypeoloculus akitaensis	24.200000
barcode20	109	0.000626	2544956	2544956||Ascomycota|Leotiomycetes|Helotiales|Helotiaceae|Dicephalospora|Dicephalospora sessilis	65.400000
barcode20	11	0.000119	3031846	3031846||Ascomycota|Lipomycetes|Lipomycetales|Lipomycetaceae|Lipomyces|Lipomyces amatsuensis	12.400000
barcode20	112	0.000211	1987568	1987568||Chytridiomycota|Neocallimastigomycetes|Neocallimastigales|Neocallimastigaceae|Pecoramyces|Pecoramyces ruminantium	22.000000
barcode20	113	0.001966	1486924	1486924||Chytridiomycota|Chytridiomycetes|Gromochytriales|Gromochytriaceae|Gromochytrium|Gromochytrium mamkaevae	205.200000
barcode20	115	0.000265	2978459	2978459||Ascomycota|Dothideomycetes|Kirschsteiniotheliales|Kirschsteiniotheliaceae|Kirschsteiniothelia|Kirschsteiniothelia puerensis	27.700000
barcode20	116	0.000920	2681178	2681178||Ascomycota|Sordariomycetes|Meliolales|Meliolaceae|Meliola|Meliola pottsiae	96.000000
barcode20	118	0.001033	64571;979659;979690;979695;979717	64571||Mucoromycota|Mortierellomycetes|Mortierellales|Mortierellaceae|Lobosporangium|Lobosporangium transversale;979659||Mucoromycota|Mortierellomycetes|Mortierellales|Mortierellaceae|Mortierella|Mortierella angusta;979690||Mucoromycota|Mortierellomycetes|Mortierellales|Mortierellaceae|Gryganskiella|Gryganskiella cystojenkinii;979695||Mucoromycota|Mortierellomycetes|Mortierellales|Mortierellaceae|Mortierella|Mortierella elongatula;979717||Mucoromycota|Mortierellomycetes|Mortierellales|Mortierellaceae|Linnemannia|Linnemannia nantahalensis	107.800000
barcode20	121	0.003798	2654861	2654861||Chytridiomycota|Chytridiomycetes||Quaeritorhizaceae|Quaeritorhiza|Quaeritorhiza haematococci	396.400000
barcode20	122	0.031796	693156	693156||Chytridiomycota|Chytridiomycetes|Chytridiales|Chytridiaceae|Chytridium|Chytridium olla	3318.100000
barcode20	123	0.000183	1170364	1170364||Ascomycota|Sordariomycetes|Falcocladiales|Falcocladiaceae|Falcocladium|Falcocladium turbinatum	19.100000
barcode20	124	0.000238	1395676	1395676||Chytridiomycota|Chytridiomycetes|Rhizophydiales|Globomycetaceae|Urceomyces|Urceomyces sphaerocarpus	24.800000
barcode20	125	0.000466	2877801	2877801||Basidiomycota|Microbotryomycetes|Microbotryales|Ustilentylomataceae|Microbotryozyma|Microbotryozyma swertiae	48.600000
barcode20	126	0.000437	2973806	2973806||Basidiomycota|Agaricomycetes|Agaricales|Physalacriaceae|Hymenopellis|Hymenopellis straminea	45.600000
barcode20	127	0.000376	1932876	1932876||Basidiomycota|Agaricomycetes|Agaricales|Nidulariaceae|Cyathus|Cyathus ibericus	39.300000
barcode20	128	0.000137	2878256	2878256||Basidiomycota|Agaricostilbomycetes|Agaricostilbales|Chionosphaeraceae|Boekhoutia|Boekhoutia sterigmata	14.300000
barcode20	130	0.000693	1123529	1123529||Chytridiomycota|Monoblepharidomycetes|Monoblepharidales|Gonapodyaceae|Gonapodya|Gonapodya prolifera	72.300000
barcode20	131	0.000172	1314805	1314805||Basidiomycota|Agaricomycetes|Russulales|Lachnocladiaceae|Vararia|Vararia minispora	17.900000
barcode20	132	0.000431	2877805;2877806	2877805||Basidiomycota|Microbotryomycetes||Chrysozymaceae|Chrysozyma|Chrysozyma pseudogriseoflava;2877806||Basidiomycota|Microbotryomycetes||Chrysozymaceae|Chrysozyma|Chrysozyma sambuci	45.000000
barcode20	133	0.000113	2877807	2877807||Basidiomycota|Microbotryomycetes||Chrysozymaceae|Chrysozyma|Chrysozyma iridis	11.800000
barcode20	134	0.000097	2877810	2877810||Basidiomycota|Microbotryomycetes||Chrysozymaceae|Chrysozyma|Chrysozyma sorbariae	10.100000
barcode20	137	0.001840	2943438	2943438||Basidiomycota|Agaricomycetes|Cantharellales|Hydnaceae|Hydnum|Hydnum reginae	192.000000
barcode20	140	0.002230	2565639	2565639||Basidiomycota|Agaricomycetes|Thelephorales|Thelephoraceae|Tomentella|Tomentella bidoupensis	232.700000
barcode20	142	0.000322	3031279	3031279||Basidiomycota|Agaricomycetes|Agaricales|Physalacriaceae|Rhizomarasmius|Rhizomarasmius cunninghamietorum	33.600000
barcode20	143	0.000395	114775	114775||Basidiomycota|Microbotryomycetes||Chrysozymaceae|Trigonosporomyces|Trigonosporomyces hylophilus	41.200000
barcode20	145	0.000358	2877765	2877765||Basidiomycota|Agaricostilbomycetes|Agaricostilbales|Kondoaceae|Kondoa|Kondoa cylindrica	37.300000
barcode20	148	0.000563	1796078	1796078||Ascomycota|Orbiliomycetes|Orbiliales|Orbiliaceae|Orbilia|Orbilia comma	58.800000
barcode20	149	0.000308	334125	334125||Basidiomycota|Agaricomycetes|Cantharellales|Hydnaceae|Clavulina|Clavulina monodiminutiva	32.100000
barcode20	15	0.002075	27318;28988;108569;1903024;1986178;2486201;2499430;2709059;2979814	27318||Ascomycota|Leotiomycetes||Myxotrichaceae|Skoua|Skoua fertilis;28988||Ascomycota|Dothideomycetes|Pleosporales|Leptosphaeriaceae|Leptosphaeria|Leptosphaeria doliolum;108569||Ascomycota|Leotiomycetes|Helotiales|Dermateaceae|Neofabraea|Neofabraea malicorticis;1903024||Ascomycota|Dothideomycetes|Hysteriales|Hysteriaceae|Gloniopsis|Gloniopsis calami;1986178||Ascomycota|Dothideomycetes|Pleosporales|Cucurbitariaceae|Parafenestella|Parafenestella ostryae;2486201||Ascomycota|Dothideomycetes|Pleosporales|Leptosphaeriaceae|Leptosphaeria|Leptosphaeria urticae;2499430||Ascomycota|Dothideomycetes|Hysteriales|Hysteriaceae|Gloniopsis|Gloniopsis leucaenae;2709059||Ascomycota|Dothideomycetes|Pleosporales|Periconiaceae|Periconia|Periconia cortaderiae;2979814||Ascomycota|Dothideomycetes|Pleosporales|Leptosphaeriaceae|Paraleptosphaeria|Paraleptosphaeria kunmingensis	216.600000
barcode20	150	0.000179	176627	176627||Basidiomycota|Agaricomycetes|Boletales|Rhizopogonaceae|Rhizopogon|Rhizopogon arctostaphyli	18.700000
barcode20	151	0.000162	2877812	2877812||Basidiomycota|Microbotryomycetes||Chrysozymaceae|Chrysozyma|Chrysozyma flava	16.900000
barcode20	152	0.000535	2494425	2494425||Basidiomycota|Agaricomycetes|Gomphales|Lentariaceae|Lentaria|Lentaria variabilis	55.900000
barcode20	153	0.000126	382552	382552||Chytridiomycota|Chytridiomycetes|Rhizophydiales||Operculomyces|Operculomyces laminatus	13.200000
barcode20	154	0.000162	2877763	2877763||Basidiomycota|Tremellomycetes|Filobasidiales|Filobasidiaceae|Filobasidium|Filobasidium mucilaginum	16.900000
barcode20	155	0.000187	109903	109903||Chytridiomycota|Chytridiomycetes|Rhizophydiales|Alphamycetaceae|Alphamyces|Alphamyces chaetifer	19.600000
barcode20	156	0.000231	1115089	1115089||Basidiomycota|Agaricomycetes|Cantharellales|Hydnaceae|Clavulina|Clavulina cinereoglebosa	24.200000
barcode20	157	0.000760	1403820	1403820||Basidiomycota|Agaricomycetes|Corticiales|Corticiaceae|Sistotrema|Sistotrema luteoviride	79.300000
barcode20	163	0.000263	1315970	1315970||Basidiomycota|Agaricomycetes|Russulales|Russulaceae|Lactifluus|Lactifluus chrysocarpus	27.500000
barcode20	165	0.000283	2877761;2877762	2877761||Basidiomycota|Tremellomycetes|Filobasidiales|Filobasidiaceae|Filobasidium|Filobasidium globosum;2877762||Basidiomycota|Tremellomycetes|Filobasidiales|Filobasidiaceae|Filobasidium|Filobasidium mali	29.500000
barcode20	166	0.000129	2877800	2877800||Basidiomycota|Microbotryomycetes|Heitmaniales|Heitmaniaceae|Heitmania|Heitmania cylindrica	13.500000
barcode20	167	0.000172	1195480	1195480||Mucoromycota|Mucoromycetes|Mucorales|Lichtheimiaceae|Circinella|Circinella lacrymispora	17.900000
barcode20	168	0.000231	1918531;1918532;1918533;1918535	1918531||Ascomycota|Dothideomycetes|Pleosporales|Pleosporaceae|Bipolaris|Bipolaris shoemakeri;1918532||Ascomycota|Dothideomycetes|Pleosporales|Pleosporaceae|Bipolaris|Bipolaris simmondsii;1918533||Ascomycota|Dothideomycetes|Pleosporales|Pleosporaceae|Bipolaris|Bipolaris sivanesaniana;1918535||Ascomycota|Dothideomycetes|Pleosporales|Pleosporaceae|Bipolaris|Bipolaris woodii	24.100000
barcode20	170	0.000271	1806907	1806907||Basidiomycota|Pucciniomycetes|Pucciniales|Gymnosporangiaceae|Gymnosporangium|Gymnosporangium przewalskii	28.300000
barcode20	171	0.000536	2598216	2598216||Basidiomycota|Agaricomycetes|Agaricales|Hymenogastraceae|Gymnopilus|Gymnopilus speciosissimus	55.900000
barcode20	172	0.000142	2877799	2877799||Basidiomycota|Microbotryomycetes|Heitmaniales|Heitmaniaceae|Heitmania|Heitmania tridentata	14.900000
barcode20	173	0.000233	2878300	2878300||Basidiomycota|Tremellomycetes|Filobasidiales|Piskurozymaceae|Piskurozyma|Piskurozyma stramentorum	24.300000
barcode20	175	0.000441	1754192	1754192||Chytridiomycota|Neocallimastigomycetes|Neocallimastigales|Neocallimastigaceae|Anaeromyces|Anaeromyces robustus	46.000000
barcode20	176	0.001212	2170546	2170546||Chytridiomycota|Neocallimastigomycetes|Neocallimastigales|Neocallimastigaceae|Feramyces|Feramyces austinii	126.500000
barcode20	178	0.000212	2494426	2494426||Basidiomycota|Agaricomycetes|Gomphales|Lentariaceae|Lentaria|Lentaria gossypina	22.100000
barcode20	179	0.001583	2877793;2877794;2877821	2877793||Basidiomycota|Microbotryomycetes|Sporidiobolales|Sporidiobolaceae|Sporobolomyces|Sporobolomyces cellobiolyticus;2877794||Basidiomycota|Microbotryomycetes|Sporidiobolales|Sporidiobolaceae|Sporobolomyces|Sporobolomyces ellipsoideus;2877821||Basidiomycota|Microbotryomycetes|Sporidiobolales|Sporidiobolaceae|Sporobolomyces|Sporobolomyces reniformis	165.100000
barcode20	18	0.000205	69980	69980||Basidiomycota|Agaricostilbomycetes|Agaricostilbales|Chionosphaeraceae|Ballistosporomyces|Ballistosporomyces taupoensis	21.400000
barcode20	182	0.000295	2211344;2211346	2211344||Ascomycota|Dothideomycetes|Pleosporales|Pleosporaceae|Curvularia|Curvularia boeremae;2211346||Ascomycota|Dothideomycetes|Pleosporales|Pleosporaceae|Curvularia|Curvularia colbranii	30.800000
barcode20	186	0.000114	706556	706556||Ascomycota|Dothideomycetes|Mycosphaerellales|Neodevriesiaceae|Neodevriesia|Neodevriesia hilliana	11.900000
barcode20	187	0.000384	2292779	2292779||Basidiomycota|Tremellomycetes|Filobasidiales|Piskurozymaceae|Solicoccozyma|Solicoccozyma zizaniae	40.100000
barcode20	188	0.002717	2822377;2822381	2822377||Basidiomycota|Agaricomycetes|Cantharellales|Hydnaceae|Hydnum|Hydnum cremeoalbum;2822381||Basidiomycota|Agaricomycetes|Cantharellales|Hydnaceae|Hydnum|Hydnum pinicola	283.500000
barcode20	189	0.000411	582727	582727||Basidiomycota|Pucciniomycetes|Pucciniales|Pucciniaceae|Puccinia|Puccinia emaculata	42.900000
barcode20	19	0.000307	1809268	1809268||Ascomycota|Sordariomycetes||Atractosporaceae|Atractospora|Atractospora decumbens	32.000000
barcode20	191	0.000177	2877788	2877788||Basidiomycota|Cystobasidiomycetes||Symmetrosporaceae|Symmetrospora|Symmetrospora rhododendri	18.500000
barcode20	192	0.000511	5325	5325||Basidiomycota|Agaricomycetes|Polyporales|Polyporaceae|Trametes|Trametes versicolor	53.300000
barcode20	193	0.000488	467984	467984||Ascomycota|Sordariomycetes|Falcocladiales|Falcocladiaceae|Falcocladium|Falcocladium thailandicum	50.900000
barcode20	194	0.000598	1754191	1754191||Chytridiomycota|Neocallimastigomycetes|Neocallimastigales|Neocallimastigaceae|Piromyces|Piromyces finnis	62.400000
barcode20	196	0.000341	2877792	2877792||Basidiomycota|Cystobasidiomycetes|Cystobasidiales||Begerowomyces|Begerowomyces foliicola	35.600000
barcode20	197	0.000969	2558025	2558025||Basidiomycota|Pucciniomycetes|Pucciniales|Milesinaceae|Milesina|Milesina woodwardiana	101.100000
barcode20	199	0.000685	747524	747524||Basidiomycota|Ustilaginomycetes|Urocystidales|Floromycetaceae|Antherospora|Antherospora vindobonensis	71.500000
barcode20	20	0.000131	1750568	1750568||Basidiomycota|Agaricomycetes|Cantharellales|Hydnaceae|Cantharellus|Cantharellus anzutake	13.600000
barcode20	200	0.020950	150278	150278||Chytridiomycota|Monoblepharidomycetes|Monoblepharidales|Monoblepharidaceae|Monoblepharis|Monoblepharis macrandra	2186.200000
barcode20	203	0.000123	2022632	2022632||Basidiomycota|Agaricomycetes|Agaricales|Psathyrellaceae|Psathyrella|Psathyrella ochrofulva	12.900000
barcode20	205	0.006068	27376	27376||Mucoromycota|Glomeromycetes|Diversisporales|Acaulosporaceae|Acaulospora|Acaulospora colombiana	633.200000
barcode20	206	0.000118	181047	181047||Zoopagomycota|Basidiobolomycetes|Basidiobolales|Basidiobolaceae|Basidiobolus|Basidiobolus microsporus	12.300000
barcode20	208	0.000099	442443	442443||Basidiomycota|Agaricomycetes|Agaricales|Cortinariaceae|Cortinarius|Cortinarius carranzae	10.300000
barcode20	21	0.000695	64504	64504||Blastocladiomycota|Blastocladiomycetes|Blastocladiales|Blastocladiaceae|Allomyces|Allomyces arbusculus	72.500000
barcode20	211	0.000131	3231534	3231534||Chytridiomycota|Chytridiomycetes|Rhizophydiales|Pateramycetaceae|Pateramyces|Pateramyces pingflumenensis	13.700000
barcode20	214	0.000217	2834507	2834507||Basidiomycota|Agaricomycetes|Sistotremastrales|Sistotremastraceae|Sistotremastrum|Sistotremastrum vigilans	22.600000
barcode20	216	0.000909	415601	415601||Mucoromycota|Glomeromycetes|Diversisporales|Diversisporaceae|Redeckera|Redeckera megalocarpum	94.800000
barcode20	217	0.000187	702124	702124||Basidiomycota|Agaricomycetes|Agaricales|Inocybaceae|Inocybe|Inocybe viscata	19.500000
barcode20	219	0.000180	2877730;2877732	2877730||Basidiomycota|Tremellomycetes|Tremellales|Cryptococcaceae|Teunia|Teunia helanensis;2877732||Basidiomycota|Tremellomycetes|Tremellales|Cryptococcaceae|Teunia|Teunia korlaensis	18.800000
barcode20	22	0.000481	4779;67593	4779||Oomycota|Peronosporomycetes|Peronosporales|Peronosporaceae|Bremia|Bremia lactucae;67593||Oomycota|Peronosporomycetes|Peronosporales|Peronosporaceae|Phytophthora|Phytophthora sojae	50.200000
barcode20	220	0.000261	3058948	3058948||Chytridiomycota|Chytridiomycetes|Rhizophydiales|Angulomycetaceae|Angulomyces|Angulomyces solicola	27.200000
barcode20	221	0.000493	1904429	1904429||Basidiomycota|Pucciniomycetes|Pucciniales|Pucciniaceae|Puccinia|Puccinia novopanici	51.500000
barcode20	222	0.008668	2991561	2991561||Mucoromycota|Mortierellomycetes|Mortierellales|Mortierellaceae|Linnemannia|Linnemannia solitaria	904.500000
barcode20	224	0.000122	3237498	3237498||Basidiomycota|Agaricomycetes|Agaricales|Amanitaceae|Amanita|Amanita chepangianoides	12.800000
barcode20	225	0.000164	3231530	3231530||Chytridiomycota|Chytridiomycetes|Rhizophydiales|Angulomycetaceae|Angulomyces|Angulomyces ubonensis	17.100000
barcode20	226	0.000125	3231529	3231529||Chytridiomycota|Chytridiomycetes|Rhizophydiales|Alphamycetaceae|Alphamyces|Alphamyces thailandicus	13.000000
barcode20	229	0.008767	308927	308927||Mucoromycota|Glomeromycetes|Diversisporales|Diversisporaceae|Diversispora|Diversispora spurca	914.900000
barcode20	23	0.000593	61395	61395||Zoopagomycota|Kickxellomycetes|Kickxellales|Kickxellaceae|Linderina|Linderina pennispora	61.900000
barcode20	230	0.000232	1006457	1006457||Basidiomycota|Pucciniomycetes|Pucciniales|Sphaerophragmiaceae|Dasyspora|Dasyspora frutescentis	24.200000
barcode20	231	0.003705	2650714	2650714||Mucoromycota|Glomeromycetes|Diversisporales|Diversisporaceae|Diversispora|Diversispora aurantia	386.600000
barcode20	233	0.000140	2710867	2710867||Chytridiomycota|Neocallimastigomycetes|Neocallimastigales|Neocallimastigaceae|Khoyollomyces|Khoyollomyces ramosus	14.600000
barcode20	234	0.000381	90248	90248||Zoopagomycota|Basidiobolomycetes|Basidiobolales|Basidiobolaceae|Basidiobolus|Basidiobolus haptosporus	39.700000
barcode20	235	0.000110	1396502	1396502||Chytridiomycota|Chytridiomycetes|Rhizophlyctidales|Sonoraphlyctidaceae|Sonoraphlyctis|Sonoraphlyctis ranzonii	11.500000
barcode20	236	0.001296	2877736;2877738	2877736||Basidiomycota|Tremellomycetes|Tremellales|Bulleribasidiaceae|Dioszegia|Dioszegia ovata;2877738||Basidiomycota|Tremellomycetes|Tremellales|Bulleribasidiaceae|Dioszegia|Dioszegia kandeliae	135.200000
barcode20	237	0.000135	2877726	2877726||Basidiomycota|Tremellomycetes|Tremellales|Bulleribasidiaceae|Vishniacozyma|Vishniacozyma europaea	14.100000
barcode20	238	0.000122	1675846	1675846||Chytridiomycota|Chytridiomycetes|Rhizophydiales|Halomycetaceae|Paludomyces|Paludomyces mangrovei	12.700000
barcode20	24	0.008297	1485682	1485682||Microsporidia||||Mitosporidium|Mitosporidium daphniae	865.800000
barcode20	240	0.000110	124036	124036||Ascomycota|Sordariomycetes|Microascales|Ceratocystidaceae|Berkeleyomyces|Berkeleyomyces basicola	11.500000
barcode20	243	0.000135	1915160	1915160||Chytridiomycota|Chytridiomycetes|Spizellomycetales|Spizellomycetaceae|Triparticalcar|Triparticalcar equi	14.100000
barcode20	247	0.000720	700571	700571||Basidiomycota|Agaricomycetes|Agaricales|Cortinariaceae|Aureonarius|Aureonarius collybianus	75.100000
barcode20	248	0.000192	1326894	1326894||Ascomycota|Trigonopsidomycetes|Trigonopsidales|Trigonopsidaceae|Tortispora|Tortispora agaves	20.000000
barcode20	25	0.003296	4785;4787;4792	4785||Oomycota|Peronosporomycetes|Peronosporales|Peronosporaceae|Phytophthora|Phytophthora cinnamomi;4787||Oomycota|Peronosporomycetes|Peronosporales|Peronosporaceae|Phytophthora|Phytophthora infestans;4792||Oomycota|Peronosporomycetes|Peronosporales|Peronosporaceae|Phytophthora|Phytophthora nicotianae	343.900000
barcode20	250	0.000232	308924	308924||Ascomycota|Dipodascomycetes|Dipodascales|Trichomonascaceae|Starmerella|Starmerella riodocensis	24.200000
barcode20	251	0.033530	1972599	1972599||Mucoromycota|Glomeromycetes|Diversisporales|Gigasporaceae|Racocetra|Racocetra crispa	3499.100000
barcode20	252	0.003086	1904436	1904436||Basidiomycota|Pucciniomycetes|Pucciniales|Pucciniaceae|Puccinia|Puccinia wiehei	322.000000
barcode20	253	0.000186	1381954	1381954||Basidiomycota|Tremellomycetes|Trichosporonales|Trichosporonaceae|Vanrija|Vanrija nantouana	19.400000
barcode20	254	0.000220	2877725	2877725||Basidiomycota|Tremellomycetes|Tremellales|Bulleribasidiaceae|Vishniacozyma|Vishniacozyma pseudopenaeus	23.000000
barcode20	256	0.000158	1072254	1072254||Basidiomycota|Agaricomycetes|Boletales|Boletaceae|Octaviania|Octaviania nonae	16.500000
barcode20	257	0.000235	2580354	2580354||Basidiomycota|Agaricomycetes|Geastrales|Geastraceae|Geastrum|Geastrum lanuginosum	24.500000
barcode20	258	0.000697	2991538	2991538||Mucoromycota|Mortierellomycetes|Mortierellales|Mortierellaceae|Entomortierella|Entomortierella sugadairana	72.800000
barcode20	259	0.000345	2708304	2708304||Basidiomycota|Agaricomycetes|Auriculariales|Exidiaceae|Basidiodendron|Basidiodendron globisporum	36.000000
barcode20	26	0.000392	936130	936130||Basidiomycota|Agaricomycetes|Boletales|Pisolithaceae|Pisolithus|Pisolithus orientalis	40.900000
barcode20	260	0.000286	2877757	2877757||Basidiomycota|Tremellomycetes|Tremellales|Phaeotremellaceae|Phaeotremella|Phaeotremella ovata	29.900000
barcode20	261	0.001010	115786	115786||Ascomycota|Saccharomycetes|Phaffomycetales|Phaffomycetaceae|Phaffomyces|[Candida] orba	105.400000
barcode20	263	0.000214	2877723	2877723||Basidiomycota|Tremellomycetes|Tremellales|Tremellaceae|Tremella|Tremella shuangheensis	22.300000
barcode20	266	0.000275	3043688	3043688||Basidiomycota|Tremellomycetes|Trichosporonales|Tetragoniomycetaceae|Cryptotrichosporon|Cryptotrichosporon siamense	28.700000
barcode20	268	0.001037	279323	279323||Basidiomycota|Tremellomycetes|Trichosporonales|Trichosporonaceae|Apiotrichum|Apiotrichum otae	108.200000
barcode20	27	0.002509	157072	157072||Oomycota|Saprolegniomycetes|Saprolegniales|Verrucalvaceae|Aphanomyces|Aphanomyces invadans	261.800000
barcode20	270	0.000714	565031;743949;1132468	565031||Ascomycota|Dothideomycetes|Pleosporales|Pleosporaceae|Alternaria|Alternaria terricola;743949||Ascomycota|Dothideomycetes|Pleosporales|Pleosporaceae|Alternaria|Alternaria elegans;1132468||Ascomycota|Dothideomycetes|Pleosporales|Pleosporaceae|Alternaria|Alternaria sorghi	74.500000
barcode20	271	0.001327	1246581	1246581||Cryptomycota||||Paramicrosporidium|Paramicrosporidium saccamoebae	138.500000
barcode20	274	0.000844	3231536	3231536||Chytridiomycota|Chytridiomycetes|Rhizophydiales|Terramycetaceae|Terramyces|Terramyces aquatica	88.100000
barcode20	275	0.000261	2596947	2596947||Ascomycota|Dipodascomycetes|Dipodascales|Trichomonascaceae|Starmerella|Starmerella vitae	27.300000
barcode20	276	0.000218	266793	266793||Basidiomycota|Tremellomycetes|Tremellales|Bulleribasidiaceae|Vishniacozyma|Vishniacozyma taibaiensis	22.800000
barcode20	28	0.000581	4754;42068;263815	4754||Ascomycota|Pneumocystomycetes|Pneumocystales|Pneumocystaceae|Pneumocystis|Pneumocystis carinii;42068||Ascomycota|Pneumocystomycetes|Pneumocystales|Pneumocystaceae|Pneumocystis|Pneumocystis jirovecii;263815||Ascomycota|Pneumocystomycetes|Pneumocystales|Pneumocystaceae|Pneumocystis|Pneumocystis murina	60.700000
barcode20	280	0.000449	1133749	1133749||Basidiomycota|Agaricomycetes|Agaricales||Tricholomopsis|Tricholomopsis osiliensis	46.900000
barcode20	284	0.007954	299329	299329||Ascomycota|Pichiomycetes|Serinales|Metschnikowiaceae|Metschnikowia|Metschnikowia vanudenii	830.000000
barcode20	286	0.000553	1041604	1041604||Ascomycota|Pichiomycetes|Serinales|Metschnikowiaceae|Sungouiella|Sungouiella pseudoflosculorum	57.700000
barcode20	288	0.000138	4903	4903||Ascomycota|Saccharomycetes|Phaffomycetales|Phaffomycetaceae|Cyberlindnera|Cyberlindnera jadinii	14.400000
barcode20	289	0.001468	85574	85574||Ascomycota|Pichiomycetes|Serinales|Debaryomycetaceae|Kodamaea|Kodamaea kakaduensis	153.200000
barcode20	29	0.021871	5341;34475;292281;1929756;1977396;2021465;2779259;2911221	5341||Basidiomycota|Agaricomycetes|Agaricales|Agaricaceae|Agaricus|Agaricus bisporus;34475||Basidiomycota|Agaricomycetes|Polyporales|Fomitopsidaceae|Rhodofomes|Rhodofomes roseus;292281||Basidiomycota|Agaricomycetes|Agaricales|Physalacriaceae|Gloiocephala|Gloiocephala aquatica;1929756||Basidiomycota|Agaricomycetes|Agaricales|Physalacriaceae|Desarmillaria|Desarmillaria tabescens;1977396||Basidiomycota|Agaricomycetes|Lepidostromatales|Lepidostromataceae|Sulzbacheromyces|Sulzbacheromyces bicolor;2021465||Basidiomycota|Agaricomycetes|Lepidostromatales|Lepidostromataceae|Sulzbacheromyces|Sulzbacheromyces miomboensis;2779259||Basidiomycota|Agaricomycetes|Agaricales|Squamanitaceae|Squamanita|Squamanita sororcula;2911221||Basidiomycota|Agaricomycetes|Agaricales|Chromocyphellaceae|Chromocyphella|Chromocyphella lamellata	2282.200000
barcode20	292	0.000114	399469	399469||Ascomycota|Pichiomycetes|Serinales|Debaryomycetaceae|Diutina|Diutina scorzettiae	11.800000
barcode20	293	0.000540	78545	78545||Mucoromycota|Glomeromycetes|Diversisporales|Acaulosporaceae|Acaulospora|Acaulospora laevis	56.400000
barcode20	294	0.001452	512029	512029||Chytridiomycota|Neocallimastigomycetes|Neocallimastigales|Neocallimastigaceae|Buwchfawromyces|Buwchfawromyces eastonii	151.500000
barcode20	295	0.000217	224212	224212||Ascomycota|Pichiomycetes|Serinales|Debaryomycetaceae||[Candida] anutae	22.600000
barcode20	296	0.000983	2891599	2891599||Ascomycota|Pichiomycetes|Serinales|Metschnikowiaceae|Candidozyma|Candidozyma khanbhai	102.500000
barcode20	3	0.000259	109760	109760||Chytridiomycota|Chytridiomycetes|Spizellomycetales|Spizellomycetaceae|Spizellomyces|Spizellomyces punctatus	27.000000
barcode20	301	0.012140	174643	174643||Ascomycota|Pichiomycetes|Serinales|Metschnikowiaceae|Metschnikowia|Metschnikowia dekortorum	1266.900000
barcode20	303	0.002116	3058949	3058949||Chytridiomycota|Chytridiomycetes|Rhizophydiales|Gorgonomycetaceae|Gorgonomyces|Gorgonomyces thailandicus	220.900000
barcode20	306	0.000148	2576851	2576851||Ascomycota|Pichiomycetes|Serinales|Metschnikowiaceae|Metschnikowia|Metschnikowia amazonensis	15.400000
barcode20	31	0.006254	112090	112090||Oomycota|Saprolegniomycetes|Saprolegniales|Verrucalvaceae|Aphanomyces|Aphanomyces astaci	652.600000
barcode20	32	0.006931	4816;64516;109895;117821;1134076;1134077;1395665;1396493;1396494;1396496;2750447	4816||Chytridiomycota|Chytridiomycetes|Spizellomycetales|Spizellomycetaceae|Spizellomyces|Spizellomyces acuminatus;64516||Chytridiomycota|Chytridiomycetes|Chytridiales|Chytridiaceae|Phlyctochytrium|Phlyctochytrium californicum;109895||Chytridiomycota|Chytridiomycetes|Spizellomycetales|Powellomycetaceae|Powellomyces|Powellomyces hirtus;117821||Chytridiomycota|Chytridiomycetes|Spizellomycetales|Spizellomycetaceae|Spizellomyces|Spizellomyces plurigibbosus;1134076||Chytridiomycota|Chytridiomycetes|Spizellomycetales|Powellomycetaceae|Geranomyces|Geranomyces tanneri;1134077||Chytridiomycota|Chytridiomycetes|Spizellomycetales|Powellomycetaceae|Geranomyces|Geranomyces michiganensis;1395665||Chytridiomycota|Chytridiomycetes|Lobulomycetales|Lobulomycetaceae|Alogomyces|Alogomyces tanneri;1396493||Chytridiomycota|Chytridiomycetes|Spizellomycetales|Powellomycetaceae|Fimicolochytrium|Fimicolochytrium jonesii;1396494||Chytridiomycota|Chytridiomycetes|Spizellomycetales|Powellomycetaceae|Fimicolochytrium|Fimicolochytrium alabamae;1396496||Chytridiomycota|Chytridiomycetes|Spizellomycetales|Powellomycetaceae|Thoreauomyces|Thoreauomyces humboldtii;2750447||Chytridiomycota|Chytridiomycetes|Spizellomycetales|Spizellomycetaceae|Gaertneriomyces|Gaertneriomyces spectabilis	723.300000
barcode20	33	0.000311	110093	110093||Chytridiomycota|Chytridiomycetes|Polychytriales||Polychytrium|Polychytrium aggregatum	32.500000
barcode20	34	0.000230	5007	5007||Ascomycota|Pichiomycetes|Pichiales|Pichiaceae|Brettanomyces|Brettanomyces bruxellensis	24.000000
barcode20	35	0.002080	45539;796027;933994;1857663	45539||Ascomycota|Dipodascomycetes|Dipodascales|Trichomonascaceae|Blastobotrys|Blastobotrys chiropterorum;796027||Ascomycota|Dipodascomycetes|Dipodascales|Trichomonascaceae|Sugiyamaella|Sugiyamaella lignohabitans;933994||Ascomycota|Dipodascomycetes|Dipodascales|Trichomonascaceae|Spencermartinsiella|Spencermartinsiella europaea;1857663||Ascomycota|Dipodascomycetes|Dipodascales|Trichomonascaceae|Sugiyamaella|Sugiyamaella mastotermitis	217.100000
barcode20	36	0.023837	151289;463800;564305	151289||Basidiomycota|Tremellomycetes|Tremellales|Bulleribasidiaceae|Vishniacozyma|Vishniacozyma tephrensis;463800||Basidiomycota|Tremellomycetes|Tremellales|Cryptococcaceae|Kwoniella|Kwoniella mangrovensis;564305||Basidiomycota|Tremellomycetes|Tremellales|Cryptococcaceae|Kwoniella|Kwoniella shivajii	2487.500000
barcode20	37	0.000156	4997	4997||Basidiomycota|Agaricostilbomycetes|Agaricostilbales|Kondoaceae|Kondoa|Kondoa yuccicola	16.300000
barcode20	38	0.027168	5580;43223;62132;84275;112494;122368;129865;131344;133175;134358;162394;329884;372061;418781;470158;1047171;1056133;1306365;1431932;1431937;1508187;1921807;2059835;2315864;2810478;2950318	5580||Ascomycota|Dothideomycetes|Dothideales|Saccotheciaceae|Aureobasidium|Aureobasidium pullulans;43223||Ascomycota|Dothideomycetes|Venturiales|Venturiaceae|Tyrannosorus|Tyrannosorus pinicola;62132||Ascomycota|Dothideomycetes|Mycosphaerellales|Teratosphaeriaceae|Capnobotryella|Capnobotryella renispora;84275||Ascomycota|Dothideomycetes|Mycosphaerellales|Mycosphaerellaceae|Cercospora|Cercospora kikuchii;112494||Ascomycota|Dothideomycetes|Mycosphaerellales|Mycosphaerellaceae|Paramycosphaerella|Paramycosphaerella parkii;122368||Ascomycota|Dothideomycetes|Mycosphaerellales|Mycosphaerellaceae|Cercospora|Cercospora beticola;129865||Ascomycota|Dothideomycetes|Pleosporales|Phaeosphaeriaceae|Septoriella|Septoriella leuchtmannii;131344||Ascomycota|Dothideomycetes|Mycosphaerellales|Mycosphaerellaceae|Pallidocercospora|Pallidocercospora heimii;133175||Ascomycota|Dothideomycetes|Mycosphaerellales|Mycosphaerellaceae|Pseudocercospora|Pseudocercospora angolensis;134358||Ascomycota|Dothideomycetes|Pleosporales|Sporormiaceae|Westerdykella|Westerdykella cylindrica;162394||Ascomycota|Dothideomycetes|Dothideales|Dothideaceae|Dothidea|Dothidea sambuci;329884||Ascomycota|Dothideomycetes|Mycosphaerellales|Teratosphaeriaceae|Friedmanniomyces|Friedmanniomyces simplex;372061||Ascomycota|Dothideomycetes|Pleosporales|Testudinaceae|Lepidosphaeria|Lepidosphaeria nicotiae;418781||Ascomycota|Dothideomycetes|Mycosphaerellales|Teratosphaeriaceae|Teratosphaeria|Teratosphaeria destructans;470158||Ascomycota|Dothideomycetes|Mycosphaerellales|Teratosphaeriaceae|Teratosphaeria|Teratosphaeria stellenboschiana;1047171||Ascomycota|Dothideomycetes|Mycosphaerellales|Mycosphaerellaceae|Zymoseptoria|Zymoseptoria tritici;1056133||Ascomycota|Leotiomycetes|Helotiales|Hamatocanthoscyphaceae|Infundichalara|Infundichalara microchona;1306365||Ascomycota|Dothideomycetes|||Cryomyces|Cryomyces montanus;1431932||Ascomycota|Dothideomycetes|Mycosphaerellales|Mycosphaerellaceae|Amycosphaerella|Amycosphaerella africana;1431937||Ascomycota|Dothideomycetes|Mycosphaerellales|Teratosphaeriaceae|Neocatenulostroma|Neocatenulostroma microsporum;1508187||Ascomycota|Dothideomycetes|Mycosphaerellales|Teratosphaeriaceae|Meristemomyces|Meristemomyces frigidus;1921807||Ascomycota|Dothideomycetes|Pleosporales|Phaeosphaeriaceae|Tintelnotia|Tintelnotia destructans;2059835||Ascomycota|Dothideomycetes|Mycosphaerellales|Mycosphaerellaceae|Exopassalora|Exopassalora zambiae;2315864||Ascomycota|Leotiomycetes|Phacidiales||Ramoconidiophora|Ramoconidiophora euphorbiae;2810478||Ascomycota|Dothideomycetes|Mycosphaerellales|Teratosphaeriaceae|Salinomyces|Salinomyces polonicus;2950318||Ascomycota|Dothideomycetes|Mycosphaerellales|Neodevriesiaceae|Neodevriesia|Neodevriesia kalakoutskii	2835.100000
barcode20	39	0.001540	1392244	1392244||Basidiomycota|Ustilaginomycetes|Ustilaginales||Kalmanozyma|Kalmanozyma brasiliensis	160.700000
barcode20	41	0.000207	13684	13684||Ascomycota|Dothideomycetes|Pleosporales|Phaeosphaeriaceae|Parastagonospora|Parastagonospora nodorum	21.600000
barcode20	42	0.001194	82268	82268||Chytridiomycota|Monoblepharidomycetes|Monoblepharidales||Hyaloraphidium|Hyaloraphidium curvatum	124.600000
barcode20	44	0.001917	45511;271282;273372;297794;2315449	45511||Ascomycota|Pichiomycetes|Serinales|Debaryomycetaceae|Yamadazyma|Yamadazyma scolyti;271282||Ascomycota|Pichiomycetes|Serinales|Debaryomycetaceae|Spathaspora|Spathaspora jeffriesii;273372||Ascomycota|Pichiomycetes|Serinales|Debaryomycetaceae|Candida|Candida metapsilosis;297794||Ascomycota|Pichiomycetes|Serinales|Debaryomycetaceae|Yamadazyma|[Candida] blattariae;2315449||Ascomycota|Pichiomycetes|Serinales|Debaryomycetaceae|Yamadazyma|Yamadazyma tenuis	200.100000
barcode20	45	0.000192	1806994	1806994||Chytridiomycota|Chytridiomycetes|Synchytriales|Synchytriaceae|Synchytrium|Synchytrium microbalum	20.000000
barcode20	46	0.001359	45271;1068736;1300151;1535305;1739102;1739110;2035830;2935555	45271||Ascomycota|Sordariomycetes|Microascales|Microascaceae|Pseudallescheria|Pseudallescheria ellipsoidea;1068736||Ascomycota|Sordariomycetes|Glomerellales|Australiascaceae|Monilochaetes|Monilochaetes dimorphospora;1300151||Ascomycota|Sordariomycetes|Microascales|Ceratocystidaceae|Solaloca|Solaloca norvegica;1535305||Ascomycota|Sordariomycetes|Microascales|Ceratocystidaceae|Ambrosiella|Ambrosiella roeperi;1739102||Ascomycota|Sordariomycetes|Microascales|Ceratocystidaceae|Ambrosiella|Ambrosiella nakashimae;1739110||Ascomycota|Sordariomycetes|Microascales|Ceratocystidaceae|Meredithiella|Meredithiella norrisii;2035830||Ascomycota|Sordariomycetes|Microascales|Ceratocystidaceae|Berkeleyomyces|Berkeleyomyces rouxiae;2935555||Ascomycota|Sordariomycetes|Microascales|Halosphaeriaceae|Pseudolignincola|Pseudolignincola siamensis	141.800000
barcode20	47	0.000267	2850	2850||Bacillariophyta|Bacillariophyceae|Naviculales|Phaeodactylaceae|Phaeodactylum|Phaeodactylum tricornutum	27.900000
barcode20	48	0.097056	3055;3067	3055||Chlorophyta|Chlorophyceae|Chlamydomonadales|Chlamydomonadaceae|Chlamydomonas|Chlamydomonas reinhardtii;3067||Chlorophyta|Chlorophyceae|Chlamydomonadales|Volvocaceae|Volvox|Volvox carteri	10128.200000
barcode20	49	0.001486	45607;2832334;2832335	45607||Ascomycota|Dipodascomycetes|Dipodascales|Trichomonascaceae|Wickerhamiella|Wickerhamiella sorbophila;2832334||Ascomycota|Dipodascomycetes|Dipodascales|Trichomonascaceae|Wickerhamiella|Wickerhamiella osmotolerans;2832335||Ascomycota|Dipodascomycetes|Dipodascales|Trichomonascaceae|Wickerhamiella|Wickerhamiella tropicalis	155.100000
barcode20	52	0.000617	89913;89926;264483	89913||Basidiomycota|Tremellomycetes|Cystofilobasidiales|Cystofilobasidiaceae|Cystofilobasidium|Cystofilobasidium infirmominiatum;89926||Basidiomycota|Tremellomycetes|Cystofilobasidiales|Cystofilobasidiaceae|Cystofilobasidium|Cystofilobasidium macerans;264483||Basidiomycota|Tremellomycetes|Cystofilobasidiales|Mrakiaceae|Phaffia|Phaffia rhodozyma	64.400000
barcode20	53	0.001369	45357;56417;418784;1231522	45357||Ascomycota|Pichiomycetes|Serinales|Metschnikowiaceae|Candidozyma|Candidozyma haemuli;56417||Ascomycota|Pichiomycetes|Serinales|Metschnikowiaceae|Metschnikowia|Metschnikowia agaves;418784||Ascomycota|Pichiomycetes|Serinales|Metschnikowiaceae|Candidozyma|Candidozyma pseudohaemuli;1231522||Ascomycota|Pichiomycetes|Serinales|Metschnikowiaceae|Candidozyma|Candidozyma duobushaemuli	142.800000
barcode20	54	0.000460	76775	76775||Basidiomycota|Malasseziomycetes|Malasseziales|Malasseziaceae|Malassezia|Malassezia restricta	48.000000
barcode20	56	0.000173	281847	281847||Cryptomycota||||Rozella|Rozella allomycis	18.100000
barcode20	57	0.000408	27374;1079897	27374||Mucoromycota|Glomeromycetes|Diversisporales|Acaulosporaceae|Acaulospora|Acaulospora spinosa;1079897||Mucoromycota|Glomeromycetes|Diversisporales|Acaulosporaceae|Acaulospora|Acaulospora cavernata	42.600000
barcode20	58	0.024626	324621;1775466;2704021;2704023;2704024;2704025	324621||Mucoromycota|Endogonomycetes|Endogonales|Endogonaceae|Jimgerdemannia|Jimgerdemannia lactiflua;1775466||Mucoromycota|Endogonomycetes|Endogonales|Endogonaceae|Endogone|Endogone corticioides;2704021||Mucoromycota|Endogonomycetes|Endogonales|Endogonaceae|Endogone|Endogone botryocarpus;2704023||Mucoromycota|Endogonomycetes|Endogonales|Endogonaceae|Jimgerdemannia|Jimgerdemannia ambigua;2704024||Mucoromycota|Endogonomycetes|Endogonales|Endogonaceae|Vinositunica|Vinositunica radiata;2704025||Mucoromycota|Endogonomycetes|Endogonales|Endogonaceae|Vinositunica|Vinositunica ingens	2569.900000
barcode20	59	0.000134	261097	261097||Chytridiomycota|Chytridiomycetes|Rhizophydiales|Kappamycetaceae|Kappamyces|Kappamyces laurelensis	13.900000
barcode20	6	0.000565	80884	80884||Ascomycota|Sordariomycetes|Glomerellales|Glomerellaceae|Colletotrichum|Colletotrichum higginsianum	59.000000
barcode20	60	0.001098	45553	45553||Ascomycota|Dipodascomycetes|Dipodascales|Trichomonascaceae|Wickerhamiella|Wickerhamiella galacta	114.600000
barcode20	61	0.000954	54193	54193||Ascomycota|Pichiomycetes|Pichiales|Pichiaceae|Pichia|[Candida] silvatica	99.500000
barcode20	62	0.002830	61418	61418||Zoopagomycota|Kickxellomycetes|Kickxellales|Kickxellaceae|Spiromyces|Spiromyces minutus	295.300000
barcode20	63	0.004348	1208333	1208333||Mucoromycota|Glomeromycetes|Diversisporales|Gigasporaceae|Dentiscutata|Dentiscutata savannicola	453.700000
barcode20	64	0.000788	36021;49324	36021||Ascomycota|Saccharomycetes|Phaffomycetales|Phaffomycetaceae|Starmera|Starmera dryadoides;49324||Ascomycota|Saccharomycetes|Phaffomycetales|Phaffomycetaceae|Starmera|[Candida] dendrica	82.200000
barcode20	66	0.004266	5491;45354;46584;46585;78172;391824	5491||Ascomycota|Pichiomycetes|Serinales|Metschnikowiaceae|Helenozyma|Helenozyma melibiosica;45354||Ascomycota|Pichiomycetes|Serinales|Metschnikowiaceae|Sungouiella|Sungouiella intermedia;46584||Ascomycota|Pichiomycetes|Serinales|Metschnikowiaceae|Danielia|Danielia oregonensis;46585||Ascomycota|Pichiomycetes|Serinales|Metschnikowiaceae|Sungouiella|Sungouiella pseudointermedia;78172||Ascomycota|Pichiomycetes|Serinales|Metschnikowiaceae|Sungouiella|Sungouiella akabanensis;391824||Ascomycota|Pichiomycetes|Serinales|Metschnikowiaceae|Sungouiella|Sungouiella blattae	445.100000
barcode20	67	0.000302	2038467	2038467||Ascomycota|Saccharomycetes|Phaffomycetales|Wickerhamomycetaceae|Wickerhamomyces|Wickerhamomyces xylosivorus	31.500000
barcode20	68	0.001332	78917	78917||Zoopagomycota|Zoopagomycetes|Zoopagales|Piptocephalidaceae|Piptocephalis|Piptocephalis corymbifera	139.000000
barcode20	7	0.000140	1652704	1652704||Basidiomycota|Ustilaginomycetes|Ustilaginales|Ustilaginaceae|Pseudozyma|Pseudozyma pruni	14.600000
barcode20	70	0.000129	324673	324673||Chytridiomycota|Chytridiomycetes|Rhizophydiales|Rhizophydiaceae|Rhizophydium|Rhizophydium brooksianum	13.500000
barcode20	71	0.001625	34356;95809;234567;234568	34356||Ascomycota|Pichiomycetes|Serinales|Debaryomycetaceae|Kodamaea|Kodamaea ohmeri;95809||Ascomycota|Pichiomycetes|Serinales|Debaryomycetaceae|Kodamaea|Kodamaea fungicola;234567||Ascomycota|Pichiomycetes|Serinales|Debaryomycetaceae|Kodamaea|Kodamaea derodonti;234568||Ascomycota|Pichiomycetes|Serinales|Debaryomycetaceae|Kodamaea|Kodamaea arcana	169.600000
barcode20	72	0.000958	246081;507509	246081||Ascomycota|Pichiomycetes|Serinales|Debaryomycetaceae|Suhomyces|Suhomyces kunorum;507509||Ascomycota|Pichiomycetes|Serinales|Debaryomycetaceae|Danielozyma|Danielozyma litseae	100.000000
barcode20	73	0.001108	243823;243824;1985864;1985866;3044046	243823||Basidiomycota|Microbotryomycetes|Sporidiobolales|Sporidiobolaceae|Sporobolomyces|Sporobolomyces beijingensis;243824||Basidiomycota|Microbotryomycetes|Sporidiobolales|Sporidiobolaceae|Sporobolomyces|Sporobolomyces jilinensis;1985864||Basidiomycota|Microbotryomycetes|Heitmaniales|Heitmaniaceae|Heitmania|Heitmania litseae;1985866||Basidiomycota|Microbotryomycetes|Heitmaniales|Heitmaniaceae|Heitmania|Heitmania elacocarpi;3044046||Basidiomycota|Microbotryomycetes|Leucosporidiales|Leucosporidiaceae|Leucosporidium|Leucosporidium egoroviorum	115.600000
barcode20	74	0.000213	44082;169509;1249076	44082||Ascomycota|Pichiomycetes|Pichiales|Pichiaceae|Ambrosiozyma|Ambrosiozyma cicatricosa;169509||Ascomycota|Pichiomycetes|Pichiales|Pichiaceae|Ogataea|Ogataea trehaloabstinens;1249076||Ascomycota|Pichiomycetes|Pichiales|Pichiaceae|Ogataea|Ogataea wickerhamii	22.200000
barcode20	77	0.001871	2588764	2588764||Mucoromycota|Glomeromycetes|Archaeosporales|Archaeosporaceae|Archaeospora|Archaeospora ecuadoriana	195.200000
barcode20	78	0.005914	4860;423455	4860||Zoopagomycota|Basidiobolomycetes|Basidiobolales|Basidiobolaceae|Basidiobolus|Basidiobolus magnus;423455||Zoopagomycota|Basidiobolomycetes|Basidiobolales|Basidiobolaceae|Basidiobolus|Basidiobolus heterosporus	617.200000
barcode20	79	0.000576	5606	5606||Ascomycota||||Saitoella|Saitoella complicata	60.100000
barcode20	82	0.000226	54100;54101;383838	54100||Ascomycota|Lipomycetes|Lipomycetales|Lipomycetaceae|Myxozyma|Myxozyma udenii;54101||Ascomycota|Lipomycetes|Lipomycetales|Lipomycetaceae|Myxozyma|Myxozyma vanderwaltii;383838||Ascomycota|Lipomycetes|Lipomycetales|Lipomycetaceae|Myxozyma|Myxozyma neglecta	23.600000
barcode20	83	0.000424	652156;2854244;2956821	652156||Ascomycota|Dothideomycetes|Venturiales|Sympoventuriaceae|Fuscohilum|Fuscohilum siciliana;2854244||Ascomycota|Dothideomycetes|Venturiales|Sympoventuriaceae|Verruconis|Verruconis cylindricalis;2956821||Ascomycota|Dothideomycetes|Venturiales|Sympoventuriaceae|Scolecobasidium|Scolecobasidium obovoideum	44.200000
barcode20	84	0.000689	2605921	2605921||Ascomycota||||Novakomyces|Novakomyces olei	71.900000
barcode20	85	0.000242	911321	911321||Mucoromycota||Calcarisporiellales|Calcarisporiellaceae|Calcarisporiella|Calcarisporiella thermophila	25.200000
barcode20	86	0.000642	36028;53607;65818	36028||Ascomycota|Saccharomycetes|Phaffomycetales|Phaffomycetaceae|Cyberlindnera|Cyberlindnera petersonii;53607||Ascomycota|Saccharomycetes|Phaffomycetales|Phaffomycetaceae|Cyberlindnera|Cyberlindnera mississippiensis;65818||Ascomycota|Saccharomycetes|Phaffomycetales|Phaffomycetaceae|Cyberlindnera|Cyberlindnera lachancei	67.000000
barcode20	87	0.000153	5481	5481||Ascomycota|Pichiomycetes|Serinales|Debaryomycetaceae|Diutina|Diutina rugosa	16.000000
barcode20	88	0.000429	1006461;1548888;2775103	1006461||Basidiomycota|Pucciniomycetes|Pucciniales|Sphaerophragmiaceae|Dasyspora|Dasyspora nitidae;1548888||Basidiomycota|Pucciniomycetes|Pucciniales|Pucciniastraceae|Pucciniastrum|Pucciniastrum myosotidii;2775103||Basidiomycota|Pucciniomycetes|Pucciniales|Pucciniaceae|Puccinia|Puccinia xinyuanensis	44.800000
barcode20	9	0.000141	417184	417184||Zoopagomycota|Kickxellomycetes|Kickxellales|Kickxellaceae|Mycoemilia|Mycoemilia scoparia	14.700000
barcode20	90	0.002074	2201245	2201245||Ascomycota|Pichiomycetes|Serinales|Metschnikowiaceae|Metschnikowia|Metschnikowia laotica	216.400000
barcode20	91	0.001529	45792	45792||Ascomycota|Lipomycetes|Lipomycetales|Lipomycetaceae|Lipomyces|Lipomyces oligophaga	159.600000
barcode20	93	0.000536	104408;104415;610337	104408||Basidiomycota|Tremellomycetes|Filobasidiales|Filobasidiaceae|Naganishia|Naganishia liquefaciens;104415||Basidiomycota|Tremellomycetes|Filobasidiales|Filobasidiaceae|Naganishia|Naganishia uzbekistanensis;610337||Basidiomycota|Tremellomycetes|Filobasidiales|Filobasidiaceae|Naganishia|Naganishia cerealis	55.900000
barcode20	94	0.000124	1095183	1095183||Ascomycota|Dipodascomycetes|Dipodascales|Dipodascaceae|Magnusiomyces|Magnusiomyces capitatus	12.900000
barcode20	95	0.000422	2027812	2027812||Basidiomycota|Classiculomycetes|Classiculales|Classiculaceae|Classicula|Classicula sinensis	44.000000
barcode20	96	0.000194	1961798	1961798||Ascomycota|Lecanoromycetes|Ostropales|Stictidaceae|Cyanodermella|Cyanodermella oleoligni	20.200000
barcode20	97	0.010150	1661796;1661797;2036938;2036939;2036943	1661796||Ascomycota|Sordariomycetes|Coronophorales|Ceratostomataceae|Dactylidispora|Dactylidispora ellipsospora;1661797||Ascomycota|Sordariomycetes|Coronophorales|Ceratostomataceae|Dactylidispora|Dactylidispora singaporensis;2036938||Ascomycota|Sordariomycetes|Coronophorales|Ceratostomataceae|Harzia|Harzia macrospora;2036939||Ascomycota|Sordariomycetes|Coronophorales|Ceratostomataceae|Harzia|Harzia patula;2036943||Ascomycota|Sordariomycetes|Coronophorales|Ceratostomataceae|Harzia|Harzia palmara	1059.200000
barcode20	98	0.000160	447950;447962	447950||Chytridiomycota|Chytridiomycetes|Lobulomycetales|Lobulomycetaceae|Lobulomyces|Lobulomyces poculatus;447962||Chytridiomycota|Chytridiomycetes|Lobulomycetales|Lobulomycetaceae|Clydaea|Clydaea vesicula	16.700000
barcode21	0	0.000454	55514;181762;742028;2565641;2576354;2841483;2877764	55514||Basidiomycota|Agaricomycetes|Russulales|Russulaceae|Lactarius|Lactarius deliciosus;181762||Basidiomycota|Agaricomycetes|Agaricales|Strophariaceae|Psilocybe|Psilocybe cubensis;742028||Basidiomycota|Agaricomycetes|Agaricales||Xeromphalina|Xeromphalina setulipes;2565641||Basidiomycota|Agaricomycetes|Thelephorales|Thelephoraceae|Tomentella|Tomentella longiechinula;2576354||Basidiomycota|Agaricomycetes|Agaricales|Pluteaceae|Volvariella|Volvariella pulla;2841483||Basidiomycota|Agaricomycetes|Thelephorales|Thelephoraceae|Tomentella|Tomentella exiguelata;2877764||Basidiomycota|Tremellomycetes|Cystofilobasidiales|Mrakiaceae|Phaffia|Phaffia aurantiaca	87.000000
barcode21	1	0.000445	554065	554065||Chlorophyta|Trebouxiophyceae|Chlorellales|Chlorellaceae|Chlorella|Chlorella variabilis	85.200000
barcode21	10	0.000404	1873960	1873960||Ascomycota|Dothideomycetes|Mycosphaerellales|Mycosphaerellaceae|Pseudocercospora|Pseudocercospora fijiensis	77.500000
barcode21	100	0.000112	2780979	2780979||Basidiomycota|Dacrymycetes|Dacrymycetales|Dacrymycetaceae|Dacrymyces|Dacrymyces venustus	21.500000
barcode21	101	0.000144	58916	58916||Basidiomycota|Exobasidiomycetes|Georgefischeriales|Tilletiariaceae|Phragmotaenium|Phragmotaenium fulvescens	27.700000
barcode21	102	0.000794	1938712	1938712||Basidiomycota|Atractiellomycetes|Atractiellales|Hoehnelomycetaceae|Atractiella|Atractiella rhizophila	152.200000
barcode21	103	0.000074	1470396	1470396||Ascomycota|Dipodascomycetes|Dipodascales|Trichomonascaceae|Deakozyma|Deakozyma indianensis	14.100000
barcode21	104	0.000944	1809185	1809185||Ascomycota|Sordariomycetes|Pleurotheciales|Pleurotheciaceae|Adelosphaeria|Adelosphaeria catenata	180.900000
barcode21	105	0.000456	70189	70189||Olpidiomycota|Olpidiomycetes|Olpidiales|Olpidiaceae|Olpidium|Olpidium brassicae	87.400000
barcode21	106	0.000083	3016851	3016851||Ascomycota|Sordariomycetes|Hypocreales|Ophiocordycipitaceae|Pleurocordyceps|Pleurocordyceps ophiocordycipiticola	16.000000
barcode21	107	0.000698	1571505;2704583	1571505||Ascomycota|Dothideomycetes|Pleosporales|Lentitheciaceae|Darksidea|Darksidea zeta;2704583||Ascomycota|Dothideomycetes|Pleosporales|Lentitheciaceae|Darksidea|Darksidea phi	133.700000
barcode21	108	0.000325	1303431	1303431||Ascomycota|Dothideomycetes|Pleosporales|Morosphaeriaceae|Clypeoloculus|Clypeoloculus akitaensis	62.300000
barcode21	109	0.000956	2544956	2544956||Ascomycota|Leotiomycetes|Helotiales|Helotiaceae|Dicephalospora|Dicephalospora sessilis	183.200000
barcode21	11	0.000069	3031846	3031846||Ascomycota|Lipomycetes|Lipomycetales|Lipomycetaceae|Lipomyces|Lipomyces amatsuensis	13.200000
barcode21	111	0.000089	2971851	2971851||Ascomycota|Pezizomycetes|Pezizales|Pyronemataceae|Octospora|Octospora oscarii	17.000000
barcode21	112	0.000193	1987568	1987568||Chytridiomycota|Neocallimastigomycetes|Neocallimastigales|Neocallimastigaceae|Pecoramyces|Pecoramyces ruminantium	37.100000
barcode21	113	0.001940	1486924	1486924||Chytridiomycota|Chytridiomycetes|Gromochytriales|Gromochytriaceae|Gromochytrium|Gromochytrium mamkaevae	371.700000
barcode21	115	0.000299	2978459	2978459||Ascomycota|Dothideomycetes|Kirschsteiniotheliales|Kirschsteiniotheliaceae|Kirschsteiniothelia|Kirschsteiniothelia puerensis	57.200000
barcode21	116	0.001706	2681178	2681178||Ascomycota|Sordariomycetes|Meliolales|Meliolaceae|Meliola|Meliola pottsiae	327.000000
barcode21	117	0.000198	2717609	2717609||Ascomycota|Dothideomycetes|Pleosporales|Didymosphaeriaceae|Tremateia|Tremateia thailandensis	38.000000
barcode21	118	0.002380	64571;979659;979690;979695;979717	64571||Mucoromycota|Mortierellomycetes|Mortierellales|Mortierellaceae|Lobosporangium|Lobosporangium transversale;979659||Mucoromycota|Mortierellomycetes|Mortierellales|Mortierellaceae|Mortierella|Mortierella angusta;979690||Mucoromycota|Mortierellomycetes|Mortierellales|Mortierellaceae|Gryganskiella|Gryganskiella cystojenkinii;979695||Mucoromycota|Mortierellomycetes|Mortierellales|Mortierellaceae|Mortierella|Mortierella elongatula;979717||Mucoromycota|Mortierellomycetes|Mortierellales|Mortierellaceae|Linnemannia|Linnemannia nantahalensis	456.100000
barcode21	119	0.000104	2697669	2697669||Ascomycota|Sordariomycetes|Hypocreales|Ophiocordycipitaceae|Paraisaria|Paraisaria alba	20.000000
barcode21	12	0.000230	1215355	1215355||Ascomycota|Sordariomycetes|Microascales|Gondwanamycetaceae|Knoxdaviesia|Knoxdaviesia proteae	44.000000
barcode21	120	0.000063	3039887	3039887||Basidiomycota|Agaricomycetes|Agaricales|Entolomataceae|Entoloma|Entoloma dichroides	12.100000
barcode21	121	0.005774	2654861	2654861||Chytridiomycota|Chytridiomycetes||Quaeritorhizaceae|Quaeritorhiza|Quaeritorhiza haematococci	1106.500000
barcode21	122	0.032485	693156	693156||Chytridiomycota|Chytridiomycetes|Chytridiales|Chytridiaceae|Chytridium|Chytridium olla	6225.300000
barcode21	124	0.000061	1395676	1395676||Chytridiomycota|Chytridiomycetes|Rhizophydiales|Globomycetaceae|Urceomyces|Urceomyces sphaerocarpus	11.700000
barcode21	125	0.000290	2877801	2877801||Basidiomycota|Microbotryomycetes|Microbotryales|Ustilentylomataceae|Microbotryozyma|Microbotryozyma swertiae	55.500000
barcode21	128	0.000071	2878256	2878256||Basidiomycota|Agaricostilbomycetes|Agaricostilbales|Chionosphaeraceae|Boekhoutia|Boekhoutia sterigmata	13.700000
barcode21	129	0.000092	278025	278025||Ascomycota|Saccharomycetes|Saccharomycetales|Saccharomycetaceae|Arxiozyma|Arxiozyma pintolopesii	17.600000
barcode21	13	0.000084	1431946	1431946||Ascomycota|Dothideomycetes|Mycosphaerellales|Teratosphaeriaceae|Pseudoteratosphaeria|Pseudoteratosphaeria ohnowa	16.000000
barcode21	130	0.000663	1123529	1123529||Chytridiomycota|Monoblepharidomycetes|Monoblepharidales|Gonapodyaceae|Gonapodya|Gonapodya prolifera	127.000000
barcode21	131	0.000083	1314805	1314805||Basidiomycota|Agaricomycetes|Russulales|Lachnocladiaceae|Vararia|Vararia minispora	15.900000
barcode21	132	0.000441	2877805;2877806	2877805||Basidiomycota|Microbotryomycetes||Chrysozymaceae|Chrysozyma|Chrysozyma pseudogriseoflava;2877806||Basidiomycota|Microbotryomycetes||Chrysozymaceae|Chrysozyma|Chrysozyma sambuci	84.400000
barcode21	133	0.000167	2877807	2877807||Basidiomycota|Microbotryomycetes||Chrysozymaceae|Chrysozyma|Chrysozyma iridis	31.900000
barcode21	135	0.000069	1509415	1509415||Ascomycota|Leotiomycetes|Helotiales||Mastigosporium|Mastigosporium album	13.300000
barcode21	136	0.000076	2877809	2877809||Basidiomycota|Microbotryomycetes||Chrysozymaceae|Chrysozyma|Chrysozyma fusiformis	14.700000
barcode21	137	0.002315	2943438	2943438||Basidiomycota|Agaricomycetes|Cantharellales|Hydnaceae|Hydnum|Hydnum reginae	443.700000
barcode21	138	0.000078	3438661	3438661||Basidiomycota|Agaricomycetes|Agaricales|Entolomataceae|Lulesia|Lulesia alachuana	15.000000
barcode21	14	0.000068	111463	111463||Ascomycota|Sordariomycetes|Hypocreales|Ophiocordycipitaceae|Hirsutella|Hirsutella rhossiliensis	13.000000
barcode21	141	0.000146	2301216	2301216||Basidiomycota|Ustilaginomycetes|Urocystidales|Glomosporiaceae|Thecaphora|Thecaphora australiensis	27.900000
barcode21	143	0.000525	114775	114775||Basidiomycota|Microbotryomycetes||Chrysozymaceae|Trigonosporomyces|Trigonosporomyces hylophilus	100.500000
barcode21	144	0.000132	1115088	1115088||Basidiomycota|Agaricomycetes|Cantharellales|Hydnaceae|Clavulina|Clavulina cerebriformis	25.400000
barcode21	145	0.000256	2877765	2877765||Basidiomycota|Agaricostilbomycetes|Agaricostilbales|Kondoaceae|Kondoa|Kondoa cylindrica	49.100000
barcode21	146	0.000100	2877774	2877774||Basidiomycota|Agaricostilbomycetes|Agaricostilbales|Kondoaceae|Bensingtonia|Bensingtonia pseudorectispora	19.200000
barcode21	147	0.000248	1795741	1795741||Ascomycota|Orbiliomycetes|Orbiliales|Orbiliaceae|Orbilia|Orbilia frangulae	47.600000
barcode21	148	0.000827	1796078	1796078||Ascomycota|Orbiliomycetes|Orbiliales|Orbiliaceae|Orbilia|Orbilia comma	158.400000
barcode21	149	0.000078	334125	334125||Basidiomycota|Agaricomycetes|Cantharellales|Hydnaceae|Clavulina|Clavulina monodiminutiva	14.900000
barcode21	15	0.001888	27318;28988;108569;1903024;1986178;2486201;2499430;2709059;2979814	27318||Ascomycota|Leotiomycetes||Myxotrichaceae|Skoua|Skoua fertilis;28988||Ascomycota|Dothideomycetes|Pleosporales|Leptosphaeriaceae|Leptosphaeria|Leptosphaeria doliolum;108569||Ascomycota|Leotiomycetes|Helotiales|Dermateaceae|Neofabraea|Neofabraea malicorticis;1903024||Ascomycota|Dothideomycetes|Hysteriales|Hysteriaceae|Gloniopsis|Gloniopsis calami;1986178||Ascomycota|Dothideomycetes|Pleosporales|Cucurbitariaceae|Parafenestella|Parafenestella ostryae;2486201||Ascomycota|Dothideomycetes|Pleosporales|Leptosphaeriaceae|Leptosphaeria|Leptosphaeria urticae;2499430||Ascomycota|Dothideomycetes|Hysteriales|Hysteriaceae|Gloniopsis|Gloniopsis leucaenae;2709059||Ascomycota|Dothideomycetes|Pleosporales|Periconiaceae|Periconia|Periconia cortaderiae;2979814||Ascomycota|Dothideomycetes|Pleosporales|Leptosphaeriaceae|Paraleptosphaeria|Paraleptosphaeria kunmingensis	361.800000
barcode21	151	0.000148	2877812	2877812||Basidiomycota|Microbotryomycetes||Chrysozymaceae|Chrysozyma|Chrysozyma flava	28.400000
barcode21	152	0.000986	2494425	2494425||Basidiomycota|Agaricomycetes|Gomphales|Lentariaceae|Lentaria|Lentaria variabilis	189.000000
barcode21	153	0.000075	382552	382552||Chytridiomycota|Chytridiomycetes|Rhizophydiales||Operculomyces|Operculomyces laminatus	14.300000
barcode21	154	0.000166	2877763	2877763||Basidiomycota|Tremellomycetes|Filobasidiales|Filobasidiaceae|Filobasidium|Filobasidium mucilaginum	31.800000
barcode21	156	0.000213	1115089	1115089||Basidiomycota|Agaricomycetes|Cantharellales|Hydnaceae|Clavulina|Clavulina cinereoglebosa	40.800000
barcode21	157	0.001372	1403820	1403820||Basidiomycota|Agaricomycetes|Corticiales|Corticiaceae|Sistotrema|Sistotrema luteoviride	262.900000
barcode21	158	0.000128	2529385	2529385||Basidiomycota|Agaricomycetes|Russulales|Russulaceae|Lactarius|Lactarius taedae	24.500000
barcode21	16	0.000063	89792	89792||Ascomycota|Eurotiomycetes|Eurotiales|Trichocomaceae|Sagenomella|Sagenomella diversispora	12.000000
barcode21	160	0.000081	2877771	2877771||Basidiomycota|Agaricostilbomycetes|Agaricostilbales|Kondoaceae|Kondoa|Kondoa ribitophobia	15.500000
barcode21	161	0.000336	1776150;1776151	1776150||Mucoromycota|Mucoromycetes|Mucorales|Mucoraceae|Mucor|Mucor lilianae;1776151||Mucoromycota|Mucoromycetes|Mucorales|Mucoraceae|Mucor|Mucor rudolphii	64.400000
barcode21	162	0.000179	352915	352915||Ascomycota|Pezizomycetes|Pezizales|Pyronemataceae|Genea|Genea balsleyi	34.400000
barcode21	163	0.000287	1315970	1315970||Basidiomycota|Agaricomycetes|Russulales|Russulaceae|Lactifluus|Lactifluus chrysocarpus	54.900000
barcode21	164	0.000084	2877804	2877804||Basidiomycota|Microbotryomycetes||Chrysozymaceae|Oberwinklerozyma|Oberwinklerozyma dicranopteridis	16.100000
barcode21	165	0.000818	2877761;2877762	2877761||Basidiomycota|Tremellomycetes|Filobasidiales|Filobasidiaceae|Filobasidium|Filobasidium globosum;2877762||Basidiomycota|Tremellomycetes|Filobasidiales|Filobasidiaceae|Filobasidium|Filobasidium mali	156.700000
barcode21	168	0.000969	1918531;1918532;1918533;1918535	1918531||Ascomycota|Dothideomycetes|Pleosporales|Pleosporaceae|Bipolaris|Bipolaris shoemakeri;1918532||Ascomycota|Dothideomycetes|Pleosporales|Pleosporaceae|Bipolaris|Bipolaris simmondsii;1918533||Ascomycota|Dothideomycetes|Pleosporales|Pleosporaceae|Bipolaris|Bipolaris sivanesaniana;1918535||Ascomycota|Dothideomycetes|Pleosporales|Pleosporaceae|Bipolaris|Bipolaris woodii	185.700000
barcode21	169	0.000152	1190719	1190719||Basidiomycota|Agaricomycetes|Cantharellales|Hydnaceae|Clavulina|Clavulina pakaraimensis	29.100000
barcode21	17	0.000120	2527679	2527679||Ascomycota|Sordariomycetes|Xylariales|Leptosilliaceae|Leptosillia|Leptosillia macrospora	23.100000
barcode21	170	0.000471	1806907	1806907||Basidiomycota|Pucciniomycetes|Pucciniales|Gymnosporangiaceae|Gymnosporangium|Gymnosporangium przewalskii	90.200000
barcode21	172	0.000141	2877799	2877799||Basidiomycota|Microbotryomycetes|Heitmaniales|Heitmaniaceae|Heitmania|Heitmania tridentata	27.000000
barcode21	174	0.000061	1440432	1440432||Basidiomycota|Pucciniomycetes|Pucciniales|Crossopsoraceae|Stomatisora|Stomatisora psychotriicola	11.800000
barcode21	176	0.000786	2170546	2170546||Chytridiomycota|Neocallimastigomycetes|Neocallimastigales|Neocallimastigaceae|Feramyces|Feramyces austinii	150.600000
barcode21	177	0.000175	2877814	2877814||Basidiomycota|Microbotryomycetes||Chrysozymaceae|Pseudohyphozyma|Pseudohyphozyma lulangensis	33.600000
barcode21	178	0.000080	2494426	2494426||Basidiomycota|Agaricomycetes|Gomphales|Lentariaceae|Lentaria|Lentaria gossypina	15.300000
barcode21	179	0.001599	2877793;2877794;2877821	2877793||Basidiomycota|Microbotryomycetes|Sporidiobolales|Sporidiobolaceae|Sporobolomyces|Sporobolomyces cellobiolyticus;2877794||Basidiomycota|Microbotryomycetes|Sporidiobolales|Sporidiobolaceae|Sporobolomyces|Sporobolomyces ellipsoideus;2877821||Basidiomycota|Microbotryomycetes|Sporidiobolales|Sporidiobolaceae|Sporobolomyces|Sporobolomyces reniformis	306.500000
barcode21	18	0.000115	69980	69980||Basidiomycota|Agaricostilbomycetes|Agaricostilbales|Chionosphaeraceae|Ballistosporomyces|Ballistosporomyces taupoensis	22.000000
barcode21	180	0.000196	2211343;2231374	2211343||Ascomycota|Dothideomycetes|Pleosporales|Pleosporaceae|Curvularia|Curvularia beerburrumensis;2231374||Ascomycota|Dothideomycetes|Pleosporales|Pleosporaceae|Curvularia|Curvularia coatesiae	37.700000
barcode21	181	0.000074	2877786	2877786||Basidiomycota|Cystobasidiomycetes|Cystobasidiales|Microsporomycetaceae|Microsporomyces|Microsporomyces rubellus	14.200000
barcode21	182	0.000756	2211344;2211346	2211344||Ascomycota|Dothideomycetes|Pleosporales|Pleosporaceae|Curvularia|Curvularia boeremae;2211346||Ascomycota|Dothideomycetes|Pleosporales|Pleosporaceae|Curvularia|Curvularia colbranii	144.900000
barcode21	183	0.000113	2877785	2877785||Basidiomycota|Cystobasidiomycetes|Cystobasidiales|Microsporomycetaceae|Microsporomyces|Microsporomyces ellipsoideus	21.700000
barcode21	184	0.000113	2070752	2070752||Ascomycota|Eurotiomycetes|Eurotiales|Aspergillaceae|Aspergillus|Aspergillus noonimiae	21.700000
barcode21	185	0.000078	3064266	3064266||Mucoromycota|Umbelopsidomycetes|Umbelopsidales|Umbelopsidaceae|Umbelopsis|Umbelopsis curvata	15.000000
barcode21	186	0.000243	706556	706556||Ascomycota|Dothideomycetes|Mycosphaerellales|Neodevriesiaceae|Neodevriesia|Neodevriesia hilliana	46.600000
barcode21	187	0.000448	2292779	2292779||Basidiomycota|Tremellomycetes|Filobasidiales|Piskurozymaceae|Solicoccozyma|Solicoccozyma zizaniae	85.800000
barcode21	188	0.005348	2822377;2822381	2822377||Basidiomycota|Agaricomycetes|Cantharellales|Hydnaceae|Hydnum|Hydnum cremeoalbum;2822381||Basidiomycota|Agaricomycetes|Cantharellales|Hydnaceae|Hydnum|Hydnum pinicola	1024.900000
barcode21	189	0.000285	582727	582727||Basidiomycota|Pucciniomycetes|Pucciniales|Pucciniaceae|Puccinia|Puccinia emaculata	54.600000
barcode21	19	0.000305	1809268	1809268||Ascomycota|Sordariomycetes||Atractosporaceae|Atractospora|Atractospora decumbens	58.500000
barcode21	190	0.000092	2822382	2822382||Basidiomycota|Agaricomycetes|Cantharellales|Hydnaceae|Hydnum|Hydnum itachiharitake	17.500000
barcode21	191	0.000208	2877788	2877788||Basidiomycota|Cystobasidiomycetes||Symmetrosporaceae|Symmetrospora|Symmetrospora rhododendri	39.800000
barcode21	194	0.000530	1754191	1754191||Chytridiomycota|Neocallimastigomycetes|Neocallimastigales|Neocallimastigaceae|Piromyces|Piromyces finnis	101.500000
barcode21	195	0.000396	1395791	1395791||Chytridiomycota|Chytridiomycetes|Rhizophydiales|Pateramycetaceae|Pateramyces|Pateramyces corrientinensis	75.900000
barcode21	196	0.000233	2877792	2877792||Basidiomycota|Cystobasidiomycetes|Cystobasidiales||Begerowomyces|Begerowomyces foliicola	44.600000
barcode21	197	0.001609	2558025	2558025||Basidiomycota|Pucciniomycetes|Pucciniales|Milesinaceae|Milesina|Milesina woodwardiana	308.300000
barcode21	198	0.000098	2859061	2859061||Basidiomycota|Agaricomycetes|Corticiales|Corticiaceae|Sistotrema|Sistotrema chloroporum	18.800000
barcode21	2	0.000110	28565	28565||Ascomycota|Eurotiomycetes|Eurotiales|Trichocomaceae|Thermomyces|Thermomyces dupontii	21.000000
barcode21	20	0.000078	1750568	1750568||Basidiomycota|Agaricomycetes|Cantharellales|Hydnaceae|Cantharellus|Cantharellus anzutake	15.000000
barcode21	200	0.019904	150278	150278||Chytridiomycota|Monoblepharidomycetes|Monoblepharidales|Monoblepharidaceae|Monoblepharis|Monoblepharis macrandra	3814.300000
barcode21	201	0.000112	2877791	2877791||Basidiomycota|Cystobasidiomycetes|Cystobasidiales||Robertozyma|Robertozyma ningxiaensis	21.500000
barcode21	202	0.000103	1055356	1055356||Basidiomycota|Agaricomycetes|Agaricales|Amanitaceae|Amanita|Amanita vernicoccora	19.700000
barcode21	204	0.000110	2823044	2823044||Basidiomycota|Agaricomycetes|Cantharellales|Hydnaceae|Hydnum|Hydnum minospororufescens	21.100000
barcode21	205	0.010335	27376	27376||Mucoromycota|Glomeromycetes|Diversisporales|Acaulosporaceae|Acaulospora|Acaulospora colombiana	1980.600000
barcode21	206	0.000216	181047	181047||Zoopagomycota|Basidiobolomycetes|Basidiobolales|Basidiobolaceae|Basidiobolus|Basidiobolus microsporus	41.500000
barcode21	207	0.000138	382531	382531||Chytridiomycota|Chytridiomycetes|Rhizophydiales|Protrudomycetaceae|Protrudomyces|Protrudomyces lateralis	26.400000
barcode21	208	0.000365	442443	442443||Basidiomycota|Agaricomycetes|Agaricales|Cortinariaceae|Cortinarius|Cortinarius carranzae	70.000000
barcode21	209	0.000107	95746	95746||Ascomycota|Dothideomycetes|Pleosporales|Pleosporaceae|Exserohilum|Exserohilum minor	20.600000
barcode21	21	0.000749	64504	64504||Blastocladiomycota|Blastocladiomycetes|Blastocladiales|Blastocladiaceae|Allomyces|Allomyces arbusculus	143.500000
barcode21	210	0.000115	2937977	2937977||Basidiomycota|Agaricomycetes|Cantharellales|Hydnaceae|Hydnum|Hydnum subberkeleyanum	21.900000
barcode21	211	0.000447	3231534	3231534||Chytridiomycota|Chytridiomycetes|Rhizophydiales|Pateramycetaceae|Pateramyces|Pateramyces pingflumenensis	85.700000
barcode21	213	0.000137	2877758	2877758||Basidiomycota|Tremellomycetes|Holtermanniales||Holtermannia|Holtermannia saccardoi	26.300000
barcode21	215	0.000082	36751	36751||Mucoromycota|Glomeromycetes|Glomerales|Glomeraceae||	15.700000
barcode21	216	0.001267	415601	415601||Mucoromycota|Glomeromycetes|Diversisporales|Diversisporaceae|Redeckera|Redeckera megalocarpum	242.900000
barcode21	218	0.000636	2608273	2608273||Ascomycota|Pezizomycetes|Pezizales|Pezizaceae|Terfezia|Terfezia dunensis	121.900000
barcode21	219	0.000212	2877730;2877732	2877730||Basidiomycota|Tremellomycetes|Tremellales|Cryptococcaceae|Teunia|Teunia helanensis;2877732||Basidiomycota|Tremellomycetes|Tremellales|Cryptococcaceae|Teunia|Teunia korlaensis	40.600000
barcode21	22	0.000547	4779;67593	4779||Oomycota|Peronosporomycetes|Peronosporales|Peronosporaceae|Bremia|Bremia lactucae;67593||Oomycota|Peronosporomycetes|Peronosporales|Peronosporaceae|Phytophthora|Phytophthora sojae	104.800000
barcode21	220	0.000347	3058948	3058948||Chytridiomycota|Chytridiomycetes|Rhizophydiales|Angulomycetaceae|Angulomyces|Angulomyces solicola	66.400000
barcode21	221	0.000257	1904429	1904429||Basidiomycota|Pucciniomycetes|Pucciniales|Pucciniaceae|Puccinia|Puccinia novopanici	49.300000
barcode21	222	0.008866	2991561	2991561||Mucoromycota|Mortierellomycetes|Mortierellales|Mortierellaceae|Linnemannia|Linnemannia solitaria	1699.000000
barcode21	223	0.000116	1056642	1056642||Ascomycota|Dothideomycetes|Pleosporales|Pleosporaceae|Curvularia|Curvularia tuberculata	22.200000
barcode21	224	0.000055	3237498	3237498||Basidiomycota|Agaricomycetes|Agaricales|Amanitaceae|Amanita|Amanita chepangianoides	10.500000
barcode21	225	0.000263	3231530	3231530||Chytridiomycota|Chytridiomycetes|Rhizophydiales|Angulomycetaceae|Angulomyces|Angulomyces ubonensis	50.400000
barcode21	227	0.000073	1842020	1842020||Ascomycota|Dothideomycetes|Venturiales|Sympoventuriaceae|Neocoleroa|Neocoleroa metrosideri	14.000000
barcode21	228	0.000148	2259113	2259113||Ascomycota|Pezizomycetes|Pezizales|Pezizaceae|Terfezia|Terfezia lusitanica	28.400000
barcode21	229	0.007588	308927	308927||Mucoromycota|Glomeromycetes|Diversisporales|Diversisporaceae|Diversispora|Diversispora spurca	1454.000000
barcode21	23	0.001338	61395	61395||Zoopagomycota|Kickxellomycetes|Kickxellales|Kickxellaceae|Linderina|Linderina pennispora	256.400000
barcode21	230	0.000258	1006457	1006457||Basidiomycota|Pucciniomycetes|Pucciniales|Sphaerophragmiaceae|Dasyspora|Dasyspora frutescentis	49.500000
barcode21	231	0.004222	2650714	2650714||Mucoromycota|Glomeromycetes|Diversisporales|Diversisporaceae|Diversispora|Diversispora aurantia	809.100000
barcode21	232	0.000542	144533	144533||Mucoromycota|Glomeromycetes|Glomerales|Glomeraceae|Glomus|Glomus macrocarpum	103.800000
barcode21	233	0.000211	2710867	2710867||Chytridiomycota|Neocallimastigomycetes|Neocallimastigales|Neocallimastigaceae|Khoyollomyces|Khoyollomyces ramosus	40.300000
barcode21	234	0.000887	90248	90248||Zoopagomycota|Basidiobolomycetes|Basidiobolales|Basidiobolaceae|Basidiobolus|Basidiobolus haptosporus	170.000000
barcode21	237	0.000409	2877726	2877726||Basidiomycota|Tremellomycetes|Tremellales|Bulleribasidiaceae|Vishniacozyma|Vishniacozyma europaea	78.400000
barcode21	238	0.000442	1675846	1675846||Chytridiomycota|Chytridiomycetes|Rhizophydiales|Halomycetaceae|Paludomyces|Paludomyces mangrovei	84.700000
barcode21	239	0.000120	1508247	1508247||Ascomycota|Leotiomycetes|Chaetomellales|Chaetomellaceae|Chaetomella|Chaetomella zambiensis	23.000000
barcode21	24	0.013202	1485682	1485682||Microsporidia||||Mitosporidium|Mitosporidium daphniae	2530.000000
barcode21	241	0.000112	2676910	2676910||Ascomycota|Leotiomycetes|Helotiales|Cordieritidaceae|Annabella|Annabella australiensis	21.400000
barcode21	242	0.000055	2877737	2877737||Basidiomycota|Tremellomycetes|Tremellales|Bulleribasidiaceae|Dioszegia|Dioszegia maotaiensis	10.600000
barcode21	243	0.000060	1915160	1915160||Chytridiomycota|Chytridiomycetes|Spizellomycetales|Spizellomycetaceae|Triparticalcar|Triparticalcar equi	11.400000
barcode21	244	0.000094	54094	54094||Ascomycota|Sporopachydermiomycetes|Sporopachydermiales|Sporopachydermiaceae|Sporopachydermia|Sporopachydermia quercuum	18.000000
barcode21	245	0.000204	1570466	1570466||Ascomycota|Pezizomycetes|Pezizales|Pyronemataceae|Otidea|Otidea brunneoparva	39.000000
barcode21	246	0.000078	2708308	2708308||Basidiomycota|Agaricomycetes|Auriculariales|Exidiaceae|Basidiodendron|Basidiodendron parile	15.000000
barcode21	248	0.000288	1326894	1326894||Ascomycota|Trigonopsidomycetes|Trigonopsidales|Trigonopsidaceae|Tortispora|Tortispora agaves	55.200000
barcode21	249	0.000092	2292778	2292778||Basidiomycota|Tremellomycetes|Tremellales|Rhynchogastremaceae|Papiliotrema|Papiliotrema zeae	17.700000
barcode21	25	0.004609	4785;4787;4792	4785||Oomycota|Peronosporomycetes|Peronosporales|Peronosporaceae|Phytophthora|Phytophthora cinnamomi;4787||Oomycota|Peronosporomycetes|Peronosporales|Peronosporaceae|Phytophthora|Phytophthora infestans;4792||Oomycota|Peronosporomycetes|Peronosporales|Peronosporaceae|Phytophthora|Phytophthora nicotianae	883.200000
barcode21	250	0.000250	308924	308924||Ascomycota|Dipodascomycetes|Dipodascales|Trichomonascaceae|Starmerella|Starmerella riodocensis	47.900000
barcode21	251	0.033151	1972599	1972599||Mucoromycota|Glomeromycetes|Diversisporales|Gigasporaceae|Racocetra|Racocetra crispa	6352.900000
barcode21	252	0.004628	1904436	1904436||Basidiomycota|Pucciniomycetes|Pucciniales|Pucciniaceae|Puccinia|Puccinia wiehei	886.800000
barcode21	254	0.000226	2877725	2877725||Basidiomycota|Tremellomycetes|Tremellales|Bulleribasidiaceae|Vishniacozyma|Vishniacozyma pseudopenaeus	43.400000
barcode21	255	0.000093	1395669	1395669||Chytridiomycota|Chytridiomycetes|Rhizophydiales|Aquamycetaceae|Aquamyces|Aquamyces chlorogonii	17.800000
barcode21	257	0.000150	2580354	2580354||Basidiomycota|Agaricomycetes|Geastrales|Geastraceae|Geastrum|Geastrum lanuginosum	28.700000
barcode21	258	0.001733	2991538	2991538||Mucoromycota|Mortierellomycetes|Mortierellales|Mortierellaceae|Entomortierella|Entomortierella sugadairana	332.100000
barcode21	26	0.000517	936130	936130||Basidiomycota|Agaricomycetes|Boletales|Pisolithaceae|Pisolithus|Pisolithus orientalis	99.000000
barcode21	261	0.000939	115786	115786||Ascomycota|Saccharomycetes|Phaffomycetales|Phaffomycetaceae|Phaffomyces|[Candida] orba	180.000000
barcode21	262	0.000132	2070555	2070555||Basidiomycota|Agaricomycetes|Agaricales|Hygrophoraceae|Hygrophorus|Hygrophorus mesotephrus	25.300000
barcode21	263	0.000221	2877723	2877723||Basidiomycota|Tremellomycetes|Tremellales|Tremellaceae|Tremella|Tremella shuangheensis	42.400000
barcode21	264	0.000331	1651791	1651791||Basidiomycota|Tremellomycetes|Tremellales|Bulleribasidiaceae|Hannaella|Hannaella pagnoccae	63.400000
barcode21	267	0.000060	1647314	1647314||Ascomycota|Sordariomycetes|Coronophorales|Ceratostomataceae|Microthecium|Microthecium ciliatum	11.400000
barcode21	268	0.000158	279323	279323||Basidiomycota|Tremellomycetes|Trichosporonales|Trichosporonaceae|Apiotrichum|Apiotrichum otae	30.400000
barcode21	269	0.000202	3125859	3125859||Basidiomycota|Pucciniomycetes|Pucciniales|Phragmidiaceae|Hamaspora|Hamaspora rubi-alceifolii	38.600000
barcode21	27	0.003385	157072	157072||Oomycota|Saprolegniomycetes|Saprolegniales|Verrucalvaceae|Aphanomyces|Aphanomyces invadans	648.600000
barcode21	270	0.001251	565031;743949;1132468	565031||Ascomycota|Dothideomycetes|Pleosporales|Pleosporaceae|Alternaria|Alternaria terricola;743949||Ascomycota|Dothideomycetes|Pleosporales|Pleosporaceae|Alternaria|Alternaria elegans;1132468||Ascomycota|Dothideomycetes|Pleosporales|Pleosporaceae|Alternaria|Alternaria sorghi	239.800000
barcode21	271	0.001436	1246581	1246581||Cryptomycota||||Paramicrosporidium|Paramicrosporidium saccamoebae	275.100000
barcode21	272	0.000086	879818	879818||Basidiomycota|Tremellomycetes|Trichosporonales|Trichosporonaceae|Apiotrichum|Apiotrichum cacaoliposimile	16.400000
barcode21	273	0.000082	1390525	1390525||Basidiomycota|Tremellomycetes|Tremellales|Bulleribasidiaceae|Bulleribasidium|Bulleribasidium setariae	15.700000
barcode21	274	0.000551	3231536	3231536||Chytridiomycota|Chytridiomycetes|Rhizophydiales|Terramycetaceae|Terramyces|Terramyces aquatica	105.600000
barcode21	275	0.000449	2596947	2596947||Ascomycota|Dipodascomycetes|Dipodascales|Trichomonascaceae|Starmerella|Starmerella vitae	86.100000
barcode21	276	0.000215	266793	266793||Basidiomycota|Tremellomycetes|Tremellales|Bulleribasidiaceae|Vishniacozyma|Vishniacozyma taibaiensis	41.200000
barcode21	277	0.000087	1911174	1911174||Ascomycota|Dothideomycetes|Pleosporales|Leptosphaeriaceae|Leptosphaeria|Leptosphaeria irregularis	16.700000
barcode21	278	0.000095	2877740	2877740||Basidiomycota|Tremellomycetes|Tremellales|Bulleribasidiaceae|Bulleribasidium|Bulleribasidium cremeum	18.300000
barcode21	279	0.000071	2730120	2730120||Mucoromycota|Glomeromycetes|Glomerales|Glomeraceae|Funneliformis|Funneliformis pilosus	13.600000
barcode21	28	0.000649	4754;42068;263815	4754||Ascomycota|Pneumocystomycetes|Pneumocystales|Pneumocystaceae|Pneumocystis|Pneumocystis carinii;42068||Ascomycota|Pneumocystomycetes|Pneumocystales|Pneumocystaceae|Pneumocystis|Pneumocystis jirovecii;263815||Ascomycota|Pneumocystomycetes|Pneumocystales|Pneumocystaceae|Pneumocystis|Pneumocystis murina	124.300000
barcode21	280	0.000611	1133749	1133749||Basidiomycota|Agaricomycetes|Agaricales||Tricholomopsis|Tricholomopsis osiliensis	117.000000
barcode21	281	0.000099	1596014	1596014||Basidiomycota|Agaricomycetes|Thelephorales|Thelephoraceae|Neosarcodon|Neosarcodon umbilicatus	19.000000
barcode21	282	0.000071	1858587	1858587||Ascomycota|Dothideomycetes|Pleosporales|Didymellaceae|Neoascochyta|Neoascochyta cylindrispora	13.600000
barcode21	283	0.000064	1390527	1390527||Basidiomycota|Tremellomycetes|Tremellales|Bulleribasidiaceae|Bulleribasidium|Bulleribasidium wuzhishanense	12.300000
barcode21	284	0.012339	299329	299329||Ascomycota|Pichiomycetes|Serinales|Metschnikowiaceae|Metschnikowia|Metschnikowia vanudenii	2364.600000
barcode21	285	0.000189	1770061	1770061||Ascomycota|Dipodascomycetes|Dipodascales|Trichomonascaceae|Sugiyamaella|Sugiyamaella ayubii	36.300000
barcode21	286	0.000403	1041604	1041604||Ascomycota|Pichiomycetes|Serinales|Metschnikowiaceae|Sungouiella|Sungouiella pseudoflosculorum	77.200000
barcode21	287	0.000057	340170	340170||Ascomycota|Pichiomycetes|Serinales|Debaryomycetaceae|Spathaspora|Spathaspora passalidarum	10.900000
barcode21	289	0.002482	85574	85574||Ascomycota|Pichiomycetes|Serinales|Debaryomycetaceae|Kodamaea|Kodamaea kakaduensis	475.600000
barcode21	29	0.007813	5341;34475;292281;1929756;1977396;2021465;2779259;2911221	5341||Basidiomycota|Agaricomycetes|Agaricales|Agaricaceae|Agaricus|Agaricus bisporus;34475||Basidiomycota|Agaricomycetes|Polyporales|Fomitopsidaceae|Rhodofomes|Rhodofomes roseus;292281||Basidiomycota|Agaricomycetes|Agaricales|Physalacriaceae|Gloiocephala|Gloiocephala aquatica;1929756||Basidiomycota|Agaricomycetes|Agaricales|Physalacriaceae|Desarmillaria|Desarmillaria tabescens;1977396||Basidiomycota|Agaricomycetes|Lepidostromatales|Lepidostromataceae|Sulzbacheromyces|Sulzbacheromyces bicolor;2021465||Basidiomycota|Agaricomycetes|Lepidostromatales|Lepidostromataceae|Sulzbacheromyces|Sulzbacheromyces miomboensis;2779259||Basidiomycota|Agaricomycetes|Agaricales|Squamanitaceae|Squamanita|Squamanita sororcula;2911221||Basidiomycota|Agaricomycetes|Agaricales|Chromocyphellaceae|Chromocyphella|Chromocyphella lamellata	1497.300000
barcode21	290	0.000184	382530	382530||Chytridiomycota|Chytridiomycetes|Rhizophydiales|Gorgonomycetaceae|Gorgonomyces|Gorgonomyces haynaldii	35.300000
barcode21	291	0.000798	1819261	1819261||Ascomycota|Sordariomycetes|Myrmecridiales|Myrmecridiaceae|Myrmecridium|Myrmecridium hiemale	152.900000
barcode21	292	0.000109	399469	399469||Ascomycota|Pichiomycetes|Serinales|Debaryomycetaceae|Diutina|Diutina scorzettiae	20.800000
barcode21	293	0.000824	78545	78545||Mucoromycota|Glomeromycetes|Diversisporales|Acaulosporaceae|Acaulospora|Acaulospora laevis	157.800000
barcode21	294	0.002121	512029	512029||Chytridiomycota|Neocallimastigomycetes|Neocallimastigales|Neocallimastigaceae|Buwchfawromyces|Buwchfawromyces eastonii	406.400000
barcode21	295	0.000349	224212	224212||Ascomycota|Pichiomycetes|Serinales|Debaryomycetaceae||[Candida] anutae	66.800000
barcode21	296	0.001319	2891599	2891599||Ascomycota|Pichiomycetes|Serinales|Metschnikowiaceae|Candidozyma|Candidozyma khanbhai	252.800000
barcode21	297	0.000299	1149710;1206149	1149710||Ascomycota|Dipodascomycetes|Dipodascales|Dipodascaceae|Geotrichum|Geotrichum europaeum;1206149||Ascomycota|Dipodascomycetes|Dipodascales|Dipodascaceae|Geotrichum|Geotrichum pseudocandidum	57.300000
barcode21	298	0.000149	646068;2021042	646068||Ascomycota|Dothideomycetes|Pleosporales|Didymellaceae|Neoascochyta|Neoascochyta paspali;2021042||Ascomycota|Dothideomycetes|Pleosporales|Didymellaceae|Neoascochyta|Neoascochyta soli	28.600000
barcode21	299	0.000202	3231531;3231533	3231531||Chytridiomycota|Chytridiomycetes|Rhizophydiales|Gorgonomycetaceae|Gorgonomyces|Gorgonomyces aquaticus;3231533||Chytridiomycota|Chytridiomycetes|Rhizophydiales|Gorgonomycetaceae|Gorgonomyces|Gorgonomyces chiangraiensis	38.700000
barcode21	3	0.000330	109760	109760||Chytridiomycota|Chytridiomycetes|Spizellomycetales|Spizellomycetaceae|Spizellomyces|Spizellomyces punctatus	63.200000
barcode21	30	0.000068	35128	35128||Bacillariophyta|Coscinodiscophyceae|Thalassiosirales|Thalassiosiraceae|Thalassiosira|Thalassiosira pseudonana	13.100000
barcode21	300	0.000087	77852	77852||Ascomycota|Pichiomycetes|Serinales|Debaryomycetaceae|Kodamaea|Kodamaea nitidulidarum	16.700000
barcode21	301	0.020939	174643	174643||Ascomycota|Pichiomycetes|Serinales|Metschnikowiaceae|Metschnikowia|Metschnikowia dekortorum	4012.700000
barcode21	302	0.000131	3231532	3231532||Chytridiomycota|Chytridiomycetes|Rhizophydiales|Gorgonomycetaceae|Gorgonomyces|Gorgonomyces limnicus	25.000000
barcode21	303	0.001691	3058949	3058949||Chytridiomycota|Chytridiomycetes|Rhizophydiales|Gorgonomycetaceae|Gorgonomyces|Gorgonomyces thailandicus	324.000000
barcode21	304	0.000167	1527289	1527289||Ascomycota|Dipodascomycetes|Dipodascales||Yarrowia|Yarrowia yakushimensis	32.000000
barcode21	305	0.000168	1955261	1955261||Ascomycota|Sordariomycetes|Xylariales|Xylariaceae|Thamnomyces|Thamnomyces dendroideus	32.300000
barcode21	306	0.000085	2576851	2576851||Ascomycota|Pichiomycetes|Serinales|Metschnikowiaceae|Metschnikowia|Metschnikowia amazonensis	16.300000
barcode21	307	0.000129	2571398	2571398||Ascomycota|Sordariomycetes|Chaetosphaeriales|Chaetosphaeriaceae|Fuscocatenula|Fuscocatenula submersa	24.800000
barcode21	31	0.006819	112090	112090||Oomycota|Saprolegniomycetes|Saprolegniales|Verrucalvaceae|Aphanomyces|Aphanomyces astaci	1306.700000
barcode21	32	0.009398	4816;64516;109895;117821;1134076;1134077;1395665;1396493;1396494;1396496;2750447	4816||Chytridiomycota|Chytridiomycetes|Spizellomycetales|Spizellomycetaceae|Spizellomyces|Spizellomyces acuminatus;64516||Chytridiomycota|Chytridiomycetes|Chytridiales|Chytridiaceae|Phlyctochytrium|Phlyctochytrium californicum;109895||Chytridiomycota|Chytridiomycetes|Spizellomycetales|Powellomycetaceae|Powellomyces|Powellomyces hirtus;117821||Chytridiomycota|Chytridiomycetes|Spizellomycetales|Spizellomycetaceae|Spizellomyces|Spizellomyces plurigibbosus;1134076||Chytridiomycota|Chytridiomycetes|Spizellomycetales|Powellomycetaceae|Geranomyces|Geranomyces tanneri;1134077||Chytridiomycota|Chytridiomycetes|Spizellomycetales|Powellomycetaceae|Geranomyces|Geranomyces michiganensis;1395665||Chytridiomycota|Chytridiomycetes|Lobulomycetales|Lobulomycetaceae|Alogomyces|Alogomyces tanneri;1396493||Chytridiomycota|Chytridiomycetes|Spizellomycetales|Powellomycetaceae|Fimicolochytrium|Fimicolochytrium jonesii;1396494||Chytridiomycota|Chytridiomycetes|Spizellomycetales|Powellomycetaceae|Fimicolochytrium|Fimicolochytrium alabamae;1396496||Chytridiomycota|Chytridiomycetes|Spizellomycetales|Powellomycetaceae|Thoreauomyces|Thoreauomyces humboldtii;2750447||Chytridiomycota|Chytridiomycetes|Spizellomycetales|Spizellomycetaceae|Gaertneriomyces|Gaertneriomyces spectabilis	1800.900000
barcode21	34	0.000225	5007	5007||Ascomycota|Pichiomycetes|Pichiales|Pichiaceae|Brettanomyces|Brettanomyces bruxellensis	43.100000
barcode21	35	0.003179	45539;796027;933994;1857663	45539||Ascomycota|Dipodascomycetes|Dipodascales|Trichomonascaceae|Blastobotrys|Blastobotrys chiropterorum;796027||Ascomycota|Dipodascomycetes|Dipodascales|Trichomonascaceae|Sugiyamaella|Sugiyamaella lignohabitans;933994||Ascomycota|Dipodascomycetes|Dipodascales|Trichomonascaceae|Spencermartinsiella|Spencermartinsiella europaea;1857663||Ascomycota|Dipodascomycetes|Dipodascales|Trichomonascaceae|Sugiyamaella|Sugiyamaella mastotermitis	609.300000
barcode21	36	0.029431	151289;463800;564305	151289||Basidiomycota|Tremellomycetes|Tremellales|Bulleribasidiaceae|Vishniacozyma|Vishniacozyma tephrensis;463800||Basidiomycota|Tremellomycetes|Tremellales|Cryptococcaceae|Kwoniella|Kwoniella mangrovensis;564305||Basidiomycota|Tremellomycetes|Tremellales|Cryptococcaceae|Kwoniella|Kwoniella shivajii	5640.100000
barcode21	38	0.034254	5580;43223;62132;84275;112494;122368;129865;131344;133175;134358;162394;329884;372061;418781;470158;1047171;1056133;1306365;1431932;1431937;1508187;1921807;2059835;2315864;2810478;2950318	5580||Ascomycota|Dothideomycetes|Dothideales|Saccotheciaceae|Aureobasidium|Aureobasidium pullulans;43223||Ascomycota|Dothideomycetes|Venturiales|Venturiaceae|Tyrannosorus|Tyrannosorus pinicola;62132||Ascomycota|Dothideomycetes|Mycosphaerellales|Teratosphaeriaceae|Capnobotryella|Capnobotryella renispora;84275||Ascomycota|Dothideomycetes|Mycosphaerellales|Mycosphaerellaceae|Cercospora|Cercospora kikuchii;112494||Ascomycota|Dothideomycetes|Mycosphaerellales|Mycosphaerellaceae|Paramycosphaerella|Paramycosphaerella parkii;122368||Ascomycota|Dothideomycetes|Mycosphaerellales|Mycosphaerellaceae|Cercospora|Cercospora beticola;129865||Ascomycota|Dothideomycetes|Pleosporales|Phaeosphaeriaceae|Septoriella|Septoriella leuchtmannii;131344||Ascomycota|Dothideomycetes|Mycosphaerellales|Mycosphaerellaceae|Pallidocercospora|Pallidocercospora heimii;133175||Ascomycota|Dothideomycetes|Mycosphaerellales|Mycosphaerellaceae|Pseudocercospora|Pseudocercospora angolensis;134358||Ascomycota|Dothideomycetes|Pleosporales|Sporormiaceae|Westerdykella|Westerdykella cylindrica;162394||Ascomycota|Dothideomycetes|Dothideales|Dothideaceae|Dothidea|Dothidea sambuci;329884||Ascomycota|Dothideomycetes|Mycosphaerellales|Teratosphaeriaceae|Friedmanniomyces|Friedmanniomyces simplex;372061||Ascomycota|Dothideomycetes|Pleosporales|Testudinaceae|Lepidosphaeria|Lepidosphaeria nicotiae;418781||Ascomycota|Dothideomycetes|Mycosphaerellales|Teratosphaeriaceae|Teratosphaeria|Teratosphaeria destructans;470158||Ascomycota|Dothideomycetes|Mycosphaerellales|Teratosphaeriaceae|Teratosphaeria|Teratosphaeria stellenboschiana;1047171||Ascomycota|Dothideomycetes|Mycosphaerellales|Mycosphaerellaceae|Zymoseptoria|Zymoseptoria tritici;1056133||Ascomycota|Leotiomycetes|Helotiales|Hamatocanthoscyphaceae|Infundichalara|Infundichalara microchona;1306365||Ascomycota|Dothideomycetes|||Cryomyces|Cryomyces montanus;1431932||Ascomycota|Dothideomycetes|Mycosphaerellales|Mycosphaerellaceae|Amycosphaerella|Amycosphaerella africana;1431937||Ascomycota|Dothideomycetes|Mycosphaerellales|Teratosphaeriaceae|Neocatenulostroma|Neocatenulostroma microsporum;1508187||Ascomycota|Dothideomycetes|Mycosphaerellales|Teratosphaeriaceae|Meristemomyces|Meristemomyces frigidus;1921807||Ascomycota|Dothideomycetes|Pleosporales|Phaeosphaeriaceae|Tintelnotia|Tintelnotia destructans;2059835||Ascomycota|Dothideomycetes|Mycosphaerellales|Mycosphaerellaceae|Exopassalora|Exopassalora zambiae;2315864||Ascomycota|Leotiomycetes|Phacidiales||Ramoconidiophora|Ramoconidiophora euphorbiae;2810478||Ascomycota|Dothideomycetes|Mycosphaerellales|Teratosphaeriaceae|Salinomyces|Salinomyces polonicus;2950318||Ascomycota|Dothideomycetes|Mycosphaerellales|Neodevriesiaceae|Neodevriesia|Neodevriesia kalakoutskii	6564.200000
barcode21	39	0.000548	1392244	1392244||Basidiomycota|Ustilaginomycetes|Ustilaginales||Kalmanozyma|Kalmanozyma brasiliensis	105.000000
barcode21	40	0.000567	4968;51019;78596;1470016;2070753	4968||Ascomycota|Eurotiomycetes|Onygenales|Eremascaceae|Eremascus|Eremascus albus;51019||Ascomycota|Eurotiomycetes|Eurotiales|Aspergillaceae|Aspergillus|Aspergillus heteromorphus;78596||Ascomycota|Eurotiomycetes|Onygenales|Gymnoascaceae|Narasimhella|Narasimhella hyalinospora;1470016||Ascomycota|Eurotiomycetes|Eurotiales|Aspergillaceae|Aspergillus|Aspergillus salinarum;2070753||Ascomycota|Eurotiomycetes|Eurotiales|Aspergillaceae|Aspergillus|Aspergillus sclerotialis	108.600000
barcode21	41	0.005602	13684	13684||Ascomycota|Dothideomycetes|Pleosporales|Phaeosphaeriaceae|Parastagonospora|Parastagonospora nodorum	1073.500000
barcode21	42	0.000643	82268	82268||Chytridiomycota|Monoblepharidomycetes|Monoblepharidales||Hyaloraphidium|Hyaloraphidium curvatum	123.300000
barcode21	44	0.001336	45511;271282;273372;297794;2315449	45511||Ascomycota|Pichiomycetes|Serinales|Debaryomycetaceae|Yamadazyma|Yamadazyma scolyti;271282||Ascomycota|Pichiomycetes|Serinales|Debaryomycetaceae|Spathaspora|Spathaspora jeffriesii;273372||Ascomycota|Pichiomycetes|Serinales|Debaryomycetaceae|Candida|Candida metapsilosis;297794||Ascomycota|Pichiomycetes|Serinales|Debaryomycetaceae|Yamadazyma|[Candida] blattariae;2315449||Ascomycota|Pichiomycetes|Serinales|Debaryomycetaceae|Yamadazyma|Yamadazyma tenuis	256.100000
barcode21	45	0.000147	1806994	1806994||Chytridiomycota|Chytridiomycetes|Synchytriales|Synchytriaceae|Synchytrium|Synchytrium microbalum	28.200000
barcode21	46	0.000837	45271;1068736;1300151;1535305;1739102;1739110;2035830;2935555	45271||Ascomycota|Sordariomycetes|Microascales|Microascaceae|Pseudallescheria|Pseudallescheria ellipsoidea;1068736||Ascomycota|Sordariomycetes|Glomerellales|Australiascaceae|Monilochaetes|Monilochaetes dimorphospora;1300151||Ascomycota|Sordariomycetes|Microascales|Ceratocystidaceae|Solaloca|Solaloca norvegica;1535305||Ascomycota|Sordariomycetes|Microascales|Ceratocystidaceae|Ambrosiella|Ambrosiella roeperi;1739102||Ascomycota|Sordariomycetes|Microascales|Ceratocystidaceae|Ambrosiella|Ambrosiella nakashimae;1739110||Ascomycota|Sordariomycetes|Microascales|Ceratocystidaceae|Meredithiella|Meredithiella norrisii;2035830||Ascomycota|Sordariomycetes|Microascales|Ceratocystidaceae|Berkeleyomyces|Berkeleyomyces rouxiae;2935555||Ascomycota|Sordariomycetes|Microascales|Halosphaeriaceae|Pseudolignincola|Pseudolignincola siamensis	160.500000
barcode21	47	0.000378	2850	2850||Bacillariophyta|Bacillariophyceae|Naviculales|Phaeodactylaceae|Phaeodactylum|Phaeodactylum tricornutum	72.500000
barcode21	48	0.096774	3055;3067	3055||Chlorophyta|Chlorophyceae|Chlamydomonadales|Chlamydomonadaceae|Chlamydomonas|Chlamydomonas reinhardtii;3067||Chlorophyta|Chlorophyceae|Chlamydomonadales|Volvocaceae|Volvox|Volvox carteri	18545.200000
barcode21	49	0.001830	45607;2832334;2832335	45607||Ascomycota|Dipodascomycetes|Dipodascales|Trichomonascaceae|Wickerhamiella|Wickerhamiella sorbophila;2832334||Ascomycota|Dipodascomycetes|Dipodascales|Trichomonascaceae|Wickerhamiella|Wickerhamiella osmotolerans;2832335||Ascomycota|Dipodascomycetes|Dipodascales|Trichomonascaceae|Wickerhamiella|Wickerhamiella tropicalis	350.600000
barcode21	5	0.000056	2602199	2602199||Ascomycota|Lipomycetes|Lipomycetales|Lipomycetaceae|Lipomyces|Lipomyces sakishimensis	10.800000
barcode21	51	0.000431	202755;1652702	202755||Basidiomycota|Ustilaginomycetes|Ustilaginales|Ustilaginaceae|Schizonella|Schizonella caricis-atratae;1652702||Basidiomycota|Ustilaginomycetes|Ustilaginales|Ustilaginaceae|Farysia|Farysia setubalensis	82.600000
barcode21	52	0.000958	89913;89926;264483	89913||Basidiomycota|Tremellomycetes|Cystofilobasidiales|Cystofilobasidiaceae|Cystofilobasidium|Cystofilobasidium infirmominiatum;89926||Basidiomycota|Tremellomycetes|Cystofilobasidiales|Cystofilobasidiaceae|Cystofilobasidium|Cystofilobasidium macerans;264483||Basidiomycota|Tremellomycetes|Cystofilobasidiales|Mrakiaceae|Phaffia|Phaffia rhodozyma	183.700000
barcode21	53	0.001422	45357;56417;418784;1231522	45357||Ascomycota|Pichiomycetes|Serinales|Metschnikowiaceae|Candidozyma|Candidozyma haemuli;56417||Ascomycota|Pichiomycetes|Serinales|Metschnikowiaceae|Metschnikowia|Metschnikowia agaves;418784||Ascomycota|Pichiomycetes|Serinales|Metschnikowiaceae|Candidozyma|Candidozyma pseudohaemuli;1231522||Ascomycota|Pichiomycetes|Serinales|Metschnikowiaceae|Candidozyma|Candidozyma duobushaemuli	272.400000
barcode21	55	0.000098	261099	261099||Chytridiomycota|Chytridiomycetes|Rhizophydiales|Terramycetaceae|Boothiomyces|Boothiomyces macroporosus	18.800000
barcode21	56	0.000163	281847	281847||Cryptomycota||||Rozella|Rozella allomycis	31.300000
barcode21	57	0.000506	27374;1079897	27374||Mucoromycota|Glomeromycetes|Diversisporales|Acaulosporaceae|Acaulospora|Acaulospora spinosa;1079897||Mucoromycota|Glomeromycetes|Diversisporales|Acaulosporaceae|Acaulospora|Acaulospora cavernata	97.000000
barcode21	58	0.038973	324621;1775466;2704021;2704023;2704024;2704025	324621||Mucoromycota|Endogonomycetes|Endogonales|Endogonaceae|Jimgerdemannia|Jimgerdemannia lactiflua;1775466||Mucoromycota|Endogonomycetes|Endogonales|Endogonaceae|Endogone|Endogone corticioides;2704021||Mucoromycota|Endogonomycetes|Endogonales|Endogonaceae|Endogone|Endogone botryocarpus;2704023||Mucoromycota|Endogonomycetes|Endogonales|Endogonaceae|Jimgerdemannia|Jimgerdemannia ambigua;2704024||Mucoromycota|Endogonomycetes|Endogonales|Endogonaceae|Vinositunica|Vinositunica radiata;2704025||Mucoromycota|Endogonomycetes|Endogonales|Endogonaceae|Vinositunica|Vinositunica ingens	7468.400000
barcode21	60	0.000659	45553	45553||Ascomycota|Dipodascomycetes|Dipodascales|Trichomonascaceae|Wickerhamiella|Wickerhamiella galacta	126.400000
barcode21	61	0.001284	54193	54193||Ascomycota|Pichiomycetes|Pichiales|Pichiaceae|Pichia|[Candida] silvatica	246.000000
barcode21	62	0.004687	61418	61418||Zoopagomycota|Kickxellomycetes|Kickxellales|Kickxellaceae|Spiromyces|Spiromyces minutus	898.200000
barcode21	63	0.005903	1208333	1208333||Mucoromycota|Glomeromycetes|Diversisporales|Gigasporaceae|Dentiscutata|Dentiscutata savannicola	1131.200000
barcode21	64	0.000157	36021;49324	36021||Ascomycota|Saccharomycetes|Phaffomycetales|Phaffomycetaceae|Starmera|Starmera dryadoides;49324||Ascomycota|Saccharomycetes|Phaffomycetales|Phaffomycetaceae|Starmera|[Candida] dendrica	30.000000
barcode21	65	0.000161	68401	68401||Zoopagomycota|Kickxellomycetes|Kickxellales|Kickxellaceae|Spiromyces|Spiromyces aspiralis	30.900000
barcode21	66	0.005061	5491;45354;46584;46585;78172;391824	5491||Ascomycota|Pichiomycetes|Serinales|Metschnikowiaceae|Helenozyma|Helenozyma melibiosica;45354||Ascomycota|Pichiomycetes|Serinales|Metschnikowiaceae|Sungouiella|Sungouiella intermedia;46584||Ascomycota|Pichiomycetes|Serinales|Metschnikowiaceae|Danielia|Danielia oregonensis;46585||Ascomycota|Pichiomycetes|Serinales|Metschnikowiaceae|Sungouiella|Sungouiella pseudointermedia;78172||Ascomycota|Pichiomycetes|Serinales|Metschnikowiaceae|Sungouiella|Sungouiella akabanensis;391824||Ascomycota|Pichiomycetes|Serinales|Metschnikowiaceae|Sungouiella|Sungouiella blattae	969.900000
barcode21	68	0.002132	78917	78917||Zoopagomycota|Zoopagomycetes|Zoopagales|Piptocephalidaceae|Piptocephalis|Piptocephalis corymbifera	408.500000
barcode21	69	0.000098	44066	44066||Ascomycota|Dipodascomycetes|Dipodascales|Dipodascaceae|Geotrichum|Geotrichum fermentans	18.800000
barcode21	70	0.000068	324673	324673||Chytridiomycota|Chytridiomycetes|Rhizophydiales|Rhizophydiaceae|Rhizophydium|Rhizophydium brooksianum	13.100000
barcode21	71	0.002561	34356;95809;234567;234568	34356||Ascomycota|Pichiomycetes|Serinales|Debaryomycetaceae|Kodamaea|Kodamaea ohmeri;95809||Ascomycota|Pichiomycetes|Serinales|Debaryomycetaceae|Kodamaea|Kodamaea fungicola;234567||Ascomycota|Pichiomycetes|Serinales|Debaryomycetaceae|Kodamaea|Kodamaea derodonti;234568||Ascomycota|Pichiomycetes|Serinales|Debaryomycetaceae|Kodamaea|Kodamaea arcana	490.800000
barcode21	72	0.000937	246081;507509	246081||Ascomycota|Pichiomycetes|Serinales|Debaryomycetaceae|Suhomyces|Suhomyces kunorum;507509||Ascomycota|Pichiomycetes|Serinales|Debaryomycetaceae|Danielozyma|Danielozyma litseae	179.500000
barcode21	73	0.002135	243823;243824;1985864;1985866;3044046	243823||Basidiomycota|Microbotryomycetes|Sporidiobolales|Sporidiobolaceae|Sporobolomyces|Sporobolomyces beijingensis;243824||Basidiomycota|Microbotryomycetes|Sporidiobolales|Sporidiobolaceae|Sporobolomyces|Sporobolomyces jilinensis;1985864||Basidiomycota|Microbotryomycetes|Heitmaniales|Heitmaniaceae|Heitmania|Heitmania litseae;1985866||Basidiomycota|Microbotryomycetes|Heitmaniales|Heitmaniaceae|Heitmania|Heitmania elacocarpi;3044046||Basidiomycota|Microbotryomycetes|Leucosporidiales|Leucosporidiaceae|Leucosporidium|Leucosporidium egoroviorum	409.200000
barcode21	74	0.000442	44082;169509;1249076	44082||Ascomycota|Pichiomycetes|Pichiales|Pichiaceae|Ambrosiozyma|Ambrosiozyma cicatricosa;169509||Ascomycota|Pichiomycetes|Pichiales|Pichiaceae|Ogataea|Ogataea trehaloabstinens;1249076||Ascomycota|Pichiomycetes|Pichiales|Pichiaceae|Ogataea|Ogataea wickerhamii	84.600000
barcode21	77	0.001735	2588764	2588764||Mucoromycota|Glomeromycetes|Archaeosporales|Archaeosporaceae|Archaeospora|Archaeospora ecuadoriana	332.600000
barcode21	78	0.007814	4860;423455	4860||Zoopagomycota|Basidiobolomycetes|Basidiobolales|Basidiobolaceae|Basidiobolus|Basidiobolus magnus;423455||Zoopagomycota|Basidiobolomycetes|Basidiobolales|Basidiobolaceae|Basidiobolus|Basidiobolus heterosporus	1497.500000
barcode21	79	0.000588	5606	5606||Ascomycota||||Saitoella|Saitoella complicata	112.600000
barcode21	8	0.000068	293243	293243||Ascomycota|Eurotiomycetes|Sclerococcales|Dactylosporaceae|Rhopalophora|Rhopalophora clavispora	13.000000
barcode21	81	0.000070	93612	93612||Ascomycota|Dothideomycetes|Pleosporales|Pleosporaceae|Exserohilum|Exserohilum turcicum	13.300000
barcode21	82	0.000494	54100;54101;383838	54100||Ascomycota|Lipomycetes|Lipomycetales|Lipomycetaceae|Myxozyma|Myxozyma udenii;54101||Ascomycota|Lipomycetes|Lipomycetales|Lipomycetaceae|Myxozyma|Myxozyma vanderwaltii;383838||Ascomycota|Lipomycetes|Lipomycetales|Lipomycetaceae|Myxozyma|Myxozyma neglecta	94.700000
barcode21	83	0.000506	652156;2854244;2956821	652156||Ascomycota|Dothideomycetes|Venturiales|Sympoventuriaceae|Fuscohilum|Fuscohilum siciliana;2854244||Ascomycota|Dothideomycetes|Venturiales|Sympoventuriaceae|Verruconis|Verruconis cylindricalis;2956821||Ascomycota|Dothideomycetes|Venturiales|Sympoventuriaceae|Scolecobasidium|Scolecobasidium obovoideum	96.900000
barcode21	84	0.001121	2605921	2605921||Ascomycota||||Novakomyces|Novakomyces olei	214.800000
barcode21	85	0.000191	911321	911321||Mucoromycota||Calcarisporiellales|Calcarisporiellaceae|Calcarisporiella|Calcarisporiella thermophila	36.500000
barcode21	86	0.000577	36028;53607;65818	36028||Ascomycota|Saccharomycetes|Phaffomycetales|Phaffomycetaceae|Cyberlindnera|Cyberlindnera petersonii;53607||Ascomycota|Saccharomycetes|Phaffomycetales|Phaffomycetaceae|Cyberlindnera|Cyberlindnera mississippiensis;65818||Ascomycota|Saccharomycetes|Phaffomycetales|Phaffomycetaceae|Cyberlindnera|Cyberlindnera lachancei	110.600000
barcode21	88	0.000411	1006461;1548888;2775103	1006461||Basidiomycota|Pucciniomycetes|Pucciniales|Sphaerophragmiaceae|Dasyspora|Dasyspora nitidae;1548888||Basidiomycota|Pucciniomycetes|Pucciniales|Pucciniastraceae|Pucciniastrum|Pucciniastrum myosotidii;2775103||Basidiomycota|Pucciniomycetes|Pucciniales|Pucciniaceae|Puccinia|Puccinia xinyuanensis	78.800000
barcode21	89	0.000071	208486	208486||Ascomycota|Pichiomycetes|Serinales|Metschnikowiaceae|Metschnikowia|Metschnikowia rancensis	13.700000
barcode21	9	0.000229	417184	417184||Zoopagomycota|Kickxellomycetes|Kickxellales|Kickxellaceae|Mycoemilia|Mycoemilia scoparia	43.900000
barcode21	90	0.002741	2201245	2201245||Ascomycota|Pichiomycetes|Serinales|Metschnikowiaceae|Metschnikowia|Metschnikowia laotica	525.200000
barcode21	91	0.002029	45792	45792||Ascomycota|Lipomycetes|Lipomycetales|Lipomycetaceae|Lipomyces|Lipomyces oligophaga	388.800000
barcode21	92	0.000068	71795	71795||Basidiomycota|Tremellomycetes|Tremellales|Tremellaceae|Tremella|Tremella tropica	13.000000
barcode21	93	0.000324	104408;104415;610337	104408||Basidiomycota|Tremellomycetes|Filobasidiales|Filobasidiaceae|Naganishia|Naganishia liquefaciens;104415||Basidiomycota|Tremellomycetes|Filobasidiales|Filobasidiaceae|Naganishia|Naganishia uzbekistanensis;610337||Basidiomycota|Tremellomycetes|Filobasidiales|Filobasidiaceae|Naganishia|Naganishia cerealis	62.100000
barcode21	95	0.000558	2027812	2027812||Basidiomycota|Classiculomycetes|Classiculales|Classiculaceae|Classicula|Classicula sinensis	107.000000
barcode21	96	0.000128	1961798	1961798||Ascomycota|Lecanoromycetes|Ostropales|Stictidaceae|Cyanodermella|Cyanodermella oleoligni	24.600000
barcode21	97	0.006463	1661796;1661797;2036938;2036939;2036943	1661796||Ascomycota|Sordariomycetes|Coronophorales|Ceratostomataceae|Dactylidispora|Dactylidispora ellipsospora;1661797||Ascomycota|Sordariomycetes|Coronophorales|Ceratostomataceae|Dactylidispora|Dactylidispora singaporensis;2036938||Ascomycota|Sordariomycetes|Coronophorales|Ceratostomataceae|Harzia|Harzia macrospora;2036939||Ascomycota|Sordariomycetes|Coronophorales|Ceratostomataceae|Harzia|Harzia patula;2036943||Ascomycota|Sordariomycetes|Coronophorales|Ceratostomataceae|Harzia|Harzia palmara	1238.500000
barcode21	98	0.000060	447950;447962	447950||Chytridiomycota|Chytridiomycetes|Lobulomycetales|Lobulomycetaceae|Lobulomyces|Lobulomyces poculatus;447962||Chytridiomycota|Chytridiomycetes|Lobulomycetales|Lobulomycetaceae|Clydaea|Clydaea vesicula	11.500000
barcode21	99	0.000372	1307819;1367421	1307819||Ascomycota|Eurotiomycetes|Chaetothyriales|Herpotrichiellaceae|Cladophialophora|Cladophialophora humicola;1367421||Ascomycota|Eurotiomycetes|Chaetothyriales|Herpotrichiellaceae|Fonsecaea|Fonsecaea minima	71.200000
unclassified	0	0.005412	55514;181762;742028;2565641;2576354;2841483;2877764	55514||Basidiomycota|Agaricomycetes|Russulales|Russulaceae|Lactarius|Lactarius deliciosus;181762||Basidiomycota|Agaricomycetes|Agaricales|Strophariaceae|Psilocybe|Psilocybe cubensis;742028||Basidiomycota|Agaricomycetes|Agaricales||Xeromphalina|Xeromphalina setulipes;2565641||Basidiomycota|Agaricomycetes|Thelephorales|Thelephoraceae|Tomentella|Tomentella longiechinula;2576354||Basidiomycota|Agaricomycetes|Agaricales|Pluteaceae|Volvariella|Volvariella pulla;2841483||Basidiomycota|Agaricomycetes|Thelephorales|Thelephoraceae|Tomentella|Tomentella exiguelata;2877764||Basidiomycota|Tremellomycetes|Cystofilobasidiales|Mrakiaceae|Phaffia|Phaffia aurantiaca	101.600000
unclassified	1	0.000534	554065	554065||Chlorophyta|Trebouxiophyceae|Chlorellales|Chlorellaceae|Chlorella|Chlorella variabilis	10.000000
unclassified	10	0.001613	1873960	1873960||Ascomycota|Dothideomycetes|Mycosphaerellales|Mycosphaerellaceae|Pseudocercospora|Pseudocercospora fijiensis	30.300000
unclassified	104	0.000906	1809185	1809185||Ascomycota|Sordariomycetes|Pleurotheciales|Pleurotheciaceae|Adelosphaeria|Adelosphaeria catenata	17.000000
unclassified	113	0.002779	1486924	1486924||Chytridiomycota|Chytridiomycetes|Gromochytriales|Gromochytriaceae|Gromochytrium|Gromochytrium mamkaevae	52.200000
unclassified	116	0.004273	2681178	2681178||Ascomycota|Sordariomycetes|Meliolales|Meliolaceae|Meliola|Meliola pottsiae	80.200000
unclassified	121	0.005295	2654861	2654861||Chytridiomycota|Chytridiomycetes||Quaeritorhizaceae|Quaeritorhiza|Quaeritorhiza haematococci	99.400000
unclassified	122	0.024158	693156	693156||Chytridiomycota|Chytridiomycetes|Chytridiales|Chytridiaceae|Chytridium|Chytridium olla	453.400000
unclassified	125	0.001392	2877801	2877801||Basidiomycota|Microbotryomycetes|Microbotryales|Ustilentylomataceae|Microbotryozyma|Microbotryozyma swertiae	26.100000
unclassified	130	0.000803	1123529	1123529||Chytridiomycota|Monoblepharidomycetes|Monoblepharidales|Gonapodyaceae|Gonapodya|Gonapodya prolifera	15.100000
unclassified	137	0.003162	2943438	2943438||Basidiomycota|Agaricomycetes|Cantharellales|Hydnaceae|Hydnum|Hydnum reginae	59.300000
unclassified	140	0.000586	2565639	2565639||Basidiomycota|Agaricomycetes|Thelephorales|Thelephoraceae|Tomentella|Tomentella bidoupensis	11.000000
unclassified	152	0.000926	2494425	2494425||Basidiomycota|Agaricomycetes|Gomphales|Lentariaceae|Lentaria|Lentaria variabilis	17.400000
unclassified	157	0.001331	1403820	1403820||Basidiomycota|Agaricomycetes|Corticiales|Corticiaceae|Sistotrema|Sistotrema luteoviride	25.000000
unclassified	165	0.001197	2877761;2877762	2877761||Basidiomycota|Tremellomycetes|Filobasidiales|Filobasidiaceae|Filobasidium|Filobasidium globosum;2877762||Basidiomycota|Tremellomycetes|Filobasidiales|Filobasidiaceae|Filobasidium|Filobasidium mali	22.500000
unclassified	168	0.001148	1918531;1918532;1918533;1918535	1918531||Ascomycota|Dothideomycetes|Pleosporales|Pleosporaceae|Bipolaris|Bipolaris shoemakeri;1918532||Ascomycota|Dothideomycetes|Pleosporales|Pleosporaceae|Bipolaris|Bipolaris simmondsii;1918533||Ascomycota|Dothideomycetes|Pleosporales|Pleosporaceae|Bipolaris|Bipolaris sivanesaniana;1918535||Ascomycota|Dothideomycetes|Pleosporales|Pleosporaceae|Bipolaris|Bipolaris woodii	21.500000
unclassified	179	0.002238	2877793;2877794;2877821	2877793||Basidiomycota|Microbotryomycetes|Sporidiobolales|Sporidiobolaceae|Sporobolomyces|Sporobolomyces cellobiolyticus;2877794||Basidiomycota|Microbotryomycetes|Sporidiobolales|Sporidiobolaceae|Sporobolomyces|Sporobolomyces ellipsoideus;2877821||Basidiomycota|Microbotryomycetes|Sporidiobolales|Sporidiobolaceae|Sporobolomyces|Sporobolomyces reniformis	42.000000
unclassified	188	0.005927	2822377;2822381	2822377||Basidiomycota|Agaricomycetes|Cantharellales|Hydnaceae|Hydnum|Hydnum cremeoalbum;2822381||Basidiomycota|Agaricomycetes|Cantharellales|Hydnaceae|Hydnum|Hydnum pinicola	111.300000
unclassified	197	0.003033	2558025	2558025||Basidiomycota|Pucciniomycetes|Pucciniales|Milesinaceae|Milesina|Milesina woodwardiana	56.900000
unclassified	200	0.022575	150278	150278||Chytridiomycota|Monoblepharidomycetes|Monoblepharidales|Monoblepharidaceae|Monoblepharis|Monoblepharis macrandra	423.700000
unclassified	205	0.012002	27376	27376||Mucoromycota|Glomeromycetes|Diversisporales|Acaulosporaceae|Acaulospora|Acaulospora colombiana	225.300000
unclassified	216	0.001155	415601	415601||Mucoromycota|Glomeromycetes|Diversisporales|Diversisporaceae|Redeckera|Redeckera megalocarpum	21.700000
unclassified	218	0.000583	2608273	2608273||Ascomycota|Pezizomycetes|Pezizales|Pezizaceae|Terfezia|Terfezia dunensis	10.900000
unclassified	222	0.010403	2991561	2991561||Mucoromycota|Mortierellomycetes|Mortierellales|Mortierellaceae|Linnemannia|Linnemannia solitaria	195.300000
unclassified	229	0.007837	308927	308927||Mucoromycota|Glomeromycetes|Diversisporales|Diversisporaceae|Diversispora|Diversispora spurca	147.100000
unclassified	23	0.000929	61395	61395||Zoopagomycota|Kickxellomycetes|Kickxellales|Kickxellaceae|Linderina|Linderina pennispora	17.400000
unclassified	231	0.003296	2650714	2650714||Mucoromycota|Glomeromycetes|Diversisporales|Diversisporaceae|Diversispora|Diversispora aurantia	61.900000
unclassified	234	0.000746	90248	90248||Zoopagomycota|Basidiobolomycetes|Basidiobolales|Basidiobolaceae|Basidiobolus|Basidiobolus haptosporus	14.000000
unclassified	24	0.014254	1485682	1485682||Microsporidia||||Mitosporidium|Mitosporidium daphniae	267.500000
unclassified	25	0.003890	4785;4787;4792	4785||Oomycota|Peronosporomycetes|Peronosporales|Peronosporaceae|Phytophthora|Phytophthora cinnamomi;4787||Oomycota|Peronosporomycetes|Peronosporales|Peronosporaceae|Phytophthora|Phytophthora infestans;4792||Oomycota|Peronosporomycetes|Peronosporales|Peronosporaceae|Phytophthora|Phytophthora nicotianae	73.000000
unclassified	251	0.043533	1972599	1972599||Mucoromycota|Glomeromycetes|Diversisporales|Gigasporaceae|Racocetra|Racocetra crispa	817.100000
unclassified	252	0.005717	1904436	1904436||Basidiomycota|Pucciniomycetes|Pucciniales|Pucciniaceae|Puccinia|Puccinia wiehei	107.300000
unclassified	255	0.000812	1395669	1395669||Chytridiomycota|Chytridiomycetes|Rhizophydiales|Aquamycetaceae|Aquamyces|Aquamyces chlorogonii	15.200000
unclassified	258	0.001245	2991538	2991538||Mucoromycota|Mortierellomycetes|Mortierellales|Mortierellaceae|Entomortierella|Entomortierella sugadairana	23.400000
unclassified	261	0.001357	115786	115786||Ascomycota|Saccharomycetes|Phaffomycetales|Phaffomycetaceae|Phaffomyces|[Candida] orba	25.500000
unclassified	27	0.002616	157072	157072||Oomycota|Saprolegniomycetes|Saprolegniales|Verrucalvaceae|Aphanomyces|Aphanomyces invadans	49.100000
unclassified	271	0.001344	1246581	1246581||Cryptomycota||||Paramicrosporidium|Paramicrosporidium saccamoebae	25.200000
unclassified	280	0.000844	1133749	1133749||Basidiomycota|Agaricomycetes|Agaricales||Tricholomopsis|Tricholomopsis osiliensis	15.800000
unclassified	284	0.008429	299329	299329||Ascomycota|Pichiomycetes|Serinales|Metschnikowiaceae|Metschnikowia|Metschnikowia vanudenii	158.200000
unclassified	289	0.001882	85574	85574||Ascomycota|Pichiomycetes|Serinales|Debaryomycetaceae|Kodamaea|Kodamaea kakaduensis	35.300000
unclassified	29	0.011867	5341;34475;292281;1929756;1977396;2021465;2779259;2911221	5341||Basidiomycota|Agaricomycetes|Agaricales|Agaricaceae|Agaricus|Agaricus bisporus;34475||Basidiomycota|Agaricomycetes|Polyporales|Fomitopsidaceae|Rhodofomes|Rhodofomes roseus;292281||Basidiomycota|Agaricomycetes|Agaricales|Physalacriaceae|Gloiocephala|Gloiocephala aquatica;1929756||Basidiomycota|Agaricomycetes|Agaricales|Physalacriaceae|Desarmillaria|Desarmillaria tabescens;1977396||Basidiomycota|Agaricomycetes|Lepidostromatales|Lepidostromataceae|Sulzbacheromyces|Sulzbacheromyces bicolor;2021465||Basidiomycota|Agaricomycetes|Lepidostromatales|Lepidostromataceae|Sulzbacheromyces|Sulzbacheromyces miomboensis;2779259||Basidiomycota|Agaricomycetes|Agaricales|Squamanitaceae|Squamanita|Squamanita sororcula;2911221||Basidiomycota|Agaricomycetes|Agaricales|Chromocyphellaceae|Chromocyphella|Chromocyphella lamellata	222.700000
unclassified	291	0.001111	1819261	1819261||Ascomycota|Sordariomycetes|Myrmecridiales|Myrmecridiaceae|Myrmecridium|Myrmecridium hiemale	20.800000
unclassified	293	0.001157	78545	78545||Mucoromycota|Glomeromycetes|Diversisporales|Acaulosporaceae|Acaulospora|Acaulospora laevis	21.700000
unclassified	294	0.002238	512029	512029||Chytridiomycota|Neocallimastigomycetes|Neocallimastigales|Neocallimastigaceae|Buwchfawromyces|Buwchfawromyces eastonii	42.000000
unclassified	296	0.000983	2891599	2891599||Ascomycota|Pichiomycetes|Serinales|Metschnikowiaceae|Candidozyma|Candidozyma khanbhai	18.500000
unclassified	3	0.001185	109760	109760||Chytridiomycota|Chytridiomycetes|Spizellomycetales|Spizellomycetaceae|Spizellomyces|Spizellomyces punctatus	22.200000
unclassified	301	0.015458	174643	174643||Ascomycota|Pichiomycetes|Serinales|Metschnikowiaceae|Metschnikowia|Metschnikowia dekortorum	290.100000
unclassified	303	0.001842	3058949	3058949||Chytridiomycota|Chytridiomycetes|Rhizophydiales|Gorgonomycetaceae|Gorgonomyces|Gorgonomyces thailandicus	34.600000
unclassified	31	0.004985	112090	112090||Oomycota|Saprolegniomycetes|Saprolegniales|Verrucalvaceae|Aphanomyces|Aphanomyces astaci	93.600000
unclassified	32	0.009657	4816;64516;109895;117821;1134076;1134077;1395665;1396493;1396494;1396496;2750447	4816||Chytridiomycota|Chytridiomycetes|Spizellomycetales|Spizellomycetaceae|Spizellomyces|Spizellomyces acuminatus;64516||Chytridiomycota|Chytridiomycetes|Chytridiales|Chytridiaceae|Phlyctochytrium|Phlyctochytrium californicum;109895||Chytridiomycota|Chytridiomycetes|Spizellomycetales|Powellomycetaceae|Powellomyces|Powellomyces hirtus;117821||Chytridiomycota|Chytridiomycetes|Spizellomycetales|Spizellomycetaceae|Spizellomyces|Spizellomyces plurigibbosus;1134076||Chytridiomycota|Chytridiomycetes|Spizellomycetales|Powellomycetaceae|Geranomyces|Geranomyces tanneri;1134077||Chytridiomycota|Chytridiomycetes|Spizellomycetales|Powellomycetaceae|Geranomyces|Geranomyces michiganensis;1395665||Chytridiomycota|Chytridiomycetes|Lobulomycetales|Lobulomycetaceae|Alogomyces|Alogomyces tanneri;1396493||Chytridiomycota|Chytridiomycetes|Spizellomycetales|Powellomycetaceae|Fimicolochytrium|Fimicolochytrium jonesii;1396494||Chytridiomycota|Chytridiomycetes|Spizellomycetales|Powellomycetaceae|Fimicolochytrium|Fimicolochytrium alabamae;1396496||Chytridiomycota|Chytridiomycetes|Spizellomycetales|Powellomycetaceae|Thoreauomyces|Thoreauomyces humboldtii;2750447||Chytridiomycota|Chytridiomycetes|Spizellomycetales|Spizellomycetaceae|Gaertneriomyces|Gaertneriomyces spectabilis	181.200000
unclassified	35	0.003785	45539;796027;933994;1857663	45539||Ascomycota|Dipodascomycetes|Dipodascales|Trichomonascaceae|Blastobotrys|Blastobotrys chiropterorum;796027||Ascomycota|Dipodascomycetes|Dipodascales|Trichomonascaceae|Sugiyamaella|Sugiyamaella lignohabitans;933994||Ascomycota|Dipodascomycetes|Dipodascales|Trichomonascaceae|Spencermartinsiella|Spencermartinsiella europaea;1857663||Ascomycota|Dipodascomycetes|Dipodascales|Trichomonascaceae|Sugiyamaella|Sugiyamaella mastotermitis	71.000000
unclassified	36	0.025713	151289;463800;564305	151289||Basidiomycota|Tremellomycetes|Tremellales|Bulleribasidiaceae|Vishniacozyma|Vishniacozyma tephrensis;463800||Basidiomycota|Tremellomycetes|Tremellales|Cryptococcaceae|Kwoniella|Kwoniella mangrovensis;564305||Basidiomycota|Tremellomycetes|Tremellales|Cryptococcaceae|Kwoniella|Kwoniella shivajii	482.600000
unclassified	38	0.027953	5580;43223;62132;84275;112494;122368;129865;131344;133175;134358;162394;329884;372061;418781;470158;1047171;1056133;1306365;1431932;1431937;1508187;1921807;2059835;2315864;2810478;2950318	5580||Ascomycota|Dothideomycetes|Dothideales|Saccotheciaceae|Aureobasidium|Aureobasidium pullulans;43223||Ascomycota|Dothideomycetes|Venturiales|Venturiaceae|Tyrannosorus|Tyrannosorus pinicola;62132||Ascomycota|Dothideomycetes|Mycosphaerellales|Teratosphaeriaceae|Capnobotryella|Capnobotryella renispora;84275||Ascomycota|Dothideomycetes|Mycosphaerellales|Mycosphaerellaceae|Cercospora|Cercospora kikuchii;112494||Ascomycota|Dothideomycetes|Mycosphaerellales|Mycosphaerellaceae|Paramycosphaerella|Paramycosphaerella parkii;122368||Ascomycota|Dothideomycetes|Mycosphaerellales|Mycosphaerellaceae|Cercospora|Cercospora beticola;129865||Ascomycota|Dothideomycetes|Pleosporales|Phaeosphaeriaceae|Septoriella|Septoriella leuchtmannii;131344||Ascomycota|Dothideomycetes|Mycosphaerellales|Mycosphaerellaceae|Pallidocercospora|Pallidocercospora heimii;133175||Ascomycota|Dothideomycetes|Mycosphaerellales|Mycosphaerellaceae|Pseudocercospora|Pseudocercospora angolensis;134358||Ascomycota|Dothideomycetes|Pleosporales|Sporormiaceae|Westerdykella|Westerdykella cylindrica;162394||Ascomycota|Dothideomycetes|Dothideales|Dothideaceae|Dothidea|Dothidea sambuci;329884||Ascomycota|Dothideomycetes|Mycosphaerellales|Teratosphaeriaceae|Friedmanniomyces|Friedmanniomyces simplex;372061||Ascomycota|Dothideomycetes|Pleosporales|Testudinaceae|Lepidosphaeria|Lepidosphaeria nicotiae;418781||Ascomycota|Dothideomycetes|Mycosphaerellales|Teratosphaeriaceae|Teratosphaeria|Teratosphaeria destructans;470158||Ascomycota|Dothideomycetes|Mycosphaerellales|Teratosphaeriaceae|Teratosphaeria|Teratosphaeria stellenboschiana;1047171||Ascomycota|Dothideomycetes|Mycosphaerellales|Mycosphaerellaceae|Zymoseptoria|Zymoseptoria tritici;1056133||Ascomycota|Leotiomycetes|Helotiales|Hamatocanthoscyphaceae|Infundichalara|Infundichalara microchona;1306365||Ascomycota|Dothideomycetes|||Cryomyces|Cryomyces montanus;1431932||Ascomycota|Dothideomycetes|Mycosphaerellales|Mycosphaerellaceae|Amycosphaerella|Amycosphaerella africana;1431937||Ascomycota|Dothideomycetes|Mycosphaerellales|Teratosphaeriaceae|Neocatenulostroma|Neocatenulostroma microsporum;1508187||Ascomycota|Dothideomycetes|Mycosphaerellales|Teratosphaeriaceae|Meristemomyces|Meristemomyces frigidus;1921807||Ascomycota|Dothideomycetes|Pleosporales|Phaeosphaeriaceae|Tintelnotia|Tintelnotia destructans;2059835||Ascomycota|Dothideomycetes|Mycosphaerellales|Mycosphaerellaceae|Exopassalora|Exopassalora zambiae;2315864||Ascomycota|Leotiomycetes|Phacidiales||Ramoconidiophora|Ramoconidiophora euphorbiae;2810478||Ascomycota|Dothideomycetes|Mycosphaerellales|Teratosphaeriaceae|Salinomyces|Salinomyces polonicus;2950318||Ascomycota|Dothideomycetes|Mycosphaerellales|Neodevriesiaceae|Neodevriesia|Neodevriesia kalakoutskii	524.700000
unclassified	39	0.001166	1392244	1392244||Basidiomycota|Ustilaginomycetes|Ustilaginales||Kalmanozyma|Kalmanozyma brasiliensis	21.900000
unclassified	41	0.003643	13684	13684||Ascomycota|Dothideomycetes|Pleosporales|Phaeosphaeriaceae|Parastagonospora|Parastagonospora nodorum	68.400000
unclassified	42	0.001254	82268	82268||Chytridiomycota|Monoblepharidomycetes|Monoblepharidales||Hyaloraphidium|Hyaloraphidium curvatum	23.500000
unclassified	48	0.086982	3055;3067	3055||Chlorophyta|Chlorophyceae|Chlamydomonadales|Chlamydomonadaceae|Chlamydomonas|Chlamydomonas reinhardtii;3067||Chlorophyta|Chlorophyceae|Chlamydomonadales|Volvocaceae|Volvox|Volvox carteri	1632.500000
unclassified	49	0.000959	45607;2832334;2832335	45607||Ascomycota|Dipodascomycetes|Dipodascales|Trichomonascaceae|Wickerhamiella|Wickerhamiella sorbophila;2832334||Ascomycota|Dipodascomycetes|Dipodascales|Trichomonascaceae|Wickerhamiella|Wickerhamiella osmotolerans;2832335||Ascomycota|Dipodascomycetes|Dipodascales|Trichomonascaceae|Wickerhamiella|Wickerhamiella tropicalis	18.000000
unclassified	53	0.000771	45357;56417;418784;1231522	45357||Ascomycota|Pichiomycetes|Serinales|Metschnikowiaceae|Candidozyma|Candidozyma haemuli;56417||Ascomycota|Pichiomycetes|Serinales|Metschnikowiaceae|Metschnikowia|Metschnikowia agaves;418784||Ascomycota|Pichiomycetes|Serinales|Metschnikowiaceae|Candidozyma|Candidozyma pseudohaemuli;1231522||Ascomycota|Pichiomycetes|Serinales|Metschnikowiaceae|Candidozyma|Candidozyma duobushaemuli	14.500000
unclassified	58	0.029333	324621;1775466;2704021;2704023;2704024;2704025	324621||Mucoromycota|Endogonomycetes|Endogonales|Endogonaceae|Jimgerdemannia|Jimgerdemannia lactiflua;1775466||Mucoromycota|Endogonomycetes|Endogonales|Endogonaceae|Endogone|Endogone corticioides;2704021||Mucoromycota|Endogonomycetes|Endogonales|Endogonaceae|Endogone|Endogone botryocarpus;2704023||Mucoromycota|Endogonomycetes|Endogonales|Endogonaceae|Jimgerdemannia|Jimgerdemannia ambigua;2704024||Mucoromycota|Endogonomycetes|Endogonales|Endogonaceae|Vinositunica|Vinositunica radiata;2704025||Mucoromycota|Endogonomycetes|Endogonales|Endogonaceae|Vinositunica|Vinositunica ingens	550.500000
unclassified	61	0.002086	54193	54193||Ascomycota|Pichiomycetes|Pichiales|Pichiaceae|Pichia|[Candida] silvatica	39.200000
unclassified	62	0.005908	61418	61418||Zoopagomycota|Kickxellomycetes|Kickxellales|Kickxellaceae|Spiromyces|Spiromyces minutus	110.900000
unclassified	63	0.006757	1208333	1208333||Mucoromycota|Glomeromycetes|Diversisporales|Gigasporaceae|Dentiscutata|Dentiscutata savannicola	126.800000
unclassified	66	0.003889	5491;45354;46584;46585;78172;391824	5491||Ascomycota|Pichiomycetes|Serinales|Metschnikowiaceae|Helenozyma|Helenozyma melibiosica;45354||Ascomycota|Pichiomycetes|Serinales|Metschnikowiaceae|Sungouiella|Sungouiella intermedia;46584||Ascomycota|Pichiomycetes|Serinales|Metschnikowiaceae|Danielia|Danielia oregonensis;46585||Ascomycota|Pichiomycetes|Serinales|Metschnikowiaceae|Sungouiella|Sungouiella pseudointermedia;78172||Ascomycota|Pichiomycetes|Serinales|Metschnikowiaceae|Sungouiella|Sungouiella akabanensis;391824||Ascomycota|Pichiomycetes|Serinales|Metschnikowiaceae|Sungouiella|Sungouiella blattae	73.000000
unclassified	68	0.002122	78917	78917||Zoopagomycota|Zoopagomycetes|Zoopagales|Piptocephalidaceae|Piptocephalis|Piptocephalis corymbifera	39.800000
unclassified	71	0.001279	34356;95809;234567;234568	34356||Ascomycota|Pichiomycetes|Serinales|Debaryomycetaceae|Kodamaea|Kodamaea ohmeri;95809||Ascomycota|Pichiomycetes|Serinales|Debaryomycetaceae|Kodamaea|Kodamaea fungicola;234567||Ascomycota|Pichiomycetes|Serinales|Debaryomycetaceae|Kodamaea|Kodamaea derodonti;234568||Ascomycota|Pichiomycetes|Serinales|Debaryomycetaceae|Kodamaea|Kodamaea arcana	24.000000
unclassified	77	0.002757	2588764	2588764||Mucoromycota|Glomeromycetes|Archaeosporales|Archaeosporaceae|Archaeospora|Archaeospora ecuadoriana	51.700000
unclassified	78	0.009437	4860;423455	4860||Zoopagomycota|Basidiobolomycetes|Basidiobolales|Basidiobolaceae|Basidiobolus|Basidiobolus magnus;423455||Zoopagomycota|Basidiobolomycetes|Basidiobolales|Basidiobolaceae|Basidiobolus|Basidiobolus heterosporus	177.100000
unclassified	84	0.000797	2605921	2605921||Ascomycota||||Novakomyces|Novakomyces olei	15.000000
unclassified	86	0.000750	36028;53607;65818	36028||Ascomycota|Saccharomycetes|Phaffomycetales|Phaffomycetaceae|Cyberlindnera|Cyberlindnera petersonii;53607||Ascomycota|Saccharomycetes|Phaffomycetales|Phaffomycetaceae|Cyberlindnera|Cyberlindnera mississippiensis;65818||Ascomycota|Saccharomycetes|Phaffomycetales|Phaffomycetaceae|Cyberlindnera|Cyberlindnera lachancei	14.100000
unclassified	90	0.003361	2201245	2201245||Ascomycota|Pichiomycetes|Serinales|Metschnikowiaceae|Metschnikowia|Metschnikowia laotica	63.100000
unclassified	91	0.002612	45792	45792||Ascomycota|Lipomycetes|Lipomycetales|Lipomycetaceae|Lipomyces|Lipomyces oligophaga	49.000000
unclassified	97	0.007264	1661796;1661797;2036938;2036939;2036943	1661796||Ascomycota|Sordariomycetes|Coronophorales|Ceratostomataceae|Dactylidispora|Dactylidispora ellipsospora;1661797||Ascomycota|Sordariomycetes|Coronophorales|Ceratostomataceae|Dactylidispora|Dactylidispora singaporensis;2036938||Ascomycota|Sordariomycetes|Coronophorales|Ceratostomataceae|Harzia|Harzia macrospora;2036939||Ascomycota|Sordariomycetes|Coronophorales|Ceratostomataceae|Harzia|Harzia patula;2036943||Ascomycota|Sordariomycetes|Coronophorales|Ceratostomataceae|Harzia|Harzia palmara	136.300000
