sample_id	cluster_id	abundance	Kingdom	Phylum	Class	Order	Family	Genus	Species	ncbi tax number	read_count
barcode19	36	0.032376843153		Basidiomycota	Tremellomycetes	Tremellales	Cryptococcaceae	Kwoniella	Kwoniella shivajii	564305	1385.7
barcode19	48	0.009798039918		Chlorophyta	Chlorophyceae	Chlamydomonadales	Volvocaceae	Volvox	Volvox carteri	3067	419.3
barcode19	48	0.101812903626		Chlorophyta	Chlorophyceae	Chlamydomonadales	Chlamydomonadaceae	Chlamydomonas	Chlamydomonas reinhardtii	3055	4357.4
barcode19	1	0.000691373449		Chlorophyta	Trebouxiophyceae	Chlorellales	Chlorellaceae	Chlorella	Chlorella variabilis	554065	29.6
barcode19	130	0.000499728572		Chytridiomycota	Monoblepharidomycetes	Monoblepharidales	Gonapodyaceae	Gonapodya	Gonapodya prolifera	1123529	21.4
barcode19	200	0.016046257619		Chytridiomycota	Monoblepharidomycetes	Monoblepharidales	Monoblepharidaceae	Monoblepharis	Monoblepharis macrandra	150278	686.7
barcode19	42	0.001312696105		Chytridiomycota	Monoblepharidomycetes	Monoblepharidales		Hyaloraphidium	Hyaloraphidium curvatum	82268	56.2
barcode19	122	0.029194873874		Chytridiomycota	Chytridiomycetes	Chytridiales	Chytridiaceae	Chytridium	Chytridium olla	693156	1249.5
barcode19	274	0.000564542666		Chytridiomycota	Chytridiomycetes	Rhizophydiales	Terramycetaceae	Terramyces	Terramyces aquatica	3231536	24.2
barcode19	97	0.002440745597		Ascomycota	Sordariomycetes	Coronophorales	Ceratostomataceae	Dactylidispora	Dactylidispora ellipsospora	1661796	104.5
barcode19	97	0.004225637350		Ascomycota	Sordariomycetes	Coronophorales	Ceratostomataceae	Dactylidispora	Dactylidispora singaporensis	1661797	180.8
barcode19	303	0.001821758738		Chytridiomycota	Chytridiomycetes	Rhizophydiales	Gorgonomycetaceae	Gorgonomyces	Gorgonomyces thailandicus	3058949	78.0
barcode19	194	0.000680458538		Chytridiomycota	Neocallimastigomycetes	Neocallimastigales	Neocallimastigaceae	Piromyces	Piromyces finnis	1754191	29.1
barcode19	68	0.001781794752		Zoopagomycota	Zoopagomycetes	Zoopagales	Piptocephalidaceae	Piptocephalis	Piptocephalis corymbifera	78917	76.3
barcode19	24	0.010509391108		Microsporidia				Mitosporidium	Mitosporidium daphniae	1485682	449.8
barcode19	94	0.000492189864		Ascomycota	Dipodascomycetes	Dipodascales	Dipodascaceae	Magnusiomyces	Magnusiomyces capitatus	1095183	21.1
barcode19	23	0.000309915398		Zoopagomycota	Kickxellomycetes	Kickxellales	Kickxellaceae	Linderina	Linderina pennispora	61395	13.3
barcode19	58	0.001495392713		Mucoromycota	Endogonomycetes	Endogonales	Endogonaceae	Vinositunica	Vinositunica radiata	2704024	64.0
barcode19	32	0.002092331747		Chytridiomycota	Chytridiomycetes	Spizellomycetales	Powellomycetaceae	Fimicolochytrium	Fimicolochytrium jonesii	1396493	89.5
barcode19	78	0.000878609375		Zoopagomycota	Basidiobolomycetes	Basidiobolales	Basidiobolaceae	Basidiobolus	Basidiobolus heterosporus	423455	37.6
barcode19	60	0.000628748444		Ascomycota	Dipodascomycetes	Dipodascales	Trichomonascaceae	Wickerhamiella	Wickerhamiella galacta	45553	26.9
barcode19	38	0.001329257139		Ascomycota	Dothideomycetes	Mycosphaerellales	Mycosphaerellaceae	Amycosphaerella	Amycosphaerella africana	1431932	56.9
barcode19	32	0.000313017424		Chytridiomycota	Chytridiomycetes	Spizellomycetales	Powellomycetaceae	Fimicolochytrium	Fimicolochytrium alabamae	1396494	13.4
barcode19	32	0.001341787378		Chytridiomycota	Chytridiomycetes	Spizellomycetales	Powellomycetaceae	Thoreauomyces	Thoreauomyces humboldtii	1396496	57.4
barcode19	38	0.003816269225		Ascomycota	Dothideomycetes	Mycosphaerellales	Teratosphaeriaceae	Capnobotryella	Capnobotryella renispora	62132	163.3
barcode19	78	0.013179535309		Zoopagomycota	Basidiobolomycetes	Basidiobolales	Basidiobolaceae	Basidiobolus	Basidiobolus magnus	4860	564.1
barcode19	62	0.003699196660		Zoopagomycota	Kickxellomycetes	Kickxellales	Kickxellaceae	Spiromyces	Spiromyces minutus	61418	158.3
barcode19	271	0.000994430073		Cryptomycota				Paramicrosporidium	Paramicrosporidium saccamoebae	1246581	42.6
barcode19	229	0.006443087338		Mucoromycota	Glomeromycetes	Diversisporales	Diversisporaceae	Diversispora	Diversispora spurca	308927	275.8
barcode19	231	0.003372971272		Mucoromycota	Glomeromycetes	Diversisporales	Diversisporaceae	Diversispora	Diversispora aurantia	2650714	144.4
barcode19	222	0.007989135327		Mucoromycota	Mortierellomycetes	Mortierellales	Mortierellaceae	Linnemannia	Linnemannia solitaria	2991561	341.9
barcode19	289	0.003378646500		Ascomycota	Pichiomycetes	Serinales	Debaryomycetaceae	Kodamaea	Kodamaea kakaduensis	85574	144.6
barcode19	197	0.000939358472		Basidiomycota	Pucciniomycetes	Pucciniales	Milesinaceae	Milesina	Milesina woodwardiana	2558025	40.2
barcode19	284	0.015357242569		Ascomycota	Pichiomycetes	Serinales	Metschnikowiaceae	Metschnikowia	Metschnikowia vanudenii	299329	657.3
barcode19	49	0.001124991762		Ascomycota	Dipodascomycetes	Dipodascales	Trichomonascaceae	Wickerhamiella	Wickerhamiella osmotolerans	2832334	48.1
barcode19	49	0.000800549886		Ascomycota	Dipodascomycetes	Dipodascales	Trichomonascaceae	Wickerhamiella	Wickerhamiella tropicalis	2832335	34.3
barcode19	286	0.001209081067		Ascomycota	Pichiomycetes	Serinales	Metschnikowiaceae	Sungouiella	Sungouiella pseudoflosculorum	1041604	51.7
barcode19	261	0.001035459592		Ascomycota	Saccharomycetes	Phaffomycetales	Phaffomycetaceae	Phaffomyces	[Candida] orba	115786	44.3
barcode19	301	0.019404951475		Ascomycota	Pichiomycetes	Serinales	Metschnikowiaceae	Metschnikowia	Metschnikowia dekortorum	174643	830.5
barcode19	38	0.001747996103		Ascomycota	Dothideomycetes	Mycosphaerellales	Teratosphaeriaceae	Friedmanniomyces	Friedmanniomyces simplex	329884	74.8
barcode19	66	0.002813113146		Ascomycota	Pichiomycetes	Serinales	Metschnikowiaceae	Danielia	Danielia oregonensis	46584	120.4
barcode19	31	0.004607076043		Oomycota	Saprolegniomycetes	Saprolegniales	Verrucalvaceae	Aphanomyces	Aphanomyces astaci	112090	197.2
barcode19	27	0.002857642605		Oomycota	Saprolegniomycetes	Saprolegniales	Verrucalvaceae	Aphanomyces	Aphanomyces invadans	157072	122.3
barcode19	103	0.000327118090		Ascomycota	Dipodascomycetes	Dipodascales	Trichomonascaceae	Deakozyma	Deakozyma indianensis	1470396	14.0
barcode19	22	0.001683181713		Oomycota	Peronosporomycetes	Peronosporales	Peronosporaceae	Bremia	Bremia lactucae	4779	72.0
barcode19	115	0.000770114116		Ascomycota	Dothideomycetes	Kirschsteiniotheliales	Kirschsteiniotheliaceae	Kirschsteiniothelia	Kirschsteiniothelia puerensis	2978459	33.0
barcode19	121	0.005091163088		Chytridiomycota	Chytridiomycetes		Quaeritorhizaceae	Quaeritorhiza	Quaeritorhiza haematococci	2654861	217.9
barcode19	293	0.002051207372		Mucoromycota	Glomeromycetes	Diversisporales	Acaulosporaceae	Acaulospora	Acaulospora laevis	78545	87.8
barcode19	212	0.002393108859		Mucoromycota	Glomeromycetes	Diversisporales	Acaulosporaceae	Acaulospora	Acaulospora entreriana	937378	102.4
barcode19	57	0.000258102388		Mucoromycota	Glomeromycetes	Diversisporales	Acaulosporaceae	Acaulospora	Acaulospora spinosa	27374	11.0
barcode19	205	0.002658271234		Mucoromycota	Glomeromycetes	Diversisporales	Acaulosporaceae	Acaulospora	Acaulospora colombiana	27376	113.8
barcode19	57	0.005153888270		Mucoromycota	Glomeromycetes	Diversisporales	Acaulosporaceae	Acaulospora	Acaulospora cavernata	1079897	220.6
barcode19	77	0.000963052297		Mucoromycota	Glomeromycetes	Archaeosporales	Archaeosporaceae	Archaeospora	Archaeospora ecuadoriana	2588764	41.2
barcode19	251	0.032634459323		Mucoromycota	Glomeromycetes	Diversisporales	Gigasporaceae	Racocetra	Racocetra crispa	1972599	1396.7
barcode19	91	0.002724329756		Ascomycota	Lipomycetes	Lipomycetales	Lipomycetaceae	Lipomyces	Lipomyces oligophaga	45792	116.6
barcode19	38	0.000583066783		Ascomycota	Dothideomycetes	Dothideales	Dothideaceae	Dothidea	Dothidea sambuci	162394	25.0
barcode19	15	0.002124119597		Ascomycota	Dothideomycetes	Hysteriales	Hysteriaceae	Gloniopsis	Gloniopsis calami	1903024	90.9
barcode19	109	0.001224674662		Ascomycota	Leotiomycetes	Helotiales	Helotiaceae	Dicephalospora	Dicephalospora sessilis	2544956	52.4
barcode19	38	0.003206217596		Ascomycota	Dothideomycetes	Mycosphaerellales	Teratosphaeriaceae	Salinomyces	Salinomyces polonicus	2810478	137.2
barcode19	159	0.000976234856		Basidiomycota	Agaricomycetes	Agaricales	Inocybaceae	Inocybe	Inocybe phari	3023420	41.8
barcode19	32	0.009151657207		Chytridiomycota	Chytridiomycetes	Spizellomycetales	Powellomycetaceae	Geranomyces	Geranomyces tanneri	1134076	391.7
barcode19	58	0.009158261388		Mucoromycota	Endogonomycetes	Endogonales	Endogonaceae	Vinositunica	Vinositunica ingens	2704025	392.0
barcode19	32	0.000862878923		Chytridiomycota	Chytridiomycetes	Chytridiales	Chytridiaceae	Phlyctochytrium	Phlyctochytrium californicum	64516	36.9
barcode19	216	0.000997021493		Mucoromycota	Glomeromycetes	Diversisporales	Diversisporaceae	Redeckera	Redeckera megalocarpum	415601	42.7
barcode19	107	0.001378569670		Ascomycota	Dothideomycetes	Pleosporales	Lentitheciaceae	Darksidea	Darksidea zeta	1571505	59.0
barcode19	35	0.003986965062		Ascomycota	Dipodascomycetes	Dipodascales	Trichomonascaceae	Blastobotrys	Blastobotrys chiropterorum	45539	170.6
barcode19	35	0.001008749074		Ascomycota	Dipodascomycetes	Dipodascales	Trichomonascaceae	Sugiyamaella	Sugiyamaella mastotermitis	1857663	43.2
barcode19	75	0.000820353573		Ascomycota	Sordariomycetes	Amphisphaeriales	Apiosporaceae	Apiospora	Apiospora aurea	335848	35.1
barcode19	46	0.000793433794		Ascomycota	Sordariomycetes	Microascales	Halosphaeriaceae	Pseudolignincola	Pseudolignincola siamensis	2935555	34.0
barcode19	46	0.003556103777		Ascomycota	Sordariomycetes	Glomerellales	Australiascaceae	Monilochaetes	Monilochaetes dimorphospora	1068736	152.2
barcode19	88	0.008237519137		Basidiomycota	Pucciniomycetes	Pucciniales	Pucciniastraceae	Pucciniastrum	Pucciniastrum myosotidii	1548888	352.5
barcode19	179	0.000444296489		Basidiomycota	Microbotryomycetes	Sporidiobolales	Sporidiobolaceae	Sporobolomyces	Sporobolomyces cellobiolyticus	2877793	19.0
barcode19	179	0.000379567708		Basidiomycota	Microbotryomycetes	Sporidiobolales	Sporidiobolaceae	Sporobolomyces	Sporobolomyces ellipsoideus	2877794	16.2
barcode19	73	0.000764276654		Basidiomycota	Microbotryomycetes	Sporidiobolales	Sporidiobolaceae	Sporobolomyces	Sporobolomyces beijingensis	243823	32.7
barcode19	163	0.001333910845		Basidiomycota	Agaricomycetes	Russulales	Russulaceae	Lactifluus	Lactifluus chrysocarpus	1315970	57.1
barcode19	35	0.000638854048		Ascomycota	Dipodascomycetes	Dipodascales	Trichomonascaceae	Sugiyamaella	Sugiyamaella lignohabitans	796027	27.3
barcode19	44	0.001169924237		Ascomycota	Pichiomycetes	Serinales	Debaryomycetaceae	Yamadazyma	Yamadazyma tenuis	2315449	50.1
barcode19	113	0.001971438742		Chytridiomycota	Chytridiomycetes	Gromochytriales	Gromochytriaceae	Gromochytrium	Gromochytrium mamkaevae	1486924	84.4
barcode19	25	0.002377707144		Oomycota	Peronosporomycetes	Peronosporales	Peronosporaceae	Phytophthora	Phytophthora infestans	4787	101.8
barcode19	90	0.001027045511		Ascomycota	Pichiomycetes	Serinales	Metschnikowiaceae	Metschnikowia	Metschnikowia laotica	2201245	44.0
barcode19	38	0.001557058749		Ascomycota	Dothideomycetes	Pleosporales	Testudinaceae	Lepidosphaeria	Lepidosphaeria nicotiae	372061	66.6
barcode19	58	0.001639049007		Mucoromycota	Endogonomycetes	Endogonales	Endogonaceae	Jimgerdemannia	Jimgerdemannia ambigua	2704023	70.1
barcode19	63	0.001876981162		Mucoromycota	Glomeromycetes	Diversisporales	Gigasporaceae	Dentiscutata	Dentiscutata savannicola	1208333	80.3
barcode19	88	0.001996137664		Basidiomycota	Pucciniomycetes	Pucciniales	Sphaerophragmiaceae	Dasyspora	Dasyspora nitidae	1006461	85.4
barcode19	82	0.000453812138		Ascomycota	Lipomycetes	Lipomycetales	Lipomycetaceae	Myxozyma	Myxozyma vanderwaltii	54101	19.4
barcode19	84	0.000450455816		Ascomycota				Novakomyces	Novakomyces olei	2605921	19.3
barcode19	21	0.001057776786		Blastocladiomycota	Blastocladiomycetes	Blastocladiales	Blastocladiaceae	Allomyces	Allomyces arbusculus	64504	45.3
barcode19	50	0.000304102487		Mucoromycota	Glomeromycetes	Paraglomerales	Paraglomeraceae	Paraglomus	Paraglomus occultum	144539	13.0
barcode19	114	0.001155883291		Ascomycota	Sordariomycetes	Phyllachorales	Phyllachoraceae	Phyllachora	Phyllachora sandiensis	2929137	49.5
barcode19	114	0.000237425600		Ascomycota	Sordariomycetes	Phyllachorales	Phyllachoraceae	Phyllachora	Phyllachora panicicola	2066077	10.2
barcode19	110	0.000265805711		Ascomycota	Leotiomycetes	Helotiales	Mollisiaceae	Neomollisia	Neomollisia gelatinosa	2544971	11.4
barcode19	230	0.003044788738		Basidiomycota	Pucciniomycetes	Pucciniales	Sphaerophragmiaceae	Dasyspora	Dasyspora frutescentis	1006457	130.3
barcode19	252	0.008088978075		Basidiomycota	Pucciniomycetes	Pucciniales	Pucciniaceae	Puccinia	Puccinia wiehei	1904436	346.2
barcode19	174	0.000342870505		Basidiomycota	Pucciniomycetes	Pucciniales	Crossopsoraceae	Stomatisora	Stomatisora psychotriicola	1440432	14.7
barcode19	248	0.001548423004		Ascomycota	Trigonopsidomycetes	Trigonopsidales	Trigonopsidaceae	Tortispora	Tortispora agaves	1326894	66.3
barcode19	269	0.000897412043		Basidiomycota	Pucciniomycetes	Pucciniales	Phragmidiaceae	Hamaspora	Hamaspora rubi-alceifolii	3125859	38.4
barcode19	96	0.000268178528		Ascomycota	Lecanoromycetes	Ostropales	Stictidaceae	Cyanodermella	Cyanodermella oleoligni	1961798	11.5
barcode19	4	0.001590186065		Basidiomycota	Pucciniomycetes	Pucciniales	Melampsoraceae	Melampsora	Melampsora laricis-populina	203908	68.1
barcode19	188	0.000982465619		Basidiomycota	Agaricomycetes	Cantharellales	Hydnaceae	Hydnum	Hydnum pinicola	2822381	42.0
barcode19	137	0.000916625383		Basidiomycota	Agaricomycetes	Cantharellales	Hydnaceae	Hydnum	Hydnum reginae	2943438	39.2
barcode19	45	0.000400417610		Chytridiomycota	Chytridiomycetes	Synchytriales	Synchytriaceae	Synchytrium	Synchytrium microbalum	1806994	17.1
barcode19	288	0.000338937975		Ascomycota	Saccharomycetes	Phaffomycetales	Phaffomycetaceae	Cyberlindnera	Cyberlindnera jadinii	4903	14.5
barcode19	41	0.000770463221		Ascomycota	Dothideomycetes	Pleosporales	Phaeosphaeriaceae	Parastagonospora	Parastagonospora nodorum	13684	33.0
barcode19	72	0.000440630293		Ascomycota	Pichiomycetes	Serinales	Debaryomycetaceae	Danielozyma	Danielozyma litseae	507509	18.9
barcode19	71	0.000537408455		Ascomycota	Pichiomycetes	Serinales	Debaryomycetaceae	Kodamaea	Kodamaea arcana	234568	23.0
barcode19	3	0.001891710156		Chytridiomycota	Chytridiomycetes	Spizellomycetales	Spizellomycetaceae	Spizellomyces	Spizellomyces punctatus	109760	81.0
barcode19	32	0.000725197790		Chytridiomycota	Chytridiomycetes	Spizellomycetales	Spizellomycetaceae	Spizellomyces	Spizellomyces plurigibbosus	117821	31.0
barcode19	268	0.001672762445		Basidiomycota	Tremellomycetes	Trichosporonales	Trichosporonaceae	Apiotrichum	Apiotrichum otae	279323	71.6
barcode19	236	0.001390330176		Basidiomycota	Tremellomycetes	Tremellales	Bulleribasidiaceae	Dioszegia	Dioszegia ovata	2877736	59.5
barcode19	236	0.000326086869		Basidiomycota	Tremellomycetes	Tremellales	Bulleribasidiaceae	Dioszegia	Dioszegia kandeliae	2877738	14.0
barcode19	275	0.000357379350		Ascomycota	Dipodascomycetes	Dipodascales	Trichomonascaceae	Starmerella	Starmerella vitae	2596947	15.3
barcode19	58	0.001412352474		Mucoromycota	Endogonomycetes	Endogonales	Endogonaceae	Endogone	Endogone botryocarpus	2704021	60.4
barcode19	139	0.000317470410		Basidiomycota	Pucciniomycetes	Pucciniales	Pucciniaceae	Puccinia	Puccinia setariae	1904434	13.6
barcode19	76	0.001799035049		Ascomycota	Dipodascomycetes	Dipodascales	Trichomonascaceae	Starmerella	Starmerella lactis-condensi	45562	77.0
barcode19	95	0.000534791613		Basidiomycota	Classiculomycetes	Classiculales	Classiculaceae	Classicula	Classicula sinensis	2027812	22.9
barcode19	280	0.000336904042		Basidiomycota	Agaricomycetes	Agaricales		Tricholomopsis	Tricholomopsis osiliensis	1133749	14.4
barcode19	39	0.000687294342		Basidiomycota	Ustilaginomycetes	Ustilaginales		Kalmanozyma	Kalmanozyma brasiliensis	1392244	29.4
barcode19	85	0.000359222113		Mucoromycota		Calcarisporiellales	Calcarisporiellaceae	Calcarisporiella	Calcarisporiella thermophila	911321	15.4
barcode19	294	0.000556053150		Chytridiomycota	Neocallimastigomycetes	Neocallimastigales	Neocallimastigaceae	Buwchfawromyces	Buwchfawromyces eastonii	512029	23.8
barcode19	112	0.000489699573		Chytridiomycota	Neocallimastigomycetes	Neocallimastigales	Neocallimastigaceae	Pecoramyces	Pecoramyces ruminantium	1987568	21.0
barcode19	32	0.001718425347		Chytridiomycota	Chytridiomycetes	Lobulomycetales	Lobulomycetaceae	Alogomyces	Alogomyces tanneri	1395665	73.5
barcode19	72	0.000566083447		Ascomycota	Pichiomycetes	Serinales	Debaryomycetaceae	Suhomyces	Suhomyces kunorum	246081	24.2
barcode19	102	0.000748078407		Basidiomycota	Atractiellomycetes	Atractiellales	Hoehnelomycetaceae	Atractiella	Atractiella rhizophila	1938712	32.0
barcode19	258	0.000997318029		Mucoromycota	Mortierellomycetes	Mortierellales	Mortierellaceae	Entomortierella	Entomortierella sugadairana	2991538	42.7
barcode19	143	0.000638368170		Basidiomycota	Microbotryomycetes		Chrysozymaceae	Trigonosporomyces	Trigonosporomyces hylophilus	114775	27.3
barcode19	182	0.000311985793		Ascomycota	Dothideomycetes	Pleosporales	Pleosporaceae	Curvularia	Curvularia colbranii	2211346	13.4
barcode19	19	0.000303752512		Ascomycota	Sordariomycetes		Atractosporaceae	Atractospora	Atractospora decumbens	1809268	13.0
barcode19	44	0.001116720510		Ascomycota	Pichiomycetes	Serinales	Debaryomycetaceae	Yamadazyma	[Candida] blattariae	297794	47.8
barcode19	43	0.000467817566		Ascomycota	Sordariomycetes	Glomerellales	Glomerellaceae	Colletotrichum	Colletotrichum abscissum	1671311	20.0
barcode19	264	0.000439817547		Basidiomycota	Tremellomycetes	Tremellales	Bulleribasidiaceae	Hannaella	Hannaella pagnoccae	1651791	18.8
barcode19	15	0.000376947020		Ascomycota	Dothideomycetes	Hysteriales	Hysteriaceae	Gloniopsis	Gloniopsis leucaenae	2499430	16.1
barcode19	44	0.000568408601		Ascomycota	Pichiomycetes	Serinales	Debaryomycetaceae	Candida	Candida metapsilosis	273372	24.3
barcode19	86	0.000404460720		Ascomycota	Saccharomycetes	Phaffomycetales	Phaffomycetaceae	Cyberlindnera	Cyberlindnera mississippiensis	53607	17.3
barcode19	80	0.000373891478		Ascomycota	Sordariomycetes	Glomerellales	Plectosphaerellaceae	Chordomyces	Chordomyces antarcticum	1525356	16.0
barcode19	9	0.000329548666		Zoopagomycota	Kickxellomycetes	Kickxellales	Kickxellaceae	Mycoemilia	Mycoemilia scoparia	417184	14.1
barcode19	29	0.000724333126		Basidiomycota	Agaricomycetes	Polyporales	Fomitopsidaceae	Rhodofomes	Rhodofomes roseus	34475	31.0
barcode19	234	0.000654239773		Zoopagomycota	Basidiobolomycetes	Basidiobolales	Basidiobolaceae	Basidiobolus	Basidiobolus haptosporus	90248	28.0
barcode19	116	0.000911167191		Ascomycota	Sordariomycetes	Meliolales	Meliolaceae	Meliola	Meliola pottsiae	2681178	39.0
barcode19	265	0.000420538264		Ascomycota	Sordariomycetes	Glomerellales	Plectosphaerellaceae	Plectosphaerella	Plectosphaerella niemeijerarum	2093397	18.0
barcode19	10	0.000260969734		Ascomycota	Dothideomycetes	Mycosphaerellales	Mycosphaerellaceae	Pseudocercospora	Pseudocercospora fijiensis	1873960	11.2
barcode19	0	0.000373849245		Basidiomycota	Agaricomycetes	Agaricales	Strophariaceae	Psilocybe	Psilocybe cubensis	181762	16.0
barcode20	36	0.023371699093		Basidiomycota	Tremellomycetes	Tremellales	Cryptococcaceae	Kwoniella	Kwoniella shivajii	564305	2439.0
barcode20	33	0.000311330671		Chytridiomycota	Chytridiomycetes	Polychytriales		Polychytrium	Polychytrium aggregatum	110093	32.5
barcode20	24	0.008297028350		Microsporidia				Mitosporidium	Mitosporidium daphniae	1485682	865.8
barcode20	53	0.000658968068		Ascomycota	Pichiomycetes	Serinales	Metschnikowiaceae	Candidozyma	Candidozyma haemuli	45357	68.8
barcode20	38	0.000200029892		Ascomycota	Dothideomycetes	Mycosphaerellales	Mycosphaerellaceae	Cercospora	Cercospora kikuchii	84275	20.9
barcode20	34	0.000230116890		Ascomycota	Pichiomycetes	Pichiales	Pichiaceae	Brettanomyces	Brettanomyces bruxellensis	5007	24.0
barcode20	66	0.000474853198		Ascomycota	Pichiomycetes	Serinales	Metschnikowiaceae	Helenozyma	Helenozyma melibiosica	5491	49.6
barcode20	61	0.000953910196		Ascomycota	Pichiomycetes	Pichiales	Pichiaceae	Pichia	[Candida] silvatica	54193	99.5
barcode20	38	0.000199995425		Ascomycota	Dothideomycetes	Mycosphaerellales	Mycosphaerellaceae	Pallidocercospora	Pallidocercospora heimii	131344	20.9
barcode20	38	0.002052178536		Ascomycota	Dothideomycetes	Mycosphaerellales	Mycosphaerellaceae	Amycosphaerella	Amycosphaerella africana	1431932	214.2
barcode20	38	0.000138766857		Ascomycota	Dothideomycetes	Mycosphaerellales	Mycosphaerellaceae	Zymoseptoria	Zymoseptoria tritici	1047171	14.5
barcode20	38	0.000353480372		Ascomycota	Dothideomycetes	Mycosphaerellales	Teratosphaeriaceae	Teratosphaeria	Teratosphaeria destructans	418781	36.9
barcode20	38	0.008285391315		Ascomycota	Dothideomycetes	Mycosphaerellales	Teratosphaeriaceae	Capnobotryella	Capnobotryella renispora	62132	864.6
barcode20	68	0.001331972296		Zoopagomycota	Zoopagomycetes	Zoopagales	Piptocephalidaceae	Piptocephalis	Piptocephalis corymbifera	78917	139.0
barcode20	62	0.002830185659		Zoopagomycota	Kickxellomycetes	Kickxellales	Kickxellaceae	Spiromyces	Spiromyces minutus	61418	295.3
barcode20	90	0.002074002588		Ascomycota	Pichiomycetes	Serinales	Metschnikowiaceae	Metschnikowia	Metschnikowia laotica	2201245	216.4
barcode20	48	0.087733505846		Chlorophyta	Chlorophyceae	Chlamydomonadales	Chlamydomonadaceae	Chlamydomonas	Chlamydomonas reinhardtii	3055	9155.4
barcode20	48	0.009322090450		Chlorophyta	Chlorophyceae	Chlamydomonadales	Volvocaceae	Volvox	Volvox carteri	3067	972.8
barcode20	122	0.031796131869		Chytridiomycota	Chytridiomycetes	Chytridiales	Chytridiaceae	Chytridium	Chytridium olla	693156	3318.1
barcode20	36	0.000143740118		Basidiomycota	Tremellomycetes	Tremellales	Cryptococcaceae	Kwoniella	Kwoniella mangrovensis	463800	15.0
barcode20	229	0.008766813460		Mucoromycota	Glomeromycetes	Diversisporales	Diversisporaceae	Diversispora	Diversispora spurca	308927	914.9
barcode20	231	0.003704627525		Mucoromycota	Glomeromycetes	Diversisporales	Diversisporaceae	Diversispora	Diversispora aurantia	2650714	386.6
barcode20	251	0.033530275230		Mucoromycota	Glomeromycetes	Diversisporales	Gigasporaceae	Racocetra	Racocetra crispa	1972599	3499.1
barcode20	222	0.008667736110		Mucoromycota	Mortierellomycetes	Mortierellales	Mortierellaceae	Linnemannia	Linnemannia solitaria	2991561	904.5
barcode20	128	0.000136999367		Basidiomycota	Agaricostilbomycetes	Agaricostilbales	Chionosphaeraceae	Boekhoutia	Boekhoutia sterigmata	2878256	14.3
barcode20	58	0.000394327910		Mucoromycota	Endogonomycetes	Endogonales	Endogonaceae	Jimgerdemannia	Jimgerdemannia lactiflua	324621	41.2
barcode20	78	0.001413328467		Zoopagomycota	Basidiobolomycetes	Basidiobolales	Basidiobolaceae	Basidiobolus	Basidiobolus heterosporus	423455	147.5
barcode20	58	0.020273434095		Mucoromycota	Endogonomycetes	Endogonales	Endogonaceae	Vinositunica	Vinositunica ingens	2704025	2115.6
barcode20	58	0.002068656455		Mucoromycota	Endogonomycetes	Endogonales	Endogonaceae	Jimgerdemannia	Jimgerdemannia ambigua	2704023	215.9
barcode20	38	0.000351426755		Ascomycota	Dothideomycetes	Pleosporales	Sporormiaceae	Westerdykella	Westerdykella cylindrica	134358	36.7
barcode20	38	0.000313285532		Ascomycota	Dothideomycetes	Mycosphaerellales	Teratosphaeriaceae	Neocatenulostroma	Neocatenulostroma microsporum	1431937	32.7
barcode20	38	0.000362199399		Ascomycota	Dothideomycetes	Dothideales	Dothideaceae	Dothidea	Dothidea sambuci	162394	37.8
barcode20	38	0.000372179155		Ascomycota	Dothideomycetes	Venturiales	Venturiaceae	Tyrannosorus	Tyrannosorus pinicola	43223	38.8
barcode20	271	0.001327496808		Cryptomycota				Paramicrosporidium	Paramicrosporidium saccamoebae	1246581	138.5
barcode20	252	0.003085550678		Basidiomycota	Pucciniomycetes	Pucciniales	Pucciniaceae	Puccinia	Puccinia wiehei	1904436	322.0
barcode20	188	0.000671242308		Basidiomycota	Agaricomycetes	Cantharellales	Hydnaceae	Hydnum	Hydnum cremeoalbum	2822377	70.0
barcode20	197	0.000968710202		Basidiomycota	Pucciniomycetes	Pucciniales	Milesinaceae	Milesina	Milesina woodwardiana	2558025	101.1
barcode20	157	0.000759560940		Basidiomycota	Agaricomycetes	Corticiales	Corticiaceae	Sistotrema	Sistotrema luteoviride	1403820	79.3
barcode20	188	0.002045675889		Basidiomycota	Agaricomycetes	Cantharellales	Hydnaceae	Hydnum	Hydnum pinicola	2822381	213.5
barcode20	133	0.000112629154		Basidiomycota	Microbotryomycetes		Chrysozymaceae	Chrysozyma	Chrysozyma iridis	2877807	11.8
barcode20	151	0.000161832580		Basidiomycota	Microbotryomycetes		Chrysozymaceae	Chrysozyma	Chrysozyma flava	2877812	16.9
barcode20	132	0.000137563379		Basidiomycota	Microbotryomycetes		Chrysozymaceae	Chrysozyma	Chrysozyma pseudogriseoflava	2877805	14.4
barcode20	170	0.000271165636		Basidiomycota	Pucciniomycetes	Pucciniales	Gymnosporangiaceae	Gymnosporangium	Gymnosporangium przewalskii	1806907	28.3
barcode20	132	0.000293512219		Basidiomycota	Microbotryomycetes		Chrysozymaceae	Chrysozyma	Chrysozyma sambuci	2877806	30.6
barcode20	205	0.006067553124		Mucoromycota	Glomeromycetes	Diversisporales	Acaulosporaceae	Acaulospora	Acaulospora colombiana	27376	633.2
barcode20	27	0.002508863335		Oomycota	Saprolegniomycetes	Saprolegniales	Verrucalvaceae	Aphanomyces	Aphanomyces invadans	157072	261.8
barcode20	31	0.006253705328		Oomycota	Saprolegniomycetes	Saprolegniales	Verrucalvaceae	Aphanomyces	Aphanomyces astaci	112090	652.6
barcode20	25	0.002778006609		Oomycota	Peronosporomycetes	Peronosporales	Peronosporaceae	Phytophthora	Phytophthora infestans	4787	289.9
barcode20	22	0.000260547810		Oomycota	Peronosporomycetes	Peronosporales	Peronosporaceae	Bremia	Bremia lactucae	4779	27.2
barcode20	56	0.000173375221		Cryptomycota				Rozella	Rozella allomycis	281847	18.1
barcode20	84	0.000689099325		Ascomycota				Novakomyces	Novakomyces olei	2605921	71.9
barcode20	280	0.000449318129		Basidiomycota	Agaricomycetes	Agaricales		Tricholomopsis	Tricholomopsis osiliensis	1133749	46.9
barcode20	66	0.003103298926		Ascomycota	Pichiomycetes	Serinales	Metschnikowiaceae	Danielia	Danielia oregonensis	46584	323.8
barcode20	1	0.000469986906		Chlorophyta	Trebouxiophyceae	Chlorellales	Chlorellaceae	Chlorella	Chlorella variabilis	554065	49.0
barcode20	130	0.000693194961		Chytridiomycota	Monoblepharidomycetes	Monoblepharidales	Gonapodyaceae	Gonapodya	Gonapodya prolifera	1123529	72.3
barcode20	200	0.020950027960		Chytridiomycota	Monoblepharidomycetes	Monoblepharidales	Monoblepharidaceae	Monoblepharis	Monoblepharis macrandra	150278	2186.2
barcode20	42	0.001194332079		Chytridiomycota	Monoblepharidomycetes	Monoblepharidales		Hyaloraphidium	Hyaloraphidium curvatum	82268	124.6
barcode20	97	0.005720249376		Ascomycota	Sordariomycetes	Coronophorales	Ceratostomataceae	Dactylidispora	Dactylidispora singaporensis	1661797	596.9
barcode20	73	0.000203370008		Basidiomycota	Microbotryomycetes	Heitmaniales	Heitmaniaceae	Heitmania	Heitmania litseae	1985864	21.2
barcode20	125	0.000466044640		Basidiomycota	Microbotryomycetes	Microbotryales	Ustilentylomataceae	Microbotryozyma	Microbotryozyma swertiae	2877801	48.6
barcode20	73	0.000359653478		Basidiomycota	Microbotryomycetes	Leucosporidiales	Leucosporidiaceae	Leucosporidium	Leucosporidium egoroviorum	3044046	37.5
barcode20	73	0.000169531064		Basidiomycota	Microbotryomycetes	Heitmaniales	Heitmaniaceae	Heitmania	Heitmania elacocarpi	1985866	17.7
barcode20	166	0.000129124836		Basidiomycota	Microbotryomycetes	Heitmaniales	Heitmaniaceae	Heitmania	Heitmania cylindrica	2877800	13.5
barcode20	172	0.000142361018		Basidiomycota	Microbotryomycetes	Heitmaniales	Heitmaniaceae	Heitmania	Heitmania tridentata	2877799	14.9
barcode20	194	0.000597546139		Chytridiomycota	Neocallimastigomycetes	Neocallimastigales	Neocallimastigaceae	Piromyces	Piromyces finnis	1754191	62.4
barcode20	60	0.001097959083		Ascomycota	Dipodascomycetes	Dipodascales	Trichomonascaceae	Wickerhamiella	Wickerhamiella galacta	45553	114.6
barcode20	83	0.000423927146		Ascomycota	Dothideomycetes	Venturiales	Sympoventuriaceae	Verruconis	Verruconis cylindricalis	2854244	44.2
barcode20	216	0.000908831458		Mucoromycota	Glomeromycetes	Diversisporales	Diversisporaceae	Redeckera	Redeckera megalocarpum	415601	94.8
barcode20	26	0.000391820707		Basidiomycota	Agaricomycetes	Boletales	Pisolithaceae	Pisolithus	Pisolithus orientalis	936130	40.9
barcode20	91	0.001529374066		Ascomycota	Lipomycetes	Lipomycetales	Lipomycetaceae	Lipomyces	Lipomyces oligophaga	45792	159.6
barcode20	23	0.000593141552		Zoopagomycota	Kickxellomycetes	Kickxellales	Kickxellaceae	Linderina	Linderina pennispora	61395	61.9
barcode20	149	0.000307650968		Basidiomycota	Agaricomycetes	Cantharellales	Hydnaceae	Clavulina	Clavulina monodiminutiva	334125	32.1
barcode20	143	0.000394771658		Basidiomycota	Microbotryomycetes		Chrysozymaceae	Trigonosporomyces	Trigonosporomyces hylophilus	114775	41.2
barcode20	187	0.000384359785		Basidiomycota	Tremellomycetes	Filobasidiales	Piskurozymaceae	Solicoccozyma	Solicoccozyma zizaniae	2292779	40.1
barcode20	58	0.001154083773		Mucoromycota	Endogonomycetes	Endogonales	Endogonaceae	Vinositunica	Vinositunica radiata	2704024	120.4
barcode20	78	0.004500900253		Zoopagomycota	Basidiobolomycetes	Basidiobolales	Basidiobolaceae	Basidiobolus	Basidiobolus magnus	4860	469.7
barcode20	77	0.001870759047		Mucoromycota	Glomeromycetes	Archaeosporales	Archaeosporaceae	Archaeospora	Archaeospora ecuadoriana	2588764	195.2
barcode20	156	0.000231460661		Basidiomycota	Agaricomycetes	Cantharellales	Hydnaceae	Clavulina	Clavulina cinereoglebosa	1115089	24.2
barcode20	0	0.000173966906		Basidiomycota	Agaricomycetes	Agaricales	Pluteaceae	Volvariella	Volvariella pulla	2576354	18.2
barcode20	0	0.021413244585		Basidiomycota	Agaricomycetes	Agaricales	Strophariaceae	Psilocybe	Psilocybe cubensis	181762	2234.6
barcode20	29	0.000365445638		Basidiomycota	Agaricomycetes	Agaricales	Agaricaceae	Agaricus	Agaricus bisporus	5341	38.1
barcode20	29	0.000491290715		Basidiomycota	Agaricomycetes	Agaricales	Physalacriaceae	Desarmillaria	Desarmillaria tabescens	1929756	51.3
barcode20	29	0.015354762837		Basidiomycota	Agaricomycetes	Agaricales	Physalacriaceae	Gloiocephala	Gloiocephala aquatica	292281	1602.3
barcode20	41	0.000207310917		Ascomycota	Dothideomycetes	Pleosporales	Phaeosphaeriaceae	Parastagonospora	Parastagonospora nodorum	13684	21.6
barcode20	38	0.000105702824		Ascomycota	Dothideomycetes	Pleosporales	Phaeosphaeriaceae	Septoriella	Septoriella leuchtmannii	129865	11.0
barcode20	63	0.004348098883		Mucoromycota	Glomeromycetes	Diversisporales	Gigasporaceae	Dentiscutata	Dentiscutata savannicola	1208333	453.7
barcode20	44	0.000221386301		Ascomycota	Pichiomycetes	Serinales	Debaryomycetaceae	Yamadazyma	Yamadazyma scolyti	45511	23.1
barcode20	233	0.000140115536		Chytridiomycota	Neocallimastigomycetes	Neocallimastigales	Neocallimastigaceae	Khoyollomyces	Khoyollomyces ramosus	2710867	14.6
barcode20	176	0.001211947578		Chytridiomycota	Neocallimastigomycetes	Neocallimastigales	Neocallimastigaceae	Feramyces	Feramyces austinii	2170546	126.5
barcode20	29	0.004362451766		Basidiomycota	Agaricomycetes	Agaricales	Chromocyphellaceae	Chromocyphella	Chromocyphella lamellata	2911221	455.2
barcode20	25	0.000517858267		Oomycota	Peronosporomycetes	Peronosporales	Peronosporaceae	Phytophthora	Phytophthora nicotianae	4792	54.0
barcode20	22	0.000220732034		Oomycota	Peronosporomycetes	Peronosporales	Peronosporaceae	Phytophthora	Phytophthora sojae	67593	23.0
barcode20	296	0.000982621319		Ascomycota	Pichiomycetes	Serinales	Metschnikowiaceae	Candidozyma	Candidozyma khanbhai	2891599	102.5
barcode20	28	0.000218279418		Ascomycota	Pneumocystomycetes	Pneumocystales	Pneumocystaceae	Pneumocystis	Pneumocystis jirovecii	42068	22.8
barcode20	28	0.000134279594		Ascomycota	Pneumocystomycetes	Pneumocystales	Pneumocystaceae	Pneumocystis	Pneumocystis murina	263815	14.0
barcode20	28	0.000228625891		Ascomycota	Pneumocystomycetes	Pneumocystales	Pneumocystaceae	Pneumocystis	Pneumocystis carinii	4754	23.9
barcode20	47	0.000267045905		Bacillariophyta	Bacillariophyceae	Naviculales	Phaeodactylaceae	Phaeodactylum	Phaeodactylum tricornutum	2850	27.9
barcode20	35	0.000442823861		Ascomycota	Dipodascomycetes	Dipodascales	Trichomonascaceae	Blastobotrys	Blastobotrys chiropterorum	45539	46.2
barcode20	35	0.001387500046		Ascomycota	Dipodascomycetes	Dipodascales	Trichomonascaceae	Sugiyamaella	Sugiyamaella lignohabitans	796027	144.8
barcode20	6	0.000565291846		Ascomycota	Sordariomycetes	Glomerellales	Glomerellaceae	Colletotrichum	Colletotrichum higginsianum	80884	59.0
barcode20	35	0.000249767700		Ascomycota	Dipodascomycetes	Dipodascales	Trichomonascaceae	Sugiyamaella	Sugiyamaella mastotermitis	1857663	26.1
barcode20	46	0.000554673340		Ascomycota	Sordariomycetes	Glomerellales	Australiascaceae	Monilochaetes	Monilochaetes dimorphospora	1068736	57.9
barcode20	46	0.000300765782		Ascomycota	Sordariomycetes	Microascales	Microascaceae	Pseudallescheria	Pseudallescheria ellipsoidea	45271	31.4
barcode20	250	0.000232114742		Ascomycota	Dipodascomycetes	Dipodascales	Trichomonascaceae	Starmerella	Starmerella riodocensis	308924	24.2
barcode20	38	0.000925377369		Ascomycota	Dothideomycetes	Mycosphaerellales	Teratosphaeriaceae	Friedmanniomyces	Friedmanniomyces simplex	329884	96.6
barcode20	15	0.001036482830		Ascomycota	Dothideomycetes	Hysteriales	Hysteriaceae	Gloniopsis	Gloniopsis calami	1903024	108.2
barcode20	109	0.000626247759		Ascomycota	Leotiomycetes	Helotiales	Helotiaceae	Dicephalospora	Dicephalospora sessilis	2544956	65.4
barcode20	107	0.000626541193		Ascomycota	Dothideomycetes	Pleosporales	Lentitheciaceae	Darksidea	Darksidea zeta	1571505	65.4
barcode20	108	0.000231543969		Ascomycota	Dothideomycetes	Pleosporales	Morosphaeriaceae	Clypeoloculus	Clypeoloculus akitaensis	1303431	24.2
barcode20	173	0.000233053990		Basidiomycota	Tremellomycetes	Filobasidiales	Piskurozymaceae	Piskurozyma	Piskurozyma stramentorum	2878300	24.3
barcode20	97	0.003202685448		Ascomycota	Sordariomycetes	Coronophorales	Ceratostomataceae	Dactylidispora	Dactylidispora ellipsospora	1661796	334.2
barcode20	97	0.000554010209		Ascomycota	Sordariomycetes	Coronophorales	Ceratostomataceae	Harzia	Harzia palmara	2036943	57.8
barcode20	240	0.000110492326		Ascomycota	Sordariomycetes	Microascales	Ceratocystidaceae	Berkeleyomyces	Berkeleyomyces basicola	124036	11.5
barcode20	15	0.000627801476		Ascomycota	Dothideomycetes	Pleosporales	Periconiaceae	Periconia	Periconia cortaderiae	2709059	65.5
barcode20	97	0.000310037064		Ascomycota	Sordariomycetes	Coronophorales	Ceratostomataceae	Harzia	Harzia patula	2036939	32.4
barcode20	97	0.000362810365		Ascomycota	Sordariomycetes	Coronophorales	Ceratostomataceae	Harzia	Harzia macrospora	2036938	37.9
barcode20	121	0.003798331314		Chytridiomycota	Chytridiomycetes		Quaeritorhizaceae	Quaeritorhiza	Quaeritorhiza haematococci	2654861	396.4
barcode20	49	0.000258438316		Ascomycota	Dipodascomycetes	Dipodascales	Trichomonascaceae	Wickerhamiella	Wickerhamiella sorbophila	45607	27.0
barcode20	94	0.000123798200		Ascomycota	Dipodascomycetes	Dipodascales	Dipodascaceae	Magnusiomyces	Magnusiomyces capitatus	1095183	12.9
barcode20	49	0.000915083457		Ascomycota	Dipodascomycetes	Dipodascales	Trichomonascaceae	Wickerhamiella	Wickerhamiella osmotolerans	2832334	95.5
barcode20	258	0.000697158941		Mucoromycota	Mortierellomycetes	Mortierellales	Mortierellaceae	Entomortierella	Entomortierella sugadairana	2991538	72.8
barcode20	196	0.000341374575		Basidiomycota	Cystobasidiomycetes	Cystobasidiales		Begerowomyces	Begerowomyces foliicola	2877792	35.6
barcode20	145	0.000357544591		Basidiomycota	Agaricostilbomycetes	Agaricostilbales	Kondoaceae	Kondoa	Kondoa cylindrica	2877765	37.3
barcode20	137	0.001839666817		Basidiomycota	Agaricomycetes	Cantharellales	Hydnaceae	Hydnum	Hydnum reginae	2943438	192.0
barcode20	85	0.000241772082		Mucoromycota		Calcarisporiellales	Calcarisporiellaceae	Calcarisporiella	Calcarisporiella thermophila	911321	25.2
barcode20	113	0.001966357885		Chytridiomycota	Chytridiomycetes	Gromochytriales	Gromochytriaceae	Gromochytrium	Gromochytrium mamkaevae	1486924	205.2
barcode20	88	0.000234443469		Basidiomycota	Pucciniomycetes	Pucciniales	Pucciniaceae	Puccinia	Puccinia xinyuanensis	2775103	24.5
barcode20	73	0.000145321346		Basidiomycota	Microbotryomycetes	Sporidiobolales	Sporidiobolaceae	Sporobolomyces	Sporobolomyces jilinensis	243824	15.2
barcode20	179	0.000623172431		Basidiomycota	Microbotryomycetes	Sporidiobolales	Sporidiobolaceae	Sporobolomyces	Sporobolomyces cellobiolyticus	2877793	65.0
barcode20	179	0.000608670535		Basidiomycota	Microbotryomycetes	Sporidiobolales	Sporidiobolaceae	Sporobolomyces	Sporobolomyces ellipsoideus	2877794	63.5
barcode20	73	0.000230435045		Basidiomycota	Microbotryomycetes	Sporidiobolales	Sporidiobolaceae	Sporobolomyces	Sporobolomyces beijingensis	243823	24.0
barcode20	179	0.000351150450		Basidiomycota	Microbotryomycetes	Sporidiobolales	Sporidiobolaceae	Sporobolomyces	Sporobolomyces reniformis	2877821	36.6
barcode20	221	0.000493362633		Basidiomycota	Pucciniomycetes	Pucciniales	Pucciniaceae	Puccinia	Puccinia novopanici	1904429	51.5
barcode20	303	0.002116465683		Chytridiomycota	Chytridiomycetes	Rhizophydiales	Gorgonomycetaceae	Gorgonomyces	Gorgonomyces thailandicus	3058949	220.9
barcode20	152	0.000535270311		Basidiomycota	Agaricomycetes	Gomphales	Lentariaceae	Lentaria	Lentaria variabilis	2494425	55.9
barcode20	87	0.000153307833		Ascomycota	Pichiomycetes	Serinales	Debaryomycetaceae	Diutina	Diutina rugosa	5481	16.0
barcode20	66	0.000239902202		Ascomycota	Pichiomycetes	Serinales	Metschnikowiaceae	Sungouiella	Sungouiella pseudointermedia	46585	25.0
barcode20	286	0.000553356244		Ascomycota	Pichiomycetes	Serinales	Metschnikowiaceae	Sungouiella	Sungouiella pseudoflosculorum	1041604	57.7
barcode20	284	0.007953813741		Ascomycota	Pichiomycetes	Serinales	Metschnikowiaceae	Metschnikowia	Metschnikowia vanudenii	299329	830.0
barcode20	49	0.000312317998		Ascomycota	Dipodascomycetes	Dipodascales	Trichomonascaceae	Wickerhamiella	Wickerhamiella tropicalis	2832335	32.6
barcode20	289	0.001468003839		Ascomycota	Pichiomycetes	Serinales	Debaryomycetaceae	Kodamaea	Kodamaea kakaduensis	85574	153.2
barcode20	275	0.000261196936		Ascomycota	Dipodascomycetes	Dipodascales	Trichomonascaceae	Starmerella	Starmerella vitae	2596947	27.3
barcode20	261	0.001010120946		Ascomycota	Saccharomycetes	Phaffomycetales	Phaffomycetaceae	Phaffomyces	[Candida] orba	115786	105.4
barcode20	301	0.012139850776		Ascomycota	Pichiomycetes	Serinales	Metschnikowiaceae	Metschnikowia	Metschnikowia dekortorum	174643	1266.9
barcode20	21	0.000694531734		Blastocladiomycota	Blastocladiomycetes	Blastocladiales	Blastocladiaceae	Allomyces	Allomyces arbusculus	64504	72.5
barcode20	38	0.005083423683		Ascomycota	Dothideomycetes	Pleosporales	Testudinaceae	Lepidosphaeria	Lepidosphaeria nicotiae	372061	530.5
barcode20	37	0.000156150449		Basidiomycota	Agaricostilbomycetes	Agaricostilbales	Kondoaceae	Kondoa	Kondoa yuccicola	4997	16.3
barcode20	38	0.000227535861		Ascomycota	Dothideomycetes			Cryomyces	Cryomyces montanus	1306365	23.7
barcode20	38	0.007381872179		Ascomycota	Dothideomycetes	Mycosphaerellales	Teratosphaeriaceae	Salinomyces	Salinomyces polonicus	2810478	770.3
barcode20	32	0.002521165977		Chytridiomycota	Chytridiomycetes	Spizellomycetales	Powellomycetaceae	Fimicolochytrium	Fimicolochytrium jonesii	1396493	263.1
barcode20	71	0.000242260857		Ascomycota	Pichiomycetes	Serinales	Debaryomycetaceae	Kodamaea	Kodamaea fungicola	95809	25.3
barcode20	72	0.000799025999		Ascomycota	Pichiomycetes	Serinales	Debaryomycetaceae	Danielozyma	Danielozyma litseae	507509	83.4
barcode20	38	0.000197785421		Ascomycota	Dothideomycetes	Mycosphaerellales	Teratosphaeriaceae	Meristemomyces	Meristemomyces frigidus	1508187	20.6
barcode20	66	0.000136722149		Ascomycota	Pichiomycetes	Serinales	Metschnikowiaceae	Sungouiella	Sungouiella akabanensis	78172	14.3
barcode20	32	0.000190038818		Chytridiomycota	Chytridiomycetes	Spizellomycetales	Powellomycetaceae	Fimicolochytrium	Fimicolochytrium alabamae	1396494	19.8
barcode20	32	0.000977723241		Chytridiomycota	Chytridiomycetes	Spizellomycetales	Powellomycetaceae	Thoreauomyces	Thoreauomyces humboldtii	1396496	102.0
barcode20	219	0.000180036301		Basidiomycota	Tremellomycetes	Tremellales	Cryptococcaceae	Teunia	Teunia korlaensis	2877732	18.8
barcode20	57	0.000408039281		Mucoromycota	Glomeromycetes	Diversisporales	Acaulosporaceae	Acaulospora	Acaulospora spinosa	27374	42.6
barcode20	163	0.000263308680		Basidiomycota	Agaricomycetes	Russulales	Russulaceae	Lactifluus	Lactifluus chrysocarpus	1315970	27.5
barcode20	189	0.000411449749		Basidiomycota	Pucciniomycetes	Pucciniales	Pucciniaceae	Puccinia	Puccinia emaculata	582727	42.9
barcode20	58	0.000735512241		Mucoromycota	Endogonomycetes	Endogonales	Endogonaceae	Endogone	Endogone botryocarpus	2704021	76.8
barcode20	74	0.000213061730		Ascomycota	Pichiomycetes	Pichiales	Pichiaceae	Ogataea	Ogataea wickerhamii	1249076	22.2
barcode20	38	0.000124020325		Ascomycota	Leotiomycetes	Helotiales	Hamatocanthoscyphaceae	Infundichalara	Infundichalara microchona	1056133	12.9
barcode20	105	0.000228590400		Olpidiomycota	Olpidiomycetes	Olpidiales	Olpidiaceae	Olpidium	Olpidium brassicae	70189	23.9
barcode20	112	0.000210834597		Chytridiomycota	Neocallimastigomycetes	Neocallimastigales	Neocallimastigaceae	Pecoramyces	Pecoramyces ruminantium	1987568	22.0
barcode20	32	0.000241632462		Chytridiomycota	Chytridiomycetes	Spizellomycetales	Spizellomycetaceae	Spizellomyces	Spizellomyces acuminatus	4816	25.2
barcode20	32	0.000144640287		Chytridiomycota	Chytridiomycetes	Spizellomycetales	Spizellomycetaceae	Spizellomyces	Spizellomyces plurigibbosus	117821	15.1
barcode20	32	0.000132628933		Chytridiomycota	Chytridiomycetes	Spizellomycetales	Spizellomycetaceae	Gaertneriomyces	Gaertneriomyces spectabilis	2750447	13.8
barcode20	32	0.000580692147		Chytridiomycota	Chytridiomycetes	Chytridiales	Chytridiaceae	Phlyctochytrium	Phlyctochytrium californicum	64516	60.6
barcode20	32	0.000526607348		Chytridiomycota	Chytridiomycetes	Spizellomycetales	Powellomycetaceae	Powellomyces	Powellomyces hirtus	109895	55.0
barcode20	32	0.001616296303		Chytridiomycota	Chytridiomycetes	Lobulomycetales	Lobulomycetaceae	Alogomyces	Alogomyces tanneri	1395665	168.7
barcode20	254	0.000220123019		Basidiomycota	Tremellomycetes	Tremellales	Bulleribasidiaceae	Vishniacozyma	Vishniacozyma pseudopenaeus	2877725	23.0
barcode20	263	0.000214022301		Basidiomycota	Tremellomycetes	Tremellales	Tremellaceae	Tremella	Tremella shuangheensis	2877723	22.3
barcode20	36	0.000321144595		Basidiomycota	Tremellomycetes	Tremellales	Bulleribasidiaceae	Vishniacozyma	Vishniacozyma tephrensis	151289	33.5
barcode20	237	0.000135098083		Basidiomycota	Tremellomycetes	Tremellales	Bulleribasidiaceae	Vishniacozyma	Vishniacozyma europaea	2877726	14.1
barcode20	9	0.000140549442		Zoopagomycota	Kickxellomycetes	Kickxellales	Kickxellaceae	Mycoemilia	Mycoemilia scoparia	417184	14.7
barcode20	182	0.000294921161		Ascomycota	Dothideomycetes	Pleosporales	Pleosporaceae	Curvularia	Curvularia colbranii	2211346	30.8
barcode20	260	0.000286495983		Basidiomycota	Tremellomycetes	Tremellales	Phaeotremellaceae	Phaeotremella	Phaeotremella ovata	2877757	29.9
barcode20	39	0.001540041336		Basidiomycota	Ustilaginomycetes	Ustilaginales		Kalmanozyma	Kalmanozyma brasiliensis	1392244	160.7
barcode20	29	0.000566325481		Basidiomycota	Agaricomycetes	Lepidostromatales	Lepidostromataceae	Sulzbacheromyces	Sulzbacheromyces miomboensis	2021465	59.1
barcode20	52	0.000616702876		Basidiomycota	Tremellomycetes	Cystofilobasidiales	Cystofilobasidiaceae	Cystofilobasidium	Cystofilobasidium macerans	89926	64.4
barcode20	29	0.000345240710		Basidiomycota	Agaricomycetes	Lepidostromatales	Lepidostromataceae	Sulzbacheromyces	Sulzbacheromyces bicolor	1977396	36.0
barcode20	96	0.000193541605		Ascomycota	Lecanoromycetes	Ostropales	Stictidaceae	Cyanodermella	Cyanodermella oleoligni	1961798	20.2
barcode20	67	0.000301740091		Ascomycota	Saccharomycetes	Phaffomycetales	Wickerhamomycetaceae	Wickerhamomyces	Wickerhamomyces xylosivorus	2038467	31.5
barcode20	86	0.000216352785		Ascomycota	Saccharomycetes	Phaffomycetales	Phaffomycetaceae	Cyberlindnera	Cyberlindnera petersonii	36028	22.6
barcode20	256	0.000157901589		Basidiomycota	Agaricomycetes	Boletales	Boletaceae	Octaviania	Octaviania nonae	1072254	16.5
barcode20	118	0.000271805737		Mucoromycota	Mortierellomycetes	Mortierellales	Mortierellaceae	Lobosporangium	Lobosporangium transversale	64571	28.4
barcode20	127	0.000376126355		Basidiomycota	Agaricomycetes	Agaricales	Nidulariaceae	Cyathus	Cyathus ibericus	1932876	39.3
barcode20	7	0.000140052431		Basidiomycota	Ustilaginomycetes	Ustilaginales	Ustilaginaceae	Pseudozyma	Pseudozyma pruni	1652704	14.6
barcode20	53	0.000709532244		Ascomycota	Pichiomycetes	Serinales	Metschnikowiaceae	Candidozyma	Candidozyma pseudohaemuli	418784	74.0
barcode20	295	0.000216572064		Ascomycota	Pichiomycetes	Serinales	Debaryomycetaceae		[Candida] anutae	224212	22.6
barcode20	134	0.000096890469		Basidiomycota	Microbotryomycetes		Chrysozymaceae	Chrysozyma	Chrysozyma sorbariae	2877810	10.1
barcode20	46	0.000228738440		Ascomycota	Sordariomycetes	Microascales	Ceratocystidaceae	Ambrosiella	Ambrosiella nakashimae	1739102	23.9
barcode20	0	0.000138416713		Basidiomycota	Agaricomycetes	Thelephorales	Thelephoraceae	Tomentella	Tomentella exiguelata	2841483	14.4
barcode20	140	0.002229703958		Basidiomycota	Agaricomycetes	Thelephorales	Thelephoraceae	Tomentella	Tomentella bidoupensis	2565639	232.7
barcode20	192	0.000510668412		Basidiomycota	Agaricomycetes	Polyporales	Polyporaceae	Trametes	Trametes versicolor	5325	53.3
barcode20	247	0.000719968496		Basidiomycota	Agaricomycetes	Agaricales	Cortinariaceae	Aureonarius	Aureonarius collybianus	700571	75.1
barcode20	154	0.000161875319		Basidiomycota	Tremellomycetes	Filobasidiales	Filobasidiaceae	Filobasidium	Filobasidium mucilaginum	2877763	16.9
barcode20	0	0.000137741636		Basidiomycota	Agaricomycetes	Agaricales		Xeromphalina	Xeromphalina setulipes	742028	14.4
barcode20	165	0.000282607948		Basidiomycota	Tremellomycetes	Filobasidiales	Filobasidiaceae	Filobasidium	Filobasidium globosum	2877761	29.5
barcode20	274	0.000843969221		Chytridiomycota	Chytridiomycetes	Rhizophydiales	Terramycetaceae	Terramyces	Terramyces aquatica	3231536	88.1
barcode20	220	0.000260818684		Chytridiomycota	Chytridiomycetes	Rhizophydiales	Angulomycetaceae	Angulomyces	Angulomyces solicola	3058948	27.2
barcode20	211	0.000130895220		Chytridiomycota	Chytridiomycetes	Rhizophydiales	Pateramycetaceae	Pateramyces	Pateramyces pingflumenensis	3231534	13.7
barcode20	238	0.000121930857		Chytridiomycota	Chytridiomycetes	Rhizophydiales	Halomycetaceae	Paludomyces	Paludomyces mangrovei	1675846	12.7
barcode20	153	0.000126126801		Chytridiomycota	Chytridiomycetes	Rhizophydiales		Operculomyces	Operculomyces laminatus	382552	13.2
barcode20	70	0.000129338651		Chytridiomycota	Chytridiomycetes	Rhizophydiales	Rhizophydiaceae	Rhizophydium	Rhizophydium brooksianum	324673	13.5
barcode20	155	0.000187416039		Chytridiomycota	Chytridiomycetes	Rhizophydiales	Alphamycetaceae	Alphamyces	Alphamyces chaetifer	109903	19.6
barcode20	38	0.000276977614		Ascomycota	Dothideomycetes	Mycosphaerellales	Mycosphaerellaceae	Cercospora	Cercospora beticola	122368	28.9
barcode20	71	0.001179787374		Ascomycota	Pichiomycetes	Serinales	Debaryomycetaceae	Kodamaea	Kodamaea ohmeri	34356	123.1
barcode20	293	0.000540274019		Mucoromycota	Glomeromycetes	Diversisporales	Acaulosporaceae	Acaulospora	Acaulospora laevis	78545	56.4
barcode20	226	0.000124816635		Chytridiomycota	Chytridiomycetes	Rhizophydiales	Alphamycetaceae	Alphamyces	Alphamyces thailandicus	3231529	13.0
barcode20	44	0.000502108238		Ascomycota	Pichiomycetes	Serinales	Debaryomycetaceae	Yamadazyma	Yamadazyma tenuis	2315449	52.4
barcode20	236	0.001295938065		Basidiomycota	Tremellomycetes	Tremellales	Bulleribasidiaceae	Dioszegia	Dioszegia ovata	2877736	135.2
barcode20	44	0.000984818735		Ascomycota	Pichiomycetes	Serinales	Debaryomycetaceae	Yamadazyma	[Candida] blattariae	297794	102.8
barcode20	71	0.000203170194		Ascomycota	Pichiomycetes	Serinales	Debaryomycetaceae	Kodamaea	Kodamaea arcana	234568	21.2
barcode20	150	0.000178789144		Basidiomycota	Agaricomycetes	Boletales	Rhizopogonaceae	Rhizopogon	Rhizopogon arctostaphyli	176627	18.7
barcode20	10	0.000445011156		Ascomycota	Dothideomycetes	Mycosphaerellales	Mycosphaerellaceae	Pseudocercospora	Pseudocercospora fijiensis	1873960	46.4
barcode20	268	0.001036958895		Basidiomycota	Tremellomycetes	Trichosporonales	Trichosporonaceae	Apiotrichum	Apiotrichum otae	279323	108.2
barcode20	142	0.000321662263		Basidiomycota	Agaricomycetes	Agaricales	Physalacriaceae	Rhizomarasmius	Rhizomarasmius cunninghamietorum	3031279	33.6
barcode20	257	0.000235222414		Basidiomycota	Agaricomycetes	Geastrales	Geastraceae	Geastrum	Geastrum lanuginosum	2580354	24.5
barcode20	101	0.000207714926		Basidiomycota	Exobasidiomycetes	Georgefischeriales	Tilletiariaceae	Phragmotaenium	Phragmotaenium fulvescens	58916	21.7
barcode20	292	0.000113542908		Ascomycota	Pichiomycetes	Serinales	Debaryomycetaceae	Diutina	Diutina scorzettiae	399469	11.8
barcode20	64	0.000152848411		Ascomycota	Saccharomycetes	Phaffomycetales	Phaffomycetaceae	Starmera	Starmera dryadoides	36021	16.0
barcode20	64	0.000634774258		Ascomycota	Saccharomycetes	Phaffomycetales	Phaffomycetaceae	Starmera	[Candida] dendrica	49324	66.2
barcode20	199	0.000685268810		Basidiomycota	Ustilaginomycetes	Urocystidales	Floromycetaceae	Antherospora	Antherospora vindobonensis	747524	71.5
barcode20	178	0.000212214630		Basidiomycota	Agaricomycetes	Gomphales	Lentariaceae	Lentaria	Lentaria gossypina	2494426	22.1
barcode20	98	0.000160473711		Chytridiomycota	Chytridiomycetes	Lobulomycetales	Lobulomycetaceae	Lobulomyces	Lobulomyces poculatus	447950	16.7
barcode20	225	0.000164049399		Chytridiomycota	Chytridiomycetes	Rhizophydiales	Angulomycetaceae	Angulomyces	Angulomyces ubonensis	3231530	17.1
barcode20	3	0.000258536653		Chytridiomycota	Chytridiomycetes	Spizellomycetales	Spizellomycetaceae	Spizellomyces	Spizellomyces punctatus	109760	27.0
barcode20	243	0.000135427523		Chytridiomycota	Chytridiomycetes	Spizellomycetales	Spizellomycetaceae	Triparticalcar	Triparticalcar equi	1915160	14.1
barcode20	79	0.000576371785		Ascomycota				Saitoella	Saitoella complicata	5606	60.1
barcode20	224	0.000122377796		Basidiomycota	Agaricomycetes	Agaricales	Amanitaceae	Amanita	Amanita chepangianoides	3237498	12.8
barcode20	38	0.000216850733		Ascomycota	Dothideomycetes	Mycosphaerellales	Neodevriesiaceae	Neodevriesia	Neodevriesia kalakoutskii	2950318	22.6
barcode20	115	0.000265161979		Ascomycota	Dothideomycetes	Kirschsteiniotheliales	Kirschsteiniotheliaceae	Kirschsteiniothelia	Kirschsteiniothelia puerensis	2978459	27.7
barcode20	66	0.000191050290		Ascomycota	Pichiomycetes	Serinales	Metschnikowiaceae	Sungouiella	Sungouiella intermedia	45354	19.9
barcode20	18	0.000204900726		Basidiomycota	Agaricostilbomycetes	Agaricostilbales	Chionosphaeraceae	Ballistosporomyces	Ballistosporomyces taupoensis	69980	21.4
barcode20	203	0.000123400166		Basidiomycota	Agaricomycetes	Agaricales	Psathyrellaceae	Psathyrella	Psathyrella ochrofulva	2022632	12.9
barcode20	294	0.001452089566		Chytridiomycota	Neocallimastigomycetes	Neocallimastigales	Neocallimastigaceae	Buwchfawromyces	Buwchfawromyces eastonii	512029	151.5
barcode20	29	0.000229332565		Basidiomycota	Agaricomycetes	Polyporales	Fomitopsidaceae	Rhodofomes	Rhodofomes roseus	34475	23.9
barcode20	45	0.000191653250		Chytridiomycota	Chytridiomycetes	Synchytriales	Synchytriaceae	Synchytrium	Synchytrium microbalum	1806994	20.0
barcode20	20	0.000130548740		Basidiomycota	Agaricomycetes	Cantharellales	Hydnaceae	Cantharellus	Cantharellus anzutake	1750568	13.6
barcode20	104	0.000450815762		Ascomycota	Sordariomycetes	Pleurotheciales	Pleurotheciaceae	Adelosphaeria	Adelosphaeria catenata	1809185	47.0
barcode20	46	0.000274355790		Ascomycota	Sordariomycetes	Microascales	Ceratocystidaceae	Ambrosiella	Ambrosiella roeperi	1535305	28.6
barcode20	19	0.000306645768		Ascomycota	Sordariomycetes		Atractosporaceae	Atractospora	Atractospora decumbens	1809268	32.0
barcode20	15	0.000200390168		Ascomycota	Dothideomycetes	Hysteriales	Hysteriaceae	Gloniopsis	Gloniopsis leucaenae	2499430	20.9
barcode20	93	0.000287874142		Basidiomycota	Tremellomycetes	Filobasidiales	Filobasidiaceae	Naganishia	Naganishia liquefaciens	104408	30.0
barcode20	93	0.000248031853		Basidiomycota	Tremellomycetes	Filobasidiales	Filobasidiaceae	Naganishia	Naganishia uzbekistanensis	104415	25.9
barcode20	0	0.000428026452		Basidiomycota	Agaricomycetes	Russulales	Russulaceae	Lactarius	Lactarius deliciosus	55514	44.7
barcode20	95	0.000421837576		Basidiomycota	Classiculomycetes	Classiculales	Classiculaceae	Classicula	Classicula sinensis	2027812	44.0
barcode20	118	0.000152437443		Mucoromycota	Mortierellomycetes	Mortierellales	Mortierellaceae	Mortierella	Mortierella elongatula	979695	15.9
barcode20	118	0.000471631921		Mucoromycota	Mortierellomycetes	Mortierellales	Mortierellaceae	Gryganskiella	Gryganskiella cystojenkinii	979690	49.2
barcode20	54	0.000459968411		Basidiomycota	Malasseziomycetes	Malasseziales	Malasseziaceae	Malassezia	Malassezia restricta	76775	48.0
barcode20	86	0.000425232120		Ascomycota	Saccharomycetes	Phaffomycetales	Phaffomycetaceae	Cyberlindnera	Cyberlindnera mississippiensis	53607	44.4
barcode20	88	0.000194952057		Basidiomycota	Pucciniomycetes	Pucciniales	Sphaerophragmiaceae	Dasyspora	Dasyspora nitidae	1006461	20.3
barcode20	230	0.000231904828		Basidiomycota	Pucciniomycetes	Pucciniales	Sphaerophragmiaceae	Dasyspora	Dasyspora frutescentis	1006457	24.2
barcode20	288	0.000138023514		Ascomycota	Saccharomycetes	Phaffomycetales	Phaffomycetaceae	Cyberlindnera	Cyberlindnera jadinii	4903	14.4
barcode20	72	0.000159194409		Ascomycota	Pichiomycetes	Serinales	Debaryomycetaceae	Suhomyces	Suhomyces kunorum	246081	16.6
barcode20	29	0.000156346352		Basidiomycota	Agaricomycetes	Agaricales	Squamanitaceae	Squamanita	Squamanita sororcula	2779259	16.3
barcode20	175	0.000440692466		Chytridiomycota	Neocallimastigomycetes	Neocallimastigales	Neocallimastigaceae	Anaeromyces	Anaeromyces robustus	1754192	46.0
barcode20	168	0.000230656491		Ascomycota	Dothideomycetes	Pleosporales	Pleosporaceae	Bipolaris	Bipolaris sivanesaniana	1918533	24.1
barcode20	266	0.000275369460		Basidiomycota	Tremellomycetes	Trichosporonales	Tetragoniomycetaceae	Cryptotrichosporon	Cryptotrichosporon siamense	3043688	28.7
barcode20	208	0.000098638539		Basidiomycota	Agaricomycetes	Agaricales	Cortinariaceae	Cortinarius	Cortinarius carranzae	442443	10.3
barcode20	44	0.000209116286		Ascomycota	Pichiomycetes	Serinales	Debaryomycetaceae	Spathaspora	Spathaspora jeffriesii	271282	21.8
barcode20	59	0.000133556270		Chytridiomycota	Chytridiomycetes	Rhizophydiales	Kappamycetaceae	Kappamyces	Kappamyces laurelensis	261097	13.9
barcode20	116	0.000920010323		Ascomycota	Sordariomycetes	Meliolales	Meliolaceae	Meliola	Meliola pottsiae	2681178	96.0
barcode20	171	0.000535971607		Basidiomycota	Agaricomycetes	Agaricales	Hymenogastraceae	Gymnopilus	Gymnopilus speciosissimus	2598216	55.9
barcode20	253	0.000186007346		Basidiomycota	Tremellomycetes	Trichosporonales	Trichosporonaceae	Vanrija	Vanrija nantouana	1381954	19.4
barcode20	270	0.000714370167		Ascomycota	Dothideomycetes	Pleosporales	Pleosporaceae	Alternaria	Alternaria sorghi	1132468	74.5
barcode20	148	0.000563320610		Ascomycota	Orbiliomycetes	Orbiliales	Orbiliaceae	Orbilia	Orbilia comma	1796078	58.8
barcode20	124	0.000238096338		Chytridiomycota	Chytridiomycetes	Rhizophydiales	Globomycetaceae	Urceomyces	Urceomyces sphaerocarpus	1395676	24.8
barcode20	82	0.000226079789		Ascomycota	Lipomycetes	Lipomycetales	Lipomycetaceae	Myxozyma	Myxozyma vanderwaltii	54101	23.6
barcode20	126	0.000437359974		Basidiomycota	Agaricomycetes	Agaricales	Physalacriaceae	Hymenopellis	Hymenopellis straminea	2973806	45.6
barcode20	248	0.000191693674		Ascomycota	Trigonopsidomycetes	Trigonopsidales	Trigonopsidaceae	Tortispora	Tortispora agaves	1326894	20.0
barcode20	234	0.000380758019		Zoopagomycota	Basidiobolomycetes	Basidiobolales	Basidiobolaceae	Basidiobolus	Basidiobolus haptosporus	90248	39.7
barcode20	206	0.000118101245		Zoopagomycota	Basidiobolomycetes	Basidiobolales	Basidiobolaceae	Basidiobolus	Basidiobolus microsporus	181047	12.3
barcode20	0	0.000374097823		Basidiomycota	Tremellomycetes	Cystofilobasidiales	Mrakiaceae	Phaffia	Phaffia aurantiaca	2877764	39.0
barcode20	15	0.000210818840		Ascomycota	Leotiomycetes	Helotiales	Dermateaceae	Neofabraea	Neofabraea malicorticis	108569	22.0
barcode20	131	0.000171695213		Basidiomycota	Agaricomycetes	Russulales	Lachnocladiaceae	Vararia	Vararia minispora	1314805	17.9
barcode20	217	0.000187001774		Basidiomycota	Agaricomycetes	Agaricales	Inocybaceae	Inocybe	Inocybe viscata	702124	19.5
barcode20	193	0.000488065602		Ascomycota	Sordariomycetes	Falcocladiales	Falcocladiaceae	Falcocladium	Falcocladium thailandicum	467984	50.9
barcode20	259	0.000344790296		Basidiomycota	Agaricomycetes	Auriculariales	Exidiaceae	Basidiodendron	Basidiodendron globisporum	2708304	36.0
barcode20	66	0.000119832998		Ascomycota	Pichiomycetes	Serinales	Metschnikowiaceae	Sungouiella	Sungouiella blattae	391824	12.5
barcode20	214	0.000216988298		Basidiomycota	Agaricomycetes	Sistotremastrales	Sistotremastraceae	Sistotremastrum	Sistotremastrum vigilans	2834507	22.6
barcode20	191	0.000176845053		Basidiomycota	Cystobasidiomycetes		Symmetrosporaceae	Symmetrospora	Symmetrospora rhododendri	2877788	18.5
barcode20	276	0.000218152800		Basidiomycota	Tremellomycetes	Tremellales	Bulleribasidiaceae	Vishniacozyma	Vishniacozyma taibaiensis	266793	22.8
barcode20	118	0.000136677359		Mucoromycota	Mortierellomycetes	Mortierellales	Mortierellaceae	Mortierella	Mortierella angusta	979659	14.3
barcode20	123	0.000182721538		Ascomycota	Sordariomycetes	Falcocladiales	Falcocladiaceae	Falcocladium	Falcocladium turbinatum	1170364	19.1
barcode20	306	0.000147524599		Ascomycota	Pichiomycetes	Serinales	Metschnikowiaceae	Metschnikowia	Metschnikowia amazonensis	2576851	15.4
barcode20	186	0.000114011880		Ascomycota	Dothideomycetes	Mycosphaerellales	Neodevriesiaceae	Neodevriesia	Neodevriesia hilliana	706556	11.9
barcode20	11	0.000119288316		Ascomycota	Lipomycetes	Lipomycetales	Lipomycetaceae	Lipomyces	Lipomyces amatsuensis	3031846	12.4
barcode20	235	0.000110425864		Chytridiomycota	Chytridiomycetes	Rhizophlyctidales	Sonoraphlyctidaceae	Sonoraphlyctis	Sonoraphlyctis ranzonii	1396502	11.5
barcode20	167	0.000171628287		Mucoromycota	Mucoromycetes	Mucorales	Lichtheimiaceae	Circinella	Circinella lacrymispora	1195480	17.9
barcode21	24	0.013202172203		Microsporidia				Mitosporidium	Mitosporidium daphniae	1485682	2530.0
barcode21	28	0.000365142375		Ascomycota	Pneumocystomycetes	Pneumocystales	Pneumocystaceae	Pneumocystis	Pneumocystis jirovecii	42068	70.0
barcode21	28	0.000162233458		Ascomycota	Pneumocystomycetes	Pneumocystales	Pneumocystaceae	Pneumocystis	Pneumocystis murina	263815	31.1
barcode21	62	0.004686866425		Zoopagomycota	Kickxellomycetes	Kickxellales	Kickxellaceae	Spiromyces	Spiromyces minutus	61418	898.2
barcode21	68	0.002131812775		Zoopagomycota	Zoopagomycetes	Zoopagales	Piptocephalidaceae	Piptocephalis	Piptocephalis corymbifera	78917	408.5
barcode21	23	0.001337846071		Zoopagomycota	Kickxellomycetes	Kickxellales	Kickxellaceae	Linderina	Linderina pennispora	61395	256.4
barcode21	36	0.028731623737		Basidiomycota	Tremellomycetes	Tremellales	Cryptococcaceae	Kwoniella	Kwoniella shivajii	564305	5506.0
barcode21	66	0.000334406753		Ascomycota	Pichiomycetes	Serinales	Metschnikowiaceae	Sungouiella	Sungouiella pseudointermedia	46585	64.1
barcode21	289	0.002481978851		Ascomycota	Pichiomycetes	Serinales	Debaryomycetaceae	Kodamaea	Kodamaea kakaduensis	85574	475.6
barcode21	286	0.000402817255		Ascomycota	Pichiomycetes	Serinales	Metschnikowiaceae	Sungouiella	Sungouiella pseudoflosculorum	1041604	77.2
barcode21	261	0.000939061973		Ascomycota	Saccharomycetes	Phaffomycetales	Phaffomycetaceae	Phaffomyces	[Candida] orba	115786	180.0
barcode21	284	0.012339022694		Ascomycota	Pichiomycetes	Serinales	Metschnikowiaceae	Metschnikowia	Metschnikowia vanudenii	299329	2364.6
barcode21	301	0.020939371183		Ascomycota	Pichiomycetes	Serinales	Metschnikowiaceae	Metschnikowia	Metschnikowia dekortorum	174643	4012.7
barcode21	48	0.089671775928		Chlorophyta	Chlorophyceae	Chlamydomonadales	Chlamydomonadaceae	Chlamydomonas	Chlamydomonas reinhardtii	3055	17184.2
barcode21	48	0.007102201078		Chlorophyta	Chlorophyceae	Chlamydomonadales	Volvocaceae	Volvox	Volvox carteri	3067	1361.0
barcode21	122	0.032485107549		Chytridiomycota	Chytridiomycetes	Chytridiales	Chytridiaceae	Chytridium	Chytridium olla	693156	6225.3
barcode21	176	0.000785897615		Chytridiomycota	Neocallimastigomycetes	Neocallimastigales	Neocallimastigaceae	Feramyces	Feramyces austinii	2170546	150.6
barcode21	229	0.007587577642		Mucoromycota	Glomeromycetes	Diversisporales	Diversisporaceae	Diversispora	Diversispora spurca	308927	1454.0
barcode21	231	0.004222225918		Mucoromycota	Glomeromycetes	Diversisporales	Diversisporaceae	Diversispora	Diversispora aurantia	2650714	809.1
barcode21	251	0.033151146172		Mucoromycota	Glomeromycetes	Diversisporales	Gigasporaceae	Racocetra	Racocetra crispa	1972599	6352.9
barcode21	222	0.008865952440		Mucoromycota	Mortierellomycetes	Mortierellales	Mortierellaceae	Linnemannia	Linnemannia solitaria	2991561	1699.0
barcode21	1	0.000444569824		Chlorophyta	Trebouxiophyceae	Chlorellales	Chlorellaceae	Chlorella	Chlorella variabilis	554065	85.2
barcode21	207	0.000137783414		Chytridiomycota	Chytridiomycetes	Rhizophydiales	Protrudomycetaceae	Protrudomyces	Protrudomyces lateralis	382531	26.4
barcode21	130	0.000662781271		Chytridiomycota	Monoblepharidomycetes	Monoblepharidales	Gonapodyaceae	Gonapodya	Gonapodya prolifera	1123529	127.0
barcode21	200	0.019903871588		Chytridiomycota	Monoblepharidomycetes	Monoblepharidales	Monoblepharidaceae	Monoblepharis	Monoblepharis macrandra	150278	3814.3
barcode21	42	0.000643424691		Chytridiomycota	Monoblepharidomycetes	Monoblepharidales		Hyaloraphidium	Hyaloraphidium curvatum	82268	123.3
barcode21	278	0.000095251245		Basidiomycota	Tremellomycetes	Tremellales	Bulleribasidiaceae	Bulleribasidium	Bulleribasidium cremeum	2877740	18.3
barcode21	239	0.000120195217		Ascomycota	Leotiomycetes	Chaetomellales	Chaetomellaceae	Chaetomella	Chaetomella zambiensis	1508247	23.0
barcode21	58	0.000525652807		Mucoromycota	Endogonomycetes	Endogonales	Endogonaceae	Jimgerdemannia	Jimgerdemannia lactiflua	324621	100.7
barcode21	78	0.001283701309		Zoopagomycota	Basidiobolomycetes	Basidiobolales	Basidiobolaceae	Basidiobolus	Basidiobolus heterosporus	423455	246.0
barcode21	58	0.032262735932		Mucoromycota	Endogonomycetes	Endogonales	Endogonaceae	Vinositunica	Vinositunica ingens	2704025	6182.6
barcode21	77	0.001735374365		Mucoromycota	Glomeromycetes	Archaeosporales	Archaeosporaceae	Archaeospora	Archaeospora ecuadoriana	2588764	332.6
barcode21	78	0.006530637991		Zoopagomycota	Basidiobolomycetes	Basidiobolales	Basidiobolaceae	Basidiobolus	Basidiobolus magnus	4860	1251.5
barcode21	271	0.001435665335		Cryptomycota				Paramicrosporidium	Paramicrosporidium saccamoebae	1246581	275.1
barcode21	252	0.004627821154		Basidiomycota	Pucciniomycetes	Pucciniales	Pucciniaceae	Puccinia	Puccinia wiehei	1904436	886.8
barcode21	144	0.000132364633		Basidiomycota	Agaricomycetes	Cantharellales	Hydnaceae	Clavulina	Clavulina cerebriformis	1115088	25.4
barcode21	197	0.001609010868		Basidiomycota	Pucciniomycetes	Pucciniales	Milesinaceae	Milesina	Milesina woodwardiana	2558025	308.3
barcode21	188	0.000904876105		Basidiomycota	Agaricomycetes	Cantharellales	Hydnaceae	Hydnum	Hydnum cremeoalbum	2822377	173.4
barcode21	188	0.004443535321		Basidiomycota	Agaricomycetes	Cantharellales	Hydnaceae	Hydnum	Hydnum pinicola	2822381	851.5
barcode21	157	0.001371901870		Basidiomycota	Agaricomycetes	Corticiales	Corticiaceae	Sistotrema	Sistotrema luteoviride	1403820	262.9
barcode21	187	0.000447788737		Basidiomycota	Tremellomycetes	Filobasidiales	Piskurozymaceae	Solicoccozyma	Solicoccozyma zizaniae	2292779	85.8
barcode21	164	0.000083817967		Basidiomycota	Microbotryomycetes		Chrysozymaceae	Oberwinklerozyma	Oberwinklerozyma dicranopteridis	2877804	16.1
barcode21	183	0.000113208653		Basidiomycota	Cystobasidiomycetes	Cystobasidiales	Microsporomycetaceae	Microsporomyces	Microsporomyces ellipsoideus	2877785	21.7
barcode21	181	0.000073894766		Basidiomycota	Cystobasidiomycetes	Cystobasidiales	Microsporomycetaceae	Microsporomyces	Microsporomyces rubellus	2877786	14.2
barcode21	128	0.000071442254		Basidiomycota	Agaricostilbomycetes	Agaricostilbales	Chionosphaeraceae	Boekhoutia	Boekhoutia sterigmata	2878256	13.7
barcode21	160	0.000080936737		Basidiomycota	Agaricostilbomycetes	Agaricostilbales	Kondoaceae	Kondoa	Kondoa ribitophobia	2877771	15.5
barcode21	143	0.000524689916		Basidiomycota	Microbotryomycetes		Chrysozymaceae	Trigonosporomyces	Trigonosporomyces hylophilus	114775	100.5
barcode21	132	0.000121628790		Basidiomycota	Microbotryomycetes		Chrysozymaceae	Chrysozyma	Chrysozyma pseudogriseoflava	2877805	23.3
barcode21	151	0.000147959644		Basidiomycota	Microbotryomycetes		Chrysozymaceae	Chrysozyma	Chrysozyma flava	2877812	28.4
barcode21	136	0.000076460486		Basidiomycota	Microbotryomycetes		Chrysozymaceae	Chrysozyma	Chrysozyma fusiformis	2877809	14.7
barcode21	170	0.000470925252		Basidiomycota	Pucciniomycetes	Pucciniales	Gymnosporangiaceae	Gymnosporangium	Gymnosporangium przewalskii	1806907	90.2
barcode21	133	0.000166537800		Basidiomycota	Microbotryomycetes		Chrysozymaceae	Chrysozyma	Chrysozyma iridis	2877807	31.9
barcode21	132	0.000318898332		Basidiomycota	Microbotryomycetes		Chrysozymaceae	Chrysozyma	Chrysozyma sambuci	2877806	61.1
barcode21	39	0.000547884572		Basidiomycota	Ustilaginomycetes	Ustilaginales		Kalmanozyma	Kalmanozyma brasiliensis	1392244	105.0
barcode21	205	0.010335113501		Mucoromycota	Glomeromycetes	Diversisporales	Acaulosporaceae	Acaulospora	Acaulospora colombiana	27376	1980.6
barcode21	113	0.001939722522		Chytridiomycota	Chytridiomycetes	Gromochytriales	Gromochytriaceae	Gromochytrium	Gromochytrium mamkaevae	1486924	371.7
barcode21	194	0.000529913939		Chytridiomycota	Neocallimastigomycetes	Neocallimastigales	Neocallimastigaceae	Piromyces	Piromyces finnis	1754191	101.5
barcode21	233	0.000210509916		Chytridiomycota	Neocallimastigomycetes	Neocallimastigales	Neocallimastigaceae	Khoyollomyces	Khoyollomyces ramosus	2710867	40.3
barcode21	44	0.000321842804		Ascomycota	Pichiomycetes	Serinales	Debaryomycetaceae	Yamadazyma	Yamadazyma tenuis	2315449	61.7
barcode21	63	0.005902766450		Mucoromycota	Glomeromycetes	Diversisporales	Gigasporaceae	Dentiscutata	Dentiscutata savannicola	1208333	1131.2
barcode21	38	0.000622407724		Ascomycota	Dothideomycetes	Mycosphaerellales	Teratosphaeriaceae	Friedmanniomyces	Friedmanniomyces simplex	329884	119.3
barcode21	82	0.000114784702		Ascomycota	Lipomycetes	Lipomycetales	Lipomycetaceae	Myxozyma	Myxozyma neglecta	383838	22.0
barcode21	91	0.002029007871		Ascomycota	Lipomycetes	Lipomycetales	Lipomycetaceae	Lipomyces	Lipomyces oligophaga	45792	388.8
barcode21	69	0.000098192559		Ascomycota	Dipodascomycetes	Dipodascales	Dipodascaceae	Geotrichum	Geotrichum fermentans	44066	18.8
barcode21	296	0.001319327338		Ascomycota	Pichiomycetes	Serinales	Metschnikowiaceae	Candidozyma	Candidozyma khanbhai	2891599	252.8
barcode21	66	0.003828388604		Ascomycota	Pichiomycetes	Serinales	Metschnikowiaceae	Danielia	Danielia oregonensis	46584	733.6
barcode21	71	0.002035207596		Ascomycota	Pichiomycetes	Serinales	Debaryomycetaceae	Kodamaea	Kodamaea ohmeri	34356	390.0
barcode21	38	0.000172349152		Ascomycota	Dothideomycetes	Mycosphaerellales	Mycosphaerellaceae	Pallidocercospora	Pallidocercospora heimii	131344	33.0
barcode21	38	0.000092042340		Ascomycota	Dothideomycetes	Mycosphaerellales	Mycosphaerellaceae	Pseudocercospora	Pseudocercospora angolensis	133175	17.6
barcode21	38	0.002087734699		Ascomycota	Dothideomycetes	Mycosphaerellales	Mycosphaerellaceae	Amycosphaerella	Amycosphaerella africana	1431932	400.1
barcode21	38	0.000270484521		Ascomycota	Dothideomycetes	Mycosphaerellales	Mycosphaerellaceae	Paramycosphaerella	Paramycosphaerella parkii	112494	51.8
barcode21	38	0.000230140288		Ascomycota	Dothideomycetes	Mycosphaerellales	Teratosphaeriaceae	Teratosphaeria	Teratosphaeria stellenboschiana	470158	44.1
barcode21	38	0.000222148082		Ascomycota	Dothideomycetes	Mycosphaerellales	Teratosphaeriaceae	Teratosphaeria	Teratosphaeria destructans	418781	42.6
barcode21	41	0.005601802880		Ascomycota	Dothideomycetes	Pleosporales	Phaeosphaeriaceae	Parastagonospora	Parastagonospora nodorum	13684	1073.5
barcode21	38	0.000261120825		Ascomycota	Dothideomycetes	Mycosphaerellales	Teratosphaeriaceae	Neocatenulostroma	Neocatenulostroma microsporum	1431937	50.0
barcode21	38	0.000585181468		Ascomycota	Dothideomycetes	Pleosporales	Sporormiaceae	Westerdykella	Westerdykella cylindrica	134358	112.1
barcode21	38	0.006796372987		Ascomycota	Dothideomycetes	Pleosporales	Testudinaceae	Lepidosphaeria	Lepidosphaeria nicotiae	372061	1302.4
barcode21	38	0.006683091821		Ascomycota	Dothideomycetes	Mycosphaerellales	Teratosphaeriaceae	Capnobotryella	Capnobotryella renispora	62132	1280.7
barcode21	38	0.000567472533		Ascomycota	Dothideomycetes	Dothideales	Dothideaceae	Dothidea	Dothidea sambuci	162394	108.7
barcode21	38	0.000089012845		Ascomycota	Dothideomycetes	Pleosporales	Phaeosphaeriaceae	Tintelnotia	Tintelnotia destructans	1921807	17.1
barcode21	38	0.000456439566		Ascomycota	Dothideomycetes	Venturiales	Venturiaceae	Tyrannosorus	Tyrannosorus pinicola	43223	87.5
barcode21	27	0.003384524120		Oomycota	Saprolegniomycetes	Saprolegniales	Verrucalvaceae	Aphanomyces	Aphanomyces invadans	157072	648.6
barcode21	31	0.006818892042		Oomycota	Saprolegniomycetes	Saprolegniales	Verrucalvaceae	Aphanomyces	Aphanomyces astaci	112090	1306.7
barcode21	58	0.003849073014		Mucoromycota	Endogonomycetes	Endogonales	Endogonaceae	Jimgerdemannia	Jimgerdemannia ambigua	2704023	737.6
barcode21	38	0.000075025700		Ascomycota	Dothideomycetes	Mycosphaerellales	Mycosphaerellaceae	Zymoseptoria	Zymoseptoria tritici	1047171	14.4
barcode21	38	0.000207540293		Ascomycota	Dothideomycetes			Cryomyces	Cryomyces montanus	1306365	39.8
barcode21	36	0.000114633952		Basidiomycota	Tremellomycetes	Tremellales	Cryptococcaceae	Kwoniella	Kwoniella mangrovensis	463800	22.0
barcode21	103	0.000073524167		Ascomycota	Dipodascomycetes	Dipodascales	Trichomonascaceae	Deakozyma	Deakozyma indianensis	1470396	14.1
barcode21	104	0.000944167534		Ascomycota	Sordariomycetes	Pleurotheciales	Pleurotheciaceae	Adelosphaeria	Adelosphaeria catenata	1809185	180.9
barcode21	270	0.000069926461		Ascomycota	Dothideomycetes	Pleosporales	Pleosporaceae	Alternaria	Alternaria terricola	565031	13.4
barcode21	15	0.000071364699		Ascomycota	Dothideomycetes	Pleosporales	Leptosphaeriaceae	Paraleptosphaeria	Paraleptosphaeria kunmingensis	2979814	13.7
barcode21	298	0.000071995352		Ascomycota	Dothideomycetes	Pleosporales	Didymellaceae	Neoascochyta	Neoascochyta paspali	646068	13.8
barcode21	270	0.000082987410		Ascomycota	Dothideomycetes	Pleosporales	Pleosporaceae	Alternaria	Alternaria elegans	743949	15.9
barcode21	298	0.000077110151		Ascomycota	Dothideomycetes	Pleosporales	Didymellaceae	Neoascochyta	Neoascochyta soli	2021042	14.8
barcode21	15	0.000116105248		Ascomycota	Dothideomycetes	Pleosporales	Leptosphaeriaceae	Leptosphaeria	Leptosphaeria doliolum	28988	22.2
barcode21	277	0.000087300457		Ascomycota	Dothideomycetes	Pleosporales	Leptosphaeriaceae	Leptosphaeria	Leptosphaeria irregularis	1911174	16.7
barcode21	58	0.001444532157		Mucoromycota	Endogonomycetes	Endogonales	Endogonaceae	Vinositunica	Vinositunica radiata	2704024	276.8
barcode21	44	0.000164362770		Ascomycota	Pichiomycetes	Serinales	Debaryomycetaceae	Yamadazyma	Yamadazyma scolyti	45511	31.5
barcode21	38	0.000120025331		Ascomycota	Dothideomycetes	Mycosphaerellales	Mycosphaerellaceae	Exopassalora	Exopassalora zambiae	2059835	23.0
barcode21	38	0.011441627539		Ascomycota	Dothideomycetes	Mycosphaerellales	Teratosphaeriaceae	Salinomyces	Salinomyces polonicus	2810478	2192.6
barcode21	25	0.000268305513		Oomycota	Peronosporomycetes	Peronosporales	Peronosporaceae	Phytophthora	Phytophthora nicotianae	4792	51.4
barcode21	25	0.000102290426		Oomycota	Peronosporomycetes	Peronosporales	Peronosporaceae	Phytophthora	Phytophthora cinnamomi	4785	19.6
barcode21	22	0.000114932508		Oomycota	Peronosporomycetes	Peronosporales	Peronosporaceae	Phytophthora	Phytophthora sojae	67593	22.0
barcode21	25	0.004238213506		Oomycota	Peronosporomycetes	Peronosporales	Peronosporaceae	Phytophthora	Phytophthora infestans	4787	812.2
barcode21	22	0.000432028567		Oomycota	Peronosporomycetes	Peronosporales	Peronosporaceae	Bremia	Bremia lactucae	4779	82.8
barcode21	121	0.005773973564		Chytridiomycota	Chytridiomycetes		Quaeritorhizaceae	Quaeritorhiza	Quaeritorhiza haematococci	2654861	1106.5
barcode21	56	0.000163161801		Cryptomycota				Rozella	Rozella allomycis	281847	31.3
barcode21	66	0.000407813512		Ascomycota	Pichiomycetes	Serinales	Metschnikowiaceae	Helenozyma	Helenozyma melibiosica	5491	78.2
barcode21	34	0.000224759567		Ascomycota	Pichiomycetes	Pichiales	Pichiaceae	Brettanomyces	Brettanomyces bruxellensis	5007	43.1
barcode21	61	0.001283881414		Ascomycota	Pichiomycetes	Pichiales	Pichiaceae	Pichia	[Candida] silvatica	54193	246.0
barcode21	60	0.000659371498		Ascomycota	Dipodascomycetes	Dipodascales	Trichomonascaceae	Wickerhamiella	Wickerhamiella galacta	45553	126.4
barcode21	53	0.000125961919		Ascomycota	Pichiomycetes	Serinales	Metschnikowiaceae	Metschnikowia	Metschnikowia agaves	56417	24.1
barcode21	90	0.002740538483		Ascomycota	Pichiomycetes	Serinales	Metschnikowiaceae	Metschnikowia	Metschnikowia laotica	2201245	525.2
barcode21	295	0.000348501114		Ascomycota	Pichiomycetes	Serinales	Debaryomycetaceae		[Candida] anutae	224212	66.8
barcode21	38	0.002559684387		Ascomycota	Dothideomycetes	Pleosporales	Phaeosphaeriaceae	Septoriella	Septoriella leuchtmannii	129865	490.5
barcode21	81	0.000069635520		Ascomycota	Dothideomycetes	Pleosporales	Pleosporaceae	Exserohilum	Exserohilum turcicum	93612	13.3
barcode21	52	0.000105247480		Basidiomycota	Tremellomycetes	Cystofilobasidiales	Cystofilobasidiaceae	Cystofilobasidium	Cystofilobasidium infirmominiatum	89913	20.2
barcode21	15	0.000165900714		Ascomycota	Dothideomycetes	Pleosporales	Periconiaceae	Periconia	Periconia cortaderiae	2709059	31.8
barcode21	267	0.000059512104		Ascomycota	Sordariomycetes	Coronophorales	Ceratostomataceae	Microthecium	Microthecium ciliatum	1647314	11.4
barcode21	97	0.000129271309		Ascomycota	Sordariomycetes	Coronophorales	Ceratostomataceae	Harzia	Harzia macrospora	2036938	24.8
barcode21	97	0.002438397586		Ascomycota	Sordariomycetes	Coronophorales	Ceratostomataceae	Dactylidispora	Dactylidispora ellipsospora	1661796	467.3
barcode21	97	0.000074230614		Ascomycota	Sordariomycetes	Coronophorales	Ceratostomataceae	Harzia	Harzia patula	2036939	14.2
barcode21	97	0.000059171556		Ascomycota	Sordariomycetes	Coronophorales	Ceratostomataceae	Harzia	Harzia palmara	2036943	11.3
barcode21	97	0.003762036064		Ascomycota	Sordariomycetes	Coronophorales	Ceratostomataceae	Dactylidispora	Dactylidispora singaporensis	1661797	720.9
barcode21	146	0.000100308550		Basidiomycota	Agaricostilbomycetes	Agaricostilbales	Kondoaceae	Bensingtonia	Bensingtonia pseudorectispora	2877774	19.2
barcode21	191	0.000207854967		Basidiomycota	Cystobasidiomycetes		Symmetrosporaceae	Symmetrospora	Symmetrospora rhododendri	2877788	39.8
barcode21	258	0.001733129736		Mucoromycota	Mortierellomycetes	Mortierellales	Mortierellaceae	Entomortierella	Entomortierella sugadairana	2991538	332.1
barcode21	201	0.000112060569		Basidiomycota	Cystobasidiomycetes	Cystobasidiales		Robertozyma	Robertozyma ningxiaensis	2877791	21.5
barcode21	196	0.000232634011		Basidiomycota	Cystobasidiomycetes	Cystobasidiales		Begerowomyces	Begerowomyces foliicola	2877792	44.6
barcode21	145	0.000256395737		Basidiomycota	Agaricostilbomycetes	Agaricostilbales	Kondoaceae	Kondoa	Kondoa cylindrica	2877765	49.1
barcode21	85	0.000190613064		Mucoromycota		Calcarisporiellales	Calcarisporiellaceae	Calcarisporiella	Calcarisporiella thermophila	911321	36.5
barcode21	86	0.000116104521		Ascomycota	Saccharomycetes	Phaffomycetales	Phaffomycetaceae	Cyberlindnera	Cyberlindnera lachancei	65818	22.2
barcode21	71	0.000174592938		Ascomycota	Pichiomycetes	Serinales	Debaryomycetaceae	Kodamaea	Kodamaea derodonti	234567	33.5
barcode21	71	0.000216599533		Ascomycota	Pichiomycetes	Serinales	Debaryomycetaceae	Kodamaea	Kodamaea arcana	234568	41.5
barcode21	88	0.000244524571		Basidiomycota	Pucciniomycetes	Pucciniales	Sphaerophragmiaceae	Dasyspora	Dasyspora nitidae	1006461	46.9
barcode21	32	0.002019192954		Chytridiomycota	Chytridiomycetes	Spizellomycetales	Powellomycetaceae	Fimicolochytrium	Fimicolochytrium jonesii	1396493	386.9
barcode21	32	0.001308103649		Chytridiomycota	Chytridiomycetes	Spizellomycetales	Powellomycetaceae	Geranomyces	Geranomyces tanneri	1134076	250.7
barcode21	32	0.001605969323		Chytridiomycota	Chytridiomycetes	Spizellomycetales	Powellomycetaceae	Thoreauomyces	Thoreauomyces humboldtii	1396496	307.8
barcode21	32	0.000180749517		Chytridiomycota	Chytridiomycetes	Spizellomycetales	Powellomycetaceae	Geranomyces	Geranomyces michiganensis	1134077	34.6
barcode21	65	0.000161301814		Zoopagomycota	Kickxellomycetes	Kickxellales	Kickxellaceae	Spiromyces	Spiromyces aspiralis	68401	30.9
barcode21	0	0.000115799527		Basidiomycota	Agaricomycetes	Thelephorales	Thelephoraceae	Tomentella	Tomentella exiguelata	2841483	22.2
barcode21	0	0.000160918319		Basidiomycota	Agaricomycetes	Thelephorales	Thelephoraceae	Tomentella	Tomentella longiechinula	2565641	30.8
barcode21	28	0.000121212344		Ascomycota	Pneumocystomycetes	Pneumocystales	Pneumocystaceae	Pneumocystis	Pneumocystis carinii	4754	23.2
barcode21	46	0.000126065401		Ascomycota	Sordariomycetes	Microascales	Ceratocystidaceae	Berkeleyomyces	Berkeleyomyces rouxiae	2035830	24.2
barcode21	250	0.000249710387		Ascomycota	Dipodascomycetes	Dipodascales	Trichomonascaceae	Starmerella	Starmerella riodocensis	308924	47.9
barcode21	55	0.000097970007		Chytridiomycota	Chytridiomycetes	Rhizophydiales	Terramycetaceae	Boothiomyces	Boothiomyces macroporosus	261099	18.8
barcode21	84	0.001120747405		Ascomycota				Novakomyces	Novakomyces olei	2605921	214.8
barcode21	32	0.000139535471		Chytridiomycota	Chytridiomycetes	Spizellomycetales	Powellomycetaceae	Fimicolochytrium	Fimicolochytrium alabamae	1396494	26.7
barcode21	169	0.000151731361		Basidiomycota	Agaricomycetes	Cantharellales	Hydnaceae	Clavulina	Clavulina pakaraimensis	1190719	29.1
barcode21	149	0.000077830960		Basidiomycota	Agaricomycetes	Cantharellales	Hydnaceae	Clavulina	Clavulina monodiminutiva	334125	14.9
barcode21	20	0.000078026412		Basidiomycota	Agaricomycetes	Cantharellales	Hydnaceae	Cantharellus	Cantharellus anzutake	1750568	15.0
barcode21	156	0.000212714013		Basidiomycota	Agaricomycetes	Cantharellales	Hydnaceae	Clavulina	Clavulina cinereoglebosa	1115089	40.8
barcode21	249	0.000092200639		Basidiomycota	Tremellomycetes	Tremellales	Rhynchogastremaceae	Papiliotrema	Papiliotrema zeae	2292778	17.7
barcode21	82	0.000114880793		Ascomycota	Lipomycetes	Lipomycetales	Lipomycetaceae	Myxozyma	Myxozyma udenii	54100	22.0
barcode21	35	0.002434800363		Ascomycota	Dipodascomycetes	Dipodascales	Trichomonascaceae	Sugiyamaella	Sugiyamaella lignohabitans	796027	466.6
barcode21	35	0.000174727386		Ascomycota	Dipodascomycetes	Dipodascales	Trichomonascaceae	Spencermartinsiella	Spencermartinsiella europaea	933994	33.5
barcode21	40	0.000195777279		Ascomycota	Eurotiomycetes	Onygenales	Gymnoascaceae	Narasimhella	Narasimhella hyalinospora	78596	37.5
barcode21	12	0.000229603156		Ascomycota	Sordariomycetes	Microascales	Gondwanamycetaceae	Knoxdaviesia	Knoxdaviesia proteae	1215355	44.0
barcode21	95	0.000558368400		Basidiomycota	Classiculomycetes	Classiculales	Classiculaceae	Classicula	Classicula sinensis	2027812	107.0
barcode21	82	0.000264698557		Ascomycota	Lipomycetes	Lipomycetales	Lipomycetaceae	Myxozyma	Myxozyma vanderwaltii	54101	50.7
barcode21	26	0.000516861474		Basidiomycota	Agaricomycetes	Boletales	Pisolithaceae	Pisolithus	Pisolithus orientalis	936130	99.0
barcode21	79	0.000587688324		Ascomycota				Saitoella	Saitoella complicata	5606	112.6
barcode21	89	0.000071329639		Ascomycota	Pichiomycetes	Serinales	Metschnikowiaceae	Metschnikowia	Metschnikowia rancensis	208486	13.7
barcode21	216	0.001267431951		Mucoromycota	Glomeromycetes	Diversisporales	Diversisporaceae	Redeckera	Redeckera megalocarpum	415601	242.9
barcode21	299	0.000077584814		Chytridiomycota	Chytridiomycetes	Rhizophydiales	Gorgonomycetaceae	Gorgonomyces	Gorgonomyces chiangraiensis	3231533	14.9
barcode21	299	0.000124238849		Chytridiomycota	Chytridiomycetes	Rhizophydiales	Gorgonomycetaceae	Gorgonomyces	Gorgonomyces aquaticus	3231531	23.8
barcode21	302	0.000130505130		Chytridiomycota	Chytridiomycetes	Rhizophydiales	Gorgonomycetaceae	Gorgonomyces	Gorgonomyces limnicus	3231532	25.0
barcode21	290	0.000184079523		Chytridiomycota	Chytridiomycetes	Rhizophydiales	Gorgonomycetaceae	Gorgonomyces	Gorgonomyces haynaldii	382530	35.3
barcode21	303	0.001690949136		Chytridiomycota	Chytridiomycetes	Rhizophydiales	Gorgonomycetaceae	Gorgonomyces	Gorgonomyces thailandicus	3058949	324.0
barcode21	40	0.000088710817		Ascomycota	Eurotiomycetes	Eurotiales	Aspergillaceae	Aspergillus	Aspergillus heteromorphus	51019	17.0
barcode21	15	0.000089286920		Ascomycota	Dothideomycetes	Pleosporales	Cucurbitariaceae	Parafenestella	Parafenestella ostryae	1986178	17.1
barcode21	108	0.000325019556		Ascomycota	Dothideomycetes	Pleosporales	Morosphaeriaceae	Clypeoloculus	Clypeoloculus akitaensis	1303431	62.3
barcode21	107	0.000588128437		Ascomycota	Dothideomycetes	Pleosporales	Lentitheciaceae	Darksidea	Darksidea zeta	1571505	112.7
barcode21	154	0.000165901276		Basidiomycota	Tremellomycetes	Filobasidiales	Filobasidiaceae	Filobasidium	Filobasidium mucilaginum	2877763	31.8
barcode21	74	0.000097244289		Ascomycota	Pichiomycetes	Pichiales	Pichiaceae	Ambrosiozyma	Ambrosiozyma cicatricosa	44082	18.6
barcode21	52	0.000073537456		Basidiomycota	Tremellomycetes	Cystofilobasidiales	Mrakiaceae	Phaffia	Phaffia rhodozyma	264483	14.1
barcode21	52	0.000779591437		Basidiomycota	Tremellomycetes	Cystofilobasidiales	Cystofilobasidiaceae	Cystofilobasidium	Cystofilobasidium macerans	89926	149.4
barcode21	93	0.000324145359		Basidiomycota	Tremellomycetes	Filobasidiales	Filobasidiaceae	Naganishia	Naganishia cerealis	610337	62.1
barcode21	29	0.001057519052		Basidiomycota	Agaricomycetes	Lepidostromatales	Lepidostromataceae	Sulzbacheromyces	Sulzbacheromyces miomboensis	2021465	202.7
barcode21	29	0.000408968928		Basidiomycota	Agaricomycetes	Lepidostromatales	Lepidostromataceae	Sulzbacheromyces	Sulzbacheromyces bicolor	1977396	78.4
barcode21	15	0.001074029131		Ascomycota	Dothideomycetes	Hysteriales	Hysteriaceae	Gloniopsis	Gloniopsis calami	1903024	205.8
barcode21	47	0.000378101697		Bacillariophyta	Bacillariophyceae	Naviculales	Phaeodactylaceae	Phaeodactylum	Phaeodactylum tricornutum	2850	72.5
barcode21	270	0.001098505221		Ascomycota	Dothideomycetes	Pleosporales	Pleosporaceae	Alternaria	Alternaria sorghi	1132468	210.5
barcode21	180	0.000129712962		Ascomycota	Dothideomycetes	Pleosporales	Pleosporaceae	Curvularia	Curvularia coatesiae	2231374	24.9
barcode21	182	0.000631953870		Ascomycota	Dothideomycetes	Pleosporales	Pleosporaceae	Curvularia	Curvularia colbranii	2211346	121.1
barcode21	105	0.000456232397		Olpidiomycota	Olpidiomycetes	Olpidiales	Olpidiaceae	Olpidium	Olpidium brassicae	70189	87.4
barcode21	72	0.000740124685		Ascomycota	Pichiomycetes	Serinales	Debaryomycetaceae	Danielozyma	Danielozyma litseae	507509	141.8
barcode21	53	0.000059874251		Ascomycota	Pichiomycetes	Serinales	Metschnikowiaceae	Candidozyma	Candidozyma duobushaemuli	1231522	11.5
barcode21	179	0.000805155367		Basidiomycota	Microbotryomycetes	Sporidiobolales	Sporidiobolaceae	Sporobolomyces	Sporobolomyces cellobiolyticus	2877793	154.3
barcode21	73	0.001069426087		Basidiomycota	Microbotryomycetes	Sporidiobolales	Sporidiobolaceae	Sporobolomyces	Sporobolomyces beijingensis	243823	204.9
barcode21	179	0.000297812455		Basidiomycota	Microbotryomycetes	Sporidiobolales	Sporidiobolaceae	Sporobolomyces	Sporobolomyces ellipsoideus	2877794	57.1
barcode21	73	0.000455016269		Basidiomycota	Microbotryomycetes	Sporidiobolales	Sporidiobolaceae	Sporobolomyces	Sporobolomyces jilinensis	243824	87.2
barcode21	179	0.000496243869		Basidiomycota	Microbotryomycetes	Sporidiobolales	Sporidiobolaceae	Sporobolomyces	Sporobolomyces reniformis	2877821	95.1
barcode21	71	0.000134812217		Ascomycota	Pichiomycetes	Serinales	Debaryomycetaceae	Kodamaea	Kodamaea fungicola	95809	25.8
barcode21	66	0.000173126960		Ascomycota	Pichiomycetes	Serinales	Metschnikowiaceae	Sungouiella	Sungouiella akabanensis	78172	33.2
barcode21	35	0.000248116393		Ascomycota	Dipodascomycetes	Dipodascales	Trichomonascaceae	Sugiyamaella	Sugiyamaella mastotermitis	1857663	47.5
barcode21	38	0.000111286085		Ascomycota	Dothideomycetes	Dothideales	Saccotheciaceae	Aureobasidium	Aureobasidium pullulans	5580	21.3
barcode21	57	0.000123698897		Mucoromycota	Glomeromycetes	Diversisporales	Acaulosporaceae	Acaulospora	Acaulospora cavernata	1079897	23.7
barcode21	86	0.000461099813		Ascomycota	Saccharomycetes	Phaffomycetales	Phaffomycetaceae	Cyberlindnera	Cyberlindnera mississippiensis	53607	88.4
barcode21	0	0.000074879377		Basidiomycota	Tremellomycetes	Cystofilobasidiales	Mrakiaceae	Phaffia	Phaffia aurantiaca	2877764	14.3
barcode21	232	0.000541714236		Mucoromycota	Glomeromycetes	Glomerales	Glomeraceae	Glomus	Glomus macrocarpum	144533	103.8
barcode21	294	0.002120542607		Chytridiomycota	Neocallimastigomycetes	Neocallimastigales	Neocallimastigaceae	Buwchfawromyces	Buwchfawromyces eastonii	512029	406.4
barcode21	280	0.000610585309		Basidiomycota	Agaricomycetes	Agaricales		Tricholomopsis	Tricholomopsis osiliensis	1133749	117.0
barcode21	268	0.000158485715		Basidiomycota	Tremellomycetes	Trichosporonales	Trichosporonaceae	Apiotrichum	Apiotrichum otae	279323	30.4
barcode21	152	0.000986487857		Basidiomycota	Agaricomycetes	Gomphales	Lentariaceae	Lentaria	Lentaria variabilis	2494425	189.0
barcode21	101	0.000144301614		Basidiomycota	Exobasidiomycetes	Georgefischeriales	Tilletiariaceae	Phragmotaenium	Phragmotaenium fulvescens	58916	27.7
barcode21	49	0.001085111975		Ascomycota	Dipodascomycetes	Dipodascales	Trichomonascaceae	Wickerhamiella	Wickerhamiella osmotolerans	2832334	207.9
barcode21	49	0.000584032801		Ascomycota	Dipodascomycetes	Dipodascales	Trichomonascaceae	Wickerhamiella	Wickerhamiella tropicalis	2832335	111.9
barcode21	35	0.000321828190		Ascomycota	Dipodascomycetes	Dipodascales	Trichomonascaceae	Blastobotrys	Blastobotrys chiropterorum	45539	61.7
barcode21	44	0.000136348127		Ascomycota	Pichiomycetes	Serinales	Debaryomycetaceae	Spathaspora	Spathaspora jeffriesii	271282	26.1
barcode21	73	0.000066538156		Basidiomycota	Microbotryomycetes	Heitmaniales	Heitmaniaceae	Heitmania	Heitmania litseae	1985864	12.8
barcode21	168	0.000249737969		Ascomycota	Dothideomycetes	Pleosporales	Pleosporaceae	Bipolaris	Bipolaris simmondsii	1918532	47.9
barcode21	180	0.000066657199		Ascomycota	Dothideomycetes	Pleosporales	Pleosporaceae	Curvularia	Curvularia beerburrumensis	2211343	12.8
barcode21	182	0.000124014326		Ascomycota	Dothideomycetes	Pleosporales	Pleosporaceae	Curvularia	Curvularia boeremae	2211344	23.8
barcode21	168	0.000213702118		Ascomycota	Dothideomycetes	Pleosporales	Pleosporaceae	Bipolaris	Bipolaris woodii	1918535	41.0
barcode21	168	0.000306964378		Ascomycota	Dothideomycetes	Pleosporales	Pleosporaceae	Bipolaris	Bipolaris sivanesaniana	1918533	58.8
barcode21	168	0.000198399611		Ascomycota	Dothideomycetes	Pleosporales	Pleosporaceae	Bipolaris	Bipolaris shoemakeri	1918531	38.0
barcode21	254	0.000226306900		Basidiomycota	Tremellomycetes	Tremellales	Bulleribasidiaceae	Vishniacozyma	Vishniacozyma pseudopenaeus	2877725	43.4
barcode21	263	0.000221333633		Basidiomycota	Tremellomycetes	Tremellales	Tremellaceae	Tremella	Tremella shuangheensis	2877723	42.4
barcode21	92	0.000067674805		Basidiomycota	Tremellomycetes	Tremellales	Tremellaceae	Tremella	Tremella tropica	71795	13.0
barcode21	237	0.000409355709		Basidiomycota	Tremellomycetes	Tremellales	Bulleribasidiaceae	Vishniacozyma	Vishniacozyma europaea	2877726	78.4
barcode21	36	0.000584907126		Basidiomycota	Tremellomycetes	Tremellales	Bulleribasidiaceae	Vishniacozyma	Vishniacozyma tephrensis	151289	112.1
barcode21	53	0.000867310670		Ascomycota	Pichiomycetes	Serinales	Metschnikowiaceae	Candidozyma	Candidozyma pseudohaemuli	418784	166.2
barcode21	83	0.000061383362		Ascomycota	Dothideomycetes	Venturiales	Sympoventuriaceae	Fuscohilum	Fuscohilum siciliana	652156	11.8
barcode21	83	0.000322845043		Ascomycota	Dothideomycetes	Venturiales	Sympoventuriaceae	Verruconis	Verruconis cylindricalis	2854244	61.9
barcode21	73	0.000097688610		Basidiomycota	Microbotryomycetes	Heitmaniales	Heitmaniaceae	Heitmania	Heitmania elacocarpi	1985866	18.7
barcode21	172	0.000141126117		Basidiomycota	Microbotryomycetes	Heitmaniales	Heitmaniaceae	Heitmania	Heitmania tridentata	2877799	27.0
barcode21	49	0.000160606870		Ascomycota	Dipodascomycetes	Dipodascales	Trichomonascaceae	Wickerhamiella	Wickerhamiella sorbophila	45607	30.8
barcode21	51	0.000258205716		Basidiomycota	Ustilaginomycetes	Ustilaginales	Ustilaginaceae	Schizonella	Schizonella caricis-atratae	202755	49.5
barcode21	46	0.000120816289		Ascomycota	Sordariomycetes	Microascales	Ceratocystidaceae	Solaloca	Solaloca norvegica	1300151	23.2
barcode21	137	0.002315305505		Basidiomycota	Agaricomycetes	Cantharellales	Hydnaceae	Hydnum	Hydnum reginae	2943438	443.7
barcode21	88	0.000166437002		Basidiomycota	Pucciniomycetes	Pucciniales	Pucciniaceae	Puccinia	Puccinia xinyuanensis	2775103	31.9
barcode21	125	0.000289529062		Basidiomycota	Microbotryomycetes	Microbotryales	Ustilentylomataceae	Microbotryozyma	Microbotryozyma swertiae	2877801	55.5
barcode21	73	0.000446453370		Basidiomycota	Microbotryomycetes	Leucosporidiales	Leucosporidiaceae	Leucosporidium	Leucosporidium egoroviorum	3044046	85.6
barcode21	15	0.000084308967		Ascomycota	Dothideomycetes	Pleosporales	Leptosphaeriaceae	Leptosphaeria	Leptosphaeria urticae	2486201	16.2
barcode21	282	0.000070955986		Ascomycota	Dothideomycetes	Pleosporales	Didymellaceae	Neoascochyta	Neoascochyta cylindrispora	1858587	13.6
barcode21	162	0.000179276424		Ascomycota	Pezizomycetes	Pezizales	Pyronemataceae	Genea	Genea balsleyi	352915	34.4
barcode21	148	0.000826571928		Ascomycota	Orbiliomycetes	Orbiliales	Orbiliaceae	Orbilia	Orbilia comma	1796078	158.4
barcode21	147	0.000248283808		Ascomycota	Orbiliomycetes	Orbiliales	Orbiliaceae	Orbilia	Orbilia frangulae	1795741	47.6
barcode21	116	0.001706399335		Ascomycota	Sordariomycetes	Meliolales	Meliolaceae	Meliola	Meliola pottsiae	2681178	327.0
barcode21	58	0.000820919755		Mucoromycota	Endogonomycetes	Endogonales	Endogonaceae	Endogone	Endogone botryocarpus	2704021	157.3
barcode21	30	0.000068480514		Bacillariophyta	Coscinodiscophyceae	Thalassiosirales	Thalassiosiraceae	Thalassiosira	Thalassiosira pseudonana	35128	13.1
barcode21	257	0.000149547108		Basidiomycota	Agaricomycetes	Geastrales	Geastraceae	Geastrum	Geastrum lanuginosum	2580354	28.7
barcode21	141	0.000145840469		Basidiomycota	Ustilaginomycetes	Urocystidales	Glomosporiaceae	Thecaphora	Thecaphora australiensis	2301216	27.9
barcode21	14	0.000067836726		Ascomycota	Sordariomycetes	Hypocreales	Ophiocordycipitaceae	Hirsutella	Hirsutella rhossiliensis	111463	13.0
barcode21	195	0.000396248228		Chytridiomycota	Chytridiomycetes	Rhizophydiales	Pateramycetaceae	Pateramyces	Pateramyces corrientinensis	1395791	75.9
barcode21	70	0.000068107565		Chytridiomycota	Chytridiomycetes	Rhizophydiales	Rhizophydiaceae	Rhizophydium	Rhizophydium brooksianum	324673	13.1
barcode21	32	0.002274222287		Chytridiomycota	Chytridiomycetes	Lobulomycetales	Lobulomycetaceae	Alogomyces	Alogomyces tanneri	1395665	435.8
barcode21	32	0.000405826841		Chytridiomycota	Chytridiomycetes	Spizellomycetales	Powellomycetaceae	Powellomyces	Powellomyces hirtus	109895	77.8
barcode21	293	0.000823503487		Mucoromycota	Glomeromycetes	Diversisporales	Acaulosporaceae	Acaulospora	Acaulospora laevis	78545	157.8
barcode21	161	0.000188955937		Mucoromycota	Mucoromycetes	Mucorales	Mucoraceae	Mucor	Mucor lilianae	1776150	36.2
barcode21	206	0.000216470655		Zoopagomycota	Basidiobolomycetes	Basidiobolales	Basidiobolaceae	Basidiobolus	Basidiobolus microsporus	181047	41.5
barcode21	304	0.000166800018		Ascomycota	Dipodascomycetes	Dipodascales		Yarrowia	Yarrowia yakushimensis	1527289	32.0
barcode21	228	0.000147969165		Ascomycota	Pezizomycetes	Pezizales	Pezizaceae	Terfezia	Terfezia lusitanica	2259113	28.4
barcode21	218	0.000636169508		Ascomycota	Pezizomycetes	Pezizales	Pezizaceae	Terfezia	Terfezia dunensis	2608273	121.9
barcode21	57	0.000382647511		Mucoromycota	Glomeromycetes	Diversisporales	Acaulosporaceae	Acaulospora	Acaulospora spinosa	27374	73.3
barcode21	274	0.000550971421		Chytridiomycota	Chytridiomycetes	Rhizophydiales	Terramycetaceae	Terramyces	Terramyces aquatica	3231536	105.6
barcode21	202	0.000102786832		Basidiomycota	Agaricomycetes	Agaricales	Amanitaceae	Amanita	Amanita vernicoccora	1055356	19.7
barcode21	129	0.000092020015		Ascomycota	Saccharomycetes	Saccharomycetales	Saccharomycetaceae	Arxiozyma	Arxiozyma pintolopesii	278025	17.6
barcode21	273	0.000082069812		Basidiomycota	Tremellomycetes	Tremellales	Bulleribasidiaceae	Bulleribasidium	Bulleribasidium setariae	1390525	15.7
barcode21	102	0.000793972627		Basidiomycota	Atractiellomycetes	Atractiellales	Hoehnelomycetaceae	Atractiella	Atractiella rhizophila	1938712	152.2
barcode21	177	0.000175499862		Basidiomycota	Microbotryomycetes		Chrysozymaceae	Pseudohyphozyma	Pseudohyphozyma lulangensis	2877814	33.6
barcode21	264	0.000330892117		Basidiomycota	Tremellomycetes	Tremellales	Bulleribasidiaceae	Hannaella	Hannaella pagnoccae	1651791	63.4
barcode21	45	0.000147284571		Chytridiomycota	Chytridiomycetes	Synchytriales	Synchytriaceae	Synchytrium	Synchytrium microbalum	1806994	28.2
barcode21	174	0.000061420566		Basidiomycota	Pucciniomycetes	Pucciniales	Crossopsoraceae	Stomatisora	Stomatisora psychotriicola	1440432	11.8
barcode21	96	0.000128475307		Ascomycota	Lecanoromycetes	Ostropales	Stictidaceae	Cyanodermella	Cyanodermella oleoligni	1961798	24.6
barcode21	269	0.000201567350		Basidiomycota	Pucciniomycetes	Pucciniales	Phragmidiaceae	Hamaspora	Hamaspora rubi-alceifolii	3125859	38.6
barcode21	230	0.000258328261		Basidiomycota	Pucciniomycetes	Pucciniales	Sphaerophragmiaceae	Dasyspora	Dasyspora frutescentis	1006457	49.5
barcode21	241	0.000111879743		Ascomycota	Leotiomycetes	Helotiales	Cordieritidaceae	Annabella	Annabella australiensis	2676910	21.4
barcode21	297	0.000107936006		Ascomycota	Dipodascomycetes	Dipodascales	Dipodascaceae	Geotrichum	Geotrichum pseudocandidum	1206149	20.7
barcode21	297	0.000191176254		Ascomycota	Dipodascomycetes	Dipodascales	Dipodascaceae	Geotrichum	Geotrichum europaeum	1149710	36.6
barcode21	19	0.000305034455		Ascomycota	Sordariomycetes		Atractosporaceae	Atractospora	Atractospora decumbens	1809268	58.5
barcode21	115	0.000298614191		Ascomycota	Dothideomycetes	Kirschsteiniotheliales	Kirschsteiniotheliaceae	Kirschsteiniothelia	Kirschsteiniothelia puerensis	2978459	57.2
barcode21	15	0.000192854888		Ascomycota	Dothideomycetes	Hysteriales	Hysteriaceae	Gloniopsis	Gloniopsis leucaenae	2499430	37.0
barcode21	13	0.000083576636		Ascomycota	Dothideomycetes	Mycosphaerellales	Teratosphaeriaceae	Pseudoteratosphaeria	Pseudoteratosphaeria ohnowa	1431946	16.0
barcode21	38	0.000171004596		Ascomycota	Dothideomycetes	Mycosphaerellales	Neodevriesiaceae	Neodevriesia	Neodevriesia kalakoutskii	2950318	32.8
barcode21	83	0.000121289996		Ascomycota	Dothideomycetes	Venturiales	Sympoventuriaceae	Scolecobasidium	Scolecobasidium obovoideum	2956821	23.2
barcode21	32	0.000257113393		Chytridiomycota	Chytridiomycetes	Spizellomycetales	Spizellomycetaceae	Spizellomyces	Spizellomyces plurigibbosus	117821	49.3
barcode21	32	0.000109281428		Chytridiomycota	Chytridiomycetes	Spizellomycetales	Spizellomycetaceae	Spizellomyces	Spizellomyces acuminatus	4816	20.9
barcode21	32	0.000277438496		Chytridiomycota	Chytridiomycetes	Spizellomycetales	Spizellomycetaceae	Gaertneriomyces	Gaertneriomyces spectabilis	2750447	53.2
barcode21	32	0.000820306918		Chytridiomycota	Chytridiomycetes	Chytridiales	Chytridiaceae	Phlyctochytrium	Phlyctochytrium californicum	64516	157.2
barcode21	225	0.000263020081		Chytridiomycota	Chytridiomycetes	Rhizophydiales	Angulomycetaceae	Angulomyces	Angulomyces ubonensis	3231530	50.4
barcode21	153	0.000074775707		Chytridiomycota	Chytridiomycetes	Rhizophydiales		Operculomyces	Operculomyces laminatus	382552	14.3
barcode21	220	0.000346710723		Chytridiomycota	Chytridiomycetes	Rhizophydiales	Angulomycetaceae	Angulomyces	Angulomyces solicola	3058948	66.4
barcode21	255	0.000092984534		Chytridiomycota	Chytridiomycetes	Rhizophydiales	Aquamycetaceae	Aquamyces	Aquamyces chlorogonii	1395669	17.8
barcode21	248	0.000288295190		Ascomycota	Trigonopsidomycetes	Trigonopsidales	Trigonopsidaceae	Tortispora	Tortispora agaves	1326894	55.2
barcode21	53	0.000368604498		Ascomycota	Pichiomycetes	Serinales	Metschnikowiaceae	Candidozyma	Candidozyma haemuli	45357	70.6
barcode21	118	0.000255051720		Mucoromycota	Mortierellomycetes	Mortierellales	Mortierellaceae	Mortierella	Mortierella elongatula	979695	48.9
barcode21	118	0.000755818694		Mucoromycota	Mortierellomycetes	Mortierellales	Mortierellaceae	Gryganskiella	Gryganskiella cystojenkinii	979690	144.8
barcode21	209	0.000107268087		Ascomycota	Dothideomycetes	Pleosporales	Pleosporaceae	Exserohilum	Exserohilum minor	95746	20.6
barcode21	38	0.000090433398		Ascomycota	Dothideomycetes	Mycosphaerellales	Mycosphaerellaceae	Cercospora	Cercospora beticola	122368	17.3
barcode21	283	0.000064410069		Basidiomycota	Tremellomycetes	Tremellales	Bulleribasidiaceae	Bulleribasidium	Bulleribasidium wuzhishanense	1390527	12.3
barcode21	74	0.000141103368		Ascomycota	Pichiomycetes	Pichiales	Pichiaceae	Ogataea	Ogataea trehaloabstinens	169509	27.0
barcode21	118	0.001051843152		Mucoromycota	Mortierellomycetes	Mortierellales	Mortierellaceae	Lobosporangium	Lobosporangium transversale	64571	201.6
barcode21	165	0.000695146760		Basidiomycota	Tremellomycetes	Filobasidiales	Filobasidiaceae	Filobasidium	Filobasidium globosum	2877761	133.2
barcode21	165	0.000122379633		Basidiomycota	Tremellomycetes	Filobasidiales	Filobasidiaceae	Filobasidium	Filobasidium mali	2877762	23.5
barcode21	275	0.000449344826		Ascomycota	Dipodascomycetes	Dipodascales	Trichomonascaceae	Starmerella	Starmerella vitae	2596947	86.1
barcode21	66	0.000259242266		Ascomycota	Pichiomycetes	Serinales	Metschnikowiaceae	Sungouiella	Sungouiella intermedia	45354	49.7
barcode21	38	0.000232096237		Ascomycota	Leotiomycetes	Phacidiales		Ramoconidiophora	Ramoconidiophora euphorbiae	2315864	44.5
barcode21	107	0.000109539278		Ascomycota	Dothideomycetes	Pleosporales	Lentitheciaceae	Darksidea	Darksidea phi	2704583	21.0
barcode21	219	0.000086144160		Basidiomycota	Tremellomycetes	Tremellales	Cryptococcaceae	Teunia	Teunia helanensis	2877730	16.5
barcode21	219	0.000125852698		Basidiomycota	Tremellomycetes	Tremellales	Cryptococcaceae	Teunia	Teunia korlaensis	2877732	24.1
barcode21	238	0.000442099008		Chytridiomycota	Chytridiomycetes	Rhizophydiales	Halomycetaceae	Paludomyces	Paludomyces mangrovei	1675846	84.7
barcode21	211	0.000447407834		Chytridiomycota	Chytridiomycetes	Rhizophydiales	Pateramycetaceae	Pateramyces	Pateramyces pingflumenensis	3231534	85.7
barcode21	29	0.006346379866		Basidiomycota	Agaricomycetes	Polyporales	Fomitopsidaceae	Rhodofomes	Rhodofomes roseus	34475	1216.2
barcode21	215	0.000082063897		Mucoromycota	Glomeromycetes	Glomerales	Glomeraceae			36751	15.7
barcode21	98	0.000060210584		Chytridiomycota	Chytridiomycetes	Lobulomycetales	Lobulomycetaceae	Clydaea	Clydaea vesicula	447962	11.5
barcode21	161	0.000147040341		Mucoromycota	Mucoromycetes	Mucorales	Mucoraceae	Mucor	Mucor rudolphii	1776151	28.2
barcode21	234	0.000887246775		Zoopagomycota	Basidiobolomycetes	Basidiobolales	Basidiobolaceae	Basidiobolus	Basidiobolus haptosporus	90248	170.0
barcode21	138	0.000078270121		Basidiomycota	Agaricomycetes	Agaricales	Entolomataceae	Lulesia	Lulesia alachuana	3438661	15.0
barcode21	178	0.000079730294		Basidiomycota	Agaricomycetes	Gomphales	Lentariaceae	Lentaria	Lentaria gossypina	2494426	15.3
barcode21	213	0.000137407474		Basidiomycota	Tremellomycetes	Holtermanniales		Holtermannia	Holtermannia saccardoi	2877758	26.3
barcode21	124	0.000060979121		Chytridiomycota	Chytridiomycetes	Rhizophydiales	Globomycetaceae	Urceomyces	Urceomyces sphaerocarpus	1395676	11.7
barcode21	51	0.000172668243		Basidiomycota	Ustilaginomycetes	Ustilaginales	Ustilaginaceae	Farysia	Farysia setubalensis	1652702	33.1
barcode21	21	0.000748644448		Blastocladiomycota	Blastocladiomycetes	Blastocladiales	Blastocladiaceae	Allomyces	Allomyces arbusculus	64504	143.5
barcode21	307	0.000129479719		Ascomycota	Sordariomycetes	Chaetosphaeriales	Chaetosphaeriaceae	Fuscocatenula	Fuscocatenula submersa	2571398	24.8
barcode21	305	0.000168317875		Ascomycota	Sordariomycetes	Xylariales	Xylariaceae	Thamnomyces	Thamnomyces dendroideus	1955261	32.3
barcode21	291	0.000798057095		Ascomycota	Sordariomycetes	Myrmecridiales	Myrmecridiaceae	Myrmecridium	Myrmecridium hiemale	1819261	152.9
barcode21	223	0.000116053657		Ascomycota	Dothideomycetes	Pleosporales	Pleosporaceae	Curvularia	Curvularia tuberculata	1056642	22.2
barcode21	3	0.000329866148		Chytridiomycota	Chytridiomycetes	Spizellomycetales	Spizellomycetaceae	Spizellomyces	Spizellomyces punctatus	109760	63.2
barcode21	208	0.000365424108		Basidiomycota	Agaricomycetes	Agaricales	Cortinariaceae	Cortinarius	Cortinarius carranzae	442443	70.0
barcode21	163	0.000286656218		Basidiomycota	Agaricomycetes	Russulales	Russulaceae	Lactifluus	Lactifluus chrysocarpus	1315970	54.9
barcode21	262	0.000131919243		Basidiomycota	Agaricomycetes	Agaricales	Hygrophoraceae	Hygrophorus	Hygrophorus mesotephrus	2070555	25.3
barcode21	46	0.000386639385		Ascomycota	Sordariomycetes	Glomerellales	Australiascaceae	Monilochaetes	Monilochaetes dimorphospora	1068736	74.1
barcode21	186	0.000243185572		Ascomycota	Dothideomycetes	Mycosphaerellales	Neodevriesiaceae	Neodevriesia	Neodevriesia hilliana	706556	46.6
barcode21	72	0.000196764605		Ascomycota	Pichiomycetes	Serinales	Debaryomycetaceae	Suhomyces	Suhomyces kunorum	246081	37.7
barcode21	15	0.000093929342		Ascomycota	Leotiomycetes		Myxotrichaceae	Skoua	Skoua fertilis	27318	18.0
barcode21	109	0.000955819832		Ascomycota	Leotiomycetes	Helotiales	Helotiaceae	Dicephalospora	Dicephalospora sessilis	2544956	183.2
barcode21	243	0.000059646614		Chytridiomycota	Chytridiomycetes	Spizellomycetales	Spizellomycetaceae	Triparticalcar	Triparticalcar equi	1915160	11.4
barcode21	18	0.000114801576		Basidiomycota	Agaricostilbomycetes	Agaricostilbales	Chionosphaeraceae	Ballistosporomyces	Ballistosporomyces taupoensis	69980	22.0
barcode21	2	0.000109583322		Ascomycota	Eurotiomycetes	Eurotiales	Trichocomaceae	Thermomyces	Thermomyces dupontii	28565	21.0
barcode21	44	0.000713672070		Ascomycota	Pichiomycetes	Serinales	Debaryomycetaceae	Yamadazyma	[Candida] blattariae	297794	136.8
barcode21	184	0.000113168271		Ascomycota	Eurotiomycetes	Eurotiales	Aspergillaceae	Aspergillus	Aspergillus noonimiae	2070752	21.7
barcode21	40	0.000081650318		Ascomycota	Eurotiomycetes	Eurotiales	Aspergillaceae	Aspergillus	Aspergillus sclerotialis	2070753	15.6
barcode21	285	0.000189325891		Ascomycota	Dipodascomycetes	Dipodascales	Trichomonascaceae	Sugiyamaella	Sugiyamaella ayubii	1770061	36.3
barcode21	99	0.000153405499		Ascomycota	Eurotiomycetes	Chaetothyriales	Herpotrichiellaceae	Fonsecaea	Fonsecaea minima	1367421	29.4
barcode21	40	0.000075657435		Ascomycota	Eurotiomycetes	Eurotiales	Aspergillaceae	Aspergillus	Aspergillus salinarum	1470016	14.5
barcode21	306	0.000085129909		Ascomycota	Pichiomycetes	Serinales	Metschnikowiaceae	Metschnikowia	Metschnikowia amazonensis	2576851	16.3
barcode21	11	0.000069044875		Ascomycota	Lipomycetes	Lipomycetales	Lipomycetaceae	Lipomyces	Lipomyces amatsuensis	3031846	13.2
barcode21	158	0.000128101138		Basidiomycota	Agaricomycetes	Russulales	Russulaceae	Lactarius	Lactarius taedae	2529385	24.5
barcode21	0	0.000102780472		Basidiomycota	Agaricomycetes	Russulales	Russulaceae	Lactarius	Lactarius deliciosus	55514	19.7
barcode21	118	0.000085768040		Mucoromycota	Mortierellomycetes	Mortierellales	Mortierellaceae	Linnemannia	Linnemannia nantahalensis	979717	16.4
barcode21	131	0.000083126082		Basidiomycota	Agaricomycetes	Russulales	Lachnocladiaceae	Vararia	Vararia minispora	1314805	15.9
barcode21	46	0.000129574057		Ascomycota	Sordariomycetes	Microascales	Halosphaeriaceae	Pseudolignincola	Pseudolignincola siamensis	2935555	24.8
barcode21	17	0.000120338603		Ascomycota	Sordariomycetes	Xylariales	Leptosilliaceae	Leptosillia	Leptosillia macrospora	2527679	23.1
barcode21	245	0.000203511886		Ascomycota	Pezizomycetes	Pezizales	Pyronemataceae	Otidea	Otidea brunneoparva	1570466	39.0
barcode21	10	0.000404414348		Ascomycota	Dothideomycetes	Mycosphaerellales	Mycosphaerellaceae	Pseudocercospora	Pseudocercospora fijiensis	1873960	77.5
barcode21	38	0.000109362924		Ascomycota	Leotiomycetes	Helotiales	Hamatocanthoscyphaceae	Infundichalara	Infundichalara microchona	1056133	21.0
barcode21	74	0.000203413688		Ascomycota	Pichiomycetes	Pichiales	Pichiaceae	Ogataea	Ogataea wickerhamii	1249076	39.0
barcode21	272	0.000085674395		Basidiomycota	Tremellomycetes	Trichosporonales	Trichosporonaceae	Apiotrichum	Apiotrichum cacaoliposimile	879818	16.4
barcode21	242	0.000055134304		Basidiomycota	Tremellomycetes	Tremellales	Bulleribasidiaceae	Dioszegia	Dioszegia maotaiensis	2877737	10.6
barcode21	189	0.000284839487		Basidiomycota	Pucciniomycetes	Pucciniales	Pucciniaceae	Puccinia	Puccinia emaculata	582727	54.6
barcode21	221	0.000257176206		Basidiomycota	Pucciniomycetes	Pucciniales	Pucciniaceae	Puccinia	Puccinia novopanici	1904429	49.3
barcode21	198	0.000098254385		Basidiomycota	Agaricomycetes	Corticiales	Corticiaceae	Sistotrema	Sistotrema chloroporum	2859061	18.8
barcode21	117	0.000198369830		Ascomycota	Dothideomycetes	Pleosporales	Didymosphaeriaceae	Tremateia	Tremateia thailandensis	2717609	38.0
barcode21	100	0.000112399718		Basidiomycota	Dacrymycetes	Dacrymycetales	Dacrymycetaceae	Dacrymyces	Dacrymyces venustus	2780979	21.5
barcode21	16	0.000062618907		Ascomycota	Eurotiomycetes	Eurotiales	Trichocomaceae	Sagenomella	Sagenomella diversispora	89792	12.0
barcode21	112	0.000193414894		Chytridiomycota	Neocallimastigomycetes	Neocallimastigales	Neocallimastigaceae	Pecoramyces	Pecoramyces ruminantium	1987568	37.1
barcode21	8	0.000067837296		Ascomycota	Eurotiomycetes	Sclerococcales	Dactylosporaceae	Rhopalophora	Rhopalophora clavispora	293243	13.0
barcode21	244	0.000093928576		Ascomycota	Sporopachydermiomycetes	Sporopachydermiales	Sporopachydermiaceae	Sporopachydermia	Sporopachydermia quercuum	54094	18.0
barcode21	190	0.000091540265		Basidiomycota	Agaricomycetes	Cantharellales	Hydnaceae	Hydnum	Hydnum itachiharitake	2822382	17.5
barcode21	204	0.000110124497		Basidiomycota	Agaricomycetes	Cantharellales	Hydnaceae	Hydnum	Hydnum minospororufescens	2823044	21.1
barcode21	210	0.000114524145		Basidiomycota	Agaricomycetes	Cantharellales	Hydnaceae	Hydnum	Hydnum subberkeleyanum	2937977	21.9
barcode21	111	0.000088710291		Ascomycota	Pezizomycetes	Pezizales	Pyronemataceae	Octospora	Octospora oscarii	2971851	17.0
barcode21	64	0.000156603190		Ascomycota	Saccharomycetes	Phaffomycetales	Phaffomycetaceae	Starmera	[Candida] dendrica	49324	30.0
barcode21	99	0.000218236123		Ascomycota	Eurotiomycetes	Chaetothyriales	Herpotrichiellaceae	Cladophialophora	Cladophialophora humicola	1307819	41.8
barcode21	292	0.000108730378		Ascomycota	Pichiomycetes	Serinales	Debaryomycetaceae	Diutina	Diutina scorzettiae	399469	20.8
barcode21	300	0.000087031394		Ascomycota	Pichiomycetes	Serinales	Debaryomycetaceae	Kodamaea	Kodamaea nitidulidarum	77852	16.7
barcode21	66	0.000057728495		Ascomycota	Pichiomycetes	Serinales	Metschnikowiaceae	Sungouiella	Sungouiella blattae	391824	11.1
barcode21	118	0.000231633614		Mucoromycota	Mortierellomycetes	Mortierellales	Mortierellaceae	Mortierella	Mortierella angusta	979659	44.4
barcode21	135	0.000069282175		Ascomycota	Leotiomycetes	Helotiales		Mastigosporium	Mastigosporium album	1509415	13.3
barcode21	58	0.000070082259		Mucoromycota	Endogonomycetes	Endogonales	Endogonaceae	Endogone	Endogone corticioides	1775466	13.4
barcode21	287	0.000056654611		Ascomycota	Pichiomycetes	Serinales	Debaryomycetaceae	Spathaspora	Spathaspora passalidarum	340170	10.9
barcode21	46	0.000074063603		Ascomycota	Sordariomycetes	Microascales	Ceratocystidaceae	Meredithiella	Meredithiella norrisii	1739110	14.2
barcode21	5	0.000056193208		Ascomycota	Lipomycetes	Lipomycetales	Lipomycetaceae	Lipomyces	Lipomyces sakishimensis	2602199	10.8
barcode21	227	0.000073161305		Ascomycota	Dothideomycetes	Venturiales	Sympoventuriaceae	Neocoleroa	Neocoleroa metrosideri	1842020	14.0
barcode21	9	0.000228954452		Zoopagomycota	Kickxellomycetes	Kickxellales	Kickxellaceae	Mycoemilia	Mycoemilia scoparia	417184	43.9
barcode21	40	0.000125049186		Ascomycota	Eurotiomycetes	Onygenales	Eremascaceae	Eremascus	Eremascus albus	4968	24.0
barcode21	119	0.000104365069		Ascomycota	Sordariomycetes	Hypocreales	Ophiocordycipitaceae	Paraisaria	Paraisaria alba	2697669	20.0
barcode21	106	0.000083492055		Ascomycota	Sordariomycetes	Hypocreales	Ophiocordycipitaceae	Pleurocordyceps	Pleurocordyceps ophiocordycipiticola	3016851	16.0
barcode21	281	0.000099213878		Basidiomycota	Agaricomycetes	Thelephorales	Thelephoraceae	Neosarcodon	Neosarcodon umbilicatus	1596014	19.0
barcode21	185	0.000078230651		Mucoromycota	Umbelopsidomycetes	Umbelopsidales	Umbelopsidaceae	Umbelopsis	Umbelopsis curvata	3064266	15.0
barcode21	276	0.000214801114		Basidiomycota	Tremellomycetes	Tremellales	Bulleribasidiaceae	Vishniacozyma	Vishniacozyma taibaiensis	266793	41.2
barcode21	279	0.000070776739		Mucoromycota	Glomeromycetes	Glomerales	Glomeraceae	Funneliformis	Funneliformis pilosus	2730120	13.6
barcode21	224	0.000054875586		Basidiomycota	Agaricomycetes	Agaricales	Amanitaceae	Amanita	Amanita chepangianoides	3237498	10.5
barcode21	120	0.000063205865		Basidiomycota	Agaricomycetes	Agaricales	Entolomataceae	Entoloma	Entoloma dichroides	3039887	12.1
barcode21	246	0.000078175175		Basidiomycota	Agaricomycetes	Auriculariales	Exidiaceae	Basidiodendron	Basidiodendron parile	2708308	15.0
unclassified	31	0.004984944563		Oomycota	Saprolegniomycetes	Saprolegniales	Verrucalvaceae	Aphanomyces	Aphanomyces astaci	112090	93.6
unclassified	27	0.002615977596		Oomycota	Saprolegniomycetes	Saprolegniales	Verrucalvaceae	Aphanomyces	Aphanomyces invadans	157072	49.1
unclassified	25	0.003889982025		Oomycota	Peronosporomycetes	Peronosporales	Peronosporaceae	Phytophthora	Phytophthora infestans	4787	73.0
unclassified	165	0.001197161327		Basidiomycota	Tremellomycetes	Filobasidiales	Filobasidiaceae	Filobasidium	Filobasidium globosum	2877761	22.5
unclassified	36	0.025712686987		Basidiomycota	Tremellomycetes	Tremellales	Cryptococcaceae	Kwoniella	Kwoniella shivajii	564305	482.6
unclassified	48	0.080949391061		Chlorophyta	Chlorophyceae	Chlamydomonadales	Chlamydomonadaceae	Chlamydomonas	Chlamydomonas reinhardtii	3055	1519.3
unclassified	48	0.006032355560		Chlorophyta	Chlorophyceae	Chlamydomonadales	Volvocaceae	Volvox	Volvox carteri	3067	113.2
unclassified	122	0.024157543457		Chytridiomycota	Chytridiomycetes	Chytridiales	Chytridiaceae	Chytridium	Chytridium olla	693156	453.4
unclassified	42	0.001254289811		Chytridiomycota	Monoblepharidomycetes	Monoblepharidales		Hyaloraphidium	Hyaloraphidium curvatum	82268	23.5
unclassified	32	0.002881894586		Chytridiomycota	Chytridiomycetes	Spizellomycetales	Powellomycetaceae	Fimicolochytrium	Fimicolochytrium jonesii	1396493	54.1
unclassified	38	0.002889015746		Ascomycota	Dothideomycetes	Mycosphaerellales	Mycosphaerellaceae	Amycosphaerella	Amycosphaerella africana	1431932	54.2
unclassified	38	0.006865175203		Ascomycota	Dothideomycetes	Mycosphaerellales	Teratosphaeriaceae	Capnobotryella	Capnobotryella renispora	62132	128.9
unclassified	78	0.001353841367		Zoopagomycota	Basidiobolomycetes	Basidiobolales	Basidiobolaceae	Basidiobolus	Basidiobolus heterosporus	423455	25.4
unclassified	38	0.009867733212		Ascomycota	Dothideomycetes	Mycosphaerellales	Teratosphaeriaceae	Salinomyces	Salinomyces polonicus	2810478	185.2
unclassified	78	0.008082952683		Zoopagomycota	Basidiobolomycetes	Basidiobolales	Basidiobolaceae	Basidiobolus	Basidiobolus magnus	4860	151.7
unclassified	32	0.002490795385		Chytridiomycota	Chytridiomycetes	Spizellomycetales	Powellomycetaceae	Thoreauomyces	Thoreauomyces humboldtii	1396496	46.7
unclassified	32	0.001833435078		Chytridiomycota	Chytridiomycetes	Spizellomycetales	Powellomycetaceae	Geranomyces	Geranomyces tanneri	1134076	34.4
unclassified	229	0.007837091651		Mucoromycota	Glomeromycetes	Diversisporales	Diversisporaceae	Diversispora	Diversispora spurca	308927	147.1
unclassified	63	0.006757055324		Mucoromycota	Glomeromycetes	Diversisporales	Gigasporaceae	Dentiscutata	Dentiscutata savannicola	1208333	126.8
unclassified	58	0.024048594225		Mucoromycota	Endogonomycetes	Endogonales	Endogonaceae	Vinositunica	Vinositunica ingens	2704025	451.4
unclassified	24	0.014254042302		Microsporidia				Mitosporidium	Mitosporidium daphniae	1485682	267.5
unclassified	77	0.002757136879		Mucoromycota	Glomeromycetes	Archaeosporales	Archaeosporaceae	Archaeospora	Archaeospora ecuadoriana	2588764	51.7
unclassified	62	0.005908049414		Zoopagomycota	Kickxellomycetes	Kickxellales	Kickxellaceae	Spiromyces	Spiromyces minutus	61418	110.9
unclassified	179	0.002237775536		Basidiomycota	Microbotryomycetes	Sporidiobolales	Sporidiobolaceae	Sporobolomyces	Sporobolomyces reniformis	2877821	42.0
unclassified	152	0.000926219224		Basidiomycota	Agaricomycetes	Gomphales	Lentariaceae	Lentaria	Lentaria variabilis	2494425	17.4
unclassified	137	0.003161939220		Basidiomycota	Agaricomycetes	Cantharellales	Hydnaceae	Hydnum	Hydnum reginae	2943438	59.3
unclassified	197	0.003032891330		Basidiomycota	Pucciniomycetes	Pucciniales	Milesinaceae	Milesina	Milesina woodwardiana	2558025	56.9
unclassified	125	0.001392380554		Basidiomycota	Microbotryomycetes	Microbotryales	Ustilentylomataceae	Microbotryozyma	Microbotryozyma swertiae	2877801	26.1
unclassified	68	0.002121946588		Zoopagomycota	Zoopagomycetes	Zoopagales	Piptocephalidaceae	Piptocephalis	Piptocephalis corymbifera	78917	39.8
unclassified	23	0.000928998440		Zoopagomycota	Kickxellomycetes	Kickxellales	Kickxellaceae	Linderina	Linderina pennispora	61395	17.4
unclassified	1	0.000533701682		Chlorophyta	Trebouxiophyceae	Chlorellales	Chlorellaceae	Chlorella	Chlorella variabilis	554065	10.0
unclassified	258	0.001244892035		Mucoromycota	Mortierellomycetes	Mortierellales	Mortierellaceae	Entomortierella	Entomortierella sugadairana	2991538	23.4
unclassified	222	0.010403046826		Mucoromycota	Mortierellomycetes	Mortierellales	Mortierellaceae	Linnemannia	Linnemannia solitaria	2991561	195.3
unclassified	97	0.004843446988		Ascomycota	Sordariomycetes	Coronophorales	Ceratostomataceae	Dactylidispora	Dactylidispora singaporensis	1661797	90.9
unclassified	231	0.003296259719		Mucoromycota	Glomeromycetes	Diversisporales	Diversisporaceae	Diversispora	Diversispora aurantia	2650714	61.9
unclassified	251	0.043533378640		Mucoromycota	Glomeromycetes	Diversisporales	Gigasporaceae	Racocetra	Racocetra crispa	1972599	817.1
unclassified	35	0.000639352123		Ascomycota	Dipodascomycetes	Dipodascales	Trichomonascaceae	Blastobotrys	Blastobotrys chiropterorum	45539	12.0
unclassified	121	0.005295228049		Chytridiomycota	Chytridiomycetes		Quaeritorhizaceae	Quaeritorhiza	Quaeritorhiza haematococci	2654861	99.4
unclassified	280	0.000843665057		Basidiomycota	Agaricomycetes	Agaricales		Tricholomopsis	Tricholomopsis osiliensis	1133749	15.8
unclassified	41	0.003643112972		Ascomycota	Dothideomycetes	Pleosporales	Phaeosphaeriaceae	Parastagonospora	Parastagonospora nodorum	13684	68.4
unclassified	58	0.003364236390		Mucoromycota	Endogonomycetes	Endogonales	Endogonaceae	Jimgerdemannia	Jimgerdemannia ambigua	2704023	63.1
unclassified	38	0.006434272210		Ascomycota	Dothideomycetes	Pleosporales	Testudinaceae	Lepidosphaeria	Lepidosphaeria nicotiae	372061	120.8
unclassified	58	0.001029233888		Mucoromycota	Endogonomycetes	Endogonales	Endogonaceae	Vinositunica	Vinositunica radiata	2704024	19.3
unclassified	252	0.005716775245		Basidiomycota	Pucciniomycetes	Pucciniales	Pucciniaceae	Puccinia	Puccinia wiehei	1904436	107.3
unclassified	289	0.001882449167		Ascomycota	Pichiomycetes	Serinales	Debaryomycetaceae	Kodamaea	Kodamaea kakaduensis	85574	35.3
unclassified	91	0.002611556786		Ascomycota	Lipomycetes	Lipomycetales	Lipomycetaceae	Lipomyces	Lipomyces oligophaga	45792	49.0
unclassified	113	0.002779118569		Chytridiomycota	Chytridiomycetes	Gromochytriales	Gromochytriaceae	Gromochytrium	Gromochytrium mamkaevae	1486924	52.2
unclassified	157	0.001330532177		Basidiomycota	Agaricomycetes	Corticiales	Corticiaceae	Sistotrema	Sistotrema luteoviride	1403820	25.0
unclassified	39	0.001165613894		Basidiomycota	Ustilaginomycetes	Ustilaginales		Kalmanozyma	Kalmanozyma brasiliensis	1392244	21.9
unclassified	97	0.002420198731		Ascomycota	Sordariomycetes	Coronophorales	Ceratostomataceae	Dactylidispora	Dactylidispora ellipsospora	1661796	45.4
unclassified	104	0.000906450390		Ascomycota	Sordariomycetes	Pleurotheciales	Pleurotheciaceae	Adelosphaeria	Adelosphaeria catenata	1809185	17.0
unclassified	284	0.008429384851		Ascomycota	Pichiomycetes	Serinales	Metschnikowiaceae	Metschnikowia	Metschnikowia vanudenii	299329	158.2
unclassified	49	0.000959029690		Ascomycota	Dipodascomycetes	Dipodascales	Trichomonascaceae	Wickerhamiella	Wickerhamiella osmotolerans	2832334	18.0
unclassified	301	0.015458273388		Ascomycota	Pichiomycetes	Serinales	Metschnikowiaceae	Metschnikowia	Metschnikowia dekortorum	174643	290.1
unclassified	293	0.001157477490		Mucoromycota	Glomeromycetes	Diversisporales	Acaulosporaceae	Acaulospora	Acaulospora laevis	78545	21.7
unclassified	216	0.001154748461		Mucoromycota	Glomeromycetes	Diversisporales	Diversisporaceae	Redeckera	Redeckera megalocarpum	415601	21.7
unclassified	205	0.012001666386		Mucoromycota	Glomeromycetes	Diversisporales	Acaulosporaceae	Acaulospora	Acaulospora colombiana	27376	225.3
unclassified	66	0.003888722085		Ascomycota	Pichiomycetes	Serinales	Metschnikowiaceae	Danielia	Danielia oregonensis	46584	73.0
unclassified	261	0.001356823817		Ascomycota	Saccharomycetes	Phaffomycetales	Phaffomycetaceae	Phaffomyces	[Candida] orba	115786	25.5
unclassified	130	0.000803118079		Chytridiomycota	Monoblepharidomycetes	Monoblepharidales	Gonapodyaceae	Gonapodya	Gonapodya prolifera	1123529	15.1
unclassified	200	0.022574732367		Chytridiomycota	Monoblepharidomycetes	Monoblepharidales	Monoblepharidaceae	Monoblepharis	Monoblepharis macrandra	150278	423.7
unclassified	303	0.001841690838		Chytridiomycota	Chytridiomycetes	Rhizophydiales	Gorgonomycetaceae	Gorgonomyces	Gorgonomyces thailandicus	3058949	34.6
unclassified	255	0.000811742406		Chytridiomycota	Chytridiomycetes	Rhizophydiales	Aquamycetaceae	Aquamyces	Aquamyces chlorogonii	1395669	15.2
unclassified	188	0.000952718182		Basidiomycota	Agaricomycetes	Cantharellales	Hydnaceae	Hydnum	Hydnum cremeoalbum	2822377	17.9
unclassified	188	0.004974136064		Basidiomycota	Agaricomycetes	Cantharellales	Hydnaceae	Hydnum	Hydnum pinicola	2822381	93.4
unclassified	29	0.005165190508		Basidiomycota	Agaricomycetes	Polyporales	Fomitopsidaceae	Rhodofomes	Rhodofomes roseus	34475	96.9
unclassified	296	0.000983099716		Ascomycota	Pichiomycetes	Serinales	Metschnikowiaceae	Candidozyma	Candidozyma khanbhai	2891599	18.5
unclassified	84	0.000796540472		Ascomycota				Novakomyces	Novakomyces olei	2605921	15.0
unclassified	116	0.004273182519		Ascomycota	Sordariomycetes	Meliolales	Meliolaceae	Meliola	Meliola pottsiae	2681178	80.2
unclassified	32	0.002451083720		Chytridiomycota	Chytridiomycetes	Lobulomycetales	Lobulomycetaceae	Alogomyces	Alogomyces tanneri	1395665	46.0
unclassified	29	0.004741861466		Basidiomycota	Agaricomycetes	Agaricales	Physalacriaceae	Gloiocephala	Gloiocephala aquatica	292281	89.0
unclassified	3	0.001185182983		Chytridiomycota	Chytridiomycetes	Spizellomycetales	Spizellomycetaceae	Spizellomyces	Spizellomyces punctatus	109760	22.2
unclassified	61	0.002086006194		Ascomycota	Pichiomycetes	Pichiales	Pichiaceae	Pichia	[Candida] silvatica	54193	39.2
unclassified	271	0.001344024928		Cryptomycota				Paramicrosporidium	Paramicrosporidium saccamoebae	1246581	25.2
unclassified	53	0.000770803493		Ascomycota	Pichiomycetes	Serinales	Metschnikowiaceae	Candidozyma	Candidozyma pseudohaemuli	418784	14.5
unclassified	71	0.001278826952		Ascomycota	Pichiomycetes	Serinales	Debaryomycetaceae	Kodamaea	Kodamaea ohmeri	34356	24.0
unclassified	140	0.000586079810		Basidiomycota	Agaricomycetes	Thelephorales	Thelephoraceae	Tomentella	Tomentella bidoupensis	2565639	11.0
unclassified	35	0.003145152902		Ascomycota	Dipodascomycetes	Dipodascales	Trichomonascaceae	Sugiyamaella	Sugiyamaella lignohabitans	796027	59.0
unclassified	90	0.003360590323		Ascomycota	Pichiomycetes	Serinales	Metschnikowiaceae	Metschnikowia	Metschnikowia laotica	2201245	63.1
unclassified	38	0.001897009201		Ascomycota	Dothideomycetes	Pleosporales	Phaeosphaeriaceae	Septoriella	Septoriella leuchtmannii	129865	35.6
unclassified	86	0.000749536519		Ascomycota	Saccharomycetes	Phaffomycetales	Phaffomycetaceae	Cyberlindnera	Cyberlindnera mississippiensis	53607	14.1
unclassified	58	0.000891140518		Mucoromycota	Endogonomycetes	Endogonales	Endogonaceae	Endogone	Endogone botryocarpus	2704021	16.7
unclassified	0	0.005411826179		Basidiomycota	Agaricomycetes	Agaricales	Strophariaceae	Psilocybe	Psilocybe cubensis	181762	101.6
unclassified	29	0.001960217540		Basidiomycota	Agaricomycetes	Agaricales	Chromocyphellaceae	Chromocyphella	Chromocyphella lamellata	2911221	36.8
unclassified	10	0.001613156637		Ascomycota	Dothideomycetes	Mycosphaerellales	Mycosphaerellaceae	Pseudocercospora	Pseudocercospora fijiensis	1873960	30.3
unclassified	294	0.002237733620		Chytridiomycota	Neocallimastigomycetes	Neocallimastigales	Neocallimastigaceae	Buwchfawromyces	Buwchfawromyces eastonii	512029	42.0
unclassified	234	0.000746144209		Zoopagomycota	Basidiobolomycetes	Basidiobolales	Basidiobolaceae	Basidiobolus	Basidiobolus haptosporus	90248	14.0
unclassified	291	0.001110661204		Ascomycota	Sordariomycetes	Myrmecridiales	Myrmecridiaceae	Myrmecridium	Myrmecridium hiemale	1819261	20.8
unclassified	168	0.001148106543		Ascomycota	Dothideomycetes	Pleosporales	Pleosporaceae	Bipolaris	Bipolaris sivanesaniana	1918533	21.5
unclassified	218	0.000583392768		Ascomycota	Pezizomycetes	Pezizales	Pezizaceae	Terfezia	Terfezia dunensis	2608273	10.9
