OTU_ID	sample_id	read_count	relative_abundance	member_count	Kingdom	Phylum	Class	Order	Family	Genus	Species
OTU_48	barcode19	4777	0.228302	2		Chlorophyta	Chlorophyceae	Chlamydomonadales	Chlamydomonadaceae	Chlamydomonas	Chlamydomonas reinhardtii
OTU_48	barcode20	10128	0.191047	2		Chlorophyta	Chlorophyceae	Chlamydomonadales	Chlamydomonadaceae	Chlamydomonas	Chlamydomonas reinhardtii
OTU_48	barcode21	18545	0.174512	2		Chlorophyta	Chlorophyceae	Chlamydomonadales	Chlamydomonadaceae	Chlamydomonas	Chlamydomonas reinhardtii
OTU_251	barcode19	1397	0.066765	1		Mucoromycota	Glomeromycetes	Diversisporales	Gigasporaceae	Racocetra	Racocetra crispa
OTU_251	barcode20	3499	0.066003	1		Mucoromycota	Glomeromycetes	Diversisporales	Gigasporaceae	Racocetra	Racocetra crispa
OTU_251	barcode21	6353	0.059783	1		Mucoromycota	Glomeromycetes	Diversisporales	Gigasporaceae	Racocetra	Racocetra crispa
OTU_122	barcode19	1250	0.059740	1		Chytridiomycota	Chytridiomycetes	Chytridiales	Chytridiaceae	Chytridium	Chytridium olla
OTU_122	barcode20	3318	0.062588	1		Chytridiomycota	Chytridiomycetes	Chytridiales	Chytridiaceae	Chytridium	Chytridium olla
OTU_122	barcode21	6225	0.058578	1		Chytridiomycota	Chytridiomycetes	Chytridiales	Chytridiaceae	Chytridium	Chytridium olla
OTU_58	barcode19	586	0.028006	6		Mucoromycota	Endogonomycetes	Endogonales	Endogonaceae	Vinositunica	Vinositunica ingens
OTU_58	barcode20	2570	0.048479	6		Mucoromycota	Endogonomycetes	Endogonales	Endogonaceae	Vinositunica	Vinositunica ingens
OTU_58	barcode21	7468	0.070275	6		Mucoromycota	Endogonomycetes	Endogonales	Endogonaceae	Vinositunica	Vinositunica ingens
OTU_38	barcode19	524	0.025043	26		Ascomycota	Dothideomycetes	Mycosphaerellales	Teratosphaeriaceae	Salinomyces	Salinomyces polonicus
OTU_38	barcode20	2835	0.053477	26		Ascomycota	Dothideomycetes	Mycosphaerellales	Teratosphaeriaceae	Salinomyces	Salinomyces polonicus
OTU_38	barcode21	6564	0.061768	26		Ascomycota	Dothideomycetes	Mycosphaerellales	Teratosphaeriaceae	Salinomyces	Salinomyces polonicus
OTU_36	barcode19	1386	0.066240	3		Basidiomycota	Tremellomycetes	Tremellales	Cryptococcaceae	Kwoniella	Kwoniella shivajii
OTU_36	barcode20	2488	0.046932	3		Basidiomycota	Tremellomycetes	Tremellales	Cryptococcaceae	Kwoniella	Kwoniella shivajii
OTU_36	barcode21	5640	0.053073	3		Basidiomycota	Tremellomycetes	Tremellales	Cryptococcaceae	Kwoniella	Kwoniella shivajii
OTU_200	barcode19	687	0.032833	1		Chytridiomycota	Monoblepharidomycetes	Monoblepharidales	Monoblepharidaceae	Monoblepharis	Monoblepharis macrandra
OTU_200	barcode20	2186	0.041235	1		Chytridiomycota	Monoblepharidomycetes	Monoblepharidales	Monoblepharidaceae	Monoblepharis	Monoblepharis macrandra
OTU_200	barcode21	3814	0.035890	1		Chytridiomycota	Monoblepharidomycetes	Monoblepharidales	Monoblepharidaceae	Monoblepharis	Monoblepharis macrandra
OTU_301	barcode19	830	0.039667	1		Ascomycota	Pichiomycetes	Serinales	Metschnikowiaceae	Metschnikowia	Metschnikowia dekortorum
OTU_301	barcode20	1267	0.023900	1		Ascomycota	Pichiomycetes	Serinales	Metschnikowiaceae	Metschnikowia	Metschnikowia dekortorum
OTU_301	barcode21	4013	0.037763	1		Ascomycota	Pichiomycetes	Serinales	Metschnikowiaceae	Metschnikowia	Metschnikowia dekortorum
OTU_284	barcode19	657	0.031399	1		Ascomycota	Pichiomycetes	Serinales	Metschnikowiaceae	Metschnikowia	Metschnikowia vanudenii
OTU_284	barcode20	830	0.015657	1		Ascomycota	Pichiomycetes	Serinales	Metschnikowiaceae	Metschnikowia	Metschnikowia vanudenii
OTU_284	barcode21	2365	0.022255	1		Ascomycota	Pichiomycetes	Serinales	Metschnikowiaceae	Metschnikowia	Metschnikowia vanudenii
OTU_24	barcode19	450	0.021506	1		Microsporidia				Mitosporidium	Mitosporidium daphniae
OTU_24	barcode20	866	0.016336	1		Microsporidia				Mitosporidium	Mitosporidium daphniae
OTU_24	barcode21	2530	0.023808	1		Microsporidia				Mitosporidium	Mitosporidium daphniae
OTU_29	barcode19	31	0.001482	8		Basidiomycota	Agaricomycetes	Agaricales	Physalacriaceae	Gloiocephala	Gloiocephala aquatica
OTU_29	barcode20	2282	0.043046	8		Basidiomycota	Agaricomycetes	Agaricales	Physalacriaceae	Gloiocephala	Gloiocephala aquatica
OTU_29	barcode21	1497	0.014087	8		Basidiomycota	Agaricomycetes	Agaricales	Physalacriaceae	Gloiocephala	Gloiocephala aquatica
OTU_32	barcode19	693	0.033120	11		Chytridiomycota	Chytridiomycetes	Spizellomycetales	Powellomycetaceae	Fimicolochytrium	Fimicolochytrium jonesii
OTU_32	barcode20	723	0.013638	11		Chytridiomycota	Chytridiomycetes	Spizellomycetales	Powellomycetaceae	Fimicolochytrium	Fimicolochytrium jonesii
OTU_32	barcode21	1801	0.016948	11		Chytridiomycota	Chytridiomycetes	Spizellomycetales	Powellomycetaceae	Fimicolochytrium	Fimicolochytrium jonesii
OTU_222	barcode19	342	0.016345	1		Mucoromycota	Mortierellomycetes	Mortierellales	Mortierellaceae	Linnemannia	Linnemannia solitaria
OTU_222	barcode20	904	0.017052	1		Mucoromycota	Mortierellomycetes	Mortierellales	Mortierellaceae	Linnemannia	Linnemannia solitaria
OTU_222	barcode21	1699	0.015988	1		Mucoromycota	Mortierellomycetes	Mortierellales	Mortierellaceae	Linnemannia	Linnemannia solitaria
OTU_205	barcode19	114	0.005448	1		Mucoromycota	Glomeromycetes	Diversisporales	Acaulosporaceae	Acaulospora	Acaulospora colombiana
OTU_205	barcode20	633	0.011940	1		Mucoromycota	Glomeromycetes	Diversisporales	Acaulosporaceae	Acaulospora	Acaulospora colombiana
OTU_205	barcode21	1981	0.018642	1		Mucoromycota	Glomeromycetes	Diversisporales	Acaulosporaceae	Acaulospora	Acaulospora colombiana
OTU_78	barcode19	602	0.028771	2		Zoopagomycota	Basidiobolomycetes	Basidiobolales	Basidiobolaceae	Basidiobolus	Basidiobolus magnus
OTU_78	barcode20	617	0.011639	2		Zoopagomycota	Basidiobolomycetes	Basidiobolales	Basidiobolaceae	Basidiobolus	Basidiobolus magnus
OTU_78	barcode21	1498	0.014096	2		Zoopagomycota	Basidiobolomycetes	Basidiobolales	Basidiobolaceae	Basidiobolus	Basidiobolus magnus
OTU_229	barcode19	276	0.013191	1		Mucoromycota	Glomeromycetes	Diversisporales	Diversisporaceae	Diversispora	Diversispora spurca
OTU_229	barcode20	915	0.017260	1		Mucoromycota	Glomeromycetes	Diversisporales	Diversisporaceae	Diversispora	Diversispora spurca
OTU_229	barcode21	1454	0.013682	1		Mucoromycota	Glomeromycetes	Diversisporales	Diversisporaceae	Diversispora	Diversispora spurca
OTU_97	barcode19	285	0.013621	5		Ascomycota	Sordariomycetes	Coronophorales	Ceratostomataceae	Dactylidispora	Dactylidispora singaporensis
OTU_97	barcode20	1059	0.019976	5		Ascomycota	Sordariomycetes	Coronophorales	Ceratostomataceae	Dactylidispora	Dactylidispora singaporensis
OTU_97	barcode21	1238	0.011650	5		Ascomycota	Sordariomycetes	Coronophorales	Ceratostomataceae	Dactylidispora	Dactylidispora singaporensis
OTU_0	barcode19	16	0.000765	7		Basidiomycota	Agaricomycetes	Agaricales	Strophariaceae	Psilocybe	Psilocybe cubensis
OTU_0	barcode20	2365	0.044612	7		Basidiomycota	Agaricomycetes	Agaricales	Strophariaceae	Psilocybe	Psilocybe cubensis
OTU_0	barcode21	87	0.000819	7		Basidiomycota	Agaricomycetes	Agaricales	Strophariaceae	Psilocybe	Psilocybe cubensis
OTU_31	barcode19	197	0.009415	1		Oomycota	Saprolegniomycetes	Saprolegniales	Verrucalvaceae	Aphanomyces	Aphanomyces astaci
OTU_31	barcode20	653	0.012318	1		Oomycota	Saprolegniomycetes	Saprolegniales	Verrucalvaceae	Aphanomyces	Aphanomyces astaci
OTU_31	barcode21	1307	0.012299	1		Oomycota	Saprolegniomycetes	Saprolegniales	Verrucalvaceae	Aphanomyces	Aphanomyces astaci
OTU_121	barcode19	218	0.010419	1		Chytridiomycota	Chytridiomycetes		Quaeritorhizaceae	Quaeritorhiza	Quaeritorhiza haematococci
OTU_121	barcode20	396	0.007470	1		Chytridiomycota	Chytridiomycetes		Quaeritorhizaceae	Quaeritorhiza	Quaeritorhiza haematococci
OTU_121	barcode21	1106	0.010408	1		Chytridiomycota	Chytridiomycetes		Quaeritorhizaceae	Quaeritorhiza	Quaeritorhiza haematococci
OTU_63	barcode19	80	0.003823	1		Mucoromycota	Glomeromycetes	Diversisporales	Gigasporaceae	Dentiscutata	Dentiscutata savannicola
OTU_63	barcode20	454	0.008564	1		Mucoromycota	Glomeromycetes	Diversisporales	Gigasporaceae	Dentiscutata	Dentiscutata savannicola
OTU_63	barcode21	1131	0.010643	1		Mucoromycota	Glomeromycetes	Diversisporales	Gigasporaceae	Dentiscutata	Dentiscutata savannicola
OTU_252	barcode19	346	0.016536	1		Basidiomycota	Pucciniomycetes	Pucciniales	Pucciniaceae	Puccinia	Puccinia wiehei
OTU_252	barcode20	322	0.006074	1		Basidiomycota	Pucciniomycetes	Pucciniales	Pucciniaceae	Puccinia	Puccinia wiehei
OTU_252	barcode21	887	0.008347	1		Basidiomycota	Pucciniomycetes	Pucciniales	Pucciniaceae	Puccinia	Puccinia wiehei
OTU_66	barcode19	120	0.005735	6		Ascomycota	Pichiomycetes	Serinales	Metschnikowiaceae	Danielia	Danielia oregonensis
OTU_66	barcode20	445	0.008394	6		Ascomycota	Pichiomycetes	Serinales	Metschnikowiaceae	Danielia	Danielia oregonensis
OTU_66	barcode21	970	0.009128	6		Ascomycota	Pichiomycetes	Serinales	Metschnikowiaceae	Danielia	Danielia oregonensis
OTU_62	barcode19	158	0.007551	1		Zoopagomycota	Kickxellomycetes	Kickxellales	Kickxellaceae	Spiromyces	Spiromyces minutus
OTU_62	barcode20	295	0.005565	1		Zoopagomycota	Kickxellomycetes	Kickxellales	Kickxellaceae	Spiromyces	Spiromyces minutus
OTU_62	barcode21	898	0.008450	1		Zoopagomycota	Kickxellomycetes	Kickxellales	Kickxellaceae	Spiromyces	Spiromyces minutus
OTU_188	barcode19	42	0.002007	2		Basidiomycota	Agaricomycetes	Cantharellales	Hydnaceae	Hydnum	Hydnum pinicola
OTU_188	barcode20	284	0.005357	2		Basidiomycota	Agaricomycetes	Cantharellales	Hydnaceae	Hydnum	Hydnum pinicola
OTU_188	barcode21	1025	0.009645	2		Basidiomycota	Agaricomycetes	Cantharellales	Hydnaceae	Hydnum	Hydnum pinicola
OTU_231	barcode19	144	0.006882	1		Mucoromycota	Glomeromycetes	Diversisporales	Diversisporaceae	Diversispora	Diversispora aurantia
OTU_231	barcode20	387	0.007300	1		Mucoromycota	Glomeromycetes	Diversisporales	Diversisporaceae	Diversispora	Diversispora aurantia
OTU_231	barcode21	809	0.007613	1		Mucoromycota	Glomeromycetes	Diversisporales	Diversisporaceae	Diversispora	Diversispora aurantia
OTU_25	barcode19	102	0.004875	3		Oomycota	Peronosporomycetes	Peronosporales	Peronosporaceae	Phytophthora	Phytophthora infestans
OTU_25	barcode20	344	0.006489	3		Oomycota	Peronosporomycetes	Peronosporales	Peronosporaceae	Phytophthora	Phytophthora infestans
OTU_25	barcode21	883	0.008309	3		Oomycota	Peronosporomycetes	Peronosporales	Peronosporaceae	Phytophthora	Phytophthora infestans
OTU_41	barcode19	33	0.001577	1		Ascomycota	Dothideomycetes	Pleosporales	Phaeosphaeriaceae	Parastagonospora	Parastagonospora nodorum
OTU_41	barcode20	22	0.000415	1		Ascomycota	Dothideomycetes	Pleosporales	Phaeosphaeriaceae	Parastagonospora	Parastagonospora nodorum
OTU_41	barcode21	1074	0.010107	1		Ascomycota	Dothideomycetes	Pleosporales	Phaeosphaeriaceae	Parastagonospora	Parastagonospora nodorum
OTU_35	barcode19	241	0.011518	4		Ascomycota	Dipodascomycetes	Dipodascales	Trichomonascaceae	Sugiyamaella	Sugiyamaella lignohabitans
OTU_35	barcode20	217	0.004093	4		Ascomycota	Dipodascomycetes	Dipodascales	Trichomonascaceae	Sugiyamaella	Sugiyamaella lignohabitans
OTU_35	barcode21	609	0.005731	4		Ascomycota	Dipodascomycetes	Dipodascales	Trichomonascaceae	Sugiyamaella	Sugiyamaella lignohabitans
OTU_27	barcode19	122	0.005831	1		Oomycota	Saprolegniomycetes	Saprolegniales	Verrucalvaceae	Aphanomyces	Aphanomyces invadans
OTU_27	barcode20	262	0.004942	1		Oomycota	Saprolegniomycetes	Saprolegniales	Verrucalvaceae	Aphanomyces	Aphanomyces invadans
OTU_27	barcode21	649	0.006107	1		Oomycota	Saprolegniomycetes	Saprolegniales	Verrucalvaceae	Aphanomyces	Aphanomyces invadans
OTU_90	barcode19	44	0.002103	1		Ascomycota	Pichiomycetes	Serinales	Metschnikowiaceae	Metschnikowia	Metschnikowia laotica
OTU_90	barcode20	216	0.004074	1		Ascomycota	Pichiomycetes	Serinales	Metschnikowiaceae	Metschnikowia	Metschnikowia laotica
OTU_90	barcode21	525	0.004940	1		Ascomycota	Pichiomycetes	Serinales	Metschnikowiaceae	Metschnikowia	Metschnikowia laotica
OTU_289	barcode19	145	0.006930	1		Ascomycota	Pichiomycetes	Serinales	Debaryomycetaceae	Kodamaea	Kodamaea kakaduensis
OTU_289	barcode20	153	0.002886	1		Ascomycota	Pichiomycetes	Serinales	Debaryomycetaceae	Kodamaea	Kodamaea kakaduensis
OTU_289	barcode21	476	0.004479	1		Ascomycota	Pichiomycetes	Serinales	Debaryomycetaceae	Kodamaea	Kodamaea kakaduensis
OTU_15	barcode19	107	0.005114	9		Ascomycota	Dothideomycetes	Hysteriales	Hysteriaceae	Gloniopsis	Gloniopsis calami
OTU_15	barcode20	217	0.004093	9		Ascomycota	Dothideomycetes	Hysteriales	Hysteriaceae	Gloniopsis	Gloniopsis calami
OTU_15	barcode21	362	0.003406	9		Ascomycota	Dothideomycetes	Hysteriales	Hysteriaceae	Gloniopsis	Gloniopsis calami
OTU_71	barcode19	23	0.001099	4		Ascomycota	Pichiomycetes	Serinales	Debaryomycetaceae	Kodamaea	Kodamaea ohmeri
OTU_71	barcode20	170	0.003207	4		Ascomycota	Pichiomycetes	Serinales	Debaryomycetaceae	Kodamaea	Kodamaea ohmeri
OTU_71	barcode21	491	0.004620	4		Ascomycota	Pichiomycetes	Serinales	Debaryomycetaceae	Kodamaea	Kodamaea ohmeri
OTU_137	barcode19	39	0.001864	1		Basidiomycota	Agaricomycetes	Cantharellales	Hydnaceae	Hydnum	Hydnum reginae
OTU_137	barcode20	192	0.003622	1		Basidiomycota	Agaricomycetes	Cantharellales	Hydnaceae	Hydnum	Hydnum reginae
OTU_137	barcode21	444	0.004178	1		Basidiomycota	Agaricomycetes	Cantharellales	Hydnaceae	Hydnum	Hydnum reginae
OTU_91	barcode19	117	0.005592	1		Ascomycota	Lipomycetes	Lipomycetales	Lipomycetaceae	Lipomyces	Lipomyces oligophaga
OTU_91	barcode20	160	0.003018	1		Ascomycota	Lipomycetes	Lipomycetales	Lipomycetaceae	Lipomyces	Lipomyces oligophaga
OTU_91	barcode21	389	0.003661	1		Ascomycota	Lipomycetes	Lipomycetales	Lipomycetaceae	Lipomyces	Lipomyces oligophaga
OTU_113	barcode19	84	0.004015	1		Chytridiomycota	Chytridiomycetes	Gromochytriales	Gromochytriaceae	Gromochytrium	Gromochytrium mamkaevae
OTU_113	barcode20	205	0.003867	1		Chytridiomycota	Chytridiomycetes	Gromochytriales	Gromochytriaceae	Gromochytrium	Gromochytrium mamkaevae
OTU_113	barcode21	372	0.003501	1		Chytridiomycota	Chytridiomycetes	Gromochytriales	Gromochytriaceae	Gromochytrium	Gromochytrium mamkaevae
OTU_68	barcode19	76	0.003632	1		Zoopagomycota	Zoopagomycetes	Zoopagales	Piptocephalidaceae	Piptocephalis	Piptocephalis corymbifera
OTU_68	barcode20	139	0.002622	1		Zoopagomycota	Zoopagomycetes	Zoopagales	Piptocephalidaceae	Piptocephalis	Piptocephalis corymbifera
OTU_68	barcode21	408	0.003839	1		Zoopagomycota	Zoopagomycetes	Zoopagales	Piptocephalidaceae	Piptocephalis	Piptocephalis corymbifera
OTU_303	barcode19	78	0.003728	1		Chytridiomycota	Chytridiomycetes	Rhizophydiales	Gorgonomycetaceae	Gorgonomyces	Gorgonomyces thailandicus
OTU_303	barcode20	221	0.004169	1		Chytridiomycota	Chytridiomycetes	Rhizophydiales	Gorgonomycetaceae	Gorgonomyces	Gorgonomyces thailandicus
OTU_303	barcode21	324	0.003049	1		Chytridiomycota	Chytridiomycetes	Rhizophydiales	Gorgonomycetaceae	Gorgonomyces	Gorgonomyces thailandicus
OTU_49	barcode19	82	0.003919	3		Ascomycota	Dipodascomycetes	Dipodascales	Trichomonascaceae	Wickerhamiella	Wickerhamiella osmotolerans
OTU_49	barcode20	155	0.002924	3		Ascomycota	Dipodascomycetes	Dipodascales	Trichomonascaceae	Wickerhamiella	Wickerhamiella osmotolerans
OTU_49	barcode21	351	0.003303	3		Ascomycota	Dipodascomycetes	Dipodascales	Trichomonascaceae	Wickerhamiella	Wickerhamiella osmotolerans
OTU_294	barcode19	24	0.001147	1		Chytridiomycota	Neocallimastigomycetes	Neocallimastigales	Neocallimastigaceae	Buwchfawromyces	Buwchfawromyces eastonii
OTU_294	barcode20	152	0.002867	1		Chytridiomycota	Neocallimastigomycetes	Neocallimastigales	Neocallimastigaceae	Buwchfawromyces	Buwchfawromyces eastonii
OTU_294	barcode21	406	0.003821	1		Chytridiomycota	Neocallimastigomycetes	Neocallimastigales	Neocallimastigaceae	Buwchfawromyces	Buwchfawromyces eastonii
OTU_44	barcode19	122	0.005831	5		Ascomycota	Pichiomycetes	Serinales	Debaryomycetaceae	Yamadazyma	[Candida] blattariae
OTU_44	barcode20	200	0.003773	5		Ascomycota	Pichiomycetes	Serinales	Debaryomycetaceae	Yamadazyma	[Candida] blattariae
OTU_44	barcode21	256	0.002409	5		Ascomycota	Pichiomycetes	Serinales	Debaryomycetaceae	Yamadazyma	[Candida] blattariae
OTU_77	barcode19	41	0.001959	1		Mucoromycota	Glomeromycetes	Archaeosporales	Archaeosporaceae	Archaeospora	Archaeospora ecuadoriana
OTU_77	barcode20	195	0.003678	1		Mucoromycota	Glomeromycetes	Archaeosporales	Archaeosporaceae	Archaeospora	Archaeospora ecuadoriana
OTU_77	barcode21	333	0.003134	1		Mucoromycota	Glomeromycetes	Archaeosporales	Archaeosporaceae	Archaeospora	Archaeospora ecuadoriana
OTU_118	barcode19	0	0.000000	5		Mucoromycota	Mortierellomycetes	Mortierellales	Mortierellaceae	Lobosporangium	Lobosporangium transversale
OTU_118	barcode20	108	0.002037	5		Mucoromycota	Mortierellomycetes	Mortierellales	Mortierellaceae	Lobosporangium	Lobosporangium transversale
OTU_118	barcode21	456	0.004291	5		Mucoromycota	Mortierellomycetes	Mortierellales	Mortierellaceae	Lobosporangium	Lobosporangium transversale
OTU_88	barcode19	438	0.020933	3		Basidiomycota	Pucciniomycetes	Pucciniales	Pucciniastraceae	Pucciniastrum	Pucciniastrum myosotidii
OTU_88	barcode20	45	0.000849	3		Basidiomycota	Pucciniomycetes	Pucciniales	Pucciniastraceae	Pucciniastrum	Pucciniastrum myosotidii
OTU_88	barcode21	79	0.000743	3		Basidiomycota	Pucciniomycetes	Pucciniales	Pucciniastraceae	Pucciniastrum	Pucciniastrum myosotidii
OTU_73	barcode19	33	0.001577	5		Basidiomycota	Microbotryomycetes	Sporidiobolales	Sporidiobolaceae	Sporobolomyces	Sporobolomyces beijingensis
OTU_73	barcode20	116	0.002188	5		Basidiomycota	Microbotryomycetes	Sporidiobolales	Sporidiobolaceae	Sporobolomyces	Sporobolomyces beijingensis
OTU_73	barcode21	409	0.003849	5		Basidiomycota	Microbotryomycetes	Sporidiobolales	Sporidiobolaceae	Sporobolomyces	Sporobolomyces beijingensis
OTU_179	barcode19	35	0.001673	3		Basidiomycota	Microbotryomycetes	Sporidiobolales	Sporidiobolaceae	Sporobolomyces	Sporobolomyces cellobiolyticus
OTU_179	barcode20	165	0.003112	3		Basidiomycota	Microbotryomycetes	Sporidiobolales	Sporidiobolaceae	Sporobolomyces	Sporobolomyces cellobiolyticus
OTU_179	barcode21	306	0.002880	3		Basidiomycota	Microbotryomycetes	Sporidiobolales	Sporidiobolaceae	Sporobolomyces	Sporobolomyces cellobiolyticus
OTU_46	barcode19	186	0.008889	8		Ascomycota	Sordariomycetes	Glomerellales	Australiascaceae	Monilochaetes	Monilochaetes dimorphospora
OTU_46	barcode20	142	0.002679	8		Ascomycota	Sordariomycetes	Glomerellales	Australiascaceae	Monilochaetes	Monilochaetes dimorphospora
OTU_46	barcode21	160	0.001506	8		Ascomycota	Sordariomycetes	Glomerellales	Australiascaceae	Monilochaetes	Monilochaetes dimorphospora
OTU_116	barcode19	39	0.001864	1		Ascomycota	Sordariomycetes	Meliolales	Meliolaceae	Meliola	Meliola pottsiae
OTU_116	barcode20	96	0.001811	1		Ascomycota	Sordariomycetes	Meliolales	Meliolaceae	Meliola	Meliola pottsiae
OTU_116	barcode21	327	0.003077	1		Ascomycota	Sordariomycetes	Meliolales	Meliolaceae	Meliola	Meliola pottsiae
OTU_271	barcode19	43	0.002055	1		Cryptomycota				Paramicrosporidium	Paramicrosporidium saccamoebae
OTU_271	barcode20	138	0.002603	1		Cryptomycota				Paramicrosporidium	Paramicrosporidium saccamoebae
OTU_271	barcode21	275	0.002588	1		Cryptomycota				Paramicrosporidium	Paramicrosporidium saccamoebae
OTU_197	barcode19	40	0.001912	1		Basidiomycota	Pucciniomycetes	Pucciniales	Milesinaceae	Milesina	Milesina woodwardiana
OTU_197	barcode20	101	0.001905	1		Basidiomycota	Pucciniomycetes	Pucciniales	Milesinaceae	Milesina	Milesina woodwardiana
OTU_197	barcode21	308	0.002898	1		Basidiomycota	Pucciniomycetes	Pucciniales	Milesinaceae	Milesina	Milesina woodwardiana
OTU_258	barcode19	43	0.002055	1		Mucoromycota	Mortierellomycetes	Mortierellales	Mortierellaceae	Entomortierella	Entomortierella sugadairana
OTU_258	barcode20	73	0.001377	1		Mucoromycota	Mortierellomycetes	Mortierellales	Mortierellaceae	Entomortierella	Entomortierella sugadairana
OTU_258	barcode21	332	0.003124	1		Mucoromycota	Mortierellomycetes	Mortierellales	Mortierellaceae	Entomortierella	Entomortierella sugadairana
OTU_53	barcode19	0	0.000000	4		Ascomycota	Pichiomycetes	Serinales	Metschnikowiaceae	Candidozyma	Candidozyma pseudohaemuli
OTU_53	barcode20	143	0.002697	4		Ascomycota	Pichiomycetes	Serinales	Metschnikowiaceae	Candidozyma	Candidozyma pseudohaemuli
OTU_53	barcode21	272	0.002560	4		Ascomycota	Pichiomycetes	Serinales	Metschnikowiaceae	Candidozyma	Candidozyma pseudohaemuli
OTU_216	barcode19	43	0.002055	1		Mucoromycota	Glomeromycetes	Diversisporales	Diversisporaceae	Redeckera	Redeckera megalocarpum
OTU_216	barcode20	95	0.001792	1		Mucoromycota	Glomeromycetes	Diversisporales	Diversisporaceae	Redeckera	Redeckera megalocarpum
OTU_216	barcode21	243	0.002287	1		Mucoromycota	Glomeromycetes	Diversisporales	Diversisporaceae	Redeckera	Redeckera megalocarpum
OTU_57	barcode19	232	0.011088	2		Mucoromycota	Glomeromycetes	Diversisporales	Acaulosporaceae	Acaulospora	Acaulospora cavernata
OTU_57	barcode20	43	0.000811	2		Mucoromycota	Glomeromycetes	Diversisporales	Acaulosporaceae	Acaulospora	Acaulospora cavernata
OTU_57	barcode21	97	0.000913	2		Mucoromycota	Glomeromycetes	Diversisporales	Acaulosporaceae	Acaulospora	Acaulospora cavernata
OTU_296	barcode19	0	0.000000	1		Ascomycota	Pichiomycetes	Serinales	Metschnikowiaceae	Candidozyma	Candidozyma khanbhai
OTU_296	barcode20	102	0.001924	1		Ascomycota	Pichiomycetes	Serinales	Metschnikowiaceae	Candidozyma	Candidozyma khanbhai
OTU_296	barcode21	253	0.002381	1		Ascomycota	Pichiomycetes	Serinales	Metschnikowiaceae	Candidozyma	Candidozyma khanbhai
OTU_61	barcode19	0	0.000000	1		Ascomycota	Pichiomycetes	Pichiales	Pichiaceae	Pichia	[Candida] silvatica
OTU_61	barcode20	100	0.001886	1		Ascomycota	Pichiomycetes	Pichiales	Pichiaceae	Pichia	[Candida] silvatica
OTU_61	barcode21	246	0.002315	1		Ascomycota	Pichiomycetes	Pichiales	Pichiaceae	Pichia	[Candida] silvatica
OTU_157	barcode19	0	0.000000	1		Basidiomycota	Agaricomycetes	Corticiales	Corticiaceae	Sistotrema	Sistotrema luteoviride
OTU_157	barcode20	79	0.001490	1		Basidiomycota	Agaricomycetes	Corticiales	Corticiaceae	Sistotrema	Sistotrema luteoviride
OTU_157	barcode21	263	0.002475	1		Basidiomycota	Agaricomycetes	Corticiales	Corticiaceae	Sistotrema	Sistotrema luteoviride
OTU_23	barcode19	13	0.000621	1		Zoopagomycota	Kickxellomycetes	Kickxellales	Kickxellaceae	Linderina	Linderina pennispora
OTU_23	barcode20	62	0.001170	1		Zoopagomycota	Kickxellomycetes	Kickxellales	Kickxellaceae	Linderina	Linderina pennispora
OTU_23	barcode21	256	0.002409	1		Zoopagomycota	Kickxellomycetes	Kickxellales	Kickxellaceae	Linderina	Linderina pennispora
OTU_261	barcode19	44	0.002103	1		Ascomycota	Saccharomycetes	Phaffomycetales	Phaffomycetaceae	Phaffomyces	[Candida] orba
OTU_261	barcode20	105	0.001981	1		Ascomycota	Saccharomycetes	Phaffomycetales	Phaffomycetaceae	Phaffomyces	[Candida] orba
OTU_261	barcode21	180	0.001694	1		Ascomycota	Saccharomycetes	Phaffomycetales	Phaffomycetaceae	Phaffomyces	[Candida] orba
OTU_72	barcode19	43	0.002055	2		Ascomycota	Pichiomycetes	Serinales	Debaryomycetaceae	Danielozyma	Danielozyma litseae
OTU_72	barcode20	100	0.001886	2		Ascomycota	Pichiomycetes	Serinales	Debaryomycetaceae	Danielozyma	Danielozyma litseae
OTU_72	barcode21	180	0.001694	2		Ascomycota	Pichiomycetes	Serinales	Debaryomycetaceae	Danielozyma	Danielozyma litseae
OTU_270	barcode19	0	0.000000	3		Ascomycota	Dothideomycetes	Pleosporales	Pleosporaceae	Alternaria	Alternaria sorghi
OTU_270	barcode20	74	0.001396	3		Ascomycota	Dothideomycetes	Pleosporales	Pleosporaceae	Alternaria	Alternaria sorghi
OTU_270	barcode21	240	0.002258	3		Ascomycota	Dothideomycetes	Pleosporales	Pleosporaceae	Alternaria	Alternaria sorghi
OTU_84	barcode19	19	0.000908	1		Ascomycota				Novakomyces	Novakomyces olei
OTU_84	barcode20	72	0.001358	1		Ascomycota				Novakomyces	Novakomyces olei
OTU_84	barcode21	215	0.002023	1		Ascomycota				Novakomyces	Novakomyces olei
OTU_42	barcode19	56	0.002676	1		Chytridiomycota	Monoblepharidomycetes	Monoblepharidales		Hyaloraphidium	Hyaloraphidium curvatum
OTU_42	barcode20	125	0.002358	1		Chytridiomycota	Monoblepharidomycetes	Monoblepharidales		Hyaloraphidium	Hyaloraphidium curvatum
OTU_42	barcode21	123	0.001157	1		Chytridiomycota	Monoblepharidomycetes	Monoblepharidales		Hyaloraphidium	Hyaloraphidium curvatum
OTU_293	barcode19	88	0.004206	1		Mucoromycota	Glomeromycetes	Diversisporales	Acaulosporaceae	Acaulospora	Acaulospora laevis
OTU_293	barcode20	56	0.001056	1		Mucoromycota	Glomeromycetes	Diversisporales	Acaulosporaceae	Acaulospora	Acaulospora laevis
OTU_293	barcode21	158	0.001487	1		Mucoromycota	Glomeromycetes	Diversisporales	Acaulosporaceae	Acaulospora	Acaulospora laevis
OTU_109	barcode19	52	0.002485	1		Ascomycota	Leotiomycetes	Helotiales	Helotiaceae	Dicephalospora	Dicephalospora sessilis
OTU_109	barcode20	65	0.001226	1		Ascomycota	Leotiomycetes	Helotiales	Helotiaceae	Dicephalospora	Dicephalospora sessilis
OTU_109	barcode21	183	0.001722	1		Ascomycota	Leotiomycetes	Helotiales	Helotiaceae	Dicephalospora	Dicephalospora sessilis
OTU_39	barcode19	29	0.001386	1		Basidiomycota	Ustilaginomycetes	Ustilaginales		Kalmanozyma	Kalmanozyma brasiliensis
OTU_39	barcode20	161	0.003037	1		Basidiomycota	Ustilaginomycetes	Ustilaginales		Kalmanozyma	Kalmanozyma brasiliensis
OTU_39	barcode21	105	0.000988	1		Basidiomycota	Ustilaginomycetes	Ustilaginales		Kalmanozyma	Kalmanozyma brasiliensis
OTU_176	barcode19	0	0.000000	1		Chytridiomycota	Neocallimastigomycetes	Neocallimastigales	Neocallimastigaceae	Feramyces	Feramyces austinii
OTU_176	barcode20	126	0.002377	1		Chytridiomycota	Neocallimastigomycetes	Neocallimastigales	Neocallimastigaceae	Feramyces	Feramyces austinii
OTU_176	barcode21	151	0.001421	1		Chytridiomycota	Neocallimastigomycetes	Neocallimastigales	Neocallimastigaceae	Feramyces	Feramyces austinii
OTU_60	barcode19	27	0.001290	1		Ascomycota	Dipodascomycetes	Dipodascales	Trichomonascaceae	Wickerhamiella	Wickerhamiella galacta
OTU_60	barcode20	115	0.002169	1		Ascomycota	Dipodascomycetes	Dipodascales	Trichomonascaceae	Wickerhamiella	Wickerhamiella galacta
OTU_60	barcode21	126	0.001186	1		Ascomycota	Dipodascomycetes	Dipodascales	Trichomonascaceae	Wickerhamiella	Wickerhamiella galacta
OTU_21	barcode19	45	0.002151	1		Blastocladiomycota	Blastocladiomycetes	Blastocladiales	Blastocladiaceae	Allomyces	Allomyces arbusculus
OTU_21	barcode20	72	0.001358	1		Blastocladiomycota	Blastocladiomycetes	Blastocladiales	Blastocladiaceae	Allomyces	Allomyces arbusculus
OTU_21	barcode21	144	0.001355	1		Blastocladiomycota	Blastocladiomycetes	Blastocladiales	Blastocladiaceae	Allomyces	Allomyces arbusculus
OTU_107	barcode19	59	0.002820	2		Ascomycota	Dothideomycetes	Pleosporales	Lentitheciaceae	Darksidea	Darksidea zeta
OTU_107	barcode20	65	0.001226	2		Ascomycota	Dothideomycetes	Pleosporales	Lentitheciaceae	Darksidea	Darksidea zeta
OTU_107	barcode21	134	0.001261	2		Ascomycota	Dothideomycetes	Pleosporales	Lentitheciaceae	Darksidea	Darksidea zeta
OTU_52	barcode19	0	0.000000	3		Basidiomycota	Tremellomycetes	Cystofilobasidiales	Cystofilobasidiaceae	Cystofilobasidium	Cystofilobasidium macerans
OTU_52	barcode20	64	0.001207	3		Basidiomycota	Tremellomycetes	Cystofilobasidiales	Cystofilobasidiaceae	Cystofilobasidium	Cystofilobasidium macerans
OTU_52	barcode21	184	0.001731	3		Basidiomycota	Tremellomycetes	Cystofilobasidiales	Cystofilobasidiaceae	Cystofilobasidium	Cystofilobasidium macerans
OTU_152	barcode19	0	0.000000	1		Basidiomycota	Agaricomycetes	Gomphales	Lentariaceae	Lentaria	Lentaria variabilis
OTU_152	barcode20	56	0.001056	1		Basidiomycota	Agaricomycetes	Gomphales	Lentariaceae	Lentaria	Lentaria variabilis
OTU_152	barcode21	189	0.001779	1		Basidiomycota	Agaricomycetes	Gomphales	Lentariaceae	Lentaria	Lentaria variabilis
OTU_234	barcode19	28	0.001338	1		Zoopagomycota	Basidiobolomycetes	Basidiobolales	Basidiobolaceae	Basidiobolus	Basidiobolus haptosporus
OTU_234	barcode20	40	0.000755	1		Zoopagomycota	Basidiobolomycetes	Basidiobolales	Basidiobolaceae	Basidiobolus	Basidiobolus haptosporus
OTU_234	barcode21	170	0.001600	1		Zoopagomycota	Basidiobolomycetes	Basidiobolales	Basidiobolaceae	Basidiobolus	Basidiobolus haptosporus
OTU_140	barcode19	0	0.000000	1		Basidiomycota	Agaricomycetes	Thelephorales	Thelephoraceae	Tomentella	Tomentella bidoupensis
OTU_140	barcode20	233	0.004395	1		Basidiomycota	Agaricomycetes	Thelephorales	Thelephoraceae	Tomentella	Tomentella bidoupensis
OTU_140	barcode21	0	0.000000	1		Basidiomycota	Agaricomycetes	Thelephorales	Thelephoraceae	Tomentella	Tomentella bidoupensis
OTU_104	barcode19	0	0.000000	1		Ascomycota	Sordariomycetes	Pleurotheciales	Pleurotheciaceae	Adelosphaeria	Adelosphaeria catenata
OTU_104	barcode20	47	0.000887	1		Ascomycota	Sordariomycetes	Pleurotheciales	Pleurotheciaceae	Adelosphaeria	Adelosphaeria catenata
OTU_104	barcode21	181	0.001703	1		Ascomycota	Sordariomycetes	Pleurotheciales	Pleurotheciaceae	Adelosphaeria	Adelosphaeria catenata
OTU_22	barcode19	72	0.003441	2		Oomycota	Peronosporomycetes	Peronosporales	Peronosporaceae	Bremia	Bremia lactucae
OTU_22	barcode20	50	0.000943	2		Oomycota	Peronosporomycetes	Peronosporales	Peronosporaceae	Bremia	Bremia lactucae
OTU_22	barcode21	105	0.000988	2		Oomycota	Peronosporomycetes	Peronosporales	Peronosporaceae	Bremia	Bremia lactucae
OTU_130	barcode19	21	0.001004	1		Chytridiomycota	Monoblepharidomycetes	Monoblepharidales	Gonapodyaceae	Gonapodya	Gonapodya prolifera
OTU_130	barcode20	72	0.001358	1		Chytridiomycota	Monoblepharidomycetes	Monoblepharidales	Gonapodyaceae	Gonapodya	Gonapodya prolifera
OTU_130	barcode21	127	0.001195	1		Chytridiomycota	Monoblepharidomycetes	Monoblepharidales	Gonapodyaceae	Gonapodya	Gonapodya prolifera
OTU_274	barcode19	24	0.001147	1		Chytridiomycota	Chytridiomycetes	Rhizophydiales	Terramycetaceae	Terramyces	Terramyces aquatica
OTU_274	barcode20	88	0.001660	1		Chytridiomycota	Chytridiomycetes	Rhizophydiales	Terramycetaceae	Terramyces	Terramyces aquatica
OTU_274	barcode21	106	0.000997	1		Chytridiomycota	Chytridiomycetes	Rhizophydiales	Terramycetaceae	Terramyces	Terramyces aquatica
OTU_148	barcode19	0	0.000000	1		Ascomycota	Orbiliomycetes	Orbiliales	Orbiliaceae	Orbilia	Orbilia comma
OTU_148	barcode20	59	0.001113	1		Ascomycota	Orbiliomycetes	Orbiliales	Orbiliaceae	Orbilia	Orbilia comma
OTU_148	barcode21	158	0.001487	1		Ascomycota	Orbiliomycetes	Orbiliales	Orbiliaceae	Orbilia	Orbilia comma
OTU_168	barcode19	0	0.000000	4		Ascomycota	Dothideomycetes	Pleosporales	Pleosporaceae	Bipolaris	Bipolaris sivanesaniana
OTU_168	barcode20	24	0.000453	4		Ascomycota	Dothideomycetes	Pleosporales	Pleosporaceae	Bipolaris	Bipolaris sivanesaniana
OTU_168	barcode21	186	0.001750	4		Ascomycota	Dothideomycetes	Pleosporales	Pleosporaceae	Bipolaris	Bipolaris sivanesaniana
OTU_268	barcode19	72	0.003441	1		Basidiomycota	Tremellomycetes	Trichosporonales	Trichosporonaceae	Apiotrichum	Apiotrichum otae
OTU_268	barcode20	108	0.002037	1		Basidiomycota	Tremellomycetes	Trichosporonales	Trichosporonaceae	Apiotrichum	Apiotrichum otae
OTU_268	barcode21	30	0.000282	1		Basidiomycota	Tremellomycetes	Trichosporonales	Trichosporonaceae	Apiotrichum	Apiotrichum otae
OTU_236	barcode19	74	0.003537	2		Basidiomycota	Tremellomycetes	Tremellales	Bulleribasidiaceae	Dioszegia	Dioszegia ovata
OTU_236	barcode20	135	0.002547	2		Basidiomycota	Tremellomycetes	Tremellales	Bulleribasidiaceae	Dioszegia	Dioszegia ovata
OTU_236	barcode21	0	0.000000	2		Basidiomycota	Tremellomycetes	Tremellales	Bulleribasidiaceae	Dioszegia	Dioszegia ovata
OTU_230	barcode19	130	0.006213	1		Basidiomycota	Pucciniomycetes	Pucciniales	Sphaerophragmiaceae	Dasyspora	Dasyspora frutescentis
OTU_230	barcode20	24	0.000453	1		Basidiomycota	Pucciniomycetes	Pucciniales	Sphaerophragmiaceae	Dasyspora	Dasyspora frutescentis
OTU_230	barcode21	50	0.000471	1		Basidiomycota	Pucciniomycetes	Pucciniales	Sphaerophragmiaceae	Dasyspora	Dasyspora frutescentis
OTU_86	barcode19	17	0.000812	3		Ascomycota	Saccharomycetes	Phaffomycetales	Phaffomycetaceae	Cyberlindnera	Cyberlindnera mississippiensis
OTU_86	barcode20	67	0.001264	3		Ascomycota	Saccharomycetes	Phaffomycetales	Phaffomycetaceae	Cyberlindnera	Cyberlindnera mississippiensis
OTU_86	barcode21	111	0.001045	3		Ascomycota	Saccharomycetes	Phaffomycetales	Phaffomycetaceae	Cyberlindnera	Cyberlindnera mississippiensis
OTU_194	barcode19	29	0.001386	1		Chytridiomycota	Neocallimastigomycetes	Neocallimastigales	Neocallimastigaceae	Piromyces	Piromyces finnis
OTU_194	barcode20	62	0.001170	1		Chytridiomycota	Neocallimastigomycetes	Neocallimastigales	Neocallimastigaceae	Piromyces	Piromyces finnis
OTU_194	barcode21	102	0.000960	1		Chytridiomycota	Neocallimastigomycetes	Neocallimastigales	Neocallimastigaceae	Piromyces	Piromyces finnis
OTU_182	barcode19	13	0.000621	2		Ascomycota	Dothideomycetes	Pleosporales	Pleosporaceae	Curvularia	Curvularia colbranii
OTU_182	barcode20	31	0.000585	2		Ascomycota	Dothideomycetes	Pleosporales	Pleosporaceae	Curvularia	Curvularia colbranii
OTU_182	barcode21	145	0.001364	2		Ascomycota	Dothideomycetes	Pleosporales	Pleosporaceae	Curvularia	Curvularia colbranii
OTU_286	barcode19	52	0.002485	1		Ascomycota	Pichiomycetes	Serinales	Metschnikowiaceae	Sungouiella	Sungouiella pseudoflosculorum
OTU_286	barcode20	58	0.001094	1		Ascomycota	Pichiomycetes	Serinales	Metschnikowiaceae	Sungouiella	Sungouiella pseudoflosculorum
OTU_286	barcode21	77	0.000725	1		Ascomycota	Pichiomycetes	Serinales	Metschnikowiaceae	Sungouiella	Sungouiella pseudoflosculorum
OTU_165	barcode19	0	0.000000	2		Basidiomycota	Tremellomycetes	Filobasidiales	Filobasidiaceae	Filobasidium	Filobasidium globosum
OTU_165	barcode20	30	0.000566	2		Basidiomycota	Tremellomycetes	Filobasidiales	Filobasidiaceae	Filobasidium	Filobasidium globosum
OTU_165	barcode21	157	0.001477	2		Basidiomycota	Tremellomycetes	Filobasidiales	Filobasidiaceae	Filobasidium	Filobasidium globosum
OTU_28	barcode19	0	0.000000	3		Ascomycota	Pneumocystomycetes	Pneumocystales	Pneumocystaceae	Pneumocystis	Pneumocystis jirovecii
OTU_28	barcode20	61	0.001151	3		Ascomycota	Pneumocystomycetes	Pneumocystales	Pneumocystaceae	Pneumocystis	Pneumocystis jirovecii
OTU_28	barcode21	124	0.001167	3		Ascomycota	Pneumocystomycetes	Pneumocystales	Pneumocystaceae	Pneumocystis	Pneumocystis jirovecii
OTU_102	barcode19	32	0.001529	1		Basidiomycota	Atractiellomycetes	Atractiellales	Hoehnelomycetaceae	Atractiella	Atractiella rhizophila
OTU_102	barcode20	0	0.000000	1		Basidiomycota	Atractiellomycetes	Atractiellales	Hoehnelomycetaceae	Atractiella	Atractiella rhizophila
OTU_102	barcode21	152	0.001430	1		Basidiomycota	Atractiellomycetes	Atractiellales	Hoehnelomycetaceae	Atractiella	Atractiella rhizophila
OTU_280	barcode19	14	0.000669	1		Basidiomycota	Agaricomycetes	Agaricales		Tricholomopsis	Tricholomopsis osiliensis
OTU_280	barcode20	47	0.000887	1		Basidiomycota	Agaricomycetes	Agaricales		Tricholomopsis	Tricholomopsis osiliensis
OTU_280	barcode21	117	0.001101	1		Basidiomycota	Agaricomycetes	Agaricales		Tricholomopsis	Tricholomopsis osiliensis
OTU_95	barcode19	23	0.001099	1		Basidiomycota	Classiculomycetes	Classiculales	Classiculaceae	Classicula	Classicula sinensis
OTU_95	barcode20	44	0.000830	1		Basidiomycota	Classiculomycetes	Classiculales	Classiculaceae	Classicula	Classicula sinensis
OTU_95	barcode21	107	0.001007	1		Basidiomycota	Classiculomycetes	Classiculales	Classiculaceae	Classicula	Classicula sinensis
OTU_79	barcode19	0	0.000000	1		Ascomycota				Saitoella	Saitoella complicata
OTU_79	barcode20	60	0.001132	1		Ascomycota				Saitoella	Saitoella complicata
OTU_79	barcode21	113	0.001063	1		Ascomycota				Saitoella	Saitoella complicata
OTU_3	barcode19	81	0.003871	1		Chytridiomycota	Chytridiomycetes	Spizellomycetales	Spizellomycetaceae	Spizellomyces	Spizellomyces punctatus
OTU_3	barcode20	27	0.000509	1		Chytridiomycota	Chytridiomycetes	Spizellomycetales	Spizellomycetaceae	Spizellomyces	Spizellomyces punctatus
OTU_3	barcode21	63	0.000593	1		Chytridiomycota	Chytridiomycetes	Spizellomycetales	Spizellomycetaceae	Spizellomyces	Spizellomyces punctatus
OTU_143	barcode19	27	0.001290	1		Basidiomycota	Microbotryomycetes		Chrysozymaceae	Trigonosporomyces	Trigonosporomyces hylophilus
OTU_143	barcode20	41	0.000773	1		Basidiomycota	Microbotryomycetes		Chrysozymaceae	Trigonosporomyces	Trigonosporomyces hylophilus
OTU_143	barcode21	100	0.000941	1		Basidiomycota	Microbotryomycetes		Chrysozymaceae	Trigonosporomyces	Trigonosporomyces hylophilus
OTU_1	barcode19	30	0.001434	1		Chlorophyta	Trebouxiophyceae	Chlorellales	Chlorellaceae	Chlorella	Chlorella variabilis
OTU_1	barcode20	49	0.000924	1		Chlorophyta	Trebouxiophyceae	Chlorellales	Chlorellaceae	Chlorella	Chlorella variabilis
OTU_1	barcode21	85	0.000800	1		Chlorophyta	Trebouxiophyceae	Chlorellales	Chlorellaceae	Chlorella	Chlorella variabilis
OTU_291	barcode19	0	0.000000	1		Ascomycota	Sordariomycetes	Myrmecridiales	Myrmecridiaceae	Myrmecridium	Myrmecridium hiemale
OTU_291	barcode20	0	0.000000	1		Ascomycota	Sordariomycetes	Myrmecridiales	Myrmecridiaceae	Myrmecridium	Myrmecridium hiemale
OTU_291	barcode21	153	0.001440	1		Ascomycota	Sordariomycetes	Myrmecridiales	Myrmecridiaceae	Myrmecridium	Myrmecridium hiemale
OTU_248	barcode19	66	0.003154	1		Ascomycota	Trigonopsidomycetes	Trigonopsidales	Trigonopsidaceae	Tortispora	Tortispora agaves
OTU_248	barcode20	20	0.000377	1		Ascomycota	Trigonopsidomycetes	Trigonopsidales	Trigonopsidaceae	Tortispora	Tortispora agaves
OTU_248	barcode21	55	0.000518	1		Ascomycota	Trigonopsidomycetes	Trigonopsidales	Trigonopsidaceae	Tortispora	Tortispora agaves
OTU_83	barcode19	0	0.000000	3		Ascomycota	Dothideomycetes	Venturiales	Sympoventuriaceae	Verruconis	Verruconis cylindricalis
OTU_83	barcode20	44	0.000830	3		Ascomycota	Dothideomycetes	Venturiales	Sympoventuriaceae	Verruconis	Verruconis cylindricalis
OTU_83	barcode21	97	0.000913	3		Ascomycota	Dothideomycetes	Venturiales	Sympoventuriaceae	Verruconis	Verruconis cylindricalis
OTU_26	barcode19	0	0.000000	1		Basidiomycota	Agaricomycetes	Boletales	Pisolithaceae	Pisolithus	Pisolithus orientalis
OTU_26	barcode20	41	0.000773	1		Basidiomycota	Agaricomycetes	Boletales	Pisolithaceae	Pisolithus	Pisolithus orientalis
OTU_26	barcode21	99	0.000932	1		Basidiomycota	Agaricomycetes	Boletales	Pisolithaceae	Pisolithus	Pisolithus orientalis
OTU_163	barcode19	57	0.002724	1		Basidiomycota	Agaricomycetes	Russulales	Russulaceae	Lactifluus	Lactifluus chrysocarpus
OTU_163	barcode20	28	0.000528	1		Basidiomycota	Agaricomycetes	Russulales	Russulaceae	Lactifluus	Lactifluus chrysocarpus
OTU_163	barcode21	55	0.000518	1		Basidiomycota	Agaricomycetes	Russulales	Russulaceae	Lactifluus	Lactifluus chrysocarpus
OTU_82	barcode19	19	0.000908	3		Ascomycota	Lipomycetes	Lipomycetales	Lipomycetaceae	Myxozyma	Myxozyma vanderwaltii
OTU_82	barcode20	24	0.000453	3		Ascomycota	Lipomycetes	Lipomycetales	Lipomycetaceae	Myxozyma	Myxozyma vanderwaltii
OTU_82	barcode21	95	0.000894	3		Ascomycota	Lipomycetes	Lipomycetales	Lipomycetaceae	Myxozyma	Myxozyma vanderwaltii
OTU_10	barcode19	11	0.000526	1		Ascomycota	Dothideomycetes	Mycosphaerellales	Mycosphaerellaceae	Pseudocercospora	Pseudocercospora fijiensis
OTU_10	barcode20	46	0.000868	1		Ascomycota	Dothideomycetes	Mycosphaerellales	Mycosphaerellaceae	Pseudocercospora	Pseudocercospora fijiensis
OTU_10	barcode21	78	0.000734	1		Ascomycota	Dothideomycetes	Mycosphaerellales	Mycosphaerellaceae	Pseudocercospora	Pseudocercospora fijiensis
OTU_132	barcode19	0	0.000000	2		Basidiomycota	Microbotryomycetes		Chrysozymaceae	Chrysozyma	Chrysozyma sambuci
OTU_132	barcode20	45	0.000849	2		Basidiomycota	Microbotryomycetes		Chrysozymaceae	Chrysozyma	Chrysozyma sambuci
OTU_132	barcode21	84	0.000790	2		Basidiomycota	Microbotryomycetes		Chrysozymaceae	Chrysozyma	Chrysozyma sambuci
OTU_275	barcode19	15	0.000717	1		Ascomycota	Dipodascomycetes	Dipodascales	Trichomonascaceae	Starmerella	Starmerella vitae
OTU_275	barcode20	27	0.000509	1		Ascomycota	Dipodascomycetes	Dipodascales	Trichomonascaceae	Starmerella	Starmerella vitae
OTU_275	barcode21	86	0.000809	1		Ascomycota	Dipodascomycetes	Dipodascales	Trichomonascaceae	Starmerella	Starmerella vitae
OTU_187	barcode19	0	0.000000	1		Basidiomycota	Tremellomycetes	Filobasidiales	Piskurozymaceae	Solicoccozyma	Solicoccozyma zizaniae
OTU_187	barcode20	40	0.000755	1		Basidiomycota	Tremellomycetes	Filobasidiales	Piskurozymaceae	Solicoccozyma	Solicoccozyma zizaniae
OTU_187	barcode21	86	0.000809	1		Basidiomycota	Tremellomycetes	Filobasidiales	Piskurozymaceae	Solicoccozyma	Solicoccozyma zizaniae
OTU_218	barcode19	0	0.000000	1		Ascomycota	Pezizomycetes	Pezizales	Pezizaceae	Terfezia	Terfezia dunensis
OTU_218	barcode20	0	0.000000	1		Ascomycota	Pezizomycetes	Pezizales	Pezizaceae	Terfezia	Terfezia dunensis
OTU_218	barcode21	122	0.001148	1		Ascomycota	Pezizomycetes	Pezizales	Pezizaceae	Terfezia	Terfezia dunensis
OTU_93	barcode19	0	0.000000	3		Basidiomycota	Tremellomycetes	Filobasidiales	Filobasidiaceae	Naganishia	Naganishia cerealis
OTU_93	barcode20	56	0.001056	3		Basidiomycota	Tremellomycetes	Filobasidiales	Filobasidiaceae	Naganishia	Naganishia cerealis
OTU_93	barcode21	62	0.000583	3		Basidiomycota	Tremellomycetes	Filobasidiales	Filobasidiaceae	Naganishia	Naganishia cerealis
OTU_115	barcode19	33	0.001577	1		Ascomycota	Dothideomycetes	Kirschsteiniotheliales	Kirschsteiniotheliaceae	Kirschsteiniothelia	Kirschsteiniothelia puerensis
OTU_115	barcode20	28	0.000528	1		Ascomycota	Dothideomycetes	Kirschsteiniotheliales	Kirschsteiniotheliaceae	Kirschsteiniothelia	Kirschsteiniothelia puerensis
OTU_115	barcode21	57	0.000536	1		Ascomycota	Dothideomycetes	Kirschsteiniotheliales	Kirschsteiniotheliaceae	Kirschsteiniothelia	Kirschsteiniothelia puerensis
OTU_170	barcode19	0	0.000000	1		Basidiomycota	Pucciniomycetes	Pucciniales	Gymnosporangiaceae	Gymnosporangium	Gymnosporangium przewalskii
OTU_170	barcode20	28	0.000528	1		Basidiomycota	Pucciniomycetes	Pucciniales	Gymnosporangiaceae	Gymnosporangium	Gymnosporangium przewalskii
OTU_170	barcode21	90	0.000847	1		Basidiomycota	Pucciniomycetes	Pucciniales	Gymnosporangiaceae	Gymnosporangium	Gymnosporangium przewalskii
OTU_64	barcode19	0	0.000000	2		Ascomycota	Saccharomycetes	Phaffomycetales	Phaffomycetaceae	Starmera	[Candida] dendrica
OTU_64	barcode20	82	0.001547	2		Ascomycota	Saccharomycetes	Phaffomycetales	Phaffomycetaceae	Starmera	[Candida] dendrica
OTU_64	barcode21	30	0.000282	2		Ascomycota	Saccharomycetes	Phaffomycetales	Phaffomycetaceae	Starmera	[Candida] dendrica
OTU_105	barcode19	0	0.000000	1		Olpidiomycota	Olpidiomycetes	Olpidiales	Olpidiaceae	Olpidium	Olpidium brassicae
OTU_105	barcode20	24	0.000453	1		Olpidiomycota	Olpidiomycetes	Olpidiales	Olpidiaceae	Olpidium	Olpidium brassicae
OTU_105	barcode21	87	0.000819	1		Olpidiomycota	Olpidiomycetes	Olpidiales	Olpidiaceae	Olpidium	Olpidium brassicae
OTU_40	barcode19	0	0.000000	5		Ascomycota	Eurotiomycetes	Onygenales	Gymnoascaceae	Narasimhella	Narasimhella hyalinospora
OTU_40	barcode20	0	0.000000	5		Ascomycota	Eurotiomycetes	Onygenales	Gymnoascaceae	Narasimhella	Narasimhella hyalinospora
OTU_40	barcode21	109	0.001026	5		Ascomycota	Eurotiomycetes	Onygenales	Gymnoascaceae	Narasimhella	Narasimhella hyalinospora
OTU_74	barcode19	0	0.000000	3		Ascomycota	Pichiomycetes	Pichiales	Pichiaceae	Ogataea	Ogataea wickerhamii
OTU_74	barcode20	22	0.000415	3		Ascomycota	Pichiomycetes	Pichiales	Pichiaceae	Ogataea	Ogataea wickerhamii
OTU_74	barcode21	85	0.000800	3		Ascomycota	Pichiomycetes	Pichiales	Pichiaceae	Ogataea	Ogataea wickerhamii
OTU_19	barcode19	13	0.000621	1		Ascomycota	Sordariomycetes		Atractosporaceae	Atractospora	Atractospora decumbens
OTU_19	barcode20	32	0.000604	1		Ascomycota	Sordariomycetes		Atractosporaceae	Atractospora	Atractospora decumbens
OTU_19	barcode21	58	0.000546	1		Ascomycota	Sordariomycetes		Atractosporaceae	Atractospora	Atractospora decumbens
OTU_125	barcode19	0	0.000000	1		Basidiomycota	Microbotryomycetes	Microbotryales	Ustilentylomataceae	Microbotryozyma	Microbotryozyma swertiae
OTU_125	barcode20	49	0.000924	1		Basidiomycota	Microbotryomycetes	Microbotryales	Ustilentylomataceae	Microbotryozyma	Microbotryozyma swertiae
OTU_125	barcode21	56	0.000527	1		Basidiomycota	Microbotryomycetes	Microbotryales	Ustilentylomataceae	Microbotryozyma	Microbotryozyma swertiae
OTU_232	barcode19	0	0.000000	1		Mucoromycota	Glomeromycetes	Glomerales	Glomeraceae	Glomus	Glomus macrocarpum
OTU_232	barcode20	0	0.000000	1		Mucoromycota	Glomeromycetes	Glomerales	Glomeraceae	Glomus	Glomus macrocarpum
OTU_232	barcode21	104	0.000979	1		Mucoromycota	Glomeromycetes	Glomerales	Glomeraceae	Glomus	Glomus macrocarpum
OTU_212	barcode19	102	0.004875	1		Mucoromycota	Glomeromycetes	Diversisporales	Acaulosporaceae	Acaulospora	Acaulospora entreriana
OTU_212	barcode20	0	0.000000	1		Mucoromycota	Glomeromycetes	Diversisporales	Acaulosporaceae	Acaulospora	Acaulospora entreriana
OTU_212	barcode21	0	0.000000	1		Mucoromycota	Glomeromycetes	Diversisporales	Acaulosporaceae	Acaulospora	Acaulospora entreriana
OTU_221	barcode19	0	0.000000	1		Basidiomycota	Pucciniomycetes	Pucciniales	Pucciniaceae	Puccinia	Puccinia novopanici
OTU_221	barcode20	52	0.000981	1		Basidiomycota	Pucciniomycetes	Pucciniales	Pucciniaceae	Puccinia	Puccinia novopanici
OTU_221	barcode21	49	0.000461	1		Basidiomycota	Pucciniomycetes	Pucciniales	Pucciniaceae	Puccinia	Puccinia novopanici
OTU_47	barcode19	0	0.000000	1		Bacillariophyta	Bacillariophyceae	Naviculales	Phaeodactylaceae	Phaeodactylum	Phaeodactylum tricornutum
OTU_47	barcode20	28	0.000528	1		Bacillariophyta	Bacillariophyceae	Naviculales	Phaeodactylaceae	Phaeodactylum	Phaeodactylum tricornutum
OTU_47	barcode21	72	0.000678	1		Bacillariophyta	Bacillariophyceae	Naviculales	Phaeodactylaceae	Phaeodactylum	Phaeodactylum tricornutum
OTU_211	barcode19	0	0.000000	1		Chytridiomycota	Chytridiomycetes	Rhizophydiales	Pateramycetaceae	Pateramyces	Pateramyces pingflumenensis
OTU_211	barcode20	14	0.000264	1		Chytridiomycota	Chytridiomycetes	Rhizophydiales	Pateramycetaceae	Pateramyces	Pateramyces pingflumenensis
OTU_211	barcode21	86	0.000809	1		Chytridiomycota	Chytridiomycetes	Rhizophydiales	Pateramycetaceae	Pateramyces	Pateramyces pingflumenensis
OTU_189	barcode19	0	0.000000	1		Basidiomycota	Pucciniomycetes	Pucciniales	Pucciniaceae	Puccinia	Puccinia emaculata
OTU_189	barcode20	43	0.000811	1		Basidiomycota	Pucciniomycetes	Pucciniales	Pucciniaceae	Puccinia	Puccinia emaculata
OTU_189	barcode21	55	0.000518	1		Basidiomycota	Pucciniomycetes	Pucciniales	Pucciniaceae	Puccinia	Puccinia emaculata
OTU_238	barcode19	0	0.000000	1		Chytridiomycota	Chytridiomycetes	Rhizophydiales	Halomycetaceae	Paludomyces	Paludomyces mangrovei
OTU_238	barcode20	13	0.000245	1		Chytridiomycota	Chytridiomycetes	Rhizophydiales	Halomycetaceae	Paludomyces	Paludomyces mangrovei
OTU_238	barcode21	85	0.000800	1		Chytridiomycota	Chytridiomycetes	Rhizophydiales	Halomycetaceae	Paludomyces	Paludomyces mangrovei
OTU_220	barcode19	0	0.000000	1		Chytridiomycota	Chytridiomycetes	Rhizophydiales	Angulomycetaceae	Angulomyces	Angulomyces solicola
OTU_220	barcode20	27	0.000509	1		Chytridiomycota	Chytridiomycetes	Rhizophydiales	Angulomycetaceae	Angulomyces	Angulomyces solicola
OTU_220	barcode21	66	0.000621	1		Chytridiomycota	Chytridiomycetes	Rhizophydiales	Angulomycetaceae	Angulomyces	Angulomyces solicola
OTU_237	barcode19	0	0.000000	1		Basidiomycota	Tremellomycetes	Tremellales	Bulleribasidiaceae	Vishniacozyma	Vishniacozyma europaea
OTU_237	barcode20	14	0.000264	1		Basidiomycota	Tremellomycetes	Tremellales	Bulleribasidiaceae	Vishniacozyma	Vishniacozyma europaea
OTU_237	barcode21	78	0.000734	1		Basidiomycota	Tremellomycetes	Tremellales	Bulleribasidiaceae	Vishniacozyma	Vishniacozyma europaea
OTU_295	barcode19	0	0.000000	1		Ascomycota	Pichiomycetes	Serinales	Debaryomycetaceae		[Candida] anutae
OTU_295	barcode20	23	0.000434	1		Ascomycota	Pichiomycetes	Serinales	Debaryomycetaceae		[Candida] anutae
OTU_295	barcode21	67	0.000630	1		Ascomycota	Pichiomycetes	Serinales	Debaryomycetaceae		[Candida] anutae
OTU_108	barcode19	0	0.000000	1		Ascomycota	Dothideomycetes	Pleosporales	Morosphaeriaceae	Clypeoloculus	Clypeoloculus akitaensis
OTU_108	barcode20	24	0.000453	1		Ascomycota	Dothideomycetes	Pleosporales	Morosphaeriaceae	Clypeoloculus	Clypeoloculus akitaensis
OTU_108	barcode21	62	0.000583	1		Ascomycota	Dothideomycetes	Pleosporales	Morosphaeriaceae	Clypeoloculus	Clypeoloculus akitaensis
OTU_145	barcode19	0	0.000000	1		Basidiomycota	Agaricostilbomycetes	Agaricostilbales	Kondoaceae	Kondoa	Kondoa cylindrica
OTU_145	barcode20	37	0.000698	1		Basidiomycota	Agaricostilbomycetes	Agaricostilbales	Kondoaceae	Kondoa	Kondoa cylindrica
OTU_145	barcode21	49	0.000461	1		Basidiomycota	Agaricostilbomycetes	Agaricostilbales	Kondoaceae	Kondoa	Kondoa cylindrica
OTU_51	barcode19	0	0.000000	2		Basidiomycota	Ustilaginomycetes	Ustilaginales	Ustilaginaceae	Schizonella	Schizonella caricis-atratae
OTU_51	barcode20	0	0.000000	2		Basidiomycota	Ustilaginomycetes	Ustilaginales	Ustilaginaceae	Schizonella	Schizonella caricis-atratae
OTU_51	barcode21	83	0.000781	2		Basidiomycota	Ustilaginomycetes	Ustilaginales	Ustilaginaceae	Schizonella	Schizonella caricis-atratae
OTU_264	barcode19	19	0.000908	1		Basidiomycota	Tremellomycetes	Tremellales	Bulleribasidiaceae	Hannaella	Hannaella pagnoccae
OTU_264	barcode20	0	0.000000	1		Basidiomycota	Tremellomycetes	Tremellales	Bulleribasidiaceae	Hannaella	Hannaella pagnoccae
OTU_264	barcode21	63	0.000593	1		Basidiomycota	Tremellomycetes	Tremellales	Bulleribasidiaceae	Hannaella	Hannaella pagnoccae
OTU_112	barcode19	21	0.001004	1		Chytridiomycota	Neocallimastigomycetes	Neocallimastigales	Neocallimastigaceae	Pecoramyces	Pecoramyces ruminantium
OTU_112	barcode20	22	0.000415	1		Chytridiomycota	Neocallimastigomycetes	Neocallimastigales	Neocallimastigaceae	Pecoramyces	Pecoramyces ruminantium
OTU_112	barcode21	37	0.000348	1		Chytridiomycota	Neocallimastigomycetes	Neocallimastigales	Neocallimastigaceae	Pecoramyces	Pecoramyces ruminantium
OTU_196	barcode19	0	0.000000	1		Basidiomycota	Cystobasidiomycetes	Cystobasidiales		Begerowomyces	Begerowomyces foliicola
OTU_196	barcode20	36	0.000679	1		Basidiomycota	Cystobasidiomycetes	Cystobasidiales		Begerowomyces	Begerowomyces foliicola
OTU_196	barcode21	45	0.000423	1		Basidiomycota	Cystobasidiomycetes	Cystobasidiales		Begerowomyces	Begerowomyces foliicola
OTU_208	barcode19	0	0.000000	1		Basidiomycota	Agaricomycetes	Agaricales	Cortinariaceae	Cortinarius	Cortinarius carranzae
OTU_208	barcode20	10	0.000189	1		Basidiomycota	Agaricomycetes	Agaricales	Cortinariaceae	Cortinarius	Cortinarius carranzae
OTU_208	barcode21	70	0.000659	1		Basidiomycota	Agaricomycetes	Agaricales	Cortinariaceae	Cortinarius	Cortinarius carranzae
OTU_76	barcode19	77	0.003680	1		Ascomycota	Dipodascomycetes	Dipodascales	Trichomonascaceae	Starmerella	Starmerella lactis-condensi
OTU_76	barcode20	0	0.000000	1		Ascomycota	Dipodascomycetes	Dipodascales	Trichomonascaceae	Starmerella	Starmerella lactis-condensi
OTU_76	barcode21	0	0.000000	1		Ascomycota	Dipodascomycetes	Dipodascales	Trichomonascaceae	Starmerella	Starmerella lactis-condensi
OTU_85	barcode19	15	0.000717	1		Mucoromycota		Calcarisporiellales	Calcarisporiellaceae	Calcarisporiella	Calcarisporiella thermophila
OTU_85	barcode20	25	0.000472	1		Mucoromycota		Calcarisporiellales	Calcarisporiellaceae	Calcarisporiella	Calcarisporiella thermophila
OTU_85	barcode21	36	0.000339	1		Mucoromycota		Calcarisporiellales	Calcarisporiellaceae	Calcarisporiella	Calcarisporiella thermophila
OTU_269	barcode19	38	0.001816	1		Basidiomycota	Pucciniomycetes	Pucciniales	Phragmidiaceae	Hamaspora	Hamaspora rubi-alceifolii
OTU_269	barcode20	0	0.000000	1		Basidiomycota	Pucciniomycetes	Pucciniales	Phragmidiaceae	Hamaspora	Hamaspora rubi-alceifolii
OTU_269	barcode21	39	0.000367	1		Basidiomycota	Pucciniomycetes	Pucciniales	Phragmidiaceae	Hamaspora	Hamaspora rubi-alceifolii
OTU_195	barcode19	0	0.000000	1		Chytridiomycota	Chytridiomycetes	Rhizophydiales	Pateramycetaceae	Pateramyces	Pateramyces corrientinensis
OTU_195	barcode20	0	0.000000	1		Chytridiomycota	Chytridiomycetes	Rhizophydiales	Pateramycetaceae	Pateramyces	Pateramyces corrientinensis
OTU_195	barcode21	76	0.000715	1		Chytridiomycota	Chytridiomycetes	Rhizophydiales	Pateramycetaceae	Pateramyces	Pateramyces corrientinensis
OTU_247	barcode19	0	0.000000	1		Basidiomycota	Agaricomycetes	Agaricales	Cortinariaceae	Aureonarius	Aureonarius collybianus
OTU_247	barcode20	75	0.001415	1		Basidiomycota	Agaricomycetes	Agaricales	Cortinariaceae	Aureonarius	Aureonarius collybianus
OTU_247	barcode21	0	0.000000	1		Basidiomycota	Agaricomycetes	Agaricales	Cortinariaceae	Aureonarius	Aureonarius collybianus
OTU_9	barcode19	14	0.000669	1		Zoopagomycota	Kickxellomycetes	Kickxellales	Kickxellaceae	Mycoemilia	Mycoemilia scoparia
OTU_9	barcode20	15	0.000283	1		Zoopagomycota	Kickxellomycetes	Kickxellales	Kickxellaceae	Mycoemilia	Mycoemilia scoparia
OTU_9	barcode21	44	0.000414	1		Zoopagomycota	Kickxellomycetes	Kickxellales	Kickxellaceae	Mycoemilia	Mycoemilia scoparia
OTU_199	barcode19	0	0.000000	1		Basidiomycota	Ustilaginomycetes	Urocystidales	Floromycetaceae	Antherospora	Antherospora vindobonensis
OTU_199	barcode20	72	0.001358	1		Basidiomycota	Ustilaginomycetes	Urocystidales	Floromycetaceae	Antherospora	Antherospora vindobonensis
OTU_199	barcode21	0	0.000000	1		Basidiomycota	Ustilaginomycetes	Urocystidales	Floromycetaceae	Antherospora	Antherospora vindobonensis
OTU_250	barcode19	0	0.000000	1		Ascomycota	Dipodascomycetes	Dipodascales	Trichomonascaceae	Starmerella	Starmerella riodocensis
OTU_250	barcode20	24	0.000453	1		Ascomycota	Dipodascomycetes	Dipodascales	Trichomonascaceae	Starmerella	Starmerella riodocensis
OTU_250	barcode21	48	0.000452	1		Ascomycota	Dipodascomycetes	Dipodascales	Trichomonascaceae	Starmerella	Starmerella riodocensis
OTU_99	barcode19	0	0.000000	2		Ascomycota	Eurotiomycetes	Chaetothyriales	Herpotrichiellaceae	Cladophialophora	Cladophialophora humicola
OTU_99	barcode20	0	0.000000	2		Ascomycota	Eurotiomycetes	Chaetothyriales	Herpotrichiellaceae	Cladophialophora	Cladophialophora humicola
OTU_99	barcode21	71	0.000668	2		Ascomycota	Eurotiomycetes	Chaetothyriales	Herpotrichiellaceae	Cladophialophora	Cladophialophora humicola
OTU_4	barcode19	68	0.003250	1		Basidiomycota	Pucciniomycetes	Pucciniales	Melampsoraceae	Melampsora	Melampsora laricis-populina
OTU_4	barcode20	0	0.000000	1		Basidiomycota	Pucciniomycetes	Pucciniales	Melampsoraceae	Melampsora	Melampsora laricis-populina
OTU_4	barcode21	0	0.000000	1		Basidiomycota	Pucciniomycetes	Pucciniales	Melampsoraceae	Melampsora	Melampsora laricis-populina
OTU_225	barcode19	0	0.000000	1		Chytridiomycota	Chytridiomycetes	Rhizophydiales	Angulomycetaceae	Angulomyces	Angulomyces ubonensis
OTU_225	barcode20	17	0.000321	1		Chytridiomycota	Chytridiomycetes	Rhizophydiales	Angulomycetaceae	Angulomyces	Angulomyces ubonensis
OTU_225	barcode21	50	0.000471	1		Chytridiomycota	Chytridiomycetes	Rhizophydiales	Angulomycetaceae	Angulomyces	Angulomyces ubonensis
OTU_34	barcode19	0	0.000000	1		Ascomycota	Pichiomycetes	Pichiales	Pichiaceae	Brettanomyces	Brettanomyces bruxellensis
OTU_34	barcode20	24	0.000453	1		Ascomycota	Pichiomycetes	Pichiales	Pichiaceae	Brettanomyces	Brettanomyces bruxellensis
OTU_34	barcode21	43	0.000405	1		Ascomycota	Pichiomycetes	Pichiales	Pichiaceae	Brettanomyces	Brettanomyces bruxellensis
OTU_254	barcode19	0	0.000000	1		Basidiomycota	Tremellomycetes	Tremellales	Bulleribasidiaceae	Vishniacozyma	Vishniacozyma pseudopenaeus
OTU_254	barcode20	23	0.000434	1		Basidiomycota	Tremellomycetes	Tremellales	Bulleribasidiaceae	Vishniacozyma	Vishniacozyma pseudopenaeus
OTU_254	barcode21	43	0.000405	1		Basidiomycota	Tremellomycetes	Tremellales	Bulleribasidiaceae	Vishniacozyma	Vishniacozyma pseudopenaeus
OTU_45	barcode19	17	0.000812	1		Chytridiomycota	Chytridiomycetes	Synchytriales	Synchytriaceae	Synchytrium	Synchytrium microbalum
OTU_45	barcode20	20	0.000377	1		Chytridiomycota	Chytridiomycetes	Synchytriales	Synchytriaceae	Synchytrium	Synchytrium microbalum
OTU_45	barcode21	28	0.000263	1		Chytridiomycota	Chytridiomycetes	Synchytriales	Synchytriaceae	Synchytrium	Synchytrium microbalum
OTU_156	barcode19	0	0.000000	1		Basidiomycota	Agaricomycetes	Cantharellales	Hydnaceae	Clavulina	Clavulina cinereoglebosa
OTU_156	barcode20	24	0.000453	1		Basidiomycota	Agaricomycetes	Cantharellales	Hydnaceae	Clavulina	Clavulina cinereoglebosa
OTU_156	barcode21	41	0.000386	1		Basidiomycota	Agaricomycetes	Cantharellales	Hydnaceae	Clavulina	Clavulina cinereoglebosa
OTU_263	barcode19	0	0.000000	1		Basidiomycota	Tremellomycetes	Tremellales	Tremellaceae	Tremella	Tremella shuangheensis
OTU_263	barcode20	22	0.000415	1		Basidiomycota	Tremellomycetes	Tremellales	Tremellaceae	Tremella	Tremella shuangheensis
OTU_263	barcode21	42	0.000395	1		Basidiomycota	Tremellomycetes	Tremellales	Tremellaceae	Tremella	Tremella shuangheensis
OTU_161	barcode19	0	0.000000	2		Mucoromycota	Mucoromycetes	Mucorales	Mucoraceae	Mucor	Mucor lilianae
OTU_161	barcode20	0	0.000000	2		Mucoromycota	Mucoromycetes	Mucorales	Mucoraceae	Mucor	Mucor lilianae
OTU_161	barcode21	64	0.000602	2		Mucoromycota	Mucoromycetes	Mucorales	Mucoraceae	Mucor	Mucor lilianae
OTU_276	barcode19	0	0.000000	1		Basidiomycota	Tremellomycetes	Tremellales	Bulleribasidiaceae	Vishniacozyma	Vishniacozyma taibaiensis
OTU_276	barcode20	23	0.000434	1		Basidiomycota	Tremellomycetes	Tremellales	Bulleribasidiaceae	Vishniacozyma	Vishniacozyma taibaiensis
OTU_276	barcode21	41	0.000386	1		Basidiomycota	Tremellomycetes	Tremellales	Bulleribasidiaceae	Vishniacozyma	Vishniacozyma taibaiensis
OTU_114	barcode19	60	0.002868	2		Ascomycota	Sordariomycetes	Phyllachorales	Phyllachoraceae	Phyllachora	Phyllachora sandiensis
OTU_114	barcode20	0	0.000000	2		Ascomycota	Sordariomycetes	Phyllachorales	Phyllachoraceae	Phyllachora	Phyllachora sandiensis
OTU_114	barcode21	0	0.000000	2		Ascomycota	Sordariomycetes	Phyllachorales	Phyllachoraceae	Phyllachora	Phyllachora sandiensis
OTU_6	barcode19	0	0.000000	1		Ascomycota	Sordariomycetes	Glomerellales	Glomerellaceae	Colletotrichum	Colletotrichum higginsianum
OTU_6	barcode20	59	0.001113	1		Ascomycota	Sordariomycetes	Glomerellales	Glomerellaceae	Colletotrichum	Colletotrichum higginsianum
OTU_6	barcode21	0	0.000000	1		Ascomycota	Sordariomycetes	Glomerellales	Glomerellaceae	Colletotrichum	Colletotrichum higginsianum
OTU_219	barcode19	0	0.000000	2		Basidiomycota	Tremellomycetes	Tremellales	Cryptococcaceae	Teunia	Teunia korlaensis
OTU_219	barcode20	19	0.000358	2		Basidiomycota	Tremellomycetes	Tremellales	Cryptococcaceae	Teunia	Teunia korlaensis
OTU_219	barcode21	41	0.000386	2		Basidiomycota	Tremellomycetes	Tremellales	Cryptococcaceae	Teunia	Teunia korlaensis
OTU_186	barcode19	0	0.000000	1		Ascomycota	Dothideomycetes	Mycosphaerellales	Neodevriesiaceae	Neodevriesia	Neodevriesia hilliana
OTU_186	barcode20	12	0.000226	1		Ascomycota	Dothideomycetes	Mycosphaerellales	Neodevriesiaceae	Neodevriesia	Neodevriesia hilliana
OTU_186	barcode21	47	0.000442	1		Ascomycota	Dothideomycetes	Mycosphaerellales	Neodevriesiaceae	Neodevriesia	Neodevriesia hilliana
OTU_191	barcode19	0	0.000000	1		Basidiomycota	Cystobasidiomycetes		Symmetrosporaceae	Symmetrospora	Symmetrospora rhododendri
OTU_191	barcode20	18	0.000340	1		Basidiomycota	Cystobasidiomycetes		Symmetrosporaceae	Symmetrospora	Symmetrospora rhododendri
OTU_191	barcode21	40	0.000376	1		Basidiomycota	Cystobasidiomycetes		Symmetrosporaceae	Symmetrospora	Symmetrospora rhododendri
OTU_297	barcode19	0	0.000000	2		Ascomycota	Dipodascomycetes	Dipodascales	Dipodascaceae	Geotrichum	Geotrichum europaeum
OTU_297	barcode20	0	0.000000	2		Ascomycota	Dipodascomycetes	Dipodascales	Dipodascaceae	Geotrichum	Geotrichum europaeum
OTU_297	barcode21	57	0.000536	2		Ascomycota	Dipodascomycetes	Dipodascales	Dipodascaceae	Geotrichum	Geotrichum europaeum
OTU_96	barcode19	12	0.000574	1		Ascomycota	Lecanoromycetes	Ostropales	Stictidaceae	Cyanodermella	Cyanodermella oleoligni
OTU_96	barcode20	20	0.000377	1		Ascomycota	Lecanoromycetes	Ostropales	Stictidaceae	Cyanodermella	Cyanodermella oleoligni
OTU_96	barcode21	25	0.000235	1		Ascomycota	Lecanoromycetes	Ostropales	Stictidaceae	Cyanodermella	Cyanodermella oleoligni
OTU_171	barcode19	0	0.000000	1		Basidiomycota	Agaricomycetes	Agaricales	Hymenogastraceae	Gymnopilus	Gymnopilus speciosissimus
OTU_171	barcode20	56	0.001056	1		Basidiomycota	Agaricomycetes	Agaricales	Hymenogastraceae	Gymnopilus	Gymnopilus speciosissimus
OTU_171	barcode21	0	0.000000	1		Basidiomycota	Agaricomycetes	Agaricales	Hymenogastraceae	Gymnopilus	Gymnopilus speciosissimus
OTU_233	barcode19	0	0.000000	1		Chytridiomycota	Neocallimastigomycetes	Neocallimastigales	Neocallimastigaceae	Khoyollomyces	Khoyollomyces ramosus
OTU_233	barcode20	15	0.000283	1		Chytridiomycota	Neocallimastigomycetes	Neocallimastigales	Neocallimastigaceae	Khoyollomyces	Khoyollomyces ramosus
OTU_233	barcode21	40	0.000376	1		Chytridiomycota	Neocallimastigomycetes	Neocallimastigales	Neocallimastigaceae	Khoyollomyces	Khoyollomyces ramosus
OTU_206	barcode19	0	0.000000	1		Zoopagomycota	Basidiobolomycetes	Basidiobolales	Basidiobolaceae	Basidiobolus	Basidiobolus microsporus
OTU_206	barcode20	12	0.000226	1		Zoopagomycota	Basidiobolomycetes	Basidiobolales	Basidiobolaceae	Basidiobolus	Basidiobolus microsporus
OTU_206	barcode21	42	0.000395	1		Zoopagomycota	Basidiobolomycetes	Basidiobolales	Basidiobolaceae	Basidiobolus	Basidiobolus microsporus
OTU_192	barcode19	0	0.000000	1		Basidiomycota	Agaricomycetes	Polyporales	Polyporaceae	Trametes	Trametes versicolor
OTU_192	barcode20	53	0.001000	1		Basidiomycota	Agaricomycetes	Polyporales	Polyporaceae	Trametes	Trametes versicolor
OTU_192	barcode21	0	0.000000	1		Basidiomycota	Agaricomycetes	Polyporales	Polyporaceae	Trametes	Trametes versicolor
OTU_257	barcode19	0	0.000000	1		Basidiomycota	Agaricomycetes	Geastrales	Geastraceae	Geastrum	Geastrum lanuginosum
OTU_257	barcode20	24	0.000453	1		Basidiomycota	Agaricomycetes	Geastrales	Geastraceae	Geastrum	Geastrum lanuginosum
OTU_257	barcode21	29	0.000273	1		Basidiomycota	Agaricomycetes	Geastrales	Geastraceae	Geastrum	Geastrum lanuginosum
OTU_193	barcode19	0	0.000000	1		Ascomycota	Sordariomycetes	Falcocladiales	Falcocladiaceae	Falcocladium	Falcocladium thailandicum
OTU_193	barcode20	51	0.000962	1		Ascomycota	Sordariomycetes	Falcocladiales	Falcocladiaceae	Falcocladium	Falcocladium thailandicum
OTU_193	barcode21	0	0.000000	1		Ascomycota	Sordariomycetes	Falcocladiales	Falcocladiaceae	Falcocladium	Falcocladium thailandicum
OTU_56	barcode19	0	0.000000	1		Cryptomycota				Rozella	Rozella allomycis
OTU_56	barcode20	18	0.000340	1		Cryptomycota				Rozella	Rozella allomycis
OTU_56	barcode21	31	0.000292	1		Cryptomycota				Rozella	Rozella allomycis
OTU_101	barcode19	0	0.000000	1		Basidiomycota	Exobasidiomycetes	Georgefischeriales	Tilletiariaceae	Phragmotaenium	Phragmotaenium fulvescens
OTU_101	barcode20	22	0.000415	1		Basidiomycota	Exobasidiomycetes	Georgefischeriales	Tilletiariaceae	Phragmotaenium	Phragmotaenium fulvescens
OTU_101	barcode21	28	0.000263	1		Basidiomycota	Exobasidiomycetes	Georgefischeriales	Tilletiariaceae	Phragmotaenium	Phragmotaenium fulvescens
OTU_154	barcode19	0	0.000000	1		Basidiomycota	Tremellomycetes	Filobasidiales	Filobasidiaceae	Filobasidium	Filobasidium mucilaginum
OTU_154	barcode20	17	0.000321	1		Basidiomycota	Tremellomycetes	Filobasidiales	Filobasidiaceae	Filobasidium	Filobasidium mucilaginum
OTU_154	barcode21	32	0.000301	1		Basidiomycota	Tremellomycetes	Filobasidiales	Filobasidiaceae	Filobasidium	Filobasidium mucilaginum
OTU_54	barcode19	0	0.000000	1		Basidiomycota	Malasseziomycetes	Malasseziales	Malasseziaceae	Malassezia	Malassezia restricta
OTU_54	barcode20	48	0.000905	1		Basidiomycota	Malasseziomycetes	Malasseziales	Malasseziaceae	Malassezia	Malassezia restricta
OTU_54	barcode21	0	0.000000	1		Basidiomycota	Malasseziomycetes	Malasseziales	Malasseziaceae	Malassezia	Malassezia restricta
OTU_147	barcode19	0	0.000000	1		Ascomycota	Orbiliomycetes	Orbiliales	Orbiliaceae	Orbilia	Orbilia frangulae
OTU_147	barcode20	0	0.000000	1		Ascomycota	Orbiliomycetes	Orbiliales	Orbiliaceae	Orbilia	Orbilia frangulae
OTU_147	barcode21	48	0.000452	1		Ascomycota	Orbiliomycetes	Orbiliales	Orbiliaceae	Orbilia	Orbilia frangulae
OTU_149	barcode19	0	0.000000	1		Basidiomycota	Agaricomycetes	Cantharellales	Hydnaceae	Clavulina	Clavulina monodiminutiva
OTU_149	barcode20	32	0.000604	1		Basidiomycota	Agaricomycetes	Cantharellales	Hydnaceae	Clavulina	Clavulina monodiminutiva
OTU_149	barcode21	15	0.000141	1		Basidiomycota	Agaricomycetes	Cantharellales	Hydnaceae	Clavulina	Clavulina monodiminutiva
OTU_126	barcode19	0	0.000000	1		Basidiomycota	Agaricomycetes	Agaricales	Physalacriaceae	Hymenopellis	Hymenopellis straminea
OTU_126	barcode20	46	0.000868	1		Basidiomycota	Agaricomycetes	Agaricales	Physalacriaceae	Hymenopellis	Hymenopellis straminea
OTU_126	barcode21	0	0.000000	1		Basidiomycota	Agaricomycetes	Agaricales	Physalacriaceae	Hymenopellis	Hymenopellis straminea
OTU_175	barcode19	0	0.000000	1		Chytridiomycota	Neocallimastigomycetes	Neocallimastigales	Neocallimastigaceae	Anaeromyces	Anaeromyces robustus
OTU_175	barcode20	46	0.000868	1		Chytridiomycota	Neocallimastigomycetes	Neocallimastigales	Neocallimastigaceae	Anaeromyces	Anaeromyces robustus
OTU_175	barcode21	0	0.000000	1		Chytridiomycota	Neocallimastigomycetes	Neocallimastigales	Neocallimastigaceae	Anaeromyces	Anaeromyces robustus
OTU_151	barcode19	0	0.000000	1		Basidiomycota	Microbotryomycetes		Chrysozymaceae	Chrysozyma	Chrysozyma flava
OTU_151	barcode20	17	0.000321	1		Basidiomycota	Microbotryomycetes		Chrysozymaceae	Chrysozyma	Chrysozyma flava
OTU_151	barcode21	28	0.000263	1		Basidiomycota	Microbotryomycetes		Chrysozymaceae	Chrysozyma	Chrysozyma flava
OTU_12	barcode19	0	0.000000	1		Ascomycota	Sordariomycetes	Microascales	Gondwanamycetaceae	Knoxdaviesia	Knoxdaviesia proteae
OTU_12	barcode20	0	0.000000	1		Ascomycota	Sordariomycetes	Microascales	Gondwanamycetaceae	Knoxdaviesia	Knoxdaviesia proteae
OTU_12	barcode21	44	0.000414	1		Ascomycota	Sordariomycetes	Microascales	Gondwanamycetaceae	Knoxdaviesia	Knoxdaviesia proteae
OTU_133	barcode19	0	0.000000	1		Basidiomycota	Microbotryomycetes		Chrysozymaceae	Chrysozyma	Chrysozyma iridis
OTU_133	barcode20	12	0.000226	1		Basidiomycota	Microbotryomycetes		Chrysozymaceae	Chrysozyma	Chrysozyma iridis
OTU_133	barcode21	32	0.000301	1		Basidiomycota	Microbotryomycetes		Chrysozymaceae	Chrysozyma	Chrysozyma iridis
OTU_18	barcode19	0	0.000000	1		Basidiomycota	Agaricostilbomycetes	Agaricostilbales	Chionosphaeraceae	Ballistosporomyces	Ballistosporomyces taupoensis
OTU_18	barcode20	21	0.000396	1		Basidiomycota	Agaricostilbomycetes	Agaricostilbales	Chionosphaeraceae	Ballistosporomyces	Ballistosporomyces taupoensis
OTU_18	barcode21	22	0.000207	1		Basidiomycota	Agaricostilbomycetes	Agaricostilbales	Chionosphaeraceae	Ballistosporomyces	Ballistosporomyces taupoensis
OTU_159	barcode19	42	0.002007	1		Basidiomycota	Agaricomycetes	Agaricales	Inocybaceae	Inocybe	Inocybe phari
OTU_159	barcode20	0	0.000000	1		Basidiomycota	Agaricomycetes	Agaricales	Inocybaceae	Inocybe	Inocybe phari
OTU_159	barcode21	0	0.000000	1		Basidiomycota	Agaricomycetes	Agaricales	Inocybaceae	Inocybe	Inocybe phari
OTU_172	barcode19	0	0.000000	1		Basidiomycota	Microbotryomycetes	Heitmaniales	Heitmaniaceae	Heitmania	Heitmania tridentata
OTU_172	barcode20	15	0.000283	1		Basidiomycota	Microbotryomycetes	Heitmaniales	Heitmaniaceae	Heitmania	Heitmania tridentata
OTU_172	barcode21	27	0.000254	1		Basidiomycota	Microbotryomycetes	Heitmaniales	Heitmaniaceae	Heitmania	Heitmania tridentata
OTU_127	barcode19	0	0.000000	1		Basidiomycota	Agaricomycetes	Agaricales	Nidulariaceae	Cyathus	Cyathus ibericus
OTU_127	barcode20	39	0.000736	1		Basidiomycota	Agaricomycetes	Agaricales	Nidulariaceae	Cyathus	Cyathus ibericus
OTU_127	barcode21	0	0.000000	1		Basidiomycota	Agaricomycetes	Agaricales	Nidulariaceae	Cyathus	Cyathus ibericus
OTU_245	barcode19	0	0.000000	1		Ascomycota	Pezizomycetes	Pezizales	Pyronemataceae	Otidea	Otidea brunneoparva
OTU_245	barcode20	0	0.000000	1		Ascomycota	Pezizomycetes	Pezizales	Pyronemataceae	Otidea	Otidea brunneoparva
OTU_245	barcode21	39	0.000367	1		Ascomycota	Pezizomycetes	Pezizales	Pyronemataceae	Otidea	Otidea brunneoparva
OTU_299	barcode19	0	0.000000	2		Chytridiomycota	Chytridiomycetes	Rhizophydiales	Gorgonomycetaceae	Gorgonomyces	Gorgonomyces aquaticus
OTU_299	barcode20	0	0.000000	2		Chytridiomycota	Chytridiomycetes	Rhizophydiales	Gorgonomycetaceae	Gorgonomyces	Gorgonomyces aquaticus
OTU_299	barcode21	39	0.000367	2		Chytridiomycota	Chytridiomycetes	Rhizophydiales	Gorgonomycetaceae	Gorgonomyces	Gorgonomyces aquaticus
OTU_117	barcode19	0	0.000000	1		Ascomycota	Dothideomycetes	Pleosporales	Didymosphaeriaceae	Tremateia	Tremateia thailandensis
OTU_117	barcode20	0	0.000000	1		Ascomycota	Dothideomycetes	Pleosporales	Didymosphaeriaceae	Tremateia	Tremateia thailandensis
OTU_117	barcode21	38	0.000358	1		Ascomycota	Dothideomycetes	Pleosporales	Didymosphaeriaceae	Tremateia	Tremateia thailandensis
OTU_180	barcode19	0	0.000000	2		Ascomycota	Dothideomycetes	Pleosporales	Pleosporaceae	Curvularia	Curvularia coatesiae
OTU_180	barcode20	0	0.000000	2		Ascomycota	Dothideomycetes	Pleosporales	Pleosporaceae	Curvularia	Curvularia coatesiae
OTU_180	barcode21	38	0.000358	2		Ascomycota	Dothideomycetes	Pleosporales	Pleosporaceae	Curvularia	Curvularia coatesiae
OTU_178	barcode19	0	0.000000	1		Basidiomycota	Agaricomycetes	Gomphales	Lentariaceae	Lentaria	Lentaria gossypina
OTU_178	barcode20	22	0.000415	1		Basidiomycota	Agaricomycetes	Gomphales	Lentariaceae	Lentaria	Lentaria gossypina
OTU_178	barcode21	15	0.000141	1		Basidiomycota	Agaricomycetes	Gomphales	Lentariaceae	Lentaria	Lentaria gossypina
OTU_124	barcode19	0	0.000000	1		Chytridiomycota	Chytridiomycetes	Rhizophydiales	Globomycetaceae	Urceomyces	Urceomyces sphaerocarpus
OTU_124	barcode20	25	0.000472	1		Chytridiomycota	Chytridiomycetes	Rhizophydiales	Globomycetaceae	Urceomyces	Urceomyces sphaerocarpus
OTU_124	barcode21	12	0.000113	1		Chytridiomycota	Chytridiomycetes	Rhizophydiales	Globomycetaceae	Urceomyces	Urceomyces sphaerocarpus
OTU_259	barcode19	0	0.000000	1		Basidiomycota	Agaricomycetes	Auriculariales	Exidiaceae	Basidiodendron	Basidiodendron globisporum
OTU_259	barcode20	36	0.000679	1		Basidiomycota	Agaricomycetes	Auriculariales	Exidiaceae	Basidiodendron	Basidiodendron globisporum
OTU_259	barcode21	0	0.000000	1		Basidiomycota	Agaricomycetes	Auriculariales	Exidiaceae	Basidiodendron	Basidiodendron globisporum
OTU_285	barcode19	0	0.000000	1		Ascomycota	Dipodascomycetes	Dipodascales	Trichomonascaceae	Sugiyamaella	Sugiyamaella ayubii
OTU_285	barcode20	0	0.000000	1		Ascomycota	Dipodascomycetes	Dipodascales	Trichomonascaceae	Sugiyamaella	Sugiyamaella ayubii
OTU_285	barcode21	36	0.000339	1		Ascomycota	Dipodascomycetes	Dipodascales	Trichomonascaceae	Sugiyamaella	Sugiyamaella ayubii
OTU_75	barcode19	35	0.001673	1		Ascomycota	Sordariomycetes	Amphisphaeriales	Apiosporaceae	Apiospora	Apiospora aurea
OTU_75	barcode20	0	0.000000	1		Ascomycota	Sordariomycetes	Amphisphaeriales	Apiosporaceae	Apiospora	Apiospora aurea
OTU_75	barcode21	0	0.000000	1		Ascomycota	Sordariomycetes	Amphisphaeriales	Apiosporaceae	Apiospora	Apiospora aurea
OTU_290	barcode19	0	0.000000	1		Chytridiomycota	Chytridiomycetes	Rhizophydiales	Gorgonomycetaceae	Gorgonomyces	Gorgonomyces haynaldii
OTU_290	barcode20	0	0.000000	1		Chytridiomycota	Chytridiomycetes	Rhizophydiales	Gorgonomycetaceae	Gorgonomyces	Gorgonomyces haynaldii
OTU_290	barcode21	35	0.000329	1		Chytridiomycota	Chytridiomycetes	Rhizophydiales	Gorgonomycetaceae	Gorgonomyces	Gorgonomyces haynaldii
OTU_94	barcode19	21	0.001004	1		Ascomycota	Dipodascomycetes	Dipodascales	Dipodascaceae	Magnusiomyces	Magnusiomyces capitatus
OTU_94	barcode20	13	0.000245	1		Ascomycota	Dipodascomycetes	Dipodascales	Dipodascaceae	Magnusiomyces	Magnusiomyces capitatus
OTU_94	barcode21	0	0.000000	1		Ascomycota	Dipodascomycetes	Dipodascales	Dipodascaceae	Magnusiomyces	Magnusiomyces capitatus
OTU_131	barcode19	0	0.000000	1		Basidiomycota	Agaricomycetes	Russulales	Lachnocladiaceae	Vararia	Vararia minispora
OTU_131	barcode20	18	0.000340	1		Basidiomycota	Agaricomycetes	Russulales	Lachnocladiaceae	Vararia	Vararia minispora
OTU_131	barcode21	16	0.000151	1		Basidiomycota	Agaricomycetes	Russulales	Lachnocladiaceae	Vararia	Vararia minispora
OTU_142	barcode19	0	0.000000	1		Basidiomycota	Agaricomycetes	Agaricales	Physalacriaceae	Rhizomarasmius	Rhizomarasmius cunninghamietorum
OTU_142	barcode20	34	0.000641	1		Basidiomycota	Agaricomycetes	Agaricales	Physalacriaceae	Rhizomarasmius	Rhizomarasmius cunninghamietorum
OTU_142	barcode21	0	0.000000	1		Basidiomycota	Agaricomycetes	Agaricales	Physalacriaceae	Rhizomarasmius	Rhizomarasmius cunninghamietorum
OTU_162	barcode19	0	0.000000	1		Ascomycota	Pezizomycetes	Pezizales	Pyronemataceae	Genea	Genea balsleyi
OTU_162	barcode20	0	0.000000	1		Ascomycota	Pezizomycetes	Pezizales	Pyronemataceae	Genea	Genea balsleyi
OTU_162	barcode21	34	0.000320	1		Ascomycota	Pezizomycetes	Pezizales	Pyronemataceae	Genea	Genea balsleyi
OTU_177	barcode19	0	0.000000	1		Basidiomycota	Microbotryomycetes		Chrysozymaceae	Pseudohyphozyma	Pseudohyphozyma lulangensis
OTU_177	barcode20	0	0.000000	1		Basidiomycota	Microbotryomycetes		Chrysozymaceae	Pseudohyphozyma	Pseudohyphozyma lulangensis
OTU_177	barcode21	34	0.000320	1		Basidiomycota	Microbotryomycetes		Chrysozymaceae	Pseudohyphozyma	Pseudohyphozyma lulangensis
OTU_292	barcode19	0	0.000000	1		Ascomycota	Pichiomycetes	Serinales	Debaryomycetaceae	Diutina	Diutina scorzettiae
OTU_292	barcode20	12	0.000226	1		Ascomycota	Pichiomycetes	Serinales	Debaryomycetaceae	Diutina	Diutina scorzettiae
OTU_292	barcode21	21	0.000198	1		Ascomycota	Pichiomycetes	Serinales	Debaryomycetaceae	Diutina	Diutina scorzettiae
OTU_33	barcode19	0	0.000000	1		Chytridiomycota	Chytridiomycetes	Polychytriales		Polychytrium	Polychytrium aggregatum
OTU_33	barcode20	32	0.000604	1		Chytridiomycota	Chytridiomycetes	Polychytriales		Polychytrium	Polychytrium aggregatum
OTU_33	barcode21	0	0.000000	1		Chytridiomycota	Chytridiomycetes	Polychytriales		Polychytrium	Polychytrium aggregatum
OTU_67	barcode19	0	0.000000	1		Ascomycota	Saccharomycetes	Phaffomycetales	Wickerhamomycetaceae	Wickerhamomyces	Wickerhamomyces xylosivorus
OTU_67	barcode20	32	0.000604	1		Ascomycota	Saccharomycetes	Phaffomycetales	Wickerhamomycetaceae	Wickerhamomyces	Wickerhamomyces xylosivorus
OTU_67	barcode21	0	0.000000	1		Ascomycota	Saccharomycetes	Phaffomycetales	Wickerhamomycetaceae	Wickerhamomyces	Wickerhamomyces xylosivorus
OTU_304	barcode19	0	0.000000	1		Ascomycota	Dipodascomycetes	Dipodascales		Yarrowia	Yarrowia yakushimensis
OTU_304	barcode20	0	0.000000	1		Ascomycota	Dipodascomycetes	Dipodascales		Yarrowia	Yarrowia yakushimensis
OTU_304	barcode21	32	0.000301	1		Ascomycota	Dipodascomycetes	Dipodascales		Yarrowia	Yarrowia yakushimensis
OTU_305	barcode19	0	0.000000	1		Ascomycota	Sordariomycetes	Xylariales	Xylariaceae	Thamnomyces	Thamnomyces dendroideus
OTU_305	barcode20	0	0.000000	1		Ascomycota	Sordariomycetes	Xylariales	Xylariaceae	Thamnomyces	Thamnomyces dendroideus
OTU_305	barcode21	32	0.000301	1		Ascomycota	Sordariomycetes	Xylariales	Xylariaceae	Thamnomyces	Thamnomyces dendroideus
OTU_306	barcode19	0	0.000000	1		Ascomycota	Pichiomycetes	Serinales	Metschnikowiaceae	Metschnikowia	Metschnikowia amazonensis
OTU_306	barcode20	15	0.000283	1		Ascomycota	Pichiomycetes	Serinales	Metschnikowiaceae	Metschnikowia	Metschnikowia amazonensis
OTU_306	barcode21	16	0.000151	1		Ascomycota	Pichiomycetes	Serinales	Metschnikowiaceae	Metschnikowia	Metschnikowia amazonensis
OTU_65	barcode19	0	0.000000	1		Zoopagomycota	Kickxellomycetes	Kickxellales	Kickxellaceae	Spiromyces	Spiromyces aspiralis
OTU_65	barcode20	0	0.000000	1		Zoopagomycota	Kickxellomycetes	Kickxellales	Kickxellaceae	Spiromyces	Spiromyces aspiralis
OTU_65	barcode21	31	0.000292	1		Zoopagomycota	Kickxellomycetes	Kickxellales	Kickxellaceae	Spiromyces	Spiromyces aspiralis
OTU_260	barcode19	0	0.000000	1		Basidiomycota	Tremellomycetes	Tremellales	Phaeotremellaceae	Phaeotremella	Phaeotremella ovata
OTU_260	barcode20	30	0.000566	1		Basidiomycota	Tremellomycetes	Tremellales	Phaeotremellaceae	Phaeotremella	Phaeotremella ovata
OTU_260	barcode21	0	0.000000	1		Basidiomycota	Tremellomycetes	Tremellales	Phaeotremellaceae	Phaeotremella	Phaeotremella ovata
OTU_20	barcode19	0	0.000000	1		Basidiomycota	Agaricomycetes	Cantharellales	Hydnaceae	Cantharellus	Cantharellus anzutake
OTU_20	barcode20	14	0.000264	1		Basidiomycota	Agaricomycetes	Cantharellales	Hydnaceae	Cantharellus	Cantharellus anzutake
OTU_20	barcode21	15	0.000141	1		Basidiomycota	Agaricomycetes	Cantharellales	Hydnaceae	Cantharellus	Cantharellus anzutake
OTU_169	barcode19	0	0.000000	1		Basidiomycota	Agaricomycetes	Cantharellales	Hydnaceae	Clavulina	Clavulina pakaraimensis
OTU_169	barcode20	0	0.000000	1		Basidiomycota	Agaricomycetes	Cantharellales	Hydnaceae	Clavulina	Clavulina pakaraimensis
OTU_169	barcode21	29	0.000273	1		Basidiomycota	Agaricomycetes	Cantharellales	Hydnaceae	Clavulina	Clavulina pakaraimensis
OTU_266	barcode19	0	0.000000	1		Basidiomycota	Tremellomycetes	Trichosporonales	Tetragoniomycetaceae	Cryptotrichosporon	Cryptotrichosporon siamense
OTU_266	barcode20	29	0.000547	1		Basidiomycota	Tremellomycetes	Trichosporonales	Tetragoniomycetaceae	Cryptotrichosporon	Cryptotrichosporon siamense
OTU_266	barcode21	0	0.000000	1		Basidiomycota	Tremellomycetes	Trichosporonales	Tetragoniomycetaceae	Cryptotrichosporon	Cryptotrichosporon siamense
OTU_288	barcode19	14	0.000669	1		Ascomycota	Saccharomycetes	Phaffomycetales	Phaffomycetaceae	Cyberlindnera	Cyberlindnera jadinii
OTU_288	barcode20	14	0.000264	1		Ascomycota	Saccharomycetes	Phaffomycetales	Phaffomycetaceae	Cyberlindnera	Cyberlindnera jadinii
OTU_288	barcode21	0	0.000000	1		Ascomycota	Saccharomycetes	Phaffomycetales	Phaffomycetaceae	Cyberlindnera	Cyberlindnera jadinii
OTU_298	barcode19	0	0.000000	2		Ascomycota	Dothideomycetes	Pleosporales	Didymellaceae	Neoascochyta	Neoascochyta soli
OTU_298	barcode20	0	0.000000	2		Ascomycota	Dothideomycetes	Pleosporales	Didymellaceae	Neoascochyta	Neoascochyta soli
OTU_298	barcode21	29	0.000273	2		Ascomycota	Dothideomycetes	Pleosporales	Didymellaceae	Neoascochyta	Neoascochyta soli
OTU_98	barcode19	0	0.000000	2		Chytridiomycota	Chytridiomycetes	Lobulomycetales	Lobulomycetaceae	Lobulomyces	Lobulomyces poculatus
OTU_98	barcode20	17	0.000321	2		Chytridiomycota	Chytridiomycetes	Lobulomycetales	Lobulomycetaceae	Lobulomyces	Lobulomyces poculatus
OTU_98	barcode21	12	0.000113	2		Chytridiomycota	Chytridiomycetes	Lobulomycetales	Lobulomycetaceae	Lobulomyces	Lobulomyces poculatus
OTU_103	barcode19	14	0.000669	1		Ascomycota	Dipodascomycetes	Dipodascales	Trichomonascaceae	Deakozyma	Deakozyma indianensis
OTU_103	barcode20	0	0.000000	1		Ascomycota	Dipodascomycetes	Dipodascales	Trichomonascaceae	Deakozyma	Deakozyma indianensis
OTU_103	barcode21	14	0.000132	1		Ascomycota	Dipodascomycetes	Dipodascales	Trichomonascaceae	Deakozyma	Deakozyma indianensis
OTU_128	barcode19	0	0.000000	1		Basidiomycota	Agaricostilbomycetes	Agaricostilbales	Chionosphaeraceae	Boekhoutia	Boekhoutia sterigmata
OTU_128	barcode20	14	0.000264	1		Basidiomycota	Agaricostilbomycetes	Agaricostilbales	Chionosphaeraceae	Boekhoutia	Boekhoutia sterigmata
OTU_128	barcode21	14	0.000132	1		Basidiomycota	Agaricostilbomycetes	Agaricostilbales	Chionosphaeraceae	Boekhoutia	Boekhoutia sterigmata
OTU_141	barcode19	0	0.000000	1		Basidiomycota	Ustilaginomycetes	Urocystidales	Glomosporiaceae	Thecaphora	Thecaphora australiensis
OTU_141	barcode20	0	0.000000	1		Basidiomycota	Ustilaginomycetes	Urocystidales	Glomosporiaceae	Thecaphora	Thecaphora australiensis
OTU_141	barcode21	28	0.000263	1		Basidiomycota	Ustilaginomycetes	Urocystidales	Glomosporiaceae	Thecaphora	Thecaphora australiensis
OTU_153	barcode19	0	0.000000	1		Chytridiomycota	Chytridiomycetes	Rhizophydiales		Operculomyces	Operculomyces laminatus
OTU_153	barcode20	13	0.000245	1		Chytridiomycota	Chytridiomycetes	Rhizophydiales		Operculomyces	Operculomyces laminatus
OTU_153	barcode21	14	0.000132	1		Chytridiomycota	Chytridiomycetes	Rhizophydiales		Operculomyces	Operculomyces laminatus
OTU_228	barcode19	0	0.000000	1		Ascomycota	Pezizomycetes	Pezizales	Pezizaceae	Terfezia	Terfezia lusitanica
OTU_228	barcode20	0	0.000000	1		Ascomycota	Pezizomycetes	Pezizales	Pezizaceae	Terfezia	Terfezia lusitanica
OTU_228	barcode21	28	0.000263	1		Ascomycota	Pezizomycetes	Pezizales	Pezizaceae	Terfezia	Terfezia lusitanica
OTU_70	barcode19	0	0.000000	1		Chytridiomycota	Chytridiomycetes	Rhizophydiales	Rhizophydiaceae	Rhizophydium	Rhizophydium brooksianum
OTU_70	barcode20	14	0.000264	1		Chytridiomycota	Chytridiomycetes	Rhizophydiales	Rhizophydiaceae	Rhizophydium	Rhizophydium brooksianum
OTU_70	barcode21	13	0.000122	1		Chytridiomycota	Chytridiomycetes	Rhizophydiales	Rhizophydiaceae	Rhizophydium	Rhizophydium brooksianum
OTU_11	barcode19	0	0.000000	1		Ascomycota	Lipomycetes	Lipomycetales	Lipomycetaceae	Lipomyces	Lipomyces amatsuensis
OTU_11	barcode20	12	0.000226	1		Ascomycota	Lipomycetes	Lipomycetales	Lipomycetaceae	Lipomyces	Lipomyces amatsuensis
OTU_11	barcode21	13	0.000122	1		Ascomycota	Lipomycetes	Lipomycetales	Lipomycetaceae	Lipomyces	Lipomyces amatsuensis
OTU_174	barcode19	15	0.000717	1		Basidiomycota	Pucciniomycetes	Pucciniales	Crossopsoraceae	Stomatisora	Stomatisora psychotriicola
OTU_174	barcode20	0	0.000000	1		Basidiomycota	Pucciniomycetes	Pucciniales	Crossopsoraceae	Stomatisora	Stomatisora psychotriicola
OTU_174	barcode21	12	0.000113	1		Basidiomycota	Pucciniomycetes	Pucciniales	Crossopsoraceae	Stomatisora	Stomatisora psychotriicola
OTU_207	barcode19	0	0.000000	1		Chytridiomycota	Chytridiomycetes	Rhizophydiales	Protrudomycetaceae	Protrudomyces	Protrudomyces lateralis
OTU_207	barcode20	0	0.000000	1		Chytridiomycota	Chytridiomycetes	Rhizophydiales	Protrudomycetaceae	Protrudomyces	Protrudomyces lateralis
OTU_207	barcode21	26	0.000245	1		Chytridiomycota	Chytridiomycetes	Rhizophydiales	Protrudomycetaceae	Protrudomyces	Protrudomyces lateralis
OTU_213	barcode19	0	0.000000	1		Basidiomycota	Tremellomycetes	Holtermanniales		Holtermannia	Holtermannia saccardoi
OTU_213	barcode20	0	0.000000	1		Basidiomycota	Tremellomycetes	Holtermanniales		Holtermannia	Holtermannia saccardoi
OTU_213	barcode21	26	0.000245	1		Basidiomycota	Tremellomycetes	Holtermanniales		Holtermannia	Holtermannia saccardoi
OTU_243	barcode19	0	0.000000	1		Chytridiomycota	Chytridiomycetes	Spizellomycetales	Spizellomycetaceae	Triparticalcar	Triparticalcar equi
OTU_243	barcode20	14	0.000264	1		Chytridiomycota	Chytridiomycetes	Spizellomycetales	Spizellomycetaceae	Triparticalcar	Triparticalcar equi
OTU_243	barcode21	11	0.000104	1		Chytridiomycota	Chytridiomycetes	Spizellomycetales	Spizellomycetaceae	Triparticalcar	Triparticalcar equi
OTU_144	barcode19	0	0.000000	1		Basidiomycota	Agaricomycetes	Cantharellales	Hydnaceae	Clavulina	Clavulina cerebriformis
OTU_144	barcode20	0	0.000000	1		Basidiomycota	Agaricomycetes	Cantharellales	Hydnaceae	Clavulina	Clavulina cerebriformis
OTU_144	barcode21	25	0.000235	1		Basidiomycota	Agaricomycetes	Cantharellales	Hydnaceae	Clavulina	Clavulina cerebriformis
OTU_262	barcode19	0	0.000000	1		Basidiomycota	Agaricomycetes	Agaricales	Hygrophoraceae	Hygrophorus	Hygrophorus mesotephrus
OTU_262	barcode20	0	0.000000	1		Basidiomycota	Agaricomycetes	Agaricales	Hygrophoraceae	Hygrophorus	Hygrophorus mesotephrus
OTU_262	barcode21	25	0.000235	1		Basidiomycota	Agaricomycetes	Agaricales	Hygrophoraceae	Hygrophorus	Hygrophorus mesotephrus
OTU_302	barcode19	0	0.000000	1		Chytridiomycota	Chytridiomycetes	Rhizophydiales	Gorgonomycetaceae	Gorgonomyces	Gorgonomyces limnicus
OTU_302	barcode20	0	0.000000	1		Chytridiomycota	Chytridiomycetes	Rhizophydiales	Gorgonomycetaceae	Gorgonomyces	Gorgonomyces limnicus
OTU_302	barcode21	25	0.000235	1		Chytridiomycota	Chytridiomycetes	Rhizophydiales	Gorgonomycetaceae	Gorgonomyces	Gorgonomyces limnicus
OTU_307	barcode19	0	0.000000	1		Ascomycota	Sordariomycetes	Chaetosphaeriales	Chaetosphaeriaceae	Fuscocatenula	Fuscocatenula submersa
OTU_307	barcode20	0	0.000000	1		Ascomycota	Sordariomycetes	Chaetosphaeriales	Chaetosphaeriaceae	Fuscocatenula	Fuscocatenula submersa
OTU_307	barcode21	25	0.000235	1		Ascomycota	Sordariomycetes	Chaetosphaeriales	Chaetosphaeriaceae	Fuscocatenula	Fuscocatenula submersa
OTU_158	barcode19	0	0.000000	1		Basidiomycota	Agaricomycetes	Russulales	Russulaceae	Lactarius	Lactarius taedae
OTU_158	barcode20	0	0.000000	1		Basidiomycota	Agaricomycetes	Russulales	Russulaceae	Lactarius	Lactarius taedae
OTU_158	barcode21	24	0.000226	1		Basidiomycota	Agaricomycetes	Russulales	Russulaceae	Lactarius	Lactarius taedae
OTU_173	barcode19	0	0.000000	1		Basidiomycota	Tremellomycetes	Filobasidiales	Piskurozymaceae	Piskurozyma	Piskurozyma stramentorum
OTU_173	barcode20	24	0.000453	1		Basidiomycota	Tremellomycetes	Filobasidiales	Piskurozymaceae	Piskurozyma	Piskurozyma stramentorum
OTU_173	barcode21	0	0.000000	1		Basidiomycota	Tremellomycetes	Filobasidiales	Piskurozymaceae	Piskurozyma	Piskurozyma stramentorum
OTU_17	barcode19	0	0.000000	1		Ascomycota	Sordariomycetes	Xylariales	Leptosilliaceae	Leptosillia	Leptosillia macrospora
OTU_17	barcode20	0	0.000000	1		Ascomycota	Sordariomycetes	Xylariales	Leptosilliaceae	Leptosillia	Leptosillia macrospora
OTU_17	barcode21	23	0.000216	1		Ascomycota	Sordariomycetes	Xylariales	Leptosilliaceae	Leptosillia	Leptosillia macrospora
OTU_214	barcode19	0	0.000000	1		Basidiomycota	Agaricomycetes	Sistotremastrales	Sistotremastraceae	Sistotremastrum	Sistotremastrum vigilans
OTU_214	barcode20	23	0.000434	1		Basidiomycota	Agaricomycetes	Sistotremastrales	Sistotremastraceae	Sistotremastrum	Sistotremastrum vigilans
OTU_214	barcode21	0	0.000000	1		Basidiomycota	Agaricomycetes	Sistotremastrales	Sistotremastraceae	Sistotremastrum	Sistotremastrum vigilans
OTU_224	barcode19	0	0.000000	1		Basidiomycota	Agaricomycetes	Agaricales	Amanitaceae	Amanita	Amanita chepangianoides
OTU_224	barcode20	13	0.000245	1		Basidiomycota	Agaricomycetes	Agaricales	Amanitaceae	Amanita	Amanita chepangianoides
OTU_224	barcode21	10	0.000094	1		Basidiomycota	Agaricomycetes	Agaricales	Amanitaceae	Amanita	Amanita chepangianoides
OTU_239	barcode19	0	0.000000	1		Ascomycota	Leotiomycetes	Chaetomellales	Chaetomellaceae	Chaetomella	Chaetomella zambiensis
OTU_239	barcode20	0	0.000000	1		Ascomycota	Leotiomycetes	Chaetomellales	Chaetomellaceae	Chaetomella	Chaetomella zambiensis
OTU_239	barcode21	23	0.000216	1		Ascomycota	Leotiomycetes	Chaetomellales	Chaetomellaceae	Chaetomella	Chaetomella zambiensis
OTU_100	barcode19	0	0.000000	1		Basidiomycota	Dacrymycetes	Dacrymycetales	Dacrymycetaceae	Dacrymyces	Dacrymyces venustus
OTU_100	barcode20	0	0.000000	1		Basidiomycota	Dacrymycetes	Dacrymycetales	Dacrymycetaceae	Dacrymyces	Dacrymyces venustus
OTU_100	barcode21	22	0.000207	1		Basidiomycota	Dacrymycetes	Dacrymycetales	Dacrymycetaceae	Dacrymyces	Dacrymyces venustus
OTU_183	barcode19	0	0.000000	1		Basidiomycota	Cystobasidiomycetes	Cystobasidiales	Microsporomycetaceae	Microsporomyces	Microsporomyces ellipsoideus
OTU_183	barcode20	0	0.000000	1		Basidiomycota	Cystobasidiomycetes	Cystobasidiales	Microsporomycetaceae	Microsporomyces	Microsporomyces ellipsoideus
OTU_183	barcode21	22	0.000207	1		Basidiomycota	Cystobasidiomycetes	Cystobasidiales	Microsporomycetaceae	Microsporomyces	Microsporomyces ellipsoideus
OTU_184	barcode19	0	0.000000	1		Ascomycota	Eurotiomycetes	Eurotiales	Aspergillaceae	Aspergillus	Aspergillus noonimiae
OTU_184	barcode20	0	0.000000	1		Ascomycota	Eurotiomycetes	Eurotiales	Aspergillaceae	Aspergillus	Aspergillus noonimiae
OTU_184	barcode21	22	0.000207	1		Ascomycota	Eurotiomycetes	Eurotiales	Aspergillaceae	Aspergillus	Aspergillus noonimiae
OTU_201	barcode19	0	0.000000	1		Basidiomycota	Cystobasidiomycetes	Cystobasidiales		Robertozyma	Robertozyma ningxiaensis
OTU_201	barcode20	0	0.000000	1		Basidiomycota	Cystobasidiomycetes	Cystobasidiales		Robertozyma	Robertozyma ningxiaensis
OTU_201	barcode21	22	0.000207	1		Basidiomycota	Cystobasidiomycetes	Cystobasidiales		Robertozyma	Robertozyma ningxiaensis
OTU_210	barcode19	0	0.000000	1		Basidiomycota	Agaricomycetes	Cantharellales	Hydnaceae	Hydnum	Hydnum subberkeleyanum
OTU_210	barcode20	0	0.000000	1		Basidiomycota	Agaricomycetes	Cantharellales	Hydnaceae	Hydnum	Hydnum subberkeleyanum
OTU_210	barcode21	22	0.000207	1		Basidiomycota	Agaricomycetes	Cantharellales	Hydnaceae	Hydnum	Hydnum subberkeleyanum
OTU_223	barcode19	0	0.000000	1		Ascomycota	Dothideomycetes	Pleosporales	Pleosporaceae	Curvularia	Curvularia tuberculata
OTU_223	barcode20	0	0.000000	1		Ascomycota	Dothideomycetes	Pleosporales	Pleosporaceae	Curvularia	Curvularia tuberculata
OTU_223	barcode21	22	0.000207	1		Ascomycota	Dothideomycetes	Pleosporales	Pleosporaceae	Curvularia	Curvularia tuberculata
OTU_2	barcode19	0	0.000000	1		Ascomycota	Eurotiomycetes	Eurotiales	Trichocomaceae	Thermomyces	Thermomyces dupontii
OTU_2	barcode20	0	0.000000	1		Ascomycota	Eurotiomycetes	Eurotiales	Trichocomaceae	Thermomyces	Thermomyces dupontii
OTU_2	barcode21	21	0.000198	1		Ascomycota	Eurotiomycetes	Eurotiales	Trichocomaceae	Thermomyces	Thermomyces dupontii
OTU_204	barcode19	0	0.000000	1		Basidiomycota	Agaricomycetes	Cantharellales	Hydnaceae	Hydnum	Hydnum minospororufescens
OTU_204	barcode20	0	0.000000	1		Basidiomycota	Agaricomycetes	Cantharellales	Hydnaceae	Hydnum	Hydnum minospororufescens
OTU_204	barcode21	21	0.000198	1		Basidiomycota	Agaricomycetes	Cantharellales	Hydnaceae	Hydnum	Hydnum minospororufescens
OTU_209	barcode19	0	0.000000	1		Ascomycota	Dothideomycetes	Pleosporales	Pleosporaceae	Exserohilum	Exserohilum minor
OTU_209	barcode20	0	0.000000	1		Ascomycota	Dothideomycetes	Pleosporales	Pleosporaceae	Exserohilum	Exserohilum minor
OTU_209	barcode21	21	0.000198	1		Ascomycota	Dothideomycetes	Pleosporales	Pleosporaceae	Exserohilum	Exserohilum minor
OTU_241	barcode19	0	0.000000	1		Ascomycota	Leotiomycetes	Helotiales	Cordieritidaceae	Annabella	Annabella australiensis
OTU_241	barcode20	0	0.000000	1		Ascomycota	Leotiomycetes	Helotiales	Cordieritidaceae	Annabella	Annabella australiensis
OTU_241	barcode21	21	0.000198	1		Ascomycota	Leotiomycetes	Helotiales	Cordieritidaceae	Annabella	Annabella australiensis
OTU_43	barcode19	20	0.000956	1		Ascomycota	Sordariomycetes	Glomerellales	Glomerellaceae	Colletotrichum	Colletotrichum abscissum
OTU_43	barcode20	0	0.000000	1		Ascomycota	Sordariomycetes	Glomerellales	Glomerellaceae	Colletotrichum	Colletotrichum abscissum
OTU_43	barcode21	0	0.000000	1		Ascomycota	Sordariomycetes	Glomerellales	Glomerellaceae	Colletotrichum	Colletotrichum abscissum
OTU_119	barcode19	0	0.000000	1		Ascomycota	Sordariomycetes	Hypocreales	Ophiocordycipitaceae	Paraisaria	Paraisaria alba
OTU_119	barcode20	0	0.000000	1		Ascomycota	Sordariomycetes	Hypocreales	Ophiocordycipitaceae	Paraisaria	Paraisaria alba
OTU_119	barcode21	20	0.000188	1		Ascomycota	Sordariomycetes	Hypocreales	Ophiocordycipitaceae	Paraisaria	Paraisaria alba
OTU_155	barcode19	0	0.000000	1		Chytridiomycota	Chytridiomycetes	Rhizophydiales	Alphamycetaceae	Alphamyces	Alphamyces chaetifer
OTU_155	barcode20	20	0.000377	1		Chytridiomycota	Chytridiomycetes	Rhizophydiales	Alphamycetaceae	Alphamyces	Alphamyces chaetifer
OTU_155	barcode21	0	0.000000	1		Chytridiomycota	Chytridiomycetes	Rhizophydiales	Alphamycetaceae	Alphamyces	Alphamyces chaetifer
OTU_202	barcode19	0	0.000000	1		Basidiomycota	Agaricomycetes	Agaricales	Amanitaceae	Amanita	Amanita vernicoccora
OTU_202	barcode20	0	0.000000	1		Basidiomycota	Agaricomycetes	Agaricales	Amanitaceae	Amanita	Amanita vernicoccora
OTU_202	barcode21	20	0.000188	1		Basidiomycota	Agaricomycetes	Agaricales	Amanitaceae	Amanita	Amanita vernicoccora
OTU_217	barcode19	0	0.000000	1		Basidiomycota	Agaricomycetes	Agaricales	Inocybaceae	Inocybe	Inocybe viscata
OTU_217	barcode20	20	0.000377	1		Basidiomycota	Agaricomycetes	Agaricales	Inocybaceae	Inocybe	Inocybe viscata
OTU_217	barcode21	0	0.000000	1		Basidiomycota	Agaricomycetes	Agaricales	Inocybaceae	Inocybe	Inocybe viscata
OTU_55	barcode19	0	0.000000	1		Chytridiomycota	Chytridiomycetes	Rhizophydiales	Terramycetaceae	Boothiomyces	Boothiomyces macroporosus
OTU_55	barcode20	0	0.000000	1		Chytridiomycota	Chytridiomycetes	Rhizophydiales	Terramycetaceae	Boothiomyces	Boothiomyces macroporosus
OTU_55	barcode21	19	0.000179	1		Chytridiomycota	Chytridiomycetes	Rhizophydiales	Terramycetaceae	Boothiomyces	Boothiomyces macroporosus
OTU_69	barcode19	0	0.000000	1		Ascomycota	Dipodascomycetes	Dipodascales	Dipodascaceae	Geotrichum	Geotrichum fermentans
OTU_69	barcode20	0	0.000000	1		Ascomycota	Dipodascomycetes	Dipodascales	Dipodascaceae	Geotrichum	Geotrichum fermentans
OTU_69	barcode21	19	0.000179	1		Ascomycota	Dipodascomycetes	Dipodascales	Dipodascaceae	Geotrichum	Geotrichum fermentans
OTU_123	barcode19	0	0.000000	1		Ascomycota	Sordariomycetes	Falcocladiales	Falcocladiaceae	Falcocladium	Falcocladium turbinatum
OTU_123	barcode20	19	0.000358	1		Ascomycota	Sordariomycetes	Falcocladiales	Falcocladiaceae	Falcocladium	Falcocladium turbinatum
OTU_123	barcode21	0	0.000000	1		Ascomycota	Sordariomycetes	Falcocladiales	Falcocladiaceae	Falcocladium	Falcocladium turbinatum
OTU_146	barcode19	0	0.000000	1		Basidiomycota	Agaricostilbomycetes	Agaricostilbales	Kondoaceae	Bensingtonia	Bensingtonia pseudorectispora
OTU_146	barcode20	0	0.000000	1		Basidiomycota	Agaricostilbomycetes	Agaricostilbales	Kondoaceae	Bensingtonia	Bensingtonia pseudorectispora
OTU_146	barcode21	19	0.000179	1		Basidiomycota	Agaricostilbomycetes	Agaricostilbales	Kondoaceae	Bensingtonia	Bensingtonia pseudorectispora
OTU_150	barcode19	0	0.000000	1		Basidiomycota	Agaricomycetes	Boletales	Rhizopogonaceae	Rhizopogon	Rhizopogon arctostaphyli
OTU_150	barcode20	19	0.000358	1		Basidiomycota	Agaricomycetes	Boletales	Rhizopogonaceae	Rhizopogon	Rhizopogon arctostaphyli
OTU_150	barcode21	0	0.000000	1		Basidiomycota	Agaricomycetes	Boletales	Rhizopogonaceae	Rhizopogon	Rhizopogon arctostaphyli
OTU_198	barcode19	0	0.000000	1		Basidiomycota	Agaricomycetes	Corticiales	Corticiaceae	Sistotrema	Sistotrema chloroporum
OTU_198	barcode20	0	0.000000	1		Basidiomycota	Agaricomycetes	Corticiales	Corticiaceae	Sistotrema	Sistotrema chloroporum
OTU_198	barcode21	19	0.000179	1		Basidiomycota	Agaricomycetes	Corticiales	Corticiaceae	Sistotrema	Sistotrema chloroporum
OTU_253	barcode19	0	0.000000	1		Basidiomycota	Tremellomycetes	Trichosporonales	Trichosporonaceae	Vanrija	Vanrija nantouana
OTU_253	barcode20	19	0.000358	1		Basidiomycota	Tremellomycetes	Trichosporonales	Trichosporonaceae	Vanrija	Vanrija nantouana
OTU_253	barcode21	0	0.000000	1		Basidiomycota	Tremellomycetes	Trichosporonales	Trichosporonaceae	Vanrija	Vanrija nantouana
OTU_281	barcode19	0	0.000000	1		Basidiomycota	Agaricomycetes	Thelephorales	Thelephoraceae	Neosarcodon	Neosarcodon umbilicatus
OTU_281	barcode20	0	0.000000	1		Basidiomycota	Agaricomycetes	Thelephorales	Thelephoraceae	Neosarcodon	Neosarcodon umbilicatus
OTU_281	barcode21	19	0.000179	1		Basidiomycota	Agaricomycetes	Thelephorales	Thelephoraceae	Neosarcodon	Neosarcodon umbilicatus
OTU_129	barcode19	0	0.000000	1		Ascomycota	Saccharomycetes	Saccharomycetales	Saccharomycetaceae	Arxiozyma	Arxiozyma pintolopesii
OTU_129	barcode20	0	0.000000	1		Ascomycota	Saccharomycetes	Saccharomycetales	Saccharomycetaceae	Arxiozyma	Arxiozyma pintolopesii
OTU_129	barcode21	18	0.000169	1		Ascomycota	Saccharomycetes	Saccharomycetales	Saccharomycetaceae	Arxiozyma	Arxiozyma pintolopesii
OTU_167	barcode19	0	0.000000	1		Mucoromycota	Mucoromycetes	Mucorales	Lichtheimiaceae	Circinella	Circinella lacrymispora
OTU_167	barcode20	18	0.000340	1		Mucoromycota	Mucoromycetes	Mucorales	Lichtheimiaceae	Circinella	Circinella lacrymispora
OTU_167	barcode21	0	0.000000	1		Mucoromycota	Mucoromycetes	Mucorales	Lichtheimiaceae	Circinella	Circinella lacrymispora
OTU_190	barcode19	0	0.000000	1		Basidiomycota	Agaricomycetes	Cantharellales	Hydnaceae	Hydnum	Hydnum itachiharitake
OTU_190	barcode20	0	0.000000	1		Basidiomycota	Agaricomycetes	Cantharellales	Hydnaceae	Hydnum	Hydnum itachiharitake
OTU_190	barcode21	18	0.000169	1		Basidiomycota	Agaricomycetes	Cantharellales	Hydnaceae	Hydnum	Hydnum itachiharitake
OTU_244	barcode19	0	0.000000	1		Ascomycota	Sporopachydermiomycetes	Sporopachydermiales	Sporopachydermiaceae	Sporopachydermia	Sporopachydermia quercuum
OTU_244	barcode20	0	0.000000	1		Ascomycota	Sporopachydermiomycetes	Sporopachydermiales	Sporopachydermiaceae	Sporopachydermia	Sporopachydermia quercuum
OTU_244	barcode21	18	0.000169	1		Ascomycota	Sporopachydermiomycetes	Sporopachydermiales	Sporopachydermiaceae	Sporopachydermia	Sporopachydermia quercuum
OTU_249	barcode19	0	0.000000	1		Basidiomycota	Tremellomycetes	Tremellales	Rhynchogastremaceae	Papiliotrema	Papiliotrema zeae
OTU_249	barcode20	0	0.000000	1		Basidiomycota	Tremellomycetes	Tremellales	Rhynchogastremaceae	Papiliotrema	Papiliotrema zeae
OTU_249	barcode21	18	0.000169	1		Basidiomycota	Tremellomycetes	Tremellales	Rhynchogastremaceae	Papiliotrema	Papiliotrema zeae
OTU_255	barcode19	0	0.000000	1		Chytridiomycota	Chytridiomycetes	Rhizophydiales	Aquamycetaceae	Aquamyces	Aquamyces chlorogonii
OTU_255	barcode20	0	0.000000	1		Chytridiomycota	Chytridiomycetes	Rhizophydiales	Aquamycetaceae	Aquamyces	Aquamyces chlorogonii
OTU_255	barcode21	18	0.000169	1		Chytridiomycota	Chytridiomycetes	Rhizophydiales	Aquamycetaceae	Aquamyces	Aquamyces chlorogonii
OTU_265	barcode19	18	0.000860	1		Ascomycota	Sordariomycetes	Glomerellales	Plectosphaerellaceae	Plectosphaerella	Plectosphaerella niemeijerarum
OTU_265	barcode20	0	0.000000	1		Ascomycota	Sordariomycetes	Glomerellales	Plectosphaerellaceae	Plectosphaerella	Plectosphaerella niemeijerarum
OTU_265	barcode21	0	0.000000	1		Ascomycota	Sordariomycetes	Glomerellales	Plectosphaerellaceae	Plectosphaerella	Plectosphaerella niemeijerarum
OTU_278	barcode19	0	0.000000	1		Basidiomycota	Tremellomycetes	Tremellales	Bulleribasidiaceae	Bulleribasidium	Bulleribasidium cremeum
OTU_278	barcode20	0	0.000000	1		Basidiomycota	Tremellomycetes	Tremellales	Bulleribasidiaceae	Bulleribasidium	Bulleribasidium cremeum
OTU_278	barcode21	18	0.000169	1		Basidiomycota	Tremellomycetes	Tremellales	Bulleribasidiaceae	Bulleribasidium	Bulleribasidium cremeum
OTU_111	barcode19	0	0.000000	1		Ascomycota	Pezizomycetes	Pezizales	Pyronemataceae	Octospora	Octospora oscarii
OTU_111	barcode20	0	0.000000	1		Ascomycota	Pezizomycetes	Pezizales	Pyronemataceae	Octospora	Octospora oscarii
OTU_111	barcode21	17	0.000160	1		Ascomycota	Pezizomycetes	Pezizales	Pyronemataceae	Octospora	Octospora oscarii
OTU_277	barcode19	0	0.000000	1		Ascomycota	Dothideomycetes	Pleosporales	Leptosphaeriaceae	Leptosphaeria	Leptosphaeria irregularis
OTU_277	barcode20	0	0.000000	1		Ascomycota	Dothideomycetes	Pleosporales	Leptosphaeriaceae	Leptosphaeria	Leptosphaeria irregularis
OTU_277	barcode21	17	0.000160	1		Ascomycota	Dothideomycetes	Pleosporales	Leptosphaeriaceae	Leptosphaeria	Leptosphaeria irregularis
OTU_300	barcode19	0	0.000000	1		Ascomycota	Pichiomycetes	Serinales	Debaryomycetaceae	Kodamaea	Kodamaea nitidulidarum
OTU_300	barcode20	0	0.000000	1		Ascomycota	Pichiomycetes	Serinales	Debaryomycetaceae	Kodamaea	Kodamaea nitidulidarum
OTU_300	barcode21	17	0.000160	1		Ascomycota	Pichiomycetes	Serinales	Debaryomycetaceae	Kodamaea	Kodamaea nitidulidarum
OTU_13	barcode19	0	0.000000	1		Ascomycota	Dothideomycetes	Mycosphaerellales	Teratosphaeriaceae	Pseudoteratosphaeria	Pseudoteratosphaeria ohnowa
OTU_13	barcode20	0	0.000000	1		Ascomycota	Dothideomycetes	Mycosphaerellales	Teratosphaeriaceae	Pseudoteratosphaeria	Pseudoteratosphaeria ohnowa
OTU_13	barcode21	16	0.000151	1		Ascomycota	Dothideomycetes	Mycosphaerellales	Teratosphaeriaceae	Pseudoteratosphaeria	Pseudoteratosphaeria ohnowa
OTU_37	barcode19	0	0.000000	1		Basidiomycota	Agaricostilbomycetes	Agaricostilbales	Kondoaceae	Kondoa	Kondoa yuccicola
OTU_37	barcode20	16	0.000302	1		Basidiomycota	Agaricostilbomycetes	Agaricostilbales	Kondoaceae	Kondoa	Kondoa yuccicola
OTU_37	barcode21	0	0.000000	1		Basidiomycota	Agaricostilbomycetes	Agaricostilbales	Kondoaceae	Kondoa	Kondoa yuccicola
OTU_80	barcode19	16	0.000765	1		Ascomycota	Sordariomycetes	Glomerellales	Plectosphaerellaceae	Chordomyces	Chordomyces antarcticum
OTU_80	barcode20	0	0.000000	1		Ascomycota	Sordariomycetes	Glomerellales	Plectosphaerellaceae	Chordomyces	Chordomyces antarcticum
OTU_80	barcode21	0	0.000000	1		Ascomycota	Sordariomycetes	Glomerellales	Plectosphaerellaceae	Chordomyces	Chordomyces antarcticum
OTU_87	barcode19	0	0.000000	1		Ascomycota	Pichiomycetes	Serinales	Debaryomycetaceae	Diutina	Diutina rugosa
OTU_87	barcode20	16	0.000302	1		Ascomycota	Pichiomycetes	Serinales	Debaryomycetaceae	Diutina	Diutina rugosa
OTU_87	barcode21	0	0.000000	1		Ascomycota	Pichiomycetes	Serinales	Debaryomycetaceae	Diutina	Diutina rugosa
OTU_106	barcode19	0	0.000000	1		Ascomycota	Sordariomycetes	Hypocreales	Ophiocordycipitaceae	Pleurocordyceps	Pleurocordyceps ophiocordycipiticola
OTU_106	barcode20	0	0.000000	1		Ascomycota	Sordariomycetes	Hypocreales	Ophiocordycipitaceae	Pleurocordyceps	Pleurocordyceps ophiocordycipiticola
OTU_106	barcode21	16	0.000151	1		Ascomycota	Sordariomycetes	Hypocreales	Ophiocordycipitaceae	Pleurocordyceps	Pleurocordyceps ophiocordycipiticola
OTU_160	barcode19	0	0.000000	1		Basidiomycota	Agaricostilbomycetes	Agaricostilbales	Kondoaceae	Kondoa	Kondoa ribitophobia
OTU_160	barcode20	0	0.000000	1		Basidiomycota	Agaricostilbomycetes	Agaricostilbales	Kondoaceae	Kondoa	Kondoa ribitophobia
OTU_160	barcode21	16	0.000151	1		Basidiomycota	Agaricostilbomycetes	Agaricostilbales	Kondoaceae	Kondoa	Kondoa ribitophobia
OTU_164	barcode19	0	0.000000	1		Basidiomycota	Microbotryomycetes		Chrysozymaceae	Oberwinklerozyma	Oberwinklerozyma dicranopteridis
OTU_164	barcode20	0	0.000000	1		Basidiomycota	Microbotryomycetes		Chrysozymaceae	Oberwinklerozyma	Oberwinklerozyma dicranopteridis
OTU_164	barcode21	16	0.000151	1		Basidiomycota	Microbotryomycetes		Chrysozymaceae	Oberwinklerozyma	Oberwinklerozyma dicranopteridis
OTU_215	barcode19	0	0.000000	1		Mucoromycota	Glomeromycetes	Glomerales	Glomeraceae		
OTU_215	barcode20	0	0.000000	1		Mucoromycota	Glomeromycetes	Glomerales	Glomeraceae		
OTU_215	barcode21	16	0.000151	1		Mucoromycota	Glomeromycetes	Glomerales	Glomeraceae		
OTU_256	barcode19	0	0.000000	1		Basidiomycota	Agaricomycetes	Boletales	Boletaceae	Octaviania	Octaviania nonae
OTU_256	barcode20	16	0.000302	1		Basidiomycota	Agaricomycetes	Boletales	Boletaceae	Octaviania	Octaviania nonae
OTU_256	barcode21	0	0.000000	1		Basidiomycota	Agaricomycetes	Boletales	Boletaceae	Octaviania	Octaviania nonae
OTU_272	barcode19	0	0.000000	1		Basidiomycota	Tremellomycetes	Trichosporonales	Trichosporonaceae	Apiotrichum	Apiotrichum cacaoliposimile
OTU_272	barcode20	0	0.000000	1		Basidiomycota	Tremellomycetes	Trichosporonales	Trichosporonaceae	Apiotrichum	Apiotrichum cacaoliposimile
OTU_272	barcode21	16	0.000151	1		Basidiomycota	Tremellomycetes	Trichosporonales	Trichosporonaceae	Apiotrichum	Apiotrichum cacaoliposimile
OTU_273	barcode19	0	0.000000	1		Basidiomycota	Tremellomycetes	Tremellales	Bulleribasidiaceae	Bulleribasidium	Bulleribasidium setariae
OTU_273	barcode20	0	0.000000	1		Basidiomycota	Tremellomycetes	Tremellales	Bulleribasidiaceae	Bulleribasidium	Bulleribasidium setariae
OTU_273	barcode21	16	0.000151	1		Basidiomycota	Tremellomycetes	Tremellales	Bulleribasidiaceae	Bulleribasidium	Bulleribasidium setariae
OTU_7	barcode19	0	0.000000	1		Basidiomycota	Ustilaginomycetes	Ustilaginales	Ustilaginaceae	Pseudozyma	Pseudozyma pruni
OTU_7	barcode20	15	0.000283	1		Basidiomycota	Ustilaginomycetes	Ustilaginales	Ustilaginaceae	Pseudozyma	Pseudozyma pruni
OTU_7	barcode21	0	0.000000	1		Basidiomycota	Ustilaginomycetes	Ustilaginales	Ustilaginaceae	Pseudozyma	Pseudozyma pruni
OTU_136	barcode19	0	0.000000	1		Basidiomycota	Microbotryomycetes		Chrysozymaceae	Chrysozyma	Chrysozyma fusiformis
OTU_136	barcode20	0	0.000000	1		Basidiomycota	Microbotryomycetes		Chrysozymaceae	Chrysozyma	Chrysozyma fusiformis
OTU_136	barcode21	15	0.000141	1		Basidiomycota	Microbotryomycetes		Chrysozymaceae	Chrysozyma	Chrysozyma fusiformis
OTU_138	barcode19	0	0.000000	1		Basidiomycota	Agaricomycetes	Agaricales	Entolomataceae	Lulesia	Lulesia alachuana
OTU_138	barcode20	0	0.000000	1		Basidiomycota	Agaricomycetes	Agaricales	Entolomataceae	Lulesia	Lulesia alachuana
OTU_138	barcode21	15	0.000141	1		Basidiomycota	Agaricomycetes	Agaricales	Entolomataceae	Lulesia	Lulesia alachuana
OTU_185	barcode19	0	0.000000	1		Mucoromycota	Umbelopsidomycetes	Umbelopsidales	Umbelopsidaceae	Umbelopsis	Umbelopsis curvata
OTU_185	barcode20	0	0.000000	1		Mucoromycota	Umbelopsidomycetes	Umbelopsidales	Umbelopsidaceae	Umbelopsis	Umbelopsis curvata
OTU_185	barcode21	15	0.000141	1		Mucoromycota	Umbelopsidomycetes	Umbelopsidales	Umbelopsidaceae	Umbelopsis	Umbelopsis curvata
OTU_246	barcode19	0	0.000000	1		Basidiomycota	Agaricomycetes	Auriculariales	Exidiaceae	Basidiodendron	Basidiodendron parile
OTU_246	barcode20	0	0.000000	1		Basidiomycota	Agaricomycetes	Auriculariales	Exidiaceae	Basidiodendron	Basidiodendron parile
OTU_246	barcode21	15	0.000141	1		Basidiomycota	Agaricomycetes	Auriculariales	Exidiaceae	Basidiodendron	Basidiodendron parile
OTU_59	barcode19	0	0.000000	1		Chytridiomycota	Chytridiomycetes	Rhizophydiales	Kappamycetaceae	Kappamyces	Kappamyces laurelensis
OTU_59	barcode20	14	0.000264	1		Chytridiomycota	Chytridiomycetes	Rhizophydiales	Kappamycetaceae	Kappamyces	Kappamyces laurelensis
OTU_59	barcode21	0	0.000000	1		Chytridiomycota	Chytridiomycetes	Rhizophydiales	Kappamycetaceae	Kappamyces	Kappamyces laurelensis
OTU_89	barcode19	0	0.000000	1		Ascomycota	Pichiomycetes	Serinales	Metschnikowiaceae	Metschnikowia	Metschnikowia rancensis
OTU_89	barcode20	0	0.000000	1		Ascomycota	Pichiomycetes	Serinales	Metschnikowiaceae	Metschnikowia	Metschnikowia rancensis
OTU_89	barcode21	14	0.000132	1		Ascomycota	Pichiomycetes	Serinales	Metschnikowiaceae	Metschnikowia	Metschnikowia rancensis
OTU_139	barcode19	14	0.000669	1		Basidiomycota	Pucciniomycetes	Pucciniales	Pucciniaceae	Puccinia	Puccinia setariae
OTU_139	barcode20	0	0.000000	1		Basidiomycota	Pucciniomycetes	Pucciniales	Pucciniaceae	Puccinia	Puccinia setariae
OTU_139	barcode21	0	0.000000	1		Basidiomycota	Pucciniomycetes	Pucciniales	Pucciniaceae	Puccinia	Puccinia setariae
OTU_166	barcode19	0	0.000000	1		Basidiomycota	Microbotryomycetes	Heitmaniales	Heitmaniaceae	Heitmania	Heitmania cylindrica
OTU_166	barcode20	14	0.000264	1		Basidiomycota	Microbotryomycetes	Heitmaniales	Heitmaniaceae	Heitmania	Heitmania cylindrica
OTU_166	barcode21	0	0.000000	1		Basidiomycota	Microbotryomycetes	Heitmaniales	Heitmaniaceae	Heitmania	Heitmania cylindrica
OTU_181	barcode19	0	0.000000	1		Basidiomycota	Cystobasidiomycetes	Cystobasidiales	Microsporomycetaceae	Microsporomyces	Microsporomyces rubellus
OTU_181	barcode20	0	0.000000	1		Basidiomycota	Cystobasidiomycetes	Cystobasidiales	Microsporomycetaceae	Microsporomyces	Microsporomyces rubellus
OTU_181	barcode21	14	0.000132	1		Basidiomycota	Cystobasidiomycetes	Cystobasidiales	Microsporomycetaceae	Microsporomyces	Microsporomyces rubellus
OTU_227	barcode19	0	0.000000	1		Ascomycota	Dothideomycetes	Venturiales	Sympoventuriaceae	Neocoleroa	Neocoleroa metrosideri
OTU_227	barcode20	0	0.000000	1		Ascomycota	Dothideomycetes	Venturiales	Sympoventuriaceae	Neocoleroa	Neocoleroa metrosideri
OTU_227	barcode21	14	0.000132	1		Ascomycota	Dothideomycetes	Venturiales	Sympoventuriaceae	Neocoleroa	Neocoleroa metrosideri
OTU_279	barcode19	0	0.000000	1		Mucoromycota	Glomeromycetes	Glomerales	Glomeraceae	Funneliformis	Funneliformis pilosus
OTU_279	barcode20	0	0.000000	1		Mucoromycota	Glomeromycetes	Glomerales	Glomeraceae	Funneliformis	Funneliformis pilosus
OTU_279	barcode21	14	0.000132	1		Mucoromycota	Glomeromycetes	Glomerales	Glomeraceae	Funneliformis	Funneliformis pilosus
OTU_282	barcode19	0	0.000000	1		Ascomycota	Dothideomycetes	Pleosporales	Didymellaceae	Neoascochyta	Neoascochyta cylindrispora
OTU_282	barcode20	0	0.000000	1		Ascomycota	Dothideomycetes	Pleosporales	Didymellaceae	Neoascochyta	Neoascochyta cylindrispora
OTU_282	barcode21	14	0.000132	1		Ascomycota	Dothideomycetes	Pleosporales	Didymellaceae	Neoascochyta	Neoascochyta cylindrispora
OTU_8	barcode19	0	0.000000	1		Ascomycota	Eurotiomycetes	Sclerococcales	Dactylosporaceae	Rhopalophora	Rhopalophora clavispora
OTU_8	barcode20	0	0.000000	1		Ascomycota	Eurotiomycetes	Sclerococcales	Dactylosporaceae	Rhopalophora	Rhopalophora clavispora
OTU_8	barcode21	13	0.000122	1		Ascomycota	Eurotiomycetes	Sclerococcales	Dactylosporaceae	Rhopalophora	Rhopalophora clavispora
OTU_14	barcode19	0	0.000000	1		Ascomycota	Sordariomycetes	Hypocreales	Ophiocordycipitaceae	Hirsutella	Hirsutella rhossiliensis
OTU_14	barcode20	0	0.000000	1		Ascomycota	Sordariomycetes	Hypocreales	Ophiocordycipitaceae	Hirsutella	Hirsutella rhossiliensis
OTU_14	barcode21	13	0.000122	1		Ascomycota	Sordariomycetes	Hypocreales	Ophiocordycipitaceae	Hirsutella	Hirsutella rhossiliensis
OTU_30	barcode19	0	0.000000	1		Bacillariophyta	Coscinodiscophyceae	Thalassiosirales	Thalassiosiraceae	Thalassiosira	Thalassiosira pseudonana
OTU_30	barcode20	0	0.000000	1		Bacillariophyta	Coscinodiscophyceae	Thalassiosirales	Thalassiosiraceae	Thalassiosira	Thalassiosira pseudonana
OTU_30	barcode21	13	0.000122	1		Bacillariophyta	Coscinodiscophyceae	Thalassiosirales	Thalassiosiraceae	Thalassiosira	Thalassiosira pseudonana
OTU_50	barcode19	13	0.000621	1		Mucoromycota	Glomeromycetes	Paraglomerales	Paraglomeraceae	Paraglomus	Paraglomus occultum
OTU_50	barcode20	0	0.000000	1		Mucoromycota	Glomeromycetes	Paraglomerales	Paraglomeraceae	Paraglomus	Paraglomus occultum
OTU_50	barcode21	0	0.000000	1		Mucoromycota	Glomeromycetes	Paraglomerales	Paraglomeraceae	Paraglomus	Paraglomus occultum
OTU_81	barcode19	0	0.000000	1		Ascomycota	Dothideomycetes	Pleosporales	Pleosporaceae	Exserohilum	Exserohilum turcicum
OTU_81	barcode20	0	0.000000	1		Ascomycota	Dothideomycetes	Pleosporales	Pleosporaceae	Exserohilum	Exserohilum turcicum
OTU_81	barcode21	13	0.000122	1		Ascomycota	Dothideomycetes	Pleosporales	Pleosporaceae	Exserohilum	Exserohilum turcicum
OTU_92	barcode19	0	0.000000	1		Basidiomycota	Tremellomycetes	Tremellales	Tremellaceae	Tremella	Tremella tropica
OTU_92	barcode20	0	0.000000	1		Basidiomycota	Tremellomycetes	Tremellales	Tremellaceae	Tremella	Tremella tropica
OTU_92	barcode21	13	0.000122	1		Basidiomycota	Tremellomycetes	Tremellales	Tremellaceae	Tremella	Tremella tropica
OTU_135	barcode19	0	0.000000	1		Ascomycota	Leotiomycetes	Helotiales		Mastigosporium	Mastigosporium album
OTU_135	barcode20	0	0.000000	1		Ascomycota	Leotiomycetes	Helotiales		Mastigosporium	Mastigosporium album
OTU_135	barcode21	13	0.000122	1		Ascomycota	Leotiomycetes	Helotiales		Mastigosporium	Mastigosporium album
OTU_203	barcode19	0	0.000000	1		Basidiomycota	Agaricomycetes	Agaricales	Psathyrellaceae	Psathyrella	Psathyrella ochrofulva
OTU_203	barcode20	13	0.000245	1		Basidiomycota	Agaricomycetes	Agaricales	Psathyrellaceae	Psathyrella	Psathyrella ochrofulva
OTU_203	barcode21	0	0.000000	1		Basidiomycota	Agaricomycetes	Agaricales	Psathyrellaceae	Psathyrella	Psathyrella ochrofulva
OTU_226	barcode19	0	0.000000	1		Chytridiomycota	Chytridiomycetes	Rhizophydiales	Alphamycetaceae	Alphamyces	Alphamyces thailandicus
OTU_226	barcode20	13	0.000245	1		Chytridiomycota	Chytridiomycetes	Rhizophydiales	Alphamycetaceae	Alphamyces	Alphamyces thailandicus
OTU_226	barcode21	0	0.000000	1		Chytridiomycota	Chytridiomycetes	Rhizophydiales	Alphamycetaceae	Alphamyces	Alphamyces thailandicus
OTU_16	barcode19	0	0.000000	1		Ascomycota	Eurotiomycetes	Eurotiales	Trichocomaceae	Sagenomella	Sagenomella diversispora
OTU_16	barcode20	0	0.000000	1		Ascomycota	Eurotiomycetes	Eurotiales	Trichocomaceae	Sagenomella	Sagenomella diversispora
OTU_16	barcode21	12	0.000113	1		Ascomycota	Eurotiomycetes	Eurotiales	Trichocomaceae	Sagenomella	Sagenomella diversispora
OTU_120	barcode19	0	0.000000	1		Basidiomycota	Agaricomycetes	Agaricales	Entolomataceae	Entoloma	Entoloma dichroides
OTU_120	barcode20	0	0.000000	1		Basidiomycota	Agaricomycetes	Agaricales	Entolomataceae	Entoloma	Entoloma dichroides
OTU_120	barcode21	12	0.000113	1		Basidiomycota	Agaricomycetes	Agaricales	Entolomataceae	Entoloma	Entoloma dichroides
OTU_235	barcode19	0	0.000000	1		Chytridiomycota	Chytridiomycetes	Rhizophlyctidales	Sonoraphlyctidaceae	Sonoraphlyctis	Sonoraphlyctis ranzonii
OTU_235	barcode20	12	0.000226	1		Chytridiomycota	Chytridiomycetes	Rhizophlyctidales	Sonoraphlyctidaceae	Sonoraphlyctis	Sonoraphlyctis ranzonii
OTU_235	barcode21	0	0.000000	1		Chytridiomycota	Chytridiomycetes	Rhizophlyctidales	Sonoraphlyctidaceae	Sonoraphlyctis	Sonoraphlyctis ranzonii
OTU_240	barcode19	0	0.000000	1		Ascomycota	Sordariomycetes	Microascales	Ceratocystidaceae	Berkeleyomyces	Berkeleyomyces basicola
OTU_240	barcode20	12	0.000226	1		Ascomycota	Sordariomycetes	Microascales	Ceratocystidaceae	Berkeleyomyces	Berkeleyomyces basicola
OTU_240	barcode21	0	0.000000	1		Ascomycota	Sordariomycetes	Microascales	Ceratocystidaceae	Berkeleyomyces	Berkeleyomyces basicola
OTU_283	barcode19	0	0.000000	1		Basidiomycota	Tremellomycetes	Tremellales	Bulleribasidiaceae	Bulleribasidium	Bulleribasidium wuzhishanense
OTU_283	barcode20	0	0.000000	1		Basidiomycota	Tremellomycetes	Tremellales	Bulleribasidiaceae	Bulleribasidium	Bulleribasidium wuzhishanense
OTU_283	barcode21	12	0.000113	1		Basidiomycota	Tremellomycetes	Tremellales	Bulleribasidiaceae	Bulleribasidium	Bulleribasidium wuzhishanense
OTU_5	barcode19	0	0.000000	1		Ascomycota	Lipomycetes	Lipomycetales	Lipomycetaceae	Lipomyces	Lipomyces sakishimensis
OTU_5	barcode20	0	0.000000	1		Ascomycota	Lipomycetes	Lipomycetales	Lipomycetaceae	Lipomyces	Lipomyces sakishimensis
OTU_5	barcode21	11	0.000104	1		Ascomycota	Lipomycetes	Lipomycetales	Lipomycetaceae	Lipomyces	Lipomyces sakishimensis
OTU_110	barcode19	11	0.000526	1		Ascomycota	Leotiomycetes	Helotiales	Mollisiaceae	Neomollisia	Neomollisia gelatinosa
OTU_110	barcode20	0	0.000000	1		Ascomycota	Leotiomycetes	Helotiales	Mollisiaceae	Neomollisia	Neomollisia gelatinosa
OTU_110	barcode21	0	0.000000	1		Ascomycota	Leotiomycetes	Helotiales	Mollisiaceae	Neomollisia	Neomollisia gelatinosa
OTU_242	barcode19	0	0.000000	1		Basidiomycota	Tremellomycetes	Tremellales	Bulleribasidiaceae	Dioszegia	Dioszegia maotaiensis
OTU_242	barcode20	0	0.000000	1		Basidiomycota	Tremellomycetes	Tremellales	Bulleribasidiaceae	Dioszegia	Dioszegia maotaiensis
OTU_242	barcode21	11	0.000104	1		Basidiomycota	Tremellomycetes	Tremellales	Bulleribasidiaceae	Dioszegia	Dioszegia maotaiensis
OTU_267	barcode19	0	0.000000	1		Ascomycota	Sordariomycetes	Coronophorales	Ceratostomataceae	Microthecium	Microthecium ciliatum
OTU_267	barcode20	0	0.000000	1		Ascomycota	Sordariomycetes	Coronophorales	Ceratostomataceae	Microthecium	Microthecium ciliatum
OTU_267	barcode21	11	0.000104	1		Ascomycota	Sordariomycetes	Coronophorales	Ceratostomataceae	Microthecium	Microthecium ciliatum
OTU_287	barcode19	0	0.000000	1		Ascomycota	Pichiomycetes	Serinales	Debaryomycetaceae	Spathaspora	Spathaspora passalidarum
OTU_287	barcode20	0	0.000000	1		Ascomycota	Pichiomycetes	Serinales	Debaryomycetaceae	Spathaspora	Spathaspora passalidarum
OTU_287	barcode21	11	0.000104	1		Ascomycota	Pichiomycetes	Serinales	Debaryomycetaceae	Spathaspora	Spathaspora passalidarum
OTU_134	barcode19	0	0.000000	1		Basidiomycota	Microbotryomycetes		Chrysozymaceae	Chrysozyma	Chrysozyma sorbariae
OTU_134	barcode20	10	0.000189	1		Basidiomycota	Microbotryomycetes		Chrysozymaceae	Chrysozyma	Chrysozyma sorbariae
OTU_134	barcode21	0	0.000000	1		Basidiomycota	Microbotryomycetes		Chrysozymaceae	Chrysozyma	Chrysozyma sorbariae
