sample_id	cluster_id	abundance	member_taxids	member_taxa	read_count
barcode13_120_filtered	2	0.005060	1076412	1076412||Bacillota|Negativicutes|Selenomonadales|Sporomusaceae|Pelosinus|Pelosinus defluvii	6
barcode13_120_filtered	3	0.006057	29355;48256;396504	29355||Bacillota|Clostridia|Eubacteriales|Oscillospiraceae|Ruminiclostridium|Ruminiclostridium cellobioparum;48256||Bacillota|Clostridia|Eubacteriales|Oscillospiraceae|Ruminiclostridium|Ruminiclostridium hungatei;396504||Bacillota|Clostridia|Eubacteriales|Oscillospiraceae|Ruminiclostridium|Ruminiclostridium sufflavum	15
barcode13_120_filtered	4	0.001594	1499;1521	1499||Bacillota|Clostridia|Eubacteriales|Oscillospiraceae|Ruminiclostridium|Ruminiclostridium josui;1521||Bacillota|Clostridia|Eubacteriales|Oscillospiraceae|Ruminiclostridium|Ruminiclostridium cellulolyticum	9
barcode13_120_filtered	5	0.003374	84032	84032||Bacillota|Clostridia|Eubacteriales|Clostridiaceae|Clostridium|Clostridium thermosuccinogenes	88
barcode13_120_filtered	7	0.000735	908809	908809||Bacillota|Clostridia|Eubacteriales|Clostridiaceae|Caloramator|Caloramator mitchellensis	2
barcode13_120_filtered	9	0.000384	365349;380084	365349||Bacillota|Negativicutes|Selenomonadales|Sporomusaceae|Pelosinus|Pelosinus fermentans;380084||Bacillota|Negativicutes|Selenomonadales|Sporomusaceae|Pelosinus|Pelosinus propionicus	8
barcode13_120_filtered	10	0.112170	659425	659425||Bacillota|Clostridia|Eubacteriales|Oscillospiraceae|Thermoclostridium|Thermoclostridium caenicola	17
barcode13_120_filtered	12	0.008770	288965	288965||Bacillota|Clostridia|Eubacteriales|Oscillospiraceae|Acetivibrio|Acetivibrio clariflavus	321
barcode13_120_filtered	14	0.006601	394284	394284||Bacillota|Negativicutes|Selenomonadales|Sporomusaceae|Psychrosinus|Psychrosinus fermentans	69
barcode13_120_filtered	19	0.001925	209080	209080||Bacillota|Negativicutes|Selenomonadales|Sporomusaceae|Propionispora|Propionispora hippei	3
barcode13_120_filtered	20	0.000579	2590199;2918171;2925406	2590199||Myxococcota|Myxococcia|Myxococcales|Anaeromyxobacteraceae|Anaeromyxobacter|Anaeromyxobacter diazotrophicus;2918171||Myxococcota|Myxococcia|Myxococcales|Anaeromyxobacteraceae|Anaeromyxobacter|Anaeromyxobacter paludicola;2925406||Myxococcota|Myxococcia|Myxococcales|Anaeromyxobacteraceae|Anaeromyxobacter|Anaeromyxobacter terrae	3
barcode13_120_filtered	23	0.004483	364039;413882;1547922;2742824;2824118;2944811;3119538	364039||Pseudomonadota|Betaproteobacteria|Burkholderiales|Sphaerotilaceae|Azohydromonas|Azohydromonas australica;413882||Pseudomonadota|Betaproteobacteria|Burkholderiales|Sphaerotilaceae|Caldimonas|Caldimonas brevitalea;1547922||Pseudomonadota|Betaproteobacteria|Burkholderiales|Sphaerotilaceae|Piscinibacter|Piscinibacter sakaiensis;2742824||Pseudomonadota|Betaproteobacteria|Burkholderiales|Sphaerotilaceae|Piscinibacter|Piscinibacter koreensis;2824118||Pseudomonadota|Betaproteobacteria|Burkholderiales|Sphaerotilaceae|Ideonella|Ideonella alba;2944811||Pseudomonadota|Betaproteobacteria|Burkholderiales|Sphaerotilaceae|Caldimonas|Caldimonas mangrovi;3119538||Pseudomonadota|Betaproteobacteria|Burkholderiales|Sphaerotilaceae|Aquincola|Aquincola agrisoli	3
barcode13_120_filtered	29	0.013602	258515	258515||Bacillota|Clostridia|Eubacteriales|Oscillospiraceae|Acetanaerobacterium|Acetanaerobacterium elongatum	604
barcode13_120_filtered	31	0.001650	192843;758826;2527691;2596921;2793270;3386187	192843||Pseudomonadota|Betaproteobacteria|Burkholderiales|Comamonadaceae|Rhodoferax|Rhodoferax ferrireducens;758826||Pseudomonadota|Betaproteobacteria|Burkholderiales|Comamonadaceae|Acidovorax|Acidovorax radicis;2527691||Pseudomonadota|Betaproteobacteria|Burkholderiales|Comamonadaceae|Rhodoferax|Rhodoferax aquaticus;2596921||Pseudomonadota|Betaproteobacteria|Burkholderiales|Comamonadaceae|Caenimonas|Caenimonas sedimenti;2793270||Pseudomonadota|Betaproteobacteria|Burkholderiales|Comamonadaceae|Caenimonas|Caenimonas aquaedulcis;3386187||Pseudomonadota|Betaproteobacteria|Burkholderiales|Comamonadaceae|Candidatus Aalborgicola|Candidatus Aalborgicola defluviihabitans	1
barcode13_120_filtered	34	0.000775	1860101;2954386;2976531	1860101||Pseudomonadota|Betaproteobacteria|Rhodocyclales|Rhodocyclaceae|Propionivibrio|Candidatus Propionivibrio aalborgensis;2954386||Pseudomonadota|Betaproteobacteria|||Candidatus Accumulibacter|Candidatus Accumulibacter necessarius;2976531||Pseudomonadota|Betaproteobacteria|Rhodocyclales|Rhodocyclaceae|Propionivibrio|Propionivibrio soli	23
barcode13_120_filtered	37	0.003064	1379270;2732249	1379270||Gemmatimonadota|Gemmatimonadia|Gemmatimonadales|Gemmatimonadaceae|Gemmatimonas|Gemmatimonas phototrophica;2732249||Gemmatimonadota|Gemmatimonadia|Gemmatimonadales|Gemmatimonadaceae|Gemmatimonas|Gemmatimonas groenlandica	77
barcode13_120_filtered	41	0.000343	1236215	1236215||Bacillota|Clostridia|Eubacteriales|Peptococcaceae|Desulfovectis|Desulfovectis peckii	1
barcode13_120_filtered	42	0.001822	1488331;1537567	1488331||Bacillota|Clostridia|Eubacteriales|Eubacteriales Family XII. Incertae Sedis|Fusibacter|Fusibacter bizertensis;1537567||Bacillota|Clostridia|Eubacteriales|Eubacteriales Family XII. Incertae Sedis|Fusibacter|Fusibacter fontis	3
barcode13_120_filtered	44	0.003073	270498;626937;1805714;1816678;2763033	270498||Bacillota|Clostridia|Christensenellales|Christensenellaceae|Christensenella|Christensenella hongkongensis;626937||Bacillota|Clostridia|Christensenellales|Christensenellaceae|Christensenella|Christensenella minuta;1805714||Bacillota|Clostridia|Christensenellales|Christensenellaceae|Christensenella|Christensenella massiliensis;1816678||Bacillota|Clostridia|Christensenellales|Christensenellaceae|Christensenella|Christensenella timonensis;2763033||Bacillota|Clostridia|Christensenellales|Christensenellaceae|Christensenella|Christensenella tenuis	18
barcode13_120_filtered	46	0.011554	1515;253314	1515||Bacillota|Clostridia|Eubacteriales|Oscillospiraceae|Acetivibrio|Acetivibrio thermocellus;253314||Bacillota|Clostridia|Eubacteriales|Oscillospiraceae|Acetivibrio|Acetivibrio straminisolvens	4
barcode13_120_filtered	47	0.023857	433293;1679721	433293||Bacillota|Clostridia|Lachnospirales|Lachnospiraceae|Anaerotaenia|Anaerotaenia torta;1679721||Bacillota|Clostridia|Lachnospirales|Lachnospiraceae|Herbinix|Herbinix luporum	21
barcode13_120_filtered	48	0.006170	1650661;1673721;1689270;2108523;2763052;2763053;2986526	1650661||Bacillota|Clostridia|Eubacteriales|Clostridiaceae|Clostridium|Clostridium phoceensis;1673721||Bacillota|Clostridia|Eubacteriales||Intestinimonas|Intestinimonas massiliensis (ex Afouda et al. 2020);1689270||Bacillota|Clostridia|Eubacteriales||Intestinimonas|Intestinimonas timonensis;2108523||Bacillota|Clostridia|Eubacteriales|Oscillospiraceae|Lawsonibacter|Lawsonibacter asaccharolyticus;2763052||Bacillota|Clostridia|Eubacteriales|Oscillospiraceae|Lawsonibacter|Lawsonibacter faecis;2763053||Bacillota|Clostridia|Eubacteriales|Oscillospiraceae|Lawsonibacter|Lawsonibacter hominis;2986526||Bacillota|Clostridia|Eubacteriales|Oscillospiraceae|Lawsonibacter|Lawsonibacter celer	4
barcode13_120_filtered	50	0.027532	2576756	2576756||Bacillota|Clostridia|Eubacteriales|Acutalibacteraceae|Caproicibacter|Caproicibacter fermentans	1080
barcode13_120_filtered	52	0.000912	2763047;2981773	2763047||Bacillota|Clostridia|Eubacteriales||Flintibacter|Flintibacter faecis;2981773||Bacillota|Clostridia|Eubacteriales|Oscillospiraceae|Muriventricola|Muriventricola aceti	5
barcode13_120_filtered	53	0.000600	2763677	2763677||Bacillota|Clostridia|Eubacteriales|Oscillospiraceae|Zongyangia|Zongyangia hominis	1
barcode13_120_filtered	55	0.000408	351091;2763042	351091||Bacillota|Clostridia|Eubacteriales|Oscillospiraceae|Oscillibacter|Oscillibacter valericigenes;2763042||Bacillota|Clostridia|Eubacteriales|Oscillospiraceae|Dysosmobacter|Dysosmobacter segnis	3
barcode13_120_filtered	56	0.001008	1147123	1147123||Bacillota|Clostridia|Eubacteriales|Clostridiaceae|Caloramator|Caloramator quimbayensis	37
barcode13_120_filtered	65	0.000321	474960	474960||Bacillota|Clostridia|Eubacteriales|Oscillospiraceae|Hydrogenoanaerobacterium|Hydrogenoanaerobacterium saccharovorans	17
barcode13_120_filtered	67	0.002272	985	985||Bacteroidota|Cytophagia|Cytophagales|Cytophagaceae|Cytophaga|Cytophaga hutchinsonii	92
barcode13_120_filtered	68	0.000857	1794912	1794912||Bacillota|Negativicutes||Acetonemataceae|Anaerosporomusa|Anaerosporomusa subterranea	34
barcode13_120_filtered	71	0.004828	1958780;2991836	1958780||Bacillota|Clostridia|Eubacteriales|Clostridiaceae|Clostridium|Clostridium merdae;2991836||Bacillota|Clostridia|Eubacteriales|Oscillospiraceae|Faecalispora|Faecalispora anaeroviscerum	4
barcode13_120_filtered	73	0.002139	44749	44749||Bacillota|Clostridia|Eubacteriales|Oscillospiraceae|Sporobacter|Sporobacter termitidis	5
barcode13_120_filtered	75	0.000943	1855912	1855912||Acidobacteriota|Vicinamibacteria|Vicinamibacterales|Vicinamibacteraceae|Luteitalea|Luteitalea pratensis	41
barcode13_120_filtered	80	0.003550	1550;219748;1499683	1550||Bacillota|Clostridia|Eubacteriales|Clostridiaceae|Clostridium|Clostridium subterminale;219748||Bacillota|Clostridia|Eubacteriales|Clostridiaceae|Clostridium|Clostridium tunisiense;1499683||Bacillota|Clostridia|Eubacteriales|Clostridiaceae|Clostridium|Clostridium culturomicium	1
barcode13_120_filtered	82	0.142209	1096341	1096341||Bacillota|Clostridia|Eubacteriales|Clostridiaceae|Fonticella|Fonticella tunisiensis	35
barcode13_120_filtered	85	0.000493	1716543	1716543||Bacillota|Clostridia|Eubacteriales|Clostridiaceae|Clostridium|Clostridium thermarum	18
barcode13_120_filtered	86	0.055086	36849	36849||Bacillota|Clostridia|Eubacteriales|Clostridiaceae|Oxobacter|Oxobacter pfennigii	29
barcode13_120_filtered	88	0.000236	1511	1511||Bacillota|Clostridia|Peptostreptococcales|Filifactoraceae|Acetoanaerobium|Acetoanaerobium sticklandii	23
barcode13_120_filtered	93	0.003432	2836848;3240932	2836848||Bacillota|Clostridia|Eubacteriales|Clostridiaceae|Clostridium|Clostridium aromativorans;3240932||Bacillota|Clostridia|Eubacteriales|Clostridiaceae|Clostridium|Clostridium moutaii	142
barcode13_120_filtered	94	0.000307	392610;940136;1078469;1282858	392610||Pseudomonadota|Alphaproteobacteria|Sphingomonadales|Sphingorhabdaceae|Sphingorhabdus|Sphingorhabdus lacus;940136||Pseudomonadota|Alphaproteobacteria|Sphingomonadales|Sphingorhabdaceae|Sphingorhabdus|Sphingorhabdus wooponensis;1078469||Pseudomonadota|Alphaproteobacteria|Sphingomonadales|Sphingorhabdaceae|Sphingorhabdus|Sphingorhabdus planktonica;1282858||Pseudomonadota|Alphaproteobacteria|Sphingomonadales|Sphingorhabdaceae|Sphingorhabdus|Sphingorhabdus rigui	1
barcode13_120_filtered	95	0.000880	2014610	2014610||Gemmatimonadota|Gemmatimonadia|Gemmatimonadales|Gemmatimonadaceae|Roseisolibacter|Roseisolibacter agri	13
barcode13_120_filtered	99	0.001350	2941510	2941510||Bacillota|Clostridia|Eubacteriales|Pumilibacteraceae|Pumilibacter|Pumilibacter muris	13
barcode13_120_filtered	100	0.001236	2038680	2038680||Bacillota|Clostridia|Eubacteriales|Oscillospiraceae|Paludihabitans|Paludihabitans psychrotolerans	36
barcode13_120_filtered	101	0.002313	2528036;2583234;2593021;2670345	2528036||Pseudomonadota|Alphaproteobacteria|Rhodobacterales|Paracoccaceae|Tabrizicola|Tabrizicola caldifontis;2583234||Pseudomonadota|Alphaproteobacteria|Rhodobacterales|Paracoccaceae|Paragemmobacter|Paragemmobacter kunshanensis;2593021||Pseudomonadota|Alphaproteobacteria|Rhodobacterales|Paracoccaceae|Tabrizicola|Tabrizicola flagellatus;2670345||Pseudomonadota|Alphaproteobacteria|Rhodobacterales|Paracoccaceae|Tabrizicola|Tabrizicola thermarum	2
barcode13_120_filtered	102	0.014207	320502	320502||Bacillota|Clostridia|Eubacteriales|Oscillospiraceae|Acetivibrio|Acetivibrio alkalicellulosi	2
barcode13_120_filtered	110	0.000814	1460355;1632740;2175090;2305907;2559804;2741495;2771430;2782540	1460355||Pseudomonadota|Alphaproteobacteria|Sphingomonadales|Sphingomonadaceae|Sphingomonas|Sphingomonas mohensis;1632740||Pseudomonadota|Alphaproteobacteria|Sphingomonadales|Sphingomonadaceae|Sphingomonas|Sphingomonas zeicaulis;2175090||Pseudomonadota|Alphaproteobacteria|Sphingomonadales|Sphingomonadaceae|Sphingomonas|Sphingomonas pokkalii;2305907||Pseudomonadota|Alphaproteobacteria|Sphingomonadales|Sphingomonadaceae|Sphingomonas|Sphingomonas gilva;2559804||Pseudomonadota|Alphaproteobacteria|Sphingomonadales|Sphingomonadaceae|Sphingomonas|Sphingomonas flavalba;2741495||Pseudomonadota|Alphaproteobacteria|Sphingomonadales|Sphingomonadaceae|Sphingomonas|Sphingomonas hominis;2771430||Pseudomonadota|Alphaproteobacteria|Sphingomonadales|Sphingomicrobiaceae|Allosphingosinicella|Allosphingosinicella flava;2782540||Pseudomonadota|Alphaproteobacteria|Sphingomonadales|Sphingomonadaceae|Sphingomonas|Sphingomonas beigongshangi	1
barcode13_120_filtered	112	0.003322	29353;35830	29353||Bacillota|Clostridia|Eubacteriales|Oscillospiraceae|Acetivibrio|Acetivibrio aldrichii;35830||Bacillota|Clostridia|Eubacteriales|Oscillospiraceae|Acetivibrio|Acetivibrio cellulolyticus	37
barcode13_120_filtered	117	0.002014	879969	879969||Bacteroidota|Bacteroidia|Bacteroidales|Porphyromonadaceae|Macellibacteroides|Macellibacteroides fermentans	2
barcode13_120_filtered	118	0.000351	651663	651663||Pseudomonadota|Alphaproteobacteria|Sphingomonadales|Sphingopyxidaceae|Sphingopyxis|Sphingopyxis bauzanensis	6
barcode13_120_filtered	119	0.000279	2655001	2655001||Bacillota|Clostridia|Eubacteriales|Eubacteriaceae|Alkalibaculum|Alkalibaculum sporogenes	13
barcode13_120_filtered	123	0.004147	1495	1495||Bacillota|Clostridia|Eubacteriales|Clostridiaceae|Clostridium|Clostridium cylindrosporum	18
barcode13_120_filtered	125	0.000575	1439888;1981098;2672568;2675220	1439888||Pseudomonadota|Alphaproteobacteria|Sphingomonadales|Sphingosinicellaceae|Sandarakinorhabdus|Sandarakinorhabdus fusca;1981098||Pseudomonadota|Alphaproteobacteria|Sphingomonadales|Sphingosinicellaceae|Sandarakinorhabdus|Sandarakinorhabdus cyanobacteriorum;2672568||Pseudomonadota|Alphaproteobacteria|Sphingomonadales|Sphingosinicellaceae|Sandarakinorhabdus|Sandarakinorhabdus rubra;2675220||Pseudomonadota|Alphaproteobacteria|Sphingomonadales|Sphingosinicellaceae|Sandarakinorhabdus|Sandarakinorhabdus oryzae	8
barcode13_120_filtered	126	0.000772	2675059;2675060	2675059||Pseudomonadota|Gammaproteobacteria|Lysobacterales|Lysobacteraceae|Lysobacter|Lysobacter helvus;2675060||Pseudomonadota|Gammaproteobacteria|Lysobacterales|Lysobacteraceae|Lysobacter|Lysobacter xanthus	1
barcode13_120_filtered	127	0.005192	433286;1727145;2696063	433286||Bacillota|Clostridia|Lachnospirales|Lachnospiraceae|Anaerocolumna|Anaerocolumna cellulosilytica;1727145||Bacillota|Clostridia|Lachnospirales|Lachnospiraceae|Anaerocolumna|Anaerocolumna chitinilytica;2696063||Bacillota|Clostridia|Lachnospirales|Lachnospiraceae|Anaerocolumna|Anaerocolumna sedimenticola	8
barcode13_120_filtered	129	0.000324	1841868	1841868||Bacillota|Clostridia|Eubacteriales|Oscillospiraceae|Provencibacterium|Provencibacterium massiliense	4
barcode13_120_filtered	137	0.000557	1960156	1960156||Abditibacteriota|Abditibacteriia|Abditibacteriales|Abditibacteriaceae|Abditibacterium|Abditibacterium utsteinense	28
barcode13_120_filtered	138	0.001520	484882;2786951	484882||Pseudomonadota|Alphaproteobacteria|Acetobacterales|Roseomonadaceae|Falsiroseomonas|Falsiroseomonas stagni;2786951||Pseudomonadota|Alphaproteobacteria|Acetobacterales|Roseomonadaceae|Falsiroseomonas|Falsiroseomonas ponticola	5
barcode13_120_filtered	143	0.001736	433287	433287||Bacillota|Clostridia|Lachnospirales|Anaerotignaceae|Anaerotignum|Anaerotignum aminivorans	1
barcode13_120_filtered	145	0.000493	408174;665118;2917991	408174||Pseudomonadota|Alphaproteobacteria|Hyphomicrobiales|Devosiaceae|Devosia|Devosia insulae;665118||Pseudomonadota|Alphaproteobacteria|Hyphomicrobiales|Devosiaceae|Devosia|Devosia enhydra;2917991||Pseudomonadota|Alphaproteobacteria|Hyphomicrobiales|Devosiaceae|Devosia|Devosia lacusdianchii	11
barcode13_120_filtered	146	0.004608	52692	52692||Bacillota|Clostridia|Eubacteriales|Eubacteriaceae|Acetobacterium|Acetobacterium malicum	2
barcode13_120_filtered	147	0.002882	295419;687525;1123067;2585369;2817372	295419||Pseudomonadota|Alphaproteobacteria|Rhodobacterales|Roseobacteraceae|Rubellimicrobium|Rubellimicrobium thermophilum;687525||Pseudomonadota|Alphaproteobacteria|Rhodobacterales|Roseobacteraceae|Rubellimicrobium|Rubellimicrobium roseum;1123067||Pseudomonadota|Alphaproteobacteria|Rhodobacterales|Roseobacteraceae|Rubellimicrobium|Rubellimicrobium mesophilum;2585369||Pseudomonadota|Alphaproteobacteria|Rhodobacterales|Roseobacteraceae|Rubellimicrobium|Rubellimicrobium rubrum;2817372||Pseudomonadota|Alphaproteobacteria|Rhodobacterales|Roseobacteraceae|Rubellimicrobium|Rubellimicrobium arenae	6
barcode13_120_filtered	148	0.001265	1367462	1367462||Bacillota|Clostridia|Eubacteriales|Clostridiaceae|Clostridium|Clostridium swellfunianum	34
barcode13_120_filtered	153	0.000450	1658620	1658620||Rhodothermota|Rhodothermia|Rhodothermales|Rubricoccaceae|Rubrivirga|Rubrivirga profundi	11
barcode13_120_filtered	155	0.000991	1244894;1538021;1550728	1244894||Pseudomonadota|Alphaproteobacteria|Sphingomonadales|Sphingomonadaceae|Sphingomonas|Sphingomonas fonticola;1538021||Pseudomonadota|Alphaproteobacteria|Sphingomonadales|Sphingomonadaceae|Novosphingobium|Novosphingobium tardum;1550728||Pseudomonadota|Alphaproteobacteria|Sphingomonadales|Blastomonadaceae|Blastomonas|Blastomonas fulva	21
barcode13_120_filtered	158	0.030583	875041;909926;933059;1445661;2030009;2185115;2305252;2494374;2709381;2909234	875041||Pseudomonadota|Alphaproteobacteria|Rhodobacterales|Paracoccaceae|Neogemmobacter|Neogemmobacter tilapiae;909926||Pseudomonadota|Alphaproteobacteria|Rhodobacterales|Paracoccaceae|Tabrizicola|Tabrizicola aquatica;933059||Pseudomonadota|Alphaproteobacteria|Rhodobacterales|Paracoccaceae|Gemmobacter|Gemmobacter aquatilis;1445661||Pseudomonadota|Alphaproteobacteria|Rhodobacterales|Paracoccaceae|Aliigemmobacter|Aliigemmobacter aestuarii;2030009||Pseudomonadota|Alphaproteobacteria|Rhodobacterales|Paracoccaceae|Pseudotabrizicola|Pseudotabrizicola formosa;2185115||Pseudomonadota|Alphaproteobacteria|Rhodobacterales|Paracoccaceae|Tabrizicola|Tabrizicola soli;2305252||Pseudomonadota|Alphaproteobacteria|Rhodobacterales|Paracoccaceae|Pseudotabrizicola|Pseudotabrizicola alkalilacus;2494374||Pseudomonadota|Alphaproteobacteria|Rhodobacterales|Paracoccaceae|Tabrizicola|Tabrizicola piscis;2709381||Pseudomonadota|Alphaproteobacteria|Rhodobacterales|Paracoccaceae|Pseudotabrizicola|Pseudotabrizicola algicola;2909234||Pseudomonadota|Alphaproteobacteria|Rhodobacterales|Paracoccaceae|Aliitabrizicola|Alitabrizicola rongguiensis	18
barcode13_120_filtered	159	0.179979	2496273	2496273||Bacillota|Clostridia|Caldicoprobacterales|Xylanivirgaceae|Xylanivirga|Xylanivirga thermophila	629
barcode13_120_filtered	161	0.000243	1527	1527||Bacillota|Clostridia|Lachnospirales|Lachnospiraceae|Anaerocolumna|Anaerocolumna aminovalerica	4
barcode13_120_filtered	166	0.000919	1297424	1297424||Bacillota|Clostridia|Eubacteriales|Oscillospiraceae|Anaerobacterium|Anaerobacterium chartisolvens	4
barcode13_120_filtered	167	0.004910	1462919;2755051	1462919||Bacillota|Clostridia|Lachnospirales|Lachnospiraceae|Mobilitalea|Mobilitalea sibirica;2755051||Bacillota|Clostridia|Lachnospirales|Lachnospiraceae|Variimorphobacter|Variimorphobacter saccharofermentans	31
barcode13_120_filtered	168	0.000279	3036359	3036359||Bacteroidota|Sphingobacteriia|Sphingobacteriales|Aurantibacillaceae|Aurantibacillus|Aurantibacillus circumpalustris	13
barcode13_120_filtered	171	0.002379	758823	758823||Candidatus Melainabacteria|Vampirovibriophyceae|Vampirovibrionales||Vampirovibrio|Vampirovibrio chlorellavorus	111
barcode13_120_filtered	177	0.018409	642589	642589||Bacillota|Clostridia|Eubacteriales|Acutalibacteraceae|Caproiciproducens|Caproiciproducens galactitolivorans	95
barcode13_120_filtered	179	0.002743	2010828	2010828||Bacteroidota|Bacteroidia|Marinilabiliales|Prolixibacteraceae|Aquipluma|Aquipluma nitroreducens	118
barcode13_120_filtered	182	0.000474	913099	913099||Bacillota|Tissierellia|||Sedimentibacter|Sedimentibacter acidaminivorans	3
barcode13_120_filtered	184	0.003343	1944642	1944642||Bacillota|Clostridia|Eubacteriales|Oscillospiraceae|Marasmitruncus|Marasmitruncus massiliensis	129
barcode13_120_filtered	185	0.001305	130788	130788||Bacillota|Tissierellia|||Sedimentibacter|Sedimentibacter saalensis	27
barcode13_120_filtered	186	0.000879	1141888	1141888||Pseudomonadota|Alphaproteobacteria|Sphingomonadales|Sphingomonadaceae|Sphingomonas|Sphingomonas difficilis	8
barcode13_120_filtered	189	0.057697	2507161	2507161||Bacillota|Tissierellia|Tissierellales|Acidilutibacteraceae|Acidilutibacter|Acidilutibacter cellobiosedens	2488
barcode13_120_filtered	190	0.001084	655338	655338||Bacillota|Clostridia|Eubacteriales|Clostridiaceae|Fervidicella|Fervidicella metallireducens	12
barcode13_120_filtered	195	0.001415	74312;74313	74312||Pseudomonadota|Alphaproteobacteria|Caulobacterales|Caulobacteraceae|Brevundimonas|Brevundimonas variabilis;74313||Pseudomonadota|Alphaproteobacteria|Caulobacterales|Caulobacteraceae|Brevundimonas|Brevundimonas subvibrioides	38
barcode13_120_filtered	201	0.000386	1157315;3350403	1157315||Bacillota|Clostridia|Eubacteriales|Clostridiaceae|Clostridium|Clostridium kogasense;3350403||Bacillota|Clostridia|Eubacteriales|Clostridiaceae|Clostridium|Clostridium caseinilyticum	17
barcode13_120_filtered	203	0.000279	373043	373043||Pseudomonadota|Alphaproteobacteria|Acetobacterales|Acetobacteraceae|Paeniroseomonas|Paeniroseomonas aquatica	12
barcode13_120_filtered	204	0.000343	36845	36845||Bacillota|Clostridia|Eubacteriales|Clostridiaceae|Clostridium|Clostridium intestinale	15
barcode13_120_filtered	206	0.000364	1337094	1337094||Bacillota|Clostridia|Eubacteriales|Oscillospiraceae|Ercella|Ercella succinigenes	17
barcode13_120_filtered	209	0.000750	1348470	1348470||Pseudomonadota|Alphaproteobacteria|Hyphomonadales|Hyphomonadaceae|Asprobacter|Asprobacter aquaticus	30
barcode13_120_filtered	210	0.001886	2820301	2820301||Bacillota|Clostridia|Eubacteriales|Acutalibacteraceae|Caproiciproducens|Caproiciproducens faecalis	46
barcode13_120_filtered	212	0.000391	2307010	2307010||Bacillota|Clostridia|Lachnospirales|Lachnospiraceae|Candidatus Galacturonatibacter|Candidatus Galacturonatibacter soehngenii	79
barcode14_120_filtered	2	0.006409	1076412	1076412||Bacillota|Negativicutes|Selenomonadales|Sporomusaceae|Pelosinus|Pelosinus defluvii	1
barcode14_120_filtered	3	0.008625	29355;48256;396504	29355||Bacillota|Clostridia|Eubacteriales|Oscillospiraceae|Ruminiclostridium|Ruminiclostridium cellobioparum;48256||Bacillota|Clostridia|Eubacteriales|Oscillospiraceae|Ruminiclostridium|Ruminiclostridium hungatei;396504||Bacillota|Clostridia|Eubacteriales|Oscillospiraceae|Ruminiclostridium|Ruminiclostridium sufflavum	11
barcode14_120_filtered	4	0.001581	1499;1521	1499||Bacillota|Clostridia|Eubacteriales|Oscillospiraceae|Ruminiclostridium|Ruminiclostridium josui;1521||Bacillota|Clostridia|Eubacteriales|Oscillospiraceae|Ruminiclostridium|Ruminiclostridium cellulolyticum	3
barcode14_120_filtered	5	0.005668	84032	84032||Bacillota|Clostridia|Eubacteriales|Clostridiaceae|Clostridium|Clostridium thermosuccinogenes	212
barcode14_120_filtered	7	0.000341	908809	908809||Bacillota|Clostridia|Eubacteriales|Clostridiaceae|Caloramator|Caloramator mitchellensis	3
barcode14_120_filtered	9	0.000467	365349;380084	365349||Bacillota|Negativicutes|Selenomonadales|Sporomusaceae|Pelosinus|Pelosinus fermentans;380084||Bacillota|Negativicutes|Selenomonadales|Sporomusaceae|Pelosinus|Pelosinus propionicus	3
barcode14_120_filtered	10	0.055610	659425	659425||Bacillota|Clostridia|Eubacteriales|Oscillospiraceae|Thermoclostridium|Thermoclostridium caenicola	8
barcode14_120_filtered	12	0.003783	288965	288965||Bacillota|Clostridia|Eubacteriales|Oscillospiraceae|Acetivibrio|Acetivibrio clariflavus	113
barcode14_120_filtered	14	0.012579	394284	394284||Bacillota|Negativicutes|Selenomonadales|Sporomusaceae|Psychrosinus|Psychrosinus fermentans	89
barcode14_120_filtered	19	0.001962	209080	209080||Bacillota|Negativicutes|Selenomonadales|Sporomusaceae|Propionispora|Propionispora hippei	3
barcode14_120_filtered	20	0.000663	2590199;2918171;2925406	2590199||Myxococcota|Myxococcia|Myxococcales|Anaeromyxobacteraceae|Anaeromyxobacter|Anaeromyxobacter diazotrophicus;2918171||Myxococcota|Myxococcia|Myxococcales|Anaeromyxobacteraceae|Anaeromyxobacter|Anaeromyxobacter paludicola;2925406||Myxococcota|Myxococcia|Myxococcales|Anaeromyxobacteraceae|Anaeromyxobacter|Anaeromyxobacter terrae	3
barcode14_120_filtered	23	0.007411	364039;413882;1547922;2742824;2824118;2944811;3119538	364039||Pseudomonadota|Betaproteobacteria|Burkholderiales|Sphaerotilaceae|Azohydromonas|Azohydromonas australica;413882||Pseudomonadota|Betaproteobacteria|Burkholderiales|Sphaerotilaceae|Caldimonas|Caldimonas brevitalea;1547922||Pseudomonadota|Betaproteobacteria|Burkholderiales|Sphaerotilaceae|Piscinibacter|Piscinibacter sakaiensis;2742824||Pseudomonadota|Betaproteobacteria|Burkholderiales|Sphaerotilaceae|Piscinibacter|Piscinibacter koreensis;2824118||Pseudomonadota|Betaproteobacteria|Burkholderiales|Sphaerotilaceae|Ideonella|Ideonella alba;2944811||Pseudomonadota|Betaproteobacteria|Burkholderiales|Sphaerotilaceae|Caldimonas|Caldimonas mangrovi;3119538||Pseudomonadota|Betaproteobacteria|Burkholderiales|Sphaerotilaceae|Aquincola|Aquincola agrisoli	2
barcode14_120_filtered	27	0.000449	2066483	2066483|||Candidatus Babeliae|Candidatus Babeliales|Candidatus Chromulinivoraceae|Candidatus Chromulinivorax|Candidatus Chromulinivorax destructor	5
barcode14_120_filtered	29	0.016713	258515	258515||Bacillota|Clostridia|Eubacteriales|Oscillospiraceae|Acetanaerobacterium|Acetanaerobacterium elongatum	755
barcode14_120_filtered	31	0.000269	192843;758826;2527691;2596921;2793270;3386187	192843||Pseudomonadota|Betaproteobacteria|Burkholderiales|Comamonadaceae|Rhodoferax|Rhodoferax ferrireducens;758826||Pseudomonadota|Betaproteobacteria|Burkholderiales|Comamonadaceae|Acidovorax|Acidovorax radicis;2527691||Pseudomonadota|Betaproteobacteria|Burkholderiales|Comamonadaceae|Rhodoferax|Rhodoferax aquaticus;2596921||Pseudomonadota|Betaproteobacteria|Burkholderiales|Comamonadaceae|Caenimonas|Caenimonas sedimenti;2793270||Pseudomonadota|Betaproteobacteria|Burkholderiales|Comamonadaceae|Caenimonas|Caenimonas aquaedulcis;3386187||Pseudomonadota|Betaproteobacteria|Burkholderiales|Comamonadaceae|Candidatus Aalborgicola|Candidatus Aalborgicola defluviihabitans	1
barcode14_120_filtered	34	0.001007	1860101;2954386;2976531	1860101||Pseudomonadota|Betaproteobacteria|Rhodocyclales|Rhodocyclaceae|Propionivibrio|Candidatus Propionivibrio aalborgensis;2954386||Pseudomonadota|Betaproteobacteria|||Candidatus Accumulibacter|Candidatus Accumulibacter necessarius;2976531||Pseudomonadota|Betaproteobacteria|Rhodocyclales|Rhodocyclaceae|Propionivibrio|Propionivibrio soli	43
barcode14_120_filtered	37	0.002802	1379270;2732249	1379270||Gemmatimonadota|Gemmatimonadia|Gemmatimonadales|Gemmatimonadaceae|Gemmatimonas|Gemmatimonas phototrophica;2732249||Gemmatimonadota|Gemmatimonadia|Gemmatimonadales|Gemmatimonadaceae|Gemmatimonas|Gemmatimonas groenlandica	119
barcode14_120_filtered	41	0.001091	1236215	1236215||Bacillota|Clostridia|Eubacteriales|Peptococcaceae|Desulfovectis|Desulfovectis peckii	1
barcode14_120_filtered	42	0.002736	1488331;1537567	1488331||Bacillota|Clostridia|Eubacteriales|Eubacteriales Family XII. Incertae Sedis|Fusibacter|Fusibacter bizertensis;1537567||Bacillota|Clostridia|Eubacteriales|Eubacteriales Family XII. Incertae Sedis|Fusibacter|Fusibacter fontis	2
barcode14_120_filtered	44	0.001488	270498;626937;1805714;1816678;2763033	270498||Bacillota|Clostridia|Christensenellales|Christensenellaceae|Christensenella|Christensenella hongkongensis;626937||Bacillota|Clostridia|Christensenellales|Christensenellaceae|Christensenella|Christensenella minuta;1805714||Bacillota|Clostridia|Christensenellales|Christensenellaceae|Christensenella|Christensenella massiliensis;1816678||Bacillota|Clostridia|Christensenellales|Christensenellaceae|Christensenella|Christensenella timonensis;2763033||Bacillota|Clostridia|Christensenellales|Christensenellaceae|Christensenella|Christensenella tenuis	4
barcode14_120_filtered	46	0.047407	1515;253314	1515||Bacillota|Clostridia|Eubacteriales|Oscillospiraceae|Acetivibrio|Acetivibrio thermocellus;253314||Bacillota|Clostridia|Eubacteriales|Oscillospiraceae|Acetivibrio|Acetivibrio straminisolvens	5
barcode14_120_filtered	47	0.021880	433293;1679721	433293||Bacillota|Clostridia|Lachnospirales|Lachnospiraceae|Anaerotaenia|Anaerotaenia torta;1679721||Bacillota|Clostridia|Lachnospirales|Lachnospiraceae|Herbinix|Herbinix luporum	43
barcode14_120_filtered	48	0.002852	1650661;1673721;1689270;2108523;2763052;2763053;2986526	1650661||Bacillota|Clostridia|Eubacteriales|Clostridiaceae|Clostridium|Clostridium phoceensis;1673721||Bacillota|Clostridia|Eubacteriales||Intestinimonas|Intestinimonas massiliensis (ex Afouda et al. 2020);1689270||Bacillota|Clostridia|Eubacteriales||Intestinimonas|Intestinimonas timonensis;2108523||Bacillota|Clostridia|Eubacteriales|Oscillospiraceae|Lawsonibacter|Lawsonibacter asaccharolyticus;2763052||Bacillota|Clostridia|Eubacteriales|Oscillospiraceae|Lawsonibacter|Lawsonibacter faecis;2763053||Bacillota|Clostridia|Eubacteriales|Oscillospiraceae|Lawsonibacter|Lawsonibacter hominis;2986526||Bacillota|Clostridia|Eubacteriales|Oscillospiraceae|Lawsonibacter|Lawsonibacter celer	1
barcode14_120_filtered	50	0.031375	2576756	2576756||Bacillota|Clostridia|Eubacteriales|Acutalibacteraceae|Caproicibacter|Caproicibacter fermentans	1274
barcode14_120_filtered	52	0.001760	2763047;2981773	2763047||Bacillota|Clostridia|Eubacteriales||Flintibacter|Flintibacter faecis;2981773||Bacillota|Clostridia|Eubacteriales|Oscillospiraceae|Muriventricola|Muriventricola aceti	23
barcode14_120_filtered	53	0.000599	2763677	2763677||Bacillota|Clostridia|Eubacteriales|Oscillospiraceae|Zongyangia|Zongyangia hominis	2
barcode14_120_filtered	55	0.002589	351091;2763042	351091||Bacillota|Clostridia|Eubacteriales|Oscillospiraceae|Oscillibacter|Oscillibacter valericigenes;2763042||Bacillota|Clostridia|Eubacteriales|Oscillospiraceae|Dysosmobacter|Dysosmobacter segnis	2
barcode14_120_filtered	56	0.000806	1147123	1147123||Bacillota|Clostridia|Eubacteriales|Clostridiaceae|Caloramator|Caloramator quimbayensis	21
barcode14_120_filtered	64	0.000321	2963406;2994971	2963406||Actinomycetota|Actinomycetes|Micrococcales|Microbacteriaceae|Microcella|Microcella humidisoli;2994971||Actinomycetota|Actinomycetes|Micrococcales|Microbacteriaceae|Microcella|Microcella daejeonensis	12
barcode14_120_filtered	65	0.000578	474960	474960||Bacillota|Clostridia|Eubacteriales|Oscillospiraceae|Hydrogenoanaerobacterium|Hydrogenoanaerobacterium saccharovorans	28
barcode14_120_filtered	67	0.002460	985	985||Bacteroidota|Cytophagia|Cytophagales|Cytophagaceae|Cytophaga|Cytophaga hutchinsonii	100
barcode14_120_filtered	68	0.000685	1794912	1794912||Bacillota|Negativicutes||Acetonemataceae|Anaerosporomusa|Anaerosporomusa subterranea	31
barcode14_120_filtered	71	0.006667	1958780;2991836	1958780||Bacillota|Clostridia|Eubacteriales|Clostridiaceae|Clostridium|Clostridium merdae;2991836||Bacillota|Clostridia|Eubacteriales|Oscillospiraceae|Faecalispora|Faecalispora anaeroviscerum	9
barcode14_120_filtered	73	0.001674	44749	44749||Bacillota|Clostridia|Eubacteriales|Oscillospiraceae|Sporobacter|Sporobacter termitidis	3
barcode14_120_filtered	75	0.001220	1855912	1855912||Acidobacteriota|Vicinamibacteria|Vicinamibacterales|Vicinamibacteraceae|Luteitalea|Luteitalea pratensis	51
barcode14_120_filtered	80	0.019442	1550;219748;1499683	1550||Bacillota|Clostridia|Eubacteriales|Clostridiaceae|Clostridium|Clostridium subterminale;219748||Bacillota|Clostridia|Eubacteriales|Clostridiaceae|Clostridium|Clostridium tunisiense;1499683||Bacillota|Clostridia|Eubacteriales|Clostridiaceae|Clostridium|Clostridium culturomicium	2
barcode14_120_filtered	82	0.089107	1096341	1096341||Bacillota|Clostridia|Eubacteriales|Clostridiaceae|Fonticella|Fonticella tunisiensis	13
barcode14_120_filtered	85	0.000427	1716543	1716543||Bacillota|Clostridia|Eubacteriales|Clostridiaceae|Clostridium|Clostridium thermarum	8
barcode14_120_filtered	86	0.049748	36849	36849||Bacillota|Clostridia|Eubacteriales|Clostridiaceae|Oxobacter|Oxobacter pfennigii	20
barcode14_120_filtered	93	0.003402	2836848;3240932	2836848||Bacillota|Clostridia|Eubacteriales|Clostridiaceae|Clostridium|Clostridium aromativorans;3240932||Bacillota|Clostridia|Eubacteriales|Clostridiaceae|Clostridium|Clostridium moutaii	151
barcode14_120_filtered	94	0.003190	392610;940136;1078469;1282858	392610||Pseudomonadota|Alphaproteobacteria|Sphingomonadales|Sphingorhabdaceae|Sphingorhabdus|Sphingorhabdus lacus;940136||Pseudomonadota|Alphaproteobacteria|Sphingomonadales|Sphingorhabdaceae|Sphingorhabdus|Sphingorhabdus wooponensis;1078469||Pseudomonadota|Alphaproteobacteria|Sphingomonadales|Sphingorhabdaceae|Sphingorhabdus|Sphingorhabdus planktonica;1282858||Pseudomonadota|Alphaproteobacteria|Sphingomonadales|Sphingorhabdaceae|Sphingorhabdus|Sphingorhabdus rigui	4
barcode14_120_filtered	95	0.001471	2014610	2014610||Gemmatimonadota|Gemmatimonadia|Gemmatimonadales|Gemmatimonadaceae|Roseisolibacter|Roseisolibacter agri	25
barcode14_120_filtered	99	0.001113	2941510	2941510||Bacillota|Clostridia|Eubacteriales|Pumilibacteraceae|Pumilibacter|Pumilibacter muris	13
barcode14_120_filtered	100	0.001006	2038680	2038680||Bacillota|Clostridia|Eubacteriales|Oscillospiraceae|Paludihabitans|Paludihabitans psychrotolerans	28
barcode14_120_filtered	101	0.000352	2528036;2583234;2593021;2670345	2528036||Pseudomonadota|Alphaproteobacteria|Rhodobacterales|Paracoccaceae|Tabrizicola|Tabrizicola caldifontis;2583234||Pseudomonadota|Alphaproteobacteria|Rhodobacterales|Paracoccaceae|Paragemmobacter|Paragemmobacter kunshanensis;2593021||Pseudomonadota|Alphaproteobacteria|Rhodobacterales|Paracoccaceae|Tabrizicola|Tabrizicola flagellatus;2670345||Pseudomonadota|Alphaproteobacteria|Rhodobacterales|Paracoccaceae|Tabrizicola|Tabrizicola thermarum	1
barcode14_120_filtered	102	0.022580	320502	320502||Bacillota|Clostridia|Eubacteriales|Oscillospiraceae|Acetivibrio|Acetivibrio alkalicellulosi	2
barcode14_120_filtered	104	0.000368	2184016;2766473	2184016||Pseudomonadota|Alphaproteobacteria|Acetobacterales|Roseomonadaceae|Falsiroseomonas|Falsiroseomonas bella;2766473||Pseudomonadota|Alphaproteobacteria|Acetobacterales|Roseomonadaceae|Falsiroseomonas|Falsiroseomonas oryzae	1
barcode14_120_filtered	109	0.000235	55583	55583||Bacillota|Clostridia|Eubacteriales|Desulfitobacteriaceae|Dehalobacter|Dehalobacter restrictus	1
barcode14_120_filtered	110	0.004146	1460355;1632740;2175090;2305907;2559804;2741495;2771430;2782540	1460355||Pseudomonadota|Alphaproteobacteria|Sphingomonadales|Sphingomonadaceae|Sphingomonas|Sphingomonas mohensis;1632740||Pseudomonadota|Alphaproteobacteria|Sphingomonadales|Sphingomonadaceae|Sphingomonas|Sphingomonas zeicaulis;2175090||Pseudomonadota|Alphaproteobacteria|Sphingomonadales|Sphingomonadaceae|Sphingomonas|Sphingomonas pokkalii;2305907||Pseudomonadota|Alphaproteobacteria|Sphingomonadales|Sphingomonadaceae|Sphingomonas|Sphingomonas gilva;2559804||Pseudomonadota|Alphaproteobacteria|Sphingomonadales|Sphingomonadaceae|Sphingomonas|Sphingomonas flavalba;2741495||Pseudomonadota|Alphaproteobacteria|Sphingomonadales|Sphingomonadaceae|Sphingomonas|Sphingomonas hominis;2771430||Pseudomonadota|Alphaproteobacteria|Sphingomonadales|Sphingomicrobiaceae|Allosphingosinicella|Allosphingosinicella flava;2782540||Pseudomonadota|Alphaproteobacteria|Sphingomonadales|Sphingomonadaceae|Sphingomonas|Sphingomonas beigongshangi	2
barcode14_120_filtered	112	0.004231	29353;35830	29353||Bacillota|Clostridia|Eubacteriales|Oscillospiraceae|Acetivibrio|Acetivibrio aldrichii;35830||Bacillota|Clostridia|Eubacteriales|Oscillospiraceae|Acetivibrio|Acetivibrio cellulolyticus	31
barcode14_120_filtered	118	0.000986	651663	651663||Pseudomonadota|Alphaproteobacteria|Sphingomonadales|Sphingopyxidaceae|Sphingopyxis|Sphingopyxis bauzanensis	24
barcode14_120_filtered	119	0.000813	2655001	2655001||Bacillota|Clostridia|Eubacteriales|Eubacteriaceae|Alkalibaculum|Alkalibaculum sporogenes	37
barcode14_120_filtered	123	0.001781	1495	1495||Bacillota|Clostridia|Eubacteriales|Clostridiaceae|Clostridium|Clostridium cylindrosporum	9
barcode14_120_filtered	125	0.005880	1439888;1981098;2672568;2675220	1439888||Pseudomonadota|Alphaproteobacteria|Sphingomonadales|Sphingosinicellaceae|Sandarakinorhabdus|Sandarakinorhabdus fusca;1981098||Pseudomonadota|Alphaproteobacteria|Sphingomonadales|Sphingosinicellaceae|Sandarakinorhabdus|Sandarakinorhabdus cyanobacteriorum;2672568||Pseudomonadota|Alphaproteobacteria|Sphingomonadales|Sphingosinicellaceae|Sandarakinorhabdus|Sandarakinorhabdus rubra;2675220||Pseudomonadota|Alphaproteobacteria|Sphingomonadales|Sphingosinicellaceae|Sandarakinorhabdus|Sandarakinorhabdus oryzae	25
barcode14_120_filtered	126	0.001177	2675059;2675060	2675059||Pseudomonadota|Gammaproteobacteria|Lysobacterales|Lysobacteraceae|Lysobacter|Lysobacter helvus;2675060||Pseudomonadota|Gammaproteobacteria|Lysobacterales|Lysobacteraceae|Lysobacter|Lysobacter xanthus	1
barcode14_120_filtered	127	0.006812	433286;1727145;2696063	433286||Bacillota|Clostridia|Lachnospirales|Lachnospiraceae|Anaerocolumna|Anaerocolumna cellulosilytica;1727145||Bacillota|Clostridia|Lachnospirales|Lachnospiraceae|Anaerocolumna|Anaerocolumna chitinilytica;2696063||Bacillota|Clostridia|Lachnospirales|Lachnospiraceae|Anaerocolumna|Anaerocolumna sedimenticola	7
barcode14_120_filtered	129	0.000285	1841868	1841868||Bacillota|Clostridia|Eubacteriales|Oscillospiraceae|Provencibacterium|Provencibacterium massiliense	1
barcode14_120_filtered	137	0.000685	1960156	1960156||Abditibacteriota|Abditibacteriia|Abditibacteriales|Abditibacteriaceae|Abditibacterium|Abditibacterium utsteinense	32
barcode14_120_filtered	138	0.001631	484882;2786951	484882||Pseudomonadota|Alphaproteobacteria|Acetobacterales|Roseomonadaceae|Falsiroseomonas|Falsiroseomonas stagni;2786951||Pseudomonadota|Alphaproteobacteria|Acetobacterales|Roseomonadaceae|Falsiroseomonas|Falsiroseomonas ponticola	10
barcode14_120_filtered	143	0.005683	433287	433287||Bacillota|Clostridia|Lachnospirales|Anaerotignaceae|Anaerotignum|Anaerotignum aminivorans	5
barcode14_120_filtered	145	0.001262	408174;665118;2917991	408174||Pseudomonadota|Alphaproteobacteria|Hyphomicrobiales|Devosiaceae|Devosia|Devosia insulae;665118||Pseudomonadota|Alphaproteobacteria|Hyphomicrobiales|Devosiaceae|Devosia|Devosia enhydra;2917991||Pseudomonadota|Alphaproteobacteria|Hyphomicrobiales|Devosiaceae|Devosia|Devosia lacusdianchii	13
barcode14_120_filtered	146	0.006996	52692	52692||Bacillota|Clostridia|Eubacteriales|Eubacteriaceae|Acetobacterium|Acetobacterium malicum	7
barcode14_120_filtered	147	0.028718	295419;687525;1123067;2585369;2817372	295419||Pseudomonadota|Alphaproteobacteria|Rhodobacterales|Roseobacteraceae|Rubellimicrobium|Rubellimicrobium thermophilum;687525||Pseudomonadota|Alphaproteobacteria|Rhodobacterales|Roseobacteraceae|Rubellimicrobium|Rubellimicrobium roseum;1123067||Pseudomonadota|Alphaproteobacteria|Rhodobacterales|Roseobacteraceae|Rubellimicrobium|Rubellimicrobium mesophilum;2585369||Pseudomonadota|Alphaproteobacteria|Rhodobacterales|Roseobacteraceae|Rubellimicrobium|Rubellimicrobium rubrum;2817372||Pseudomonadota|Alphaproteobacteria|Rhodobacterales|Roseobacteraceae|Rubellimicrobium|Rubellimicrobium arenae	21
barcode14_120_filtered	148	0.001755	1367462	1367462||Bacillota|Clostridia|Eubacteriales|Clostridiaceae|Clostridium|Clostridium swellfunianum	39
barcode14_120_filtered	153	0.000792	1658620	1658620||Rhodothermota|Rhodothermia|Rhodothermales|Rubricoccaceae|Rubrivirga|Rubrivirga profundi	20
barcode14_120_filtered	155	0.002377	1244894;1538021;1550728	1244894||Pseudomonadota|Alphaproteobacteria|Sphingomonadales|Sphingomonadaceae|Sphingomonas|Sphingomonas fonticola;1538021||Pseudomonadota|Alphaproteobacteria|Sphingomonadales|Sphingomonadaceae|Novosphingobium|Novosphingobium tardum;1550728||Pseudomonadota|Alphaproteobacteria|Sphingomonadales|Blastomonadaceae|Blastomonas|Blastomonas fulva	26
barcode14_120_filtered	158	0.053878	875041;909926;933059;1445661;2030009;2185115;2305252;2494374;2709381;2909234	875041||Pseudomonadota|Alphaproteobacteria|Rhodobacterales|Paracoccaceae|Neogemmobacter|Neogemmobacter tilapiae;909926||Pseudomonadota|Alphaproteobacteria|Rhodobacterales|Paracoccaceae|Tabrizicola|Tabrizicola aquatica;933059||Pseudomonadota|Alphaproteobacteria|Rhodobacterales|Paracoccaceae|Gemmobacter|Gemmobacter aquatilis;1445661||Pseudomonadota|Alphaproteobacteria|Rhodobacterales|Paracoccaceae|Aliigemmobacter|Aliigemmobacter aestuarii;2030009||Pseudomonadota|Alphaproteobacteria|Rhodobacterales|Paracoccaceae|Pseudotabrizicola|Pseudotabrizicola formosa;2185115||Pseudomonadota|Alphaproteobacteria|Rhodobacterales|Paracoccaceae|Tabrizicola|Tabrizicola soli;2305252||Pseudomonadota|Alphaproteobacteria|Rhodobacterales|Paracoccaceae|Pseudotabrizicola|Pseudotabrizicola alkalilacus;2494374||Pseudomonadota|Alphaproteobacteria|Rhodobacterales|Paracoccaceae|Tabrizicola|Tabrizicola piscis;2709381||Pseudomonadota|Alphaproteobacteria|Rhodobacterales|Paracoccaceae|Pseudotabrizicola|Pseudotabrizicola algicola;2909234||Pseudomonadota|Alphaproteobacteria|Rhodobacterales|Paracoccaceae|Aliitabrizicola|Alitabrizicola rongguiensis	18
barcode14_120_filtered	159	0.078802	2496273	2496273||Bacillota|Clostridia|Caldicoprobacterales|Xylanivirgaceae|Xylanivirga|Xylanivirga thermophila	269
barcode14_120_filtered	161	0.000221	1527	1527||Bacillota|Clostridia|Lachnospirales|Lachnospiraceae|Anaerocolumna|Anaerocolumna aminovalerica	3
barcode14_120_filtered	166	0.000972	1297424	1297424||Bacillota|Clostridia|Eubacteriales|Oscillospiraceae|Anaerobacterium|Anaerobacterium chartisolvens	2
barcode14_120_filtered	167	0.004681	1462919;2755051	1462919||Bacillota|Clostridia|Lachnospirales|Lachnospiraceae|Mobilitalea|Mobilitalea sibirica;2755051||Bacillota|Clostridia|Lachnospirales|Lachnospiraceae|Variimorphobacter|Variimorphobacter saccharofermentans	21
barcode14_120_filtered	168	0.000257	3036359	3036359||Bacteroidota|Sphingobacteriia|Sphingobacteriales|Aurantibacillaceae|Aurantibacillus|Aurantibacillus circumpalustris	11
barcode14_120_filtered	171	0.003616	758823	758823||Candidatus Melainabacteria|Vampirovibriophyceae|Vampirovibrionales||Vampirovibrio|Vampirovibrio chlorellavorus	169
barcode14_120_filtered	173	0.000278	1678841	1678841||Bacteroidota|Bacteroidia|Bacteroidales|Lentimicrobiaceae|Lentimicrobium|Lentimicrobium saccharophilum	12
barcode14_120_filtered	177	0.027579	642589	642589||Bacillota|Clostridia|Eubacteriales|Acutalibacteraceae|Caproiciproducens|Caproiciproducens galactitolivorans	113
barcode14_120_filtered	179	0.001712	2010828	2010828||Bacteroidota|Bacteroidia|Marinilabiliales|Prolixibacteraceae|Aquipluma|Aquipluma nitroreducens	79
barcode14_120_filtered	181	0.000257	288966	288966||Bacillota|Clostridia|Lutisporales|Lutisporaceae|Lutispora|Lutispora thermophila	4
barcode14_120_filtered	182	0.003122	913099	913099||Bacillota|Tissierellia|||Sedimentibacter|Sedimentibacter acidaminivorans	3
barcode14_120_filtered	184	0.003252	1944642	1944642||Bacillota|Clostridia|Eubacteriales|Oscillospiraceae|Marasmitruncus|Marasmitruncus massiliensis	134
barcode14_120_filtered	185	0.000644	130788	130788||Bacillota|Tissierellia|||Sedimentibacter|Sedimentibacter saalensis	17
barcode14_120_filtered	186	0.001819	1141888	1141888||Pseudomonadota|Alphaproteobacteria|Sphingomonadales|Sphingomonadaceae|Sphingomonas|Sphingomonas difficilis	16
barcode14_120_filtered	189	0.057304	2507161	2507161||Bacillota|Tissierellia|Tissierellales|Acidilutibacteraceae|Acidilutibacter|Acidilutibacter cellobiosedens	2594
barcode14_120_filtered	190	0.000298	655338	655338||Bacillota|Clostridia|Eubacteriales|Clostridiaceae|Fervidicella|Fervidicella metallireducens	9
barcode14_120_filtered	194	0.000235	2763654	2763654||Bacillota|Clostridia|Christensenellales|Christensenellaceae|Luoshenia|Luoshenia tenuis	8
barcode14_120_filtered	195	0.002589	74312;74313	74312||Pseudomonadota|Alphaproteobacteria|Caulobacterales|Caulobacteraceae|Brevundimonas|Brevundimonas variabilis;74313||Pseudomonadota|Alphaproteobacteria|Caulobacterales|Caulobacteraceae|Brevundimonas|Brevundimonas subvibrioides	50
barcode14_120_filtered	198	0.000428	2884263	2884263||Actinomycetota|Acidimicrobiia|Acidimicrobiales|Iamiaceae|Dermatobacter|Dermatobacter hominis	20
barcode14_120_filtered	201	0.000214	1157315;3350403	1157315||Bacillota|Clostridia|Eubacteriales|Clostridiaceae|Clostridium|Clostridium kogasense;3350403||Bacillota|Clostridia|Eubacteriales|Clostridiaceae|Clostridium|Clostridium caseinilyticum	11
barcode14_120_filtered	203	0.000642	373043	373043||Pseudomonadota|Alphaproteobacteria|Acetobacterales|Acetobacteraceae|Paeniroseomonas|Paeniroseomonas aquatica	29
barcode14_120_filtered	204	0.000578	36845	36845||Bacillota|Clostridia|Eubacteriales|Clostridiaceae|Clostridium|Clostridium intestinale	27
barcode14_120_filtered	206	0.000449	1337094	1337094||Bacillota|Clostridia|Eubacteriales|Oscillospiraceae|Ercella|Ercella succinigenes	17
barcode14_120_filtered	209	0.001540	1348470	1348470||Pseudomonadota|Alphaproteobacteria|Hyphomonadales|Hyphomonadaceae|Asprobacter|Asprobacter aquaticus	69
barcode14_120_filtered	210	0.001969	2820301	2820301||Bacillota|Clostridia|Eubacteriales|Acutalibacteraceae|Caproiciproducens|Caproiciproducens faecalis	45
barcode14_120_filtered	212	0.000392	2307010	2307010||Bacillota|Clostridia|Lachnospirales|Lachnospiraceae|Candidatus Galacturonatibacter|Candidatus Galacturonatibacter soehngenii	53
barcode15_120_filtered	2	0.005159	1076412	1076412||Bacillota|Negativicutes|Selenomonadales|Sporomusaceae|Pelosinus|Pelosinus defluvii	1
barcode15_120_filtered	3	0.008650	29355;48256;396504	29355||Bacillota|Clostridia|Eubacteriales|Oscillospiraceae|Ruminiclostridium|Ruminiclostridium cellobioparum;48256||Bacillota|Clostridia|Eubacteriales|Oscillospiraceae|Ruminiclostridium|Ruminiclostridium hungatei;396504||Bacillota|Clostridia|Eubacteriales|Oscillospiraceae|Ruminiclostridium|Ruminiclostridium sufflavum	10
barcode15_120_filtered	4	0.002360	1499;1521	1499||Bacillota|Clostridia|Eubacteriales|Oscillospiraceae|Ruminiclostridium|Ruminiclostridium josui;1521||Bacillota|Clostridia|Eubacteriales|Oscillospiraceae|Ruminiclostridium|Ruminiclostridium cellulolyticum	1
barcode15_120_filtered	5	0.004400	84032	84032||Bacillota|Clostridia|Eubacteriales|Clostridiaceae|Clostridium|Clostridium thermosuccinogenes	179
barcode15_120_filtered	7	0.000384	908809	908809||Bacillota|Clostridia|Eubacteriales|Clostridiaceae|Caloramator|Caloramator mitchellensis	2
barcode15_120_filtered	9	0.000959	365349;380084	365349||Bacillota|Negativicutes|Selenomonadales|Sporomusaceae|Pelosinus|Pelosinus fermentans;380084||Bacillota|Negativicutes|Selenomonadales|Sporomusaceae|Pelosinus|Pelosinus propionicus	5
barcode15_120_filtered	10	0.030651	659425	659425||Bacillota|Clostridia|Eubacteriales|Oscillospiraceae|Thermoclostridium|Thermoclostridium caenicola	11
barcode15_120_filtered	12	0.004122	288965	288965||Bacillota|Clostridia|Eubacteriales|Oscillospiraceae|Acetivibrio|Acetivibrio clariflavus	110
barcode15_120_filtered	14	0.012584	394284	394284||Bacillota|Negativicutes|Selenomonadales|Sporomusaceae|Psychrosinus|Psychrosinus fermentans	82
barcode15_120_filtered	20	0.000983	2590199;2918171;2925406	2590199||Myxococcota|Myxococcia|Myxococcales|Anaeromyxobacteraceae|Anaeromyxobacter|Anaeromyxobacter diazotrophicus;2918171||Myxococcota|Myxococcia|Myxococcales|Anaeromyxobacteraceae|Anaeromyxobacter|Anaeromyxobacter paludicola;2925406||Myxococcota|Myxococcia|Myxococcales|Anaeromyxobacteraceae|Anaeromyxobacter|Anaeromyxobacter terrae	8
barcode15_120_filtered	23	0.011234	364039;413882;1547922;2742824;2824118;2944811;3119538	364039||Pseudomonadota|Betaproteobacteria|Burkholderiales|Sphaerotilaceae|Azohydromonas|Azohydromonas australica;413882||Pseudomonadota|Betaproteobacteria|Burkholderiales|Sphaerotilaceae|Caldimonas|Caldimonas brevitalea;1547922||Pseudomonadota|Betaproteobacteria|Burkholderiales|Sphaerotilaceae|Piscinibacter|Piscinibacter sakaiensis;2742824||Pseudomonadota|Betaproteobacteria|Burkholderiales|Sphaerotilaceae|Piscinibacter|Piscinibacter koreensis;2824118||Pseudomonadota|Betaproteobacteria|Burkholderiales|Sphaerotilaceae|Ideonella|Ideonella alba;2944811||Pseudomonadota|Betaproteobacteria|Burkholderiales|Sphaerotilaceae|Caldimonas|Caldimonas mangrovi;3119538||Pseudomonadota|Betaproteobacteria|Burkholderiales|Sphaerotilaceae|Aquincola|Aquincola agrisoli	3
barcode15_120_filtered	27	0.000235	2066483	2066483|||Candidatus Babeliae|Candidatus Babeliales|Candidatus Chromulinivoraceae|Candidatus Chromulinivorax|Candidatus Chromulinivorax destructor	7
barcode15_120_filtered	29	0.020240	258515	258515||Bacillota|Clostridia|Eubacteriales|Oscillospiraceae|Acetanaerobacterium|Acetanaerobacterium elongatum	893
barcode15_120_filtered	33	0.000385	673862	673862|||Candidatus Babeliae|Candidatus Babeliales|Candidatus Babeliaceae|Candidatus Babela|Candidatus Babela massiliensis	1
barcode15_120_filtered	34	0.001067	1860101;2954386;2976531	1860101||Pseudomonadota|Betaproteobacteria|Rhodocyclales|Rhodocyclaceae|Propionivibrio|Candidatus Propionivibrio aalborgensis;2954386||Pseudomonadota|Betaproteobacteria|||Candidatus Accumulibacter|Candidatus Accumulibacter necessarius;2976531||Pseudomonadota|Betaproteobacteria|Rhodocyclales|Rhodocyclaceae|Propionivibrio|Propionivibrio soli	40
barcode15_120_filtered	37	0.004997	1379270;2732249	1379270||Gemmatimonadota|Gemmatimonadia|Gemmatimonadales|Gemmatimonadaceae|Gemmatimonas|Gemmatimonas phototrophica;2732249||Gemmatimonadota|Gemmatimonadia|Gemmatimonadales|Gemmatimonadaceae|Gemmatimonas|Gemmatimonas groenlandica	99
barcode15_120_filtered	40	0.002542	38402;225084;2683714	38402||Bacillota|Erysipelotrichia|Erysipelotrichales|Erysipelotrichaceae|Erysipelothrix|Erysipelothrix tonsillarum;225084||Bacillota|Erysipelotrichia|Erysipelotrichales|Erysipelotrichaceae|Erysipelothrix|Erysipelothrix inopinata;2683714||Bacillota|Erysipelotrichia|Erysipelotrichales|Erysipelotrichaceae|Erysipelothrix|Erysipelothrix aquatica	2
barcode15_120_filtered	41	0.001068	1236215	1236215||Bacillota|Clostridia|Eubacteriales|Peptococcaceae|Desulfovectis|Desulfovectis peckii	1
barcode15_120_filtered	42	0.001414	1488331;1537567	1488331||Bacillota|Clostridia|Eubacteriales|Eubacteriales Family XII. Incertae Sedis|Fusibacter|Fusibacter bizertensis;1537567||Bacillota|Clostridia|Eubacteriales|Eubacteriales Family XII. Incertae Sedis|Fusibacter|Fusibacter fontis	1
barcode15_120_filtered	44	0.001879	270498;626937;1805714;1816678;2763033	270498||Bacillota|Clostridia|Christensenellales|Christensenellaceae|Christensenella|Christensenella hongkongensis;626937||Bacillota|Clostridia|Christensenellales|Christensenellaceae|Christensenella|Christensenella minuta;1805714||Bacillota|Clostridia|Christensenellales|Christensenellaceae|Christensenella|Christensenella massiliensis;1816678||Bacillota|Clostridia|Christensenellales|Christensenellaceae|Christensenella|Christensenella timonensis;2763033||Bacillota|Clostridia|Christensenellales|Christensenellaceae|Christensenella|Christensenella tenuis	5
barcode15_120_filtered	46	0.083649	1515;253314	1515||Bacillota|Clostridia|Eubacteriales|Oscillospiraceae|Acetivibrio|Acetivibrio thermocellus;253314||Bacillota|Clostridia|Eubacteriales|Oscillospiraceae|Acetivibrio|Acetivibrio straminisolvens	6
barcode15_120_filtered	47	0.024381	433293;1679721	433293||Bacillota|Clostridia|Lachnospirales|Lachnospiraceae|Anaerotaenia|Anaerotaenia torta;1679721||Bacillota|Clostridia|Lachnospirales|Lachnospiraceae|Herbinix|Herbinix luporum	96
barcode15_120_filtered	48	0.000447	1650661;1673721;1689270;2108523;2763052;2763053;2986526	1650661||Bacillota|Clostridia|Eubacteriales|Clostridiaceae|Clostridium|Clostridium phoceensis;1673721||Bacillota|Clostridia|Eubacteriales||Intestinimonas|Intestinimonas massiliensis (ex Afouda et al. 2020);1689270||Bacillota|Clostridia|Eubacteriales||Intestinimonas|Intestinimonas timonensis;2108523||Bacillota|Clostridia|Eubacteriales|Oscillospiraceae|Lawsonibacter|Lawsonibacter asaccharolyticus;2763052||Bacillota|Clostridia|Eubacteriales|Oscillospiraceae|Lawsonibacter|Lawsonibacter faecis;2763053||Bacillota|Clostridia|Eubacteriales|Oscillospiraceae|Lawsonibacter|Lawsonibacter hominis;2986526||Bacillota|Clostridia|Eubacteriales|Oscillospiraceae|Lawsonibacter|Lawsonibacter celer	2
barcode15_120_filtered	50	0.029585	2576756	2576756||Bacillota|Clostridia|Eubacteriales|Acutalibacteraceae|Caproicibacter|Caproicibacter fermentans	1230
barcode15_120_filtered	52	0.000686	2763047;2981773	2763047||Bacillota|Clostridia|Eubacteriales||Flintibacter|Flintibacter faecis;2981773||Bacillota|Clostridia|Eubacteriales|Oscillospiraceae|Muriventricola|Muriventricola aceti	16
barcode15_120_filtered	53	0.000570	2763677	2763677||Bacillota|Clostridia|Eubacteriales|Oscillospiraceae|Zongyangia|Zongyangia hominis	1
barcode15_120_filtered	55	0.003007	351091;2763042	351091||Bacillota|Clostridia|Eubacteriales|Oscillospiraceae|Oscillibacter|Oscillibacter valericigenes;2763042||Bacillota|Clostridia|Eubacteriales|Oscillospiraceae|Dysosmobacter|Dysosmobacter segnis	4
barcode15_120_filtered	56	0.000965	1147123	1147123||Bacillota|Clostridia|Eubacteriales|Clostridiaceae|Caloramator|Caloramator quimbayensis	35
barcode15_120_filtered	60	0.000342	1852363	1852363||Bacillota|Clostridia|Eubacteriales|Beduinellaceae|Beduinella|Beduinella massiliensis	6
barcode15_120_filtered	64	0.000504	2963406;2994971	2963406||Actinomycetota|Actinomycetes|Micrococcales|Microbacteriaceae|Microcella|Microcella humidisoli;2994971||Actinomycetota|Actinomycetes|Micrococcales|Microbacteriaceae|Microcella|Microcella daejeonensis	10
barcode15_120_filtered	65	0.000427	474960	474960||Bacillota|Clostridia|Eubacteriales|Oscillospiraceae|Hydrogenoanaerobacterium|Hydrogenoanaerobacterium saccharovorans	19
barcode15_120_filtered	67	0.002991	985	985||Bacteroidota|Cytophagia|Cytophagales|Cytophagaceae|Cytophaga|Cytophaga hutchinsonii	117
barcode15_120_filtered	68	0.000989	1794912	1794912||Bacillota|Negativicutes||Acetonemataceae|Anaerosporomusa|Anaerosporomusa subterranea	44
barcode15_120_filtered	71	0.005570	1958780;2991836	1958780||Bacillota|Clostridia|Eubacteriales|Clostridiaceae|Clostridium|Clostridium merdae;2991836||Bacillota|Clostridia|Eubacteriales|Oscillospiraceae|Faecalispora|Faecalispora anaeroviscerum	9
barcode15_120_filtered	73	0.001480	44749	44749||Bacillota|Clostridia|Eubacteriales|Oscillospiraceae|Sporobacter|Sporobacter termitidis	4
barcode15_120_filtered	75	0.001453	1855912	1855912||Acidobacteriota|Vicinamibacteria|Vicinamibacterales|Vicinamibacteraceae|Luteitalea|Luteitalea pratensis	68
barcode15_120_filtered	80	0.009174	1550;219748;1499683	1550||Bacillota|Clostridia|Eubacteriales|Clostridiaceae|Clostridium|Clostridium subterminale;219748||Bacillota|Clostridia|Eubacteriales|Clostridiaceae|Clostridium|Clostridium tunisiense;1499683||Bacillota|Clostridia|Eubacteriales|Clostridiaceae|Clostridium|Clostridium culturomicium	4
barcode15_120_filtered	82	0.110967	1096341	1096341||Bacillota|Clostridia|Eubacteriales|Clostridiaceae|Fonticella|Fonticella tunisiensis	26
barcode15_120_filtered	85	0.000966	1716543	1716543||Bacillota|Clostridia|Eubacteriales|Clostridiaceae|Clostridium|Clostridium thermarum	35
barcode15_120_filtered	86	0.064205	36849	36849||Bacillota|Clostridia|Eubacteriales|Clostridiaceae|Oxobacter|Oxobacter pfennigii	25
barcode15_120_filtered	88	0.000479	1511	1511||Bacillota|Clostridia|Peptostreptococcales|Filifactoraceae|Acetoanaerobium|Acetoanaerobium sticklandii	10
barcode15_120_filtered	93	0.002692	2836848;3240932	2836848||Bacillota|Clostridia|Eubacteriales|Clostridiaceae|Clostridium|Clostridium aromativorans;3240932||Bacillota|Clostridia|Eubacteriales|Clostridiaceae|Clostridium|Clostridium moutaii	115
barcode15_120_filtered	94	0.001745	392610;940136;1078469;1282858	392610||Pseudomonadota|Alphaproteobacteria|Sphingomonadales|Sphingorhabdaceae|Sphingorhabdus|Sphingorhabdus lacus;940136||Pseudomonadota|Alphaproteobacteria|Sphingomonadales|Sphingorhabdaceae|Sphingorhabdus|Sphingorhabdus wooponensis;1078469||Pseudomonadota|Alphaproteobacteria|Sphingomonadales|Sphingorhabdaceae|Sphingorhabdus|Sphingorhabdus planktonica;1282858||Pseudomonadota|Alphaproteobacteria|Sphingomonadales|Sphingorhabdaceae|Sphingorhabdus|Sphingorhabdus rigui	1
barcode15_120_filtered	95	0.001796	2014610	2014610||Gemmatimonadota|Gemmatimonadia|Gemmatimonadales|Gemmatimonadaceae|Roseisolibacter|Roseisolibacter agri	22
barcode15_120_filtered	99	0.002136	2941510	2941510||Bacillota|Clostridia|Eubacteriales|Pumilibacteraceae|Pumilibacter|Pumilibacter muris	25
barcode15_120_filtered	100	0.001403	2038680	2038680||Bacillota|Clostridia|Eubacteriales|Oscillospiraceae|Paludihabitans|Paludihabitans psychrotolerans	51
barcode15_120_filtered	101	0.001662	2528036;2583234;2593021;2670345	2528036||Pseudomonadota|Alphaproteobacteria|Rhodobacterales|Paracoccaceae|Tabrizicola|Tabrizicola caldifontis;2583234||Pseudomonadota|Alphaproteobacteria|Rhodobacterales|Paracoccaceae|Paragemmobacter|Paragemmobacter kunshanensis;2593021||Pseudomonadota|Alphaproteobacteria|Rhodobacterales|Paracoccaceae|Tabrizicola|Tabrizicola flagellatus;2670345||Pseudomonadota|Alphaproteobacteria|Rhodobacterales|Paracoccaceae|Tabrizicola|Tabrizicola thermarum	1
barcode15_120_filtered	102	0.031762	320502	320502||Bacillota|Clostridia|Eubacteriales|Oscillospiraceae|Acetivibrio|Acetivibrio alkalicellulosi	2
barcode15_120_filtered	107	0.000369	1870986	1870986||Bacillota|Clostridia|Eubacteriales||Colidextribacter|Colidextribacter massiliensis	2
barcode15_120_filtered	110	0.007775	1460355;1632740;2175090;2305907;2559804;2741495;2771430;2782540	1460355||Pseudomonadota|Alphaproteobacteria|Sphingomonadales|Sphingomonadaceae|Sphingomonas|Sphingomonas mohensis;1632740||Pseudomonadota|Alphaproteobacteria|Sphingomonadales|Sphingomonadaceae|Sphingomonas|Sphingomonas zeicaulis;2175090||Pseudomonadota|Alphaproteobacteria|Sphingomonadales|Sphingomonadaceae|Sphingomonas|Sphingomonas pokkalii;2305907||Pseudomonadota|Alphaproteobacteria|Sphingomonadales|Sphingomonadaceae|Sphingomonas|Sphingomonas gilva;2559804||Pseudomonadota|Alphaproteobacteria|Sphingomonadales|Sphingomonadaceae|Sphingomonas|Sphingomonas flavalba;2741495||Pseudomonadota|Alphaproteobacteria|Sphingomonadales|Sphingomonadaceae|Sphingomonas|Sphingomonas hominis;2771430||Pseudomonadota|Alphaproteobacteria|Sphingomonadales|Sphingomicrobiaceae|Allosphingosinicella|Allosphingosinicella flava;2782540||Pseudomonadota|Alphaproteobacteria|Sphingomonadales|Sphingomonadaceae|Sphingomonas|Sphingomonas beigongshangi	5
barcode15_120_filtered	112	0.004533	29353;35830	29353||Bacillota|Clostridia|Eubacteriales|Oscillospiraceae|Acetivibrio|Acetivibrio aldrichii;35830||Bacillota|Clostridia|Eubacteriales|Oscillospiraceae|Acetivibrio|Acetivibrio cellulolyticus	34
barcode15_120_filtered	117	0.003184	879969	879969||Bacteroidota|Bacteroidia|Bacteroidales|Porphyromonadaceae|Macellibacteroides|Macellibacteroides fermentans	2
barcode15_120_filtered	118	0.000409	651663	651663||Pseudomonadota|Alphaproteobacteria|Sphingomonadales|Sphingopyxidaceae|Sphingopyxis|Sphingopyxis bauzanensis	6
barcode15_120_filtered	119	0.000641	2655001	2655001||Bacillota|Clostridia|Eubacteriales|Eubacteriaceae|Alkalibaculum|Alkalibaculum sporogenes	25
barcode15_120_filtered	123	0.002108	1495	1495||Bacillota|Clostridia|Eubacteriales|Clostridiaceae|Clostridium|Clostridium cylindrosporum	10
barcode15_120_filtered	125	0.004105	1439888;1981098;2672568;2675220	1439888||Pseudomonadota|Alphaproteobacteria|Sphingomonadales|Sphingosinicellaceae|Sandarakinorhabdus|Sandarakinorhabdus fusca;1981098||Pseudomonadota|Alphaproteobacteria|Sphingomonadales|Sphingosinicellaceae|Sandarakinorhabdus|Sandarakinorhabdus cyanobacteriorum;2672568||Pseudomonadota|Alphaproteobacteria|Sphingomonadales|Sphingosinicellaceae|Sandarakinorhabdus|Sandarakinorhabdus rubra;2675220||Pseudomonadota|Alphaproteobacteria|Sphingomonadales|Sphingosinicellaceae|Sandarakinorhabdus|Sandarakinorhabdus oryzae	18
barcode15_120_filtered	126	0.001196	2675059;2675060	2675059||Pseudomonadota|Gammaproteobacteria|Lysobacterales|Lysobacteraceae|Lysobacter|Lysobacter helvus;2675060||Pseudomonadota|Gammaproteobacteria|Lysobacterales|Lysobacteraceae|Lysobacter|Lysobacter xanthus	1
barcode15_120_filtered	127	0.004051	433286;1727145;2696063	433286||Bacillota|Clostridia|Lachnospirales|Lachnospiraceae|Anaerocolumna|Anaerocolumna cellulosilytica;1727145||Bacillota|Clostridia|Lachnospirales|Lachnospiraceae|Anaerocolumna|Anaerocolumna chitinilytica;2696063||Bacillota|Clostridia|Lachnospirales|Lachnospiraceae|Anaerocolumna|Anaerocolumna sedimenticola	11
barcode15_120_filtered	129	0.000375	1841868	1841868||Bacillota|Clostridia|Eubacteriales|Oscillospiraceae|Provencibacterium|Provencibacterium massiliense	5
barcode15_120_filtered	137	0.000278	1960156	1960156||Abditibacteriota|Abditibacteriia|Abditibacteriales|Abditibacteriaceae|Abditibacterium|Abditibacterium utsteinense	15
barcode15_120_filtered	138	0.001396	484882;2786951	484882||Pseudomonadota|Alphaproteobacteria|Acetobacterales|Roseomonadaceae|Falsiroseomonas|Falsiroseomonas stagni;2786951||Pseudomonadota|Alphaproteobacteria|Acetobacterales|Roseomonadaceae|Falsiroseomonas|Falsiroseomonas ponticola	15
barcode15_120_filtered	143	0.004739	433287	433287||Bacillota|Clostridia|Lachnospirales|Anaerotignaceae|Anaerotignum|Anaerotignum aminivorans	2
barcode15_120_filtered	145	0.001028	408174;665118;2917991	408174||Pseudomonadota|Alphaproteobacteria|Hyphomicrobiales|Devosiaceae|Devosia|Devosia insulae;665118||Pseudomonadota|Alphaproteobacteria|Hyphomicrobiales|Devosiaceae|Devosia|Devosia enhydra;2917991||Pseudomonadota|Alphaproteobacteria|Hyphomicrobiales|Devosiaceae|Devosia|Devosia lacusdianchii	13
barcode15_120_filtered	146	0.004168	52692	52692||Bacillota|Clostridia|Eubacteriales|Eubacteriaceae|Acetobacterium|Acetobacterium malicum	2
barcode15_120_filtered	147	0.016319	295419;687525;1123067;2585369;2817372	295419||Pseudomonadota|Alphaproteobacteria|Rhodobacterales|Roseobacteraceae|Rubellimicrobium|Rubellimicrobium thermophilum;687525||Pseudomonadota|Alphaproteobacteria|Rhodobacterales|Roseobacteraceae|Rubellimicrobium|Rubellimicrobium roseum;1123067||Pseudomonadota|Alphaproteobacteria|Rhodobacterales|Roseobacteraceae|Rubellimicrobium|Rubellimicrobium mesophilum;2585369||Pseudomonadota|Alphaproteobacteria|Rhodobacterales|Roseobacteraceae|Rubellimicrobium|Rubellimicrobium rubrum;2817372||Pseudomonadota|Alphaproteobacteria|Rhodobacterales|Roseobacteraceae|Rubellimicrobium|Rubellimicrobium arenae	11
barcode15_120_filtered	148	0.001730	1367462	1367462||Bacillota|Clostridia|Eubacteriales|Clostridiaceae|Clostridium|Clostridium swellfunianum	35
barcode15_120_filtered	153	0.000726	1658620	1658620||Rhodothermota|Rhodothermia|Rhodothermales|Rubricoccaceae|Rubrivirga|Rubrivirga profundi	13
barcode15_120_filtered	155	0.000889	1244894;1538021;1550728	1244894||Pseudomonadota|Alphaproteobacteria|Sphingomonadales|Sphingomonadaceae|Sphingomonas|Sphingomonas fonticola;1538021||Pseudomonadota|Alphaproteobacteria|Sphingomonadales|Sphingomonadaceae|Novosphingobium|Novosphingobium tardum;1550728||Pseudomonadota|Alphaproteobacteria|Sphingomonadales|Blastomonadaceae|Blastomonas|Blastomonas fulva	16
barcode15_120_filtered	158	0.062066	875041;909926;933059;1445661;2030009;2185115;2305252;2494374;2709381;2909234	875041||Pseudomonadota|Alphaproteobacteria|Rhodobacterales|Paracoccaceae|Neogemmobacter|Neogemmobacter tilapiae;909926||Pseudomonadota|Alphaproteobacteria|Rhodobacterales|Paracoccaceae|Tabrizicola|Tabrizicola aquatica;933059||Pseudomonadota|Alphaproteobacteria|Rhodobacterales|Paracoccaceae|Gemmobacter|Gemmobacter aquatilis;1445661||Pseudomonadota|Alphaproteobacteria|Rhodobacterales|Paracoccaceae|Aliigemmobacter|Aliigemmobacter aestuarii;2030009||Pseudomonadota|Alphaproteobacteria|Rhodobacterales|Paracoccaceae|Pseudotabrizicola|Pseudotabrizicola formosa;2185115||Pseudomonadota|Alphaproteobacteria|Rhodobacterales|Paracoccaceae|Tabrizicola|Tabrizicola soli;2305252||Pseudomonadota|Alphaproteobacteria|Rhodobacterales|Paracoccaceae|Pseudotabrizicola|Pseudotabrizicola alkalilacus;2494374||Pseudomonadota|Alphaproteobacteria|Rhodobacterales|Paracoccaceae|Tabrizicola|Tabrizicola piscis;2709381||Pseudomonadota|Alphaproteobacteria|Rhodobacterales|Paracoccaceae|Pseudotabrizicola|Pseudotabrizicola algicola;2909234||Pseudomonadota|Alphaproteobacteria|Rhodobacterales|Paracoccaceae|Aliitabrizicola|Alitabrizicola rongguiensis	20
barcode15_120_filtered	159	0.064007	2496273	2496273||Bacillota|Clostridia|Caldicoprobacterales|Xylanivirgaceae|Xylanivirga|Xylanivirga thermophila	251
barcode15_120_filtered	161	0.000324	1527	1527||Bacillota|Clostridia|Lachnospirales|Lachnospiraceae|Anaerocolumna|Anaerocolumna aminovalerica	1
barcode15_120_filtered	166	0.001018	1297424	1297424||Bacillota|Clostridia|Eubacteriales|Oscillospiraceae|Anaerobacterium|Anaerobacterium chartisolvens	3
barcode15_120_filtered	167	0.003655	1462919;2755051	1462919||Bacillota|Clostridia|Lachnospirales|Lachnospiraceae|Mobilitalea|Mobilitalea sibirica;2755051||Bacillota|Clostridia|Lachnospirales|Lachnospiraceae|Variimorphobacter|Variimorphobacter saccharofermentans	20
barcode15_120_filtered	168	0.000320	3036359	3036359||Bacteroidota|Sphingobacteriia|Sphingobacteriales|Aurantibacillaceae|Aurantibacillus|Aurantibacillus circumpalustris	15
barcode15_120_filtered	171	0.002948	758823	758823||Candidatus Melainabacteria|Vampirovibriophyceae|Vampirovibrionales||Vampirovibrio|Vampirovibrio chlorellavorus	139
barcode15_120_filtered	177	0.026026	642589	642589||Bacillota|Clostridia|Eubacteriales|Acutalibacteraceae|Caproiciproducens|Caproiciproducens galactitolivorans	184
barcode15_120_filtered	179	0.001474	2010828	2010828||Bacteroidota|Bacteroidia|Marinilabiliales|Prolixibacteraceae|Aquipluma|Aquipluma nitroreducens	68
barcode15_120_filtered	182	0.002786	913099	913099||Bacillota|Tissierellia|||Sedimentibacter|Sedimentibacter acidaminivorans	4
barcode15_120_filtered	184	0.003078	1944642	1944642||Bacillota|Clostridia|Eubacteriales|Oscillospiraceae|Marasmitruncus|Marasmitruncus massiliensis	128
barcode15_120_filtered	185	0.000825	130788	130788||Bacillota|Tissierellia|||Sedimentibacter|Sedimentibacter saalensis	14
barcode15_120_filtered	186	0.001404	1141888	1141888||Pseudomonadota|Alphaproteobacteria|Sphingomonadales|Sphingomonadaceae|Sphingomonas|Sphingomonas difficilis	14
barcode15_120_filtered	189	0.050823	2507161	2507161||Bacillota|Tissierellia|Tissierellales|Acidilutibacteraceae|Acidilutibacter|Acidilutibacter cellobiosedens	2308
barcode15_120_filtered	190	0.000579	655338	655338||Bacillota|Clostridia|Eubacteriales|Clostridiaceae|Fervidicella|Fervidicella metallireducens	13
barcode15_120_filtered	195	0.002363	74312;74313	74312||Pseudomonadota|Alphaproteobacteria|Caulobacterales|Caulobacteraceae|Brevundimonas|Brevundimonas variabilis;74313||Pseudomonadota|Alphaproteobacteria|Caulobacterales|Caulobacteraceae|Brevundimonas|Brevundimonas subvibrioides	96
barcode15_120_filtered	198	0.000620	2884263	2884263||Actinomycetota|Acidimicrobiia|Acidimicrobiales|Iamiaceae|Dermatobacter|Dermatobacter hominis	26
barcode15_120_filtered	201	0.000373	1157315;3350403	1157315||Bacillota|Clostridia|Eubacteriales|Clostridiaceae|Clostridium|Clostridium kogasense;3350403||Bacillota|Clostridia|Eubacteriales|Clostridiaceae|Clostridium|Clostridium caseinilyticum	4
barcode15_120_filtered	203	0.000577	373043	373043||Pseudomonadota|Alphaproteobacteria|Acetobacterales|Acetobacteraceae|Paeniroseomonas|Paeniroseomonas aquatica	27
barcode15_120_filtered	204	0.000278	36845	36845||Bacillota|Clostridia|Eubacteriales|Clostridiaceae|Clostridium|Clostridium intestinale	13
barcode15_120_filtered	209	0.001346	1348470	1348470||Pseudomonadota|Alphaproteobacteria|Hyphomonadales|Hyphomonadaceae|Asprobacter|Asprobacter aquaticus	60
barcode15_120_filtered	210	0.002094	2820301	2820301||Bacillota|Clostridia|Eubacteriales|Acutalibacteraceae|Caproiciproducens|Caproiciproducens faecalis	46
barcode15_120_filtered	212	0.000309	2307010	2307010||Bacillota|Clostridia|Lachnospirales|Lachnospiraceae|Candidatus Galacturonatibacter|Candidatus Galacturonatibacter soehngenii	56
barcode16_120_filtered	2	0.006393	1076412	1076412||Bacillota|Negativicutes|Selenomonadales|Sporomusaceae|Pelosinus|Pelosinus defluvii	4
barcode16_120_filtered	3	0.039510	29355;48256;396504	29355||Bacillota|Clostridia|Eubacteriales|Oscillospiraceae|Ruminiclostridium|Ruminiclostridium cellobioparum;48256||Bacillota|Clostridia|Eubacteriales|Oscillospiraceae|Ruminiclostridium|Ruminiclostridium hungatei;396504||Bacillota|Clostridia|Eubacteriales|Oscillospiraceae|Ruminiclostridium|Ruminiclostridium sufflavum	33
barcode16_120_filtered	4	0.023354	1499;1521	1499||Bacillota|Clostridia|Eubacteriales|Oscillospiraceae|Ruminiclostridium|Ruminiclostridium josui;1521||Bacillota|Clostridia|Eubacteriales|Oscillospiraceae|Ruminiclostridium|Ruminiclostridium cellulolyticum	8
barcode16_120_filtered	5	0.000368	84032	84032||Bacillota|Clostridia|Eubacteriales|Clostridiaceae|Clostridium|Clostridium thermosuccinogenes	14
barcode16_120_filtered	9	0.001246	365349;380084	365349||Bacillota|Negativicutes|Selenomonadales|Sporomusaceae|Pelosinus|Pelosinus fermentans;380084||Bacillota|Negativicutes|Selenomonadales|Sporomusaceae|Pelosinus|Pelosinus propionicus	26
barcode16_120_filtered	10	0.003024	659425	659425||Bacillota|Clostridia|Eubacteriales|Oscillospiraceae|Thermoclostridium|Thermoclostridium caenicola	9
barcode16_120_filtered	12	0.002726	288965	288965||Bacillota|Clostridia|Eubacteriales|Oscillospiraceae|Acetivibrio|Acetivibrio clariflavus	84
barcode16_120_filtered	13	0.001659	1032527	1032527||Verrucomicrobiota|Pedosphaerae|Pedosphaerales|Pedosphaeraceae|Pedosphaera|Pedosphaera parvula	81
barcode16_120_filtered	14	0.012733	394284	394284||Bacillota|Negativicutes|Selenomonadales|Sporomusaceae|Psychrosinus|Psychrosinus fermentans	49
barcode16_120_filtered	16	0.004375	2763673	2763673||Bacillota|Clostridia|Eubacteriales|Oscillospiraceae|Yanshouia|Yanshouia hominis	184
barcode16_120_filtered	18	0.004180	342666	342666||Bacillota|Clostridia|Eubacteriales|Gracilibacteraceae|Gracilibacter|Gracilibacter thermotolerans	34
barcode16_120_filtered	19	0.001924	209080	209080||Bacillota|Negativicutes|Selenomonadales|Sporomusaceae|Propionispora|Propionispora hippei	16
barcode16_120_filtered	20	0.005503	2590199;2918171;2925406	2590199||Myxococcota|Myxococcia|Myxococcales|Anaeromyxobacteraceae|Anaeromyxobacter|Anaeromyxobacter diazotrophicus;2918171||Myxococcota|Myxococcia|Myxococcales|Anaeromyxobacteraceae|Anaeromyxobacter|Anaeromyxobacter paludicola;2925406||Myxococcota|Myxococcia|Myxococcales|Anaeromyxobacteraceae|Anaeromyxobacter|Anaeromyxobacter terrae	26
barcode16_120_filtered	21	0.000408	1514105	1514105||Bacillota|Erysipelotrichia|Erysipelotrichales|Erysipelotrichaceae|Erysipelothrix|Erysipelothrix larvae	11
barcode16_120_filtered	22	0.005545	3046382;3046383	3046382||Bacillota|Clostridia|Eubacteriales|Aristaeellaceae|Aristaeella|Aristaeella hokkaidonensis;3046383||Bacillota|Clostridia|Eubacteriales|Aristaeellaceae|Aristaeella|Aristaeella lactis	6
barcode16_120_filtered	23	0.009094	364039;413882;1547922;2742824;2824118;2944811;3119538	364039||Pseudomonadota|Betaproteobacteria|Burkholderiales|Sphaerotilaceae|Azohydromonas|Azohydromonas australica;413882||Pseudomonadota|Betaproteobacteria|Burkholderiales|Sphaerotilaceae|Caldimonas|Caldimonas brevitalea;1547922||Pseudomonadota|Betaproteobacteria|Burkholderiales|Sphaerotilaceae|Piscinibacter|Piscinibacter sakaiensis;2742824||Pseudomonadota|Betaproteobacteria|Burkholderiales|Sphaerotilaceae|Piscinibacter|Piscinibacter koreensis;2824118||Pseudomonadota|Betaproteobacteria|Burkholderiales|Sphaerotilaceae|Ideonella|Ideonella alba;2944811||Pseudomonadota|Betaproteobacteria|Burkholderiales|Sphaerotilaceae|Caldimonas|Caldimonas mangrovi;3119538||Pseudomonadota|Betaproteobacteria|Burkholderiales|Sphaerotilaceae|Aquincola|Aquincola agrisoli	3
barcode16_120_filtered	24	0.004862	47679;112901;204936	47679||Bacillota|Negativicutes|Selenomonadales|Sporomusaceae|Sporomusa|Sporomusa sphaeroides;112901||Bacillota|Negativicutes|Selenomonadales|Sporomusaceae|Sporomusa|Sporomusa malonica;204936||Bacillota|Negativicutes|Selenomonadales|Sporomusaceae|Sporomusa|Sporomusa aerivorans	12
barcode16_120_filtered	26	0.000353	1470354	1470354||Bacillota|Clostridia|Eubacteriales||Candidatus Soleaferrea|Candidatus Soleaferrea massiliensis	1
barcode16_120_filtered	27	0.000488	2066483	2066483|||Candidatus Babeliae|Candidatus Babeliales|Candidatus Chromulinivoraceae|Candidatus Chromulinivorax|Candidatus Chromulinivorax destructor	9
barcode16_120_filtered	29	0.007662	258515	258515||Bacillota|Clostridia|Eubacteriales|Oscillospiraceae|Acetanaerobacterium|Acetanaerobacterium elongatum	328
barcode16_120_filtered	31	0.002231	192843;758826;2527691;2596921;2793270;3386187	192843||Pseudomonadota|Betaproteobacteria|Burkholderiales|Comamonadaceae|Rhodoferax|Rhodoferax ferrireducens;758826||Pseudomonadota|Betaproteobacteria|Burkholderiales|Comamonadaceae|Acidovorax|Acidovorax radicis;2527691||Pseudomonadota|Betaproteobacteria|Burkholderiales|Comamonadaceae|Rhodoferax|Rhodoferax aquaticus;2596921||Pseudomonadota|Betaproteobacteria|Burkholderiales|Comamonadaceae|Caenimonas|Caenimonas sedimenti;2793270||Pseudomonadota|Betaproteobacteria|Burkholderiales|Comamonadaceae|Caenimonas|Caenimonas aquaedulcis;3386187||Pseudomonadota|Betaproteobacteria|Burkholderiales|Comamonadaceae|Candidatus Aalborgicola|Candidatus Aalborgicola defluviihabitans	8
barcode16_120_filtered	33	0.000546	673862	673862|||Candidatus Babeliae|Candidatus Babeliales|Candidatus Babeliaceae|Candidatus Babela|Candidatus Babela massiliensis	2
barcode16_120_filtered	34	0.001324	1860101;2954386;2976531	1860101||Pseudomonadota|Betaproteobacteria|Rhodocyclales|Rhodocyclaceae|Propionivibrio|Candidatus Propionivibrio aalborgensis;2954386||Pseudomonadota|Betaproteobacteria|||Candidatus Accumulibacter|Candidatus Accumulibacter necessarius;2976531||Pseudomonadota|Betaproteobacteria|Rhodocyclales|Rhodocyclaceae|Propionivibrio|Propionivibrio soli	33
barcode16_120_filtered	35	0.000472	3073143	3073143||Bacillota|Clostridia|Eubacteriales|Oscillospiraceae|Bengtsoniella|Bengtsoniella intestinalis	2
barcode16_120_filtered	36	0.004007	2725268	2725268||Mycoplasmatota|Mollicutes|Candidatus Izemoplasmatales|Hujiaoplasmataceae|Hujiaoplasma|Hujiaoplasma nucleasis	179
barcode16_120_filtered	37	0.002734	1379270;2732249	1379270||Gemmatimonadota|Gemmatimonadia|Gemmatimonadales|Gemmatimonadaceae|Gemmatimonas|Gemmatimonas phototrophica;2732249||Gemmatimonadota|Gemmatimonadia|Gemmatimonadales|Gemmatimonadaceae|Gemmatimonas|Gemmatimonas groenlandica	50
barcode16_120_filtered	40	0.020589	38402;225084;2683714	38402||Bacillota|Erysipelotrichia|Erysipelotrichales|Erysipelotrichaceae|Erysipelothrix|Erysipelothrix tonsillarum;225084||Bacillota|Erysipelotrichia|Erysipelotrichales|Erysipelotrichaceae|Erysipelothrix|Erysipelothrix inopinata;2683714||Bacillota|Erysipelotrichia|Erysipelotrichales|Erysipelotrichaceae|Erysipelothrix|Erysipelothrix aquatica	21
barcode16_120_filtered	42	0.009875	1488331;1537567	1488331||Bacillota|Clostridia|Eubacteriales|Eubacteriales Family XII. Incertae Sedis|Fusibacter|Fusibacter bizertensis;1537567||Bacillota|Clostridia|Eubacteriales|Eubacteriales Family XII. Incertae Sedis|Fusibacter|Fusibacter fontis	35
barcode16_120_filtered	44	0.010752	270498;626937;1805714;1816678;2763033	270498||Bacillota|Clostridia|Christensenellales|Christensenellaceae|Christensenella|Christensenella hongkongensis;626937||Bacillota|Clostridia|Christensenellales|Christensenellaceae|Christensenella|Christensenella minuta;1805714||Bacillota|Clostridia|Christensenellales|Christensenellaceae|Christensenella|Christensenella massiliensis;1816678||Bacillota|Clostridia|Christensenellales|Christensenellaceae|Christensenella|Christensenella timonensis;2763033||Bacillota|Clostridia|Christensenellales|Christensenellaceae|Christensenella|Christensenella tenuis	21
barcode16_120_filtered	46	0.019686	1515;253314	1515||Bacillota|Clostridia|Eubacteriales|Oscillospiraceae|Acetivibrio|Acetivibrio thermocellus;253314||Bacillota|Clostridia|Eubacteriales|Oscillospiraceae|Acetivibrio|Acetivibrio straminisolvens	9
barcode16_120_filtered	47	0.022389	433293;1679721	433293||Bacillota|Clostridia|Lachnospirales|Lachnospiraceae|Anaerotaenia|Anaerotaenia torta;1679721||Bacillota|Clostridia|Lachnospirales|Lachnospiraceae|Herbinix|Herbinix luporum	61
barcode16_120_filtered	48	0.019671	1650661;1673721;1689270;2108523;2763052;2763053;2986526	1650661||Bacillota|Clostridia|Eubacteriales|Clostridiaceae|Clostridium|Clostridium phoceensis;1673721||Bacillota|Clostridia|Eubacteriales||Intestinimonas|Intestinimonas massiliensis (ex Afouda et al. 2020);1689270||Bacillota|Clostridia|Eubacteriales||Intestinimonas|Intestinimonas timonensis;2108523||Bacillota|Clostridia|Eubacteriales|Oscillospiraceae|Lawsonibacter|Lawsonibacter asaccharolyticus;2763052||Bacillota|Clostridia|Eubacteriales|Oscillospiraceae|Lawsonibacter|Lawsonibacter faecis;2763053||Bacillota|Clostridia|Eubacteriales|Oscillospiraceae|Lawsonibacter|Lawsonibacter hominis;2986526||Bacillota|Clostridia|Eubacteriales|Oscillospiraceae|Lawsonibacter|Lawsonibacter celer	7
barcode16_120_filtered	49	0.001288	33953;2818044	33953||Bacillota|Clostridia|Eubacteriales|Clostridiaceae|Clostridium|Clostridium aminobutyricum;2818044||Bacillota|Clostridia|Peptostreptococcales|Anaerovoracaceae|Sinanaerobacter|Sinanaerobacter chloroacetimidivorans	4
barcode16_120_filtered	51	0.006182	2941519	2941519||Bacillota|Clostridia|Eubacteriales|Oscillospiraceae|Vermiculatibacterium|Vermiculatibacterium agrestimuris	1
barcode16_120_filtered	52	0.001545	2763047;2981773	2763047||Bacillota|Clostridia|Eubacteriales||Flintibacter|Flintibacter faecis;2981773||Bacillota|Clostridia|Eubacteriales|Oscillospiraceae|Muriventricola|Muriventricola aceti	11
barcode16_120_filtered	55	0.008756	351091;2763042	351091||Bacillota|Clostridia|Eubacteriales|Oscillospiraceae|Oscillibacter|Oscillibacter valericigenes;2763042||Bacillota|Clostridia|Eubacteriales|Oscillospiraceae|Dysosmobacter|Dysosmobacter segnis	6
barcode16_120_filtered	56	0.000431	1147123	1147123||Bacillota|Clostridia|Eubacteriales|Clostridiaceae|Caloramator|Caloramator quimbayensis	22
barcode16_120_filtered	57	0.000349	2714355;3376993	2714355||Bacillota|Clostridia|Eubacteriales|Oscillospiraceae|Vescimonas|Vescimonas coprocola;3376993||Bacillota|Clostridia|Eubacteriales|Oscillospiraceae|Vescimonas|Vescimonas sanitatis	3
barcode16_120_filtered	58	0.002945	398199;2804028	398199||Bacillota|Clostridia|Eubacteriales|Clostridiaceae|Proteiniclasticum|Proteiniclasticum ruminis;2804028||Bacillota|Clostridia|Eubacteriales|Clostridiaceae|Proteiniclasticum|Proteiniclasticum sediminis	5
barcode16_120_filtered	60	0.046151	1852363	1852363||Bacillota|Clostridia|Eubacteriales|Beduinellaceae|Beduinella|Beduinella massiliensis	17
barcode16_120_filtered	64	0.000407	2963406;2994971	2963406||Actinomycetota|Actinomycetes|Micrococcales|Microbacteriaceae|Microcella|Microcella humidisoli;2994971||Actinomycetota|Actinomycetes|Micrococcales|Microbacteriaceae|Microcella|Microcella daejeonensis	12
barcode16_120_filtered	65	0.000883	474960	474960||Bacillota|Clostridia|Eubacteriales|Oscillospiraceae|Hydrogenoanaerobacterium|Hydrogenoanaerobacterium saccharovorans	37
barcode16_120_filtered	66	0.000579	319644	319644||Bacillota|Clostridia|Eubacteriales|Oscillospiraceae|Saccharofermentans|Saccharofermentans acetigenes	9
barcode16_120_filtered	67	0.001702	985	985||Bacteroidota|Cytophagia|Cytophagales|Cytophagaceae|Cytophaga|Cytophaga hutchinsonii	57
barcode16_120_filtered	68	0.011741	1794912	1794912||Bacillota|Negativicutes||Acetonemataceae|Anaerosporomusa|Anaerosporomusa subterranea	495
barcode16_120_filtered	70	0.003774	1940525;2283627	1940525||Bacteroidota|Bacteroidia|Marinilabiliales|Marinifilaceae|Labilibaculum|Labilibaculum manganireducens;2283627||Bacteroidota|Bacteroidia|Marinilabiliales|Marinifilaceae|Ancylomarina|Ancylomarina euxinus	1
barcode16_120_filtered	73	0.008021	44749	44749||Bacillota|Clostridia|Eubacteriales|Oscillospiraceae|Sporobacter|Sporobacter termitidis	33
barcode16_120_filtered	75	0.000991	1855912	1855912||Acidobacteriota|Vicinamibacteria|Vicinamibacterales|Vicinamibacteraceae|Luteitalea|Luteitalea pratensis	40
barcode16_120_filtered	76	0.000463	1121298;1325933	1121298||Bacillota|Clostridia|Eubacteriales|Clostridiaceae|Clostridium|Clostridium amylolyticum;1325933||Bacillota|Clostridia|Eubacteriales|Clostridiaceae|Clostridium|Clostridium polynesiense	5
barcode16_120_filtered	82	0.056958	1096341	1096341||Bacillota|Clostridia|Eubacteriales|Clostridiaceae|Fonticella|Fonticella tunisiensis	42
barcode16_120_filtered	84	0.002101	2508949	2508949||Bacillota|Clostridia|Christensenellales|Christensenellaceae|Candidatus Borkfalkia|Candidatus Borkfalkia ceftriaxoniphila	12
barcode16_120_filtered	85	0.000476	1716543	1716543||Bacillota|Clostridia|Eubacteriales|Clostridiaceae|Clostridium|Clostridium thermarum	3
barcode16_120_filtered	86	0.010871	36849	36849||Bacillota|Clostridia|Eubacteriales|Clostridiaceae|Oxobacter|Oxobacter pfennigii	13
barcode16_120_filtered	88	0.001099	1511	1511||Bacillota|Clostridia|Peptostreptococcales|Filifactoraceae|Acetoanaerobium|Acetoanaerobium sticklandii	6
barcode16_120_filtered	94	0.000350	392610;940136;1078469;1282858	392610||Pseudomonadota|Alphaproteobacteria|Sphingomonadales|Sphingorhabdaceae|Sphingorhabdus|Sphingorhabdus lacus;940136||Pseudomonadota|Alphaproteobacteria|Sphingomonadales|Sphingorhabdaceae|Sphingorhabdus|Sphingorhabdus wooponensis;1078469||Pseudomonadota|Alphaproteobacteria|Sphingomonadales|Sphingorhabdaceae|Sphingorhabdus|Sphingorhabdus planktonica;1282858||Pseudomonadota|Alphaproteobacteria|Sphingomonadales|Sphingorhabdaceae|Sphingorhabdus|Sphingorhabdus rigui	1
barcode16_120_filtered	95	0.002189	2014610	2014610||Gemmatimonadota|Gemmatimonadia|Gemmatimonadales|Gemmatimonadaceae|Roseisolibacter|Roseisolibacter agri	13
barcode16_120_filtered	96	0.002801	1332188	1332188||Candidatus Saccharimonadota|Candidatus Saccharimonadia|Candidatus Saccharimonadales|Candidatus Saccharimonadaceae|Candidatus Saccharimonas|Candidatus Saccharimonas aalborgensis	95
barcode16_120_filtered	97	0.014304	100176	100176||Bacillota|Clostridia|Eubacteriales|Oscillospiraceae|Papillibacter|Papillibacter cinnamivorans	3
barcode16_120_filtered	99	0.007897	2941510	2941510||Bacillota|Clostridia|Eubacteriales|Pumilibacteraceae|Pumilibacter|Pumilibacter muris	5
barcode16_120_filtered	100	0.000926	2038680	2038680||Bacillota|Clostridia|Eubacteriales|Oscillospiraceae|Paludihabitans|Paludihabitans psychrotolerans	30
barcode16_120_filtered	101	0.005273	2528036;2583234;2593021;2670345	2528036||Pseudomonadota|Alphaproteobacteria|Rhodobacterales|Paracoccaceae|Tabrizicola|Tabrizicola caldifontis;2583234||Pseudomonadota|Alphaproteobacteria|Rhodobacterales|Paracoccaceae|Paragemmobacter|Paragemmobacter kunshanensis;2593021||Pseudomonadota|Alphaproteobacteria|Rhodobacterales|Paracoccaceae|Tabrizicola|Tabrizicola flagellatus;2670345||Pseudomonadota|Alphaproteobacteria|Rhodobacterales|Paracoccaceae|Tabrizicola|Tabrizicola thermarum	4
barcode16_120_filtered	102	0.005141	320502	320502||Bacillota|Clostridia|Eubacteriales|Oscillospiraceae|Acetivibrio|Acetivibrio alkalicellulosi	9
barcode16_120_filtered	104	0.000656	2184016;2766473	2184016||Pseudomonadota|Alphaproteobacteria|Acetobacterales|Roseomonadaceae|Falsiroseomonas|Falsiroseomonas bella;2766473||Pseudomonadota|Alphaproteobacteria|Acetobacterales|Roseomonadaceae|Falsiroseomonas|Falsiroseomonas oryzae	1
barcode16_120_filtered	105	0.001727	118967	118967||Bacillota|Erysipelotrichia|Erysipelotrichales|Erysipelotrichaceae|Anaerorhabdus|Anaerorhabdus furcosa	10
barcode16_120_filtered	107	0.001106	1870986	1870986||Bacillota|Clostridia|Eubacteriales||Colidextribacter|Colidextribacter massiliensis	7
barcode16_120_filtered	109	0.000926	55583	55583||Bacillota|Clostridia|Eubacteriales|Desulfitobacteriaceae|Dehalobacter|Dehalobacter restrictus	6
barcode16_120_filtered	110	0.001435	1460355;1632740;2175090;2305907;2559804;2741495;2771430;2782540	1460355||Pseudomonadota|Alphaproteobacteria|Sphingomonadales|Sphingomonadaceae|Sphingomonas|Sphingomonas mohensis;1632740||Pseudomonadota|Alphaproteobacteria|Sphingomonadales|Sphingomonadaceae|Sphingomonas|Sphingomonas zeicaulis;2175090||Pseudomonadota|Alphaproteobacteria|Sphingomonadales|Sphingomonadaceae|Sphingomonas|Sphingomonas pokkalii;2305907||Pseudomonadota|Alphaproteobacteria|Sphingomonadales|Sphingomonadaceae|Sphingomonas|Sphingomonas gilva;2559804||Pseudomonadota|Alphaproteobacteria|Sphingomonadales|Sphingomonadaceae|Sphingomonas|Sphingomonas flavalba;2741495||Pseudomonadota|Alphaproteobacteria|Sphingomonadales|Sphingomonadaceae|Sphingomonas|Sphingomonas hominis;2771430||Pseudomonadota|Alphaproteobacteria|Sphingomonadales|Sphingomicrobiaceae|Allosphingosinicella|Allosphingosinicella flava;2782540||Pseudomonadota|Alphaproteobacteria|Sphingomonadales|Sphingomonadaceae|Sphingomonas|Sphingomonas beigongshangi	5
barcode16_120_filtered	112	0.005165	29353;35830	29353||Bacillota|Clostridia|Eubacteriales|Oscillospiraceae|Acetivibrio|Acetivibrio aldrichii;35830||Bacillota|Clostridia|Eubacteriales|Oscillospiraceae|Acetivibrio|Acetivibrio cellulolyticus	31
barcode16_120_filtered	117	0.029111	879969	879969||Bacteroidota|Bacteroidia|Bacteroidales|Porphyromonadaceae|Macellibacteroides|Macellibacteroides fermentans	11
barcode16_120_filtered	118	0.000691	651663	651663||Pseudomonadota|Alphaproteobacteria|Sphingomonadales|Sphingopyxidaceae|Sphingopyxis|Sphingopyxis bauzanensis	12
barcode16_120_filtered	119	0.000368	2655001	2655001||Bacillota|Clostridia|Eubacteriales|Eubacteriaceae|Alkalibaculum|Alkalibaculum sporogenes	11
barcode16_120_filtered	121	0.000279	884684	884684||Bacillota|Clostridia|Eubacteriales|Oscillospiraceae|Mageeibacillus|Mageeibacillus indolicus	6
barcode16_120_filtered	123	0.004198	1495	1495||Bacillota|Clostridia|Eubacteriales|Clostridiaceae|Clostridium|Clostridium cylindrosporum	7
barcode16_120_filtered	125	0.002859	1439888;1981098;2672568;2675220	1439888||Pseudomonadota|Alphaproteobacteria|Sphingomonadales|Sphingosinicellaceae|Sandarakinorhabdus|Sandarakinorhabdus fusca;1981098||Pseudomonadota|Alphaproteobacteria|Sphingomonadales|Sphingosinicellaceae|Sandarakinorhabdus|Sandarakinorhabdus cyanobacteriorum;2672568||Pseudomonadota|Alphaproteobacteria|Sphingomonadales|Sphingosinicellaceae|Sandarakinorhabdus|Sandarakinorhabdus rubra;2675220||Pseudomonadota|Alphaproteobacteria|Sphingomonadales|Sphingosinicellaceae|Sandarakinorhabdus|Sandarakinorhabdus oryzae	8
barcode16_120_filtered	127	0.000611	433286;1727145;2696063	433286||Bacillota|Clostridia|Lachnospirales|Lachnospiraceae|Anaerocolumna|Anaerocolumna cellulosilytica;1727145||Bacillota|Clostridia|Lachnospirales|Lachnospiraceae|Anaerocolumna|Anaerocolumna chitinilytica;2696063||Bacillota|Clostridia|Lachnospirales|Lachnospiraceae|Anaerocolumna|Anaerocolumna sedimenticola	2
barcode16_120_filtered	129	0.001040	1841868	1841868||Bacillota|Clostridia|Eubacteriales|Oscillospiraceae|Provencibacterium|Provencibacterium massiliense	5
barcode16_120_filtered	137	0.002348	1960156	1960156||Abditibacteriota|Abditibacteriia|Abditibacteriales|Abditibacteriaceae|Abditibacterium|Abditibacterium utsteinense	113
barcode16_120_filtered	138	0.000385	484882;2786951	484882||Pseudomonadota|Alphaproteobacteria|Acetobacterales|Roseomonadaceae|Falsiroseomonas|Falsiroseomonas stagni;2786951||Pseudomonadota|Alphaproteobacteria|Acetobacterales|Roseomonadaceae|Falsiroseomonas|Falsiroseomonas ponticola	5
barcode16_120_filtered	141	0.000409	912;340268	912||Pseudomonadota|Alphaproteobacteria|Hyphomicrobiales|Nitrobacteraceae|Nitrobacter|Nitrobacter hamburgensis;340268||Pseudomonadota|Alphaproteobacteria|Hyphomicrobiales|Nitrobacteraceae|Tardiphaga|Tardiphaga alba	1
barcode16_120_filtered	143	0.001790	433287	433287||Bacillota|Clostridia|Lachnospirales|Anaerotignaceae|Anaerotignum|Anaerotignum aminivorans	4
barcode16_120_filtered	145	0.001120	408174;665118;2917991	408174||Pseudomonadota|Alphaproteobacteria|Hyphomicrobiales|Devosiaceae|Devosia|Devosia insulae;665118||Pseudomonadota|Alphaproteobacteria|Hyphomicrobiales|Devosiaceae|Devosia|Devosia enhydra;2917991||Pseudomonadota|Alphaproteobacteria|Hyphomicrobiales|Devosiaceae|Devosia|Devosia lacusdianchii	12
barcode16_120_filtered	146	0.006488	52692	52692||Bacillota|Clostridia|Eubacteriales|Eubacteriaceae|Acetobacterium|Acetobacterium malicum	8
barcode16_120_filtered	147	0.006671	295419;687525;1123067;2585369;2817372	295419||Pseudomonadota|Alphaproteobacteria|Rhodobacterales|Roseobacteraceae|Rubellimicrobium|Rubellimicrobium thermophilum;687525||Pseudomonadota|Alphaproteobacteria|Rhodobacterales|Roseobacteraceae|Rubellimicrobium|Rubellimicrobium roseum;1123067||Pseudomonadota|Alphaproteobacteria|Rhodobacterales|Roseobacteraceae|Rubellimicrobium|Rubellimicrobium mesophilum;2585369||Pseudomonadota|Alphaproteobacteria|Rhodobacterales|Roseobacteraceae|Rubellimicrobium|Rubellimicrobium rubrum;2817372||Pseudomonadota|Alphaproteobacteria|Rhodobacterales|Roseobacteraceae|Rubellimicrobium|Rubellimicrobium arenae	3
barcode16_120_filtered	148	0.000485	1367462	1367462||Bacillota|Clostridia|Eubacteriales|Clostridiaceae|Clostridium|Clostridium swellfunianum	11
barcode16_120_filtered	150	0.001092	35825	35825||Bacillota|Clostridia|Eubacteriales|Oscillospiraceae|Pseudobacteroides|Pseudobacteroides cellulosolvens	5
barcode16_120_filtered	155	0.001508	1244894;1538021;1550728	1244894||Pseudomonadota|Alphaproteobacteria|Sphingomonadales|Sphingomonadaceae|Sphingomonas|Sphingomonas fonticola;1538021||Pseudomonadota|Alphaproteobacteria|Sphingomonadales|Sphingomonadaceae|Novosphingobium|Novosphingobium tardum;1550728||Pseudomonadota|Alphaproteobacteria|Sphingomonadales|Blastomonadaceae|Blastomonas|Blastomonas fulva	1
barcode16_120_filtered	157	0.000863	29345	29345||Bacillota|Tissierellia|||Sedimentibacter|Sedimentibacter hydroxybenzoicus	2
barcode16_120_filtered	158	0.043885	875041;909926;933059;1445661;2030009;2185115;2305252;2494374;2709381;2909234	875041||Pseudomonadota|Alphaproteobacteria|Rhodobacterales|Paracoccaceae|Neogemmobacter|Neogemmobacter tilapiae;909926||Pseudomonadota|Alphaproteobacteria|Rhodobacterales|Paracoccaceae|Tabrizicola|Tabrizicola aquatica;933059||Pseudomonadota|Alphaproteobacteria|Rhodobacterales|Paracoccaceae|Gemmobacter|Gemmobacter aquatilis;1445661||Pseudomonadota|Alphaproteobacteria|Rhodobacterales|Paracoccaceae|Aliigemmobacter|Aliigemmobacter aestuarii;2030009||Pseudomonadota|Alphaproteobacteria|Rhodobacterales|Paracoccaceae|Pseudotabrizicola|Pseudotabrizicola formosa;2185115||Pseudomonadota|Alphaproteobacteria|Rhodobacterales|Paracoccaceae|Tabrizicola|Tabrizicola soli;2305252||Pseudomonadota|Alphaproteobacteria|Rhodobacterales|Paracoccaceae|Pseudotabrizicola|Pseudotabrizicola alkalilacus;2494374||Pseudomonadota|Alphaproteobacteria|Rhodobacterales|Paracoccaceae|Tabrizicola|Tabrizicola piscis;2709381||Pseudomonadota|Alphaproteobacteria|Rhodobacterales|Paracoccaceae|Pseudotabrizicola|Pseudotabrizicola algicola;2909234||Pseudomonadota|Alphaproteobacteria|Rhodobacterales|Paracoccaceae|Aliitabrizicola|Alitabrizicola rongguiensis	39
barcode16_120_filtered	159	0.036254	2496273	2496273||Bacillota|Clostridia|Caldicoprobacterales|Xylanivirgaceae|Xylanivirga|Xylanivirga thermophila	171
barcode16_120_filtered	163	0.000410	2780922	2780922||Bacillota|Clostridia|Eubacteriales|Oscillospiraceae|Solibaculum|Solibaculum mannosilyticum	3
barcode16_120_filtered	164	0.000452	111831	111831||Pseudomonadota|Alphaproteobacteria|Rhodospirillales|Rhodospirillaceae|Defluviicoccus|Defluviicoccus vanus	20
barcode16_120_filtered	166	0.001026	1297424	1297424||Bacillota|Clostridia|Eubacteriales|Oscillospiraceae|Anaerobacterium|Anaerobacterium chartisolvens	7
barcode16_120_filtered	167	0.002454	1462919;2755051	1462919||Bacillota|Clostridia|Lachnospirales|Lachnospiraceae|Mobilitalea|Mobilitalea sibirica;2755051||Bacillota|Clostridia|Lachnospirales|Lachnospiraceae|Variimorphobacter|Variimorphobacter saccharofermentans	16
barcode16_120_filtered	171	0.001594	758823	758823||Candidatus Melainabacteria|Vampirovibriophyceae|Vampirovibrionales||Vampirovibrio|Vampirovibrio chlorellavorus	74
barcode16_120_filtered	173	0.002328	1678841	1678841||Bacteroidota|Bacteroidia|Bacteroidales|Lentimicrobiaceae|Lentimicrobium|Lentimicrobium saccharophilum	107
barcode16_120_filtered	177	0.002945	642589	642589||Bacillota|Clostridia|Eubacteriales|Acutalibacteraceae|Caproiciproducens|Caproiciproducens galactitolivorans	4
barcode16_120_filtered	179	0.027113	2010828	2010828||Bacteroidota|Bacteroidia|Marinilabiliales|Prolixibacteraceae|Aquipluma|Aquipluma nitroreducens	1222
barcode16_120_filtered	180	0.000741	121428;365341;1395957;2933566	121428||Pseudomonadota|Alphaproteobacteria|Sphingomonadales|Sphingobiaceae|Sphingobium|Sphingobium xenophagum;365341||Pseudomonadota|Alphaproteobacteria|Sphingomonadales|Sphingobiaceae|Sphingobium|Sphingobium aromaticiconvertens;1395957||Pseudomonadota|Alphaproteobacteria|Sphingomonadales|Sphingobiaceae|Sphingobium|Sphingobium endophyticum;2933566||Pseudomonadota|Alphaproteobacteria|Sphingomonadales|Sphingobiaceae|Sphingobium|Sphingobium agri	15
barcode16_120_filtered	181	0.073169	288966	288966||Bacillota|Clostridia|Lutisporales|Lutisporaceae|Lutispora|Lutispora thermophila	3141
barcode16_120_filtered	182	0.013700	913099	913099||Bacillota|Tissierellia|||Sedimentibacter|Sedimentibacter acidaminivorans	16
barcode16_120_filtered	184	0.001702	1944642	1944642||Bacillota|Clostridia|Eubacteriales|Oscillospiraceae|Marasmitruncus|Marasmitruncus massiliensis	57
barcode16_120_filtered	185	0.013720	130788	130788||Bacillota|Tissierellia|||Sedimentibacter|Sedimentibacter saalensis	445
barcode16_120_filtered	186	0.000383	1141888	1141888||Pseudomonadota|Alphaproteobacteria|Sphingomonadales|Sphingomonadaceae|Sphingomonas|Sphingomonas difficilis	6
barcode16_120_filtered	187	0.000259	1796619	1796619||Bacillota|Clostridia|Eubacteriales|Eubacteriaceae|Irregularibacter|Irregularibacter muris	2
barcode16_120_filtered	189	0.005191	2507161	2507161||Bacillota|Tissierellia|Tissierellales|Acidilutibacteraceae|Acidilutibacter|Acidilutibacter cellobiosedens	218
barcode16_120_filtered	190	0.000512	655338	655338||Bacillota|Clostridia|Eubacteriales|Clostridiaceae|Fervidicella|Fervidicella metallireducens	13
barcode16_120_filtered	192	0.000280	360412	360412||Chloroflexota|Anaerolineae|Anaerolineales|Anaerolineaceae|Longilinea|Longilinea arvoryzae	11
barcode16_120_filtered	194	0.002600	2763654	2763654||Bacillota|Clostridia|Christensenellales|Christensenellaceae|Luoshenia|Luoshenia tenuis	22
barcode16_120_filtered	195	0.000489	74312;74313	74312||Pseudomonadota|Alphaproteobacteria|Caulobacterales|Caulobacteraceae|Brevundimonas|Brevundimonas variabilis;74313||Pseudomonadota|Alphaproteobacteria|Caulobacterales|Caulobacteraceae|Brevundimonas|Brevundimonas subvibrioides	14
barcode16_120_filtered	196	0.000646	1473598	1473598||Acidobacteriota|Terriglobia|Bryobacterales|Bryobacteraceae|Paludibaculum|Paludibaculum fermentans	1
barcode16_120_filtered	197	0.000366	1639882	1639882||Gemmatimonadota|Longimicrobiia|Longimicrobiales|Longimicrobiaceae|Longimicrobium|Longimicrobium terrae	17
barcode16_120_filtered	198	0.000431	2884263	2884263||Actinomycetota|Acidimicrobiia|Acidimicrobiales|Iamiaceae|Dermatobacter|Dermatobacter hominis	19
barcode16_120_filtered	206	0.000840	1337094	1337094||Bacillota|Clostridia|Eubacteriales|Oscillospiraceae|Ercella|Ercella succinigenes	33
barcode16_120_filtered	208	0.001942	3133167	3133167||Bacillota|Clostridia|Eubacteriales|Oscillospiraceae|Faecousia|Faecousia intestinalis	18
barcode16_120_filtered	209	0.001013	1348470	1348470||Pseudomonadota|Alphaproteobacteria|Hyphomonadales|Hyphomonadaceae|Asprobacter|Asprobacter aquaticus	44
barcode16_120_filtered	210	0.000280	2820301	2820301||Bacillota|Clostridia|Eubacteriales|Acutalibacteraceae|Caproiciproducens|Caproiciproducens faecalis	9
barcode17_120_filtered	2	0.004051	1076412	1076412||Bacillota|Negativicutes|Selenomonadales|Sporomusaceae|Pelosinus|Pelosinus defluvii	3
barcode17_120_filtered	3	0.025529	29355;48256;396504	29355||Bacillota|Clostridia|Eubacteriales|Oscillospiraceae|Ruminiclostridium|Ruminiclostridium cellobioparum;48256||Bacillota|Clostridia|Eubacteriales|Oscillospiraceae|Ruminiclostridium|Ruminiclostridium hungatei;396504||Bacillota|Clostridia|Eubacteriales|Oscillospiraceae|Ruminiclostridium|Ruminiclostridium sufflavum	19
barcode17_120_filtered	4	0.012444	1499;1521	1499||Bacillota|Clostridia|Eubacteriales|Oscillospiraceae|Ruminiclostridium|Ruminiclostridium josui;1521||Bacillota|Clostridia|Eubacteriales|Oscillospiraceae|Ruminiclostridium|Ruminiclostridium cellulolyticum	5
barcode17_120_filtered	5	0.000373	84032	84032||Bacillota|Clostridia|Eubacteriales|Clostridiaceae|Clostridium|Clostridium thermosuccinogenes	15
barcode17_120_filtered	9	0.001129	365349;380084	365349||Bacillota|Negativicutes|Selenomonadales|Sporomusaceae|Pelosinus|Pelosinus fermentans;380084||Bacillota|Negativicutes|Selenomonadales|Sporomusaceae|Pelosinus|Pelosinus propionicus	14
barcode17_120_filtered	10	0.003321	659425	659425||Bacillota|Clostridia|Eubacteriales|Oscillospiraceae|Thermoclostridium|Thermoclostridium caenicola	12
barcode17_120_filtered	12	0.001764	288965	288965||Bacillota|Clostridia|Eubacteriales|Oscillospiraceae|Acetivibrio|Acetivibrio clariflavus	31
barcode17_120_filtered	13	0.001155	1032527	1032527||Verrucomicrobiota|Pedosphaerae|Pedosphaerales|Pedosphaeraceae|Pedosphaera|Pedosphaera parvula	55
barcode17_120_filtered	14	0.009992	394284	394284||Bacillota|Negativicutes|Selenomonadales|Sporomusaceae|Psychrosinus|Psychrosinus fermentans	32
barcode17_120_filtered	16	0.004984	2763673	2763673||Bacillota|Clostridia|Eubacteriales|Oscillospiraceae|Yanshouia|Yanshouia hominis	209
barcode17_120_filtered	18	0.002054	342666	342666||Bacillota|Clostridia|Eubacteriales|Gracilibacteraceae|Gracilibacter|Gracilibacter thermotolerans	16
barcode17_120_filtered	19	0.001652	209080	209080||Bacillota|Negativicutes|Selenomonadales|Sporomusaceae|Propionispora|Propionispora hippei	12
barcode17_120_filtered	20	0.006087	2590199;2918171;2925406	2590199||Myxococcota|Myxococcia|Myxococcales|Anaeromyxobacteraceae|Anaeromyxobacter|Anaeromyxobacter diazotrophicus;2918171||Myxococcota|Myxococcia|Myxococcales|Anaeromyxobacteraceae|Anaeromyxobacter|Anaeromyxobacter paludicola;2925406||Myxococcota|Myxococcia|Myxococcales|Anaeromyxobacteraceae|Anaeromyxobacter|Anaeromyxobacter terrae	30
barcode17_120_filtered	21	0.000316	1514105	1514105||Bacillota|Erysipelotrichia|Erysipelotrichales|Erysipelotrichaceae|Erysipelothrix|Erysipelothrix larvae	4
barcode17_120_filtered	22	0.014573	3046382;3046383	3046382||Bacillota|Clostridia|Eubacteriales|Aristaeellaceae|Aristaeella|Aristaeella hokkaidonensis;3046383||Bacillota|Clostridia|Eubacteriales|Aristaeellaceae|Aristaeella|Aristaeella lactis	8
barcode17_120_filtered	23	0.016371	364039;413882;1547922;2742824;2824118;2944811;3119538	364039||Pseudomonadota|Betaproteobacteria|Burkholderiales|Sphaerotilaceae|Azohydromonas|Azohydromonas australica;413882||Pseudomonadota|Betaproteobacteria|Burkholderiales|Sphaerotilaceae|Caldimonas|Caldimonas brevitalea;1547922||Pseudomonadota|Betaproteobacteria|Burkholderiales|Sphaerotilaceae|Piscinibacter|Piscinibacter sakaiensis;2742824||Pseudomonadota|Betaproteobacteria|Burkholderiales|Sphaerotilaceae|Piscinibacter|Piscinibacter koreensis;2824118||Pseudomonadota|Betaproteobacteria|Burkholderiales|Sphaerotilaceae|Ideonella|Ideonella alba;2944811||Pseudomonadota|Betaproteobacteria|Burkholderiales|Sphaerotilaceae|Caldimonas|Caldimonas mangrovi;3119538||Pseudomonadota|Betaproteobacteria|Burkholderiales|Sphaerotilaceae|Aquincola|Aquincola agrisoli	4
barcode17_120_filtered	24	0.000340	47679;112901;204936	47679||Bacillota|Negativicutes|Selenomonadales|Sporomusaceae|Sporomusa|Sporomusa sphaeroides;112901||Bacillota|Negativicutes|Selenomonadales|Sporomusaceae|Sporomusa|Sporomusa malonica;204936||Bacillota|Negativicutes|Selenomonadales|Sporomusaceae|Sporomusa|Sporomusa aerivorans	1
barcode17_120_filtered	26	0.000505	1470354	1470354||Bacillota|Clostridia|Eubacteriales||Candidatus Soleaferrea|Candidatus Soleaferrea massiliensis	7
barcode17_120_filtered	27	0.000498	2066483	2066483|||Candidatus Babeliae|Candidatus Babeliales|Candidatus Chromulinivoraceae|Candidatus Chromulinivorax|Candidatus Chromulinivorax destructor	9
barcode17_120_filtered	29	0.013643	258515	258515||Bacillota|Clostridia|Eubacteriales|Oscillospiraceae|Acetanaerobacterium|Acetanaerobacterium elongatum	599
barcode17_120_filtered	31	0.005913	192843;758826;2527691;2596921;2793270;3386187	192843||Pseudomonadota|Betaproteobacteria|Burkholderiales|Comamonadaceae|Rhodoferax|Rhodoferax ferrireducens;758826||Pseudomonadota|Betaproteobacteria|Burkholderiales|Comamonadaceae|Acidovorax|Acidovorax radicis;2527691||Pseudomonadota|Betaproteobacteria|Burkholderiales|Comamonadaceae|Rhodoferax|Rhodoferax aquaticus;2596921||Pseudomonadota|Betaproteobacteria|Burkholderiales|Comamonadaceae|Caenimonas|Caenimonas sedimenti;2793270||Pseudomonadota|Betaproteobacteria|Burkholderiales|Comamonadaceae|Caenimonas|Caenimonas aquaedulcis;3386187||Pseudomonadota|Betaproteobacteria|Burkholderiales|Comamonadaceae|Candidatus Aalborgicola|Candidatus Aalborgicola defluviihabitans	5
barcode17_120_filtered	33	0.000771	673862	673862|||Candidatus Babeliae|Candidatus Babeliales|Candidatus Babeliaceae|Candidatus Babela|Candidatus Babela massiliensis	5
barcode17_120_filtered	34	0.004001	1860101;2954386;2976531	1860101||Pseudomonadota|Betaproteobacteria|Rhodocyclales|Rhodocyclaceae|Propionivibrio|Candidatus Propionivibrio aalborgensis;2954386||Pseudomonadota|Betaproteobacteria|||Candidatus Accumulibacter|Candidatus Accumulibacter necessarius;2976531||Pseudomonadota|Betaproteobacteria|Rhodocyclales|Rhodocyclaceae|Propionivibrio|Propionivibrio soli	46
barcode17_120_filtered	35	0.000373	3073143	3073143||Bacillota|Clostridia|Eubacteriales|Oscillospiraceae|Bengtsoniella|Bengtsoniella intestinalis	3
barcode17_120_filtered	36	0.006438	2725268	2725268||Mycoplasmatota|Mollicutes|Candidatus Izemoplasmatales|Hujiaoplasmataceae|Hujiaoplasma|Hujiaoplasma nucleasis	293
barcode17_120_filtered	37	0.003047	1379270;2732249	1379270||Gemmatimonadota|Gemmatimonadia|Gemmatimonadales|Gemmatimonadaceae|Gemmatimonas|Gemmatimonas phototrophica;2732249||Gemmatimonadota|Gemmatimonadia|Gemmatimonadales|Gemmatimonadaceae|Gemmatimonas|Gemmatimonas groenlandica	57
barcode17_120_filtered	40	0.017895	38402;225084;2683714	38402||Bacillota|Erysipelotrichia|Erysipelotrichales|Erysipelotrichaceae|Erysipelothrix|Erysipelothrix tonsillarum;225084||Bacillota|Erysipelotrichia|Erysipelotrichales|Erysipelotrichaceae|Erysipelothrix|Erysipelothrix inopinata;2683714||Bacillota|Erysipelotrichia|Erysipelotrichales|Erysipelotrichaceae|Erysipelothrix|Erysipelothrix aquatica	9
barcode17_120_filtered	42	0.007059	1488331;1537567	1488331||Bacillota|Clostridia|Eubacteriales|Eubacteriales Family XII. Incertae Sedis|Fusibacter|Fusibacter bizertensis;1537567||Bacillota|Clostridia|Eubacteriales|Eubacteriales Family XII. Incertae Sedis|Fusibacter|Fusibacter fontis	24
barcode17_120_filtered	44	0.010830	270498;626937;1805714;1816678;2763033	270498||Bacillota|Clostridia|Christensenellales|Christensenellaceae|Christensenella|Christensenella hongkongensis;626937||Bacillota|Clostridia|Christensenellales|Christensenellaceae|Christensenella|Christensenella minuta;1805714||Bacillota|Clostridia|Christensenellales|Christensenellaceae|Christensenella|Christensenella massiliensis;1816678||Bacillota|Clostridia|Christensenellales|Christensenellaceae|Christensenella|Christensenella timonensis;2763033||Bacillota|Clostridia|Christensenellales|Christensenellaceae|Christensenella|Christensenella tenuis	22
barcode17_120_filtered	46	0.031407	1515;253314	1515||Bacillota|Clostridia|Eubacteriales|Oscillospiraceae|Acetivibrio|Acetivibrio thermocellus;253314||Bacillota|Clostridia|Eubacteriales|Oscillospiraceae|Acetivibrio|Acetivibrio straminisolvens	10
barcode17_120_filtered	47	0.013319	433293;1679721	433293||Bacillota|Clostridia|Lachnospirales|Lachnospiraceae|Anaerotaenia|Anaerotaenia torta;1679721||Bacillota|Clostridia|Lachnospirales|Lachnospiraceae|Herbinix|Herbinix luporum	20
barcode17_120_filtered	48	0.027780	1650661;1673721;1689270;2108523;2763052;2763053;2986526	1650661||Bacillota|Clostridia|Eubacteriales|Clostridiaceae|Clostridium|Clostridium phoceensis;1673721||Bacillota|Clostridia|Eubacteriales||Intestinimonas|Intestinimonas massiliensis (ex Afouda et al. 2020);1689270||Bacillota|Clostridia|Eubacteriales||Intestinimonas|Intestinimonas timonensis;2108523||Bacillota|Clostridia|Eubacteriales|Oscillospiraceae|Lawsonibacter|Lawsonibacter asaccharolyticus;2763052||Bacillota|Clostridia|Eubacteriales|Oscillospiraceae|Lawsonibacter|Lawsonibacter faecis;2763053||Bacillota|Clostridia|Eubacteriales|Oscillospiraceae|Lawsonibacter|Lawsonibacter hominis;2986526||Bacillota|Clostridia|Eubacteriales|Oscillospiraceae|Lawsonibacter|Lawsonibacter celer	15
barcode17_120_filtered	49	0.001199	33953;2818044	33953||Bacillota|Clostridia|Eubacteriales|Clostridiaceae|Clostridium|Clostridium aminobutyricum;2818044||Bacillota|Clostridia|Peptostreptococcales|Anaerovoracaceae|Sinanaerobacter|Sinanaerobacter chloroacetimidivorans	3
barcode17_120_filtered	51	0.004665	2941519	2941519||Bacillota|Clostridia|Eubacteriales|Oscillospiraceae|Vermiculatibacterium|Vermiculatibacterium agrestimuris	4
barcode17_120_filtered	52	0.001406	2763047;2981773	2763047||Bacillota|Clostridia|Eubacteriales||Flintibacter|Flintibacter faecis;2981773||Bacillota|Clostridia|Eubacteriales|Oscillospiraceae|Muriventricola|Muriventricola aceti	12
barcode17_120_filtered	55	0.012251	351091;2763042	351091||Bacillota|Clostridia|Eubacteriales|Oscillospiraceae|Oscillibacter|Oscillibacter valericigenes;2763042||Bacillota|Clostridia|Eubacteriales|Oscillospiraceae|Dysosmobacter|Dysosmobacter segnis	4
barcode17_120_filtered	56	0.000425	1147123	1147123||Bacillota|Clostridia|Eubacteriales|Clostridiaceae|Caloramator|Caloramator quimbayensis	14
barcode17_120_filtered	57	0.000597	2714355;3376993	2714355||Bacillota|Clostridia|Eubacteriales|Oscillospiraceae|Vescimonas|Vescimonas coprocola;3376993||Bacillota|Clostridia|Eubacteriales|Oscillospiraceae|Vescimonas|Vescimonas sanitatis	2
barcode17_120_filtered	58	0.002836	398199;2804028	398199||Bacillota|Clostridia|Eubacteriales|Clostridiaceae|Proteiniclasticum|Proteiniclasticum ruminis;2804028||Bacillota|Clostridia|Eubacteriales|Clostridiaceae|Proteiniclasticum|Proteiniclasticum sediminis	11
barcode17_120_filtered	60	0.038233	1852363	1852363||Bacillota|Clostridia|Eubacteriales|Beduinellaceae|Beduinella|Beduinella massiliensis	15
barcode17_120_filtered	64	0.000406	2963406;2994971	2963406||Actinomycetota|Actinomycetes|Micrococcales|Microbacteriaceae|Microcella|Microcella humidisoli;2994971||Actinomycetota|Actinomycetes|Micrococcales|Microbacteriaceae|Microcella|Microcella daejeonensis	17
barcode17_120_filtered	65	0.000321	474960	474960||Bacillota|Clostridia|Eubacteriales|Oscillospiraceae|Hydrogenoanaerobacterium|Hydrogenoanaerobacterium saccharovorans	12
barcode17_120_filtered	66	0.000835	319644	319644||Bacillota|Clostridia|Eubacteriales|Oscillospiraceae|Saccharofermentans|Saccharofermentans acetigenes	11
barcode17_120_filtered	67	0.001989	985	985||Bacteroidota|Cytophagia|Cytophagales|Cytophagaceae|Cytophaga|Cytophaga hutchinsonii	76
barcode17_120_filtered	68	0.009197	1794912	1794912||Bacillota|Negativicutes||Acetonemataceae|Anaerosporomusa|Anaerosporomusa subterranea	393
barcode17_120_filtered	70	0.000938	1940525;2283627	1940525||Bacteroidota|Bacteroidia|Marinilabiliales|Marinifilaceae|Labilibaculum|Labilibaculum manganireducens;2283627||Bacteroidota|Bacteroidia|Marinilabiliales|Marinifilaceae|Ancylomarina|Ancylomarina euxinus	1
barcode17_120_filtered	71	0.000844	1958780;2991836	1958780||Bacillota|Clostridia|Eubacteriales|Clostridiaceae|Clostridium|Clostridium merdae;2991836||Bacillota|Clostridia|Eubacteriales|Oscillospiraceae|Faecalispora|Faecalispora anaeroviscerum	1
barcode17_120_filtered	73	0.009878	44749	44749||Bacillota|Clostridia|Eubacteriales|Oscillospiraceae|Sporobacter|Sporobacter termitidis	66
barcode17_120_filtered	75	0.001198	1855912	1855912||Acidobacteriota|Vicinamibacteria|Vicinamibacterales|Vicinamibacteraceae|Luteitalea|Luteitalea pratensis	53
barcode17_120_filtered	76	0.001552	1121298;1325933	1121298||Bacillota|Clostridia|Eubacteriales|Clostridiaceae|Clostridium|Clostridium amylolyticum;1325933||Bacillota|Clostridia|Eubacteriales|Clostridiaceae|Clostridium|Clostridium polynesiense	23
barcode17_120_filtered	82	0.052688	1096341	1096341||Bacillota|Clostridia|Eubacteriales|Clostridiaceae|Fonticella|Fonticella tunisiensis	22
barcode17_120_filtered	84	0.009968	2508949	2508949||Bacillota|Clostridia|Christensenellales|Christensenellaceae|Candidatus Borkfalkia|Candidatus Borkfalkia ceftriaxoniphila	40
barcode17_120_filtered	85	0.000748	1716543	1716543||Bacillota|Clostridia|Eubacteriales|Clostridiaceae|Clostridium|Clostridium thermarum	8
barcode17_120_filtered	86	0.015805	36849	36849||Bacillota|Clostridia|Eubacteriales|Clostridiaceae|Oxobacter|Oxobacter pfennigii	9
barcode17_120_filtered	88	0.000428	1511	1511||Bacillota|Clostridia|Peptostreptococcales|Filifactoraceae|Acetoanaerobium|Acetoanaerobium sticklandii	8
barcode17_120_filtered	94	0.001460	392610;940136;1078469;1282858	392610||Pseudomonadota|Alphaproteobacteria|Sphingomonadales|Sphingorhabdaceae|Sphingorhabdus|Sphingorhabdus lacus;940136||Pseudomonadota|Alphaproteobacteria|Sphingomonadales|Sphingorhabdaceae|Sphingorhabdus|Sphingorhabdus wooponensis;1078469||Pseudomonadota|Alphaproteobacteria|Sphingomonadales|Sphingorhabdaceae|Sphingorhabdus|Sphingorhabdus planktonica;1282858||Pseudomonadota|Alphaproteobacteria|Sphingomonadales|Sphingorhabdaceae|Sphingorhabdus|Sphingorhabdus rigui	1
barcode17_120_filtered	95	0.002236	2014610	2014610||Gemmatimonadota|Gemmatimonadia|Gemmatimonadales|Gemmatimonadaceae|Roseisolibacter|Roseisolibacter agri	18
barcode17_120_filtered	96	0.003123	1332188	1332188||Candidatus Saccharimonadota|Candidatus Saccharimonadia|Candidatus Saccharimonadales|Candidatus Saccharimonadaceae|Candidatus Saccharimonas|Candidatus Saccharimonas aalborgensis	104
barcode17_120_filtered	97	0.014008	100176	100176||Bacillota|Clostridia|Eubacteriales|Oscillospiraceae|Papillibacter|Papillibacter cinnamivorans	13
barcode17_120_filtered	99	0.042663	2941510	2941510||Bacillota|Clostridia|Eubacteriales|Pumilibacteraceae|Pumilibacter|Pumilibacter muris	29
barcode17_120_filtered	100	0.000812	2038680	2038680||Bacillota|Clostridia|Eubacteriales|Oscillospiraceae|Paludihabitans|Paludihabitans psychrotolerans	25
barcode17_120_filtered	101	0.007279	2528036;2583234;2593021;2670345	2528036||Pseudomonadota|Alphaproteobacteria|Rhodobacterales|Paracoccaceae|Tabrizicola|Tabrizicola caldifontis;2583234||Pseudomonadota|Alphaproteobacteria|Rhodobacterales|Paracoccaceae|Paragemmobacter|Paragemmobacter kunshanensis;2593021||Pseudomonadota|Alphaproteobacteria|Rhodobacterales|Paracoccaceae|Tabrizicola|Tabrizicola flagellatus;2670345||Pseudomonadota|Alphaproteobacteria|Rhodobacterales|Paracoccaceae|Tabrizicola|Tabrizicola thermarum	5
barcode17_120_filtered	102	0.006103	320502	320502||Bacillota|Clostridia|Eubacteriales|Oscillospiraceae|Acetivibrio|Acetivibrio alkalicellulosi	8
barcode17_120_filtered	104	0.000708	2184016;2766473	2184016||Pseudomonadota|Alphaproteobacteria|Acetobacterales|Roseomonadaceae|Falsiroseomonas|Falsiroseomonas bella;2766473||Pseudomonadota|Alphaproteobacteria|Acetobacterales|Roseomonadaceae|Falsiroseomonas|Falsiroseomonas oryzae	1
barcode17_120_filtered	105	0.001161	118967	118967||Bacillota|Erysipelotrichia|Erysipelotrichales|Erysipelotrichaceae|Anaerorhabdus|Anaerorhabdus furcosa	2
barcode17_120_filtered	107	0.001096	1870986	1870986||Bacillota|Clostridia|Eubacteriales||Colidextribacter|Colidextribacter massiliensis	7
barcode17_120_filtered	109	0.001818	55583	55583||Bacillota|Clostridia|Eubacteriales|Desulfitobacteriaceae|Dehalobacter|Dehalobacter restrictus	1
barcode17_120_filtered	110	0.004182	1460355;1632740;2175090;2305907;2559804;2741495;2771430;2782540	1460355||Pseudomonadota|Alphaproteobacteria|Sphingomonadales|Sphingomonadaceae|Sphingomonas|Sphingomonas mohensis;1632740||Pseudomonadota|Alphaproteobacteria|Sphingomonadales|Sphingomonadaceae|Sphingomonas|Sphingomonas zeicaulis;2175090||Pseudomonadota|Alphaproteobacteria|Sphingomonadales|Sphingomonadaceae|Sphingomonas|Sphingomonas pokkalii;2305907||Pseudomonadota|Alphaproteobacteria|Sphingomonadales|Sphingomonadaceae|Sphingomonas|Sphingomonas gilva;2559804||Pseudomonadota|Alphaproteobacteria|Sphingomonadales|Sphingomonadaceae|Sphingomonas|Sphingomonas flavalba;2741495||Pseudomonadota|Alphaproteobacteria|Sphingomonadales|Sphingomonadaceae|Sphingomonas|Sphingomonas hominis;2771430||Pseudomonadota|Alphaproteobacteria|Sphingomonadales|Sphingomicrobiaceae|Allosphingosinicella|Allosphingosinicella flava;2782540||Pseudomonadota|Alphaproteobacteria|Sphingomonadales|Sphingomonadaceae|Sphingomonas|Sphingomonas beigongshangi	2
barcode17_120_filtered	112	0.004798	29353;35830	29353||Bacillota|Clostridia|Eubacteriales|Oscillospiraceae|Acetivibrio|Acetivibrio aldrichii;35830||Bacillota|Clostridia|Eubacteriales|Oscillospiraceae|Acetivibrio|Acetivibrio cellulolyticus	23
barcode17_120_filtered	117	0.062111	879969	879969||Bacteroidota|Bacteroidia|Bacteroidales|Porphyromonadaceae|Macellibacteroides|Macellibacteroides fermentans	17
barcode17_120_filtered	118	0.000889	651663	651663||Pseudomonadota|Alphaproteobacteria|Sphingomonadales|Sphingopyxidaceae|Sphingopyxis|Sphingopyxis bauzanensis	25
barcode17_120_filtered	119	0.000492	2655001	2655001||Bacillota|Clostridia|Eubacteriales|Eubacteriaceae|Alkalibaculum|Alkalibaculum sporogenes	19
barcode17_120_filtered	121	0.001195	884684	884684||Bacillota|Clostridia|Eubacteriales|Oscillospiraceae|Mageeibacillus|Mageeibacillus indolicus	16
barcode17_120_filtered	123	0.004331	1495	1495||Bacillota|Clostridia|Eubacteriales|Clostridiaceae|Clostridium|Clostridium cylindrosporum	6
barcode17_120_filtered	125	0.005805	1439888;1981098;2672568;2675220	1439888||Pseudomonadota|Alphaproteobacteria|Sphingomonadales|Sphingosinicellaceae|Sandarakinorhabdus|Sandarakinorhabdus fusca;1981098||Pseudomonadota|Alphaproteobacteria|Sphingomonadales|Sphingosinicellaceae|Sandarakinorhabdus|Sandarakinorhabdus cyanobacteriorum;2672568||Pseudomonadota|Alphaproteobacteria|Sphingomonadales|Sphingosinicellaceae|Sandarakinorhabdus|Sandarakinorhabdus rubra;2675220||Pseudomonadota|Alphaproteobacteria|Sphingomonadales|Sphingosinicellaceae|Sandarakinorhabdus|Sandarakinorhabdus oryzae	16
barcode17_120_filtered	126	0.001048	2675059;2675060	2675059||Pseudomonadota|Gammaproteobacteria|Lysobacterales|Lysobacteraceae|Lysobacter|Lysobacter helvus;2675060||Pseudomonadota|Gammaproteobacteria|Lysobacterales|Lysobacteraceae|Lysobacter|Lysobacter xanthus	3
barcode17_120_filtered	127	0.000623	433286;1727145;2696063	433286||Bacillota|Clostridia|Lachnospirales|Lachnospiraceae|Anaerocolumna|Anaerocolumna cellulosilytica;1727145||Bacillota|Clostridia|Lachnospirales|Lachnospiraceae|Anaerocolumna|Anaerocolumna chitinilytica;2696063||Bacillota|Clostridia|Lachnospirales|Lachnospiraceae|Anaerocolumna|Anaerocolumna sedimenticola	2
barcode17_120_filtered	129	0.001926	1841868	1841868||Bacillota|Clostridia|Eubacteriales|Oscillospiraceae|Provencibacterium|Provencibacterium massiliense	2
barcode17_120_filtered	137	0.002011	1960156	1960156||Abditibacteriota|Abditibacteriia|Abditibacteriales|Abditibacteriaceae|Abditibacterium|Abditibacterium utsteinense	98
barcode17_120_filtered	138	0.000755	484882;2786951	484882||Pseudomonadota|Alphaproteobacteria|Acetobacterales|Roseomonadaceae|Falsiroseomonas|Falsiroseomonas stagni;2786951||Pseudomonadota|Alphaproteobacteria|Acetobacterales|Roseomonadaceae|Falsiroseomonas|Falsiroseomonas ponticola	12
barcode17_120_filtered	141	0.000898	912;340268	912||Pseudomonadota|Alphaproteobacteria|Hyphomicrobiales|Nitrobacteraceae|Nitrobacter|Nitrobacter hamburgensis;340268||Pseudomonadota|Alphaproteobacteria|Hyphomicrobiales|Nitrobacteraceae|Tardiphaga|Tardiphaga alba	4
barcode17_120_filtered	143	0.001005	433287	433287||Bacillota|Clostridia|Lachnospirales|Anaerotignaceae|Anaerotignum|Anaerotignum aminivorans	4
barcode17_120_filtered	145	0.001818	408174;665118;2917991	408174||Pseudomonadota|Alphaproteobacteria|Hyphomicrobiales|Devosiaceae|Devosia|Devosia insulae;665118||Pseudomonadota|Alphaproteobacteria|Hyphomicrobiales|Devosiaceae|Devosia|Devosia enhydra;2917991||Pseudomonadota|Alphaproteobacteria|Hyphomicrobiales|Devosiaceae|Devosia|Devosia lacusdianchii	19
barcode17_120_filtered	146	0.009421	52692	52692||Bacillota|Clostridia|Eubacteriales|Eubacteriaceae|Acetobacterium|Acetobacterium malicum	14
barcode17_120_filtered	147	0.010807	295419;687525;1123067;2585369;2817372	295419||Pseudomonadota|Alphaproteobacteria|Rhodobacterales|Roseobacteraceae|Rubellimicrobium|Rubellimicrobium thermophilum;687525||Pseudomonadota|Alphaproteobacteria|Rhodobacterales|Roseobacteraceae|Rubellimicrobium|Rubellimicrobium roseum;1123067||Pseudomonadota|Alphaproteobacteria|Rhodobacterales|Roseobacteraceae|Rubellimicrobium|Rubellimicrobium mesophilum;2585369||Pseudomonadota|Alphaproteobacteria|Rhodobacterales|Roseobacteraceae|Rubellimicrobium|Rubellimicrobium rubrum;2817372||Pseudomonadota|Alphaproteobacteria|Rhodobacterales|Roseobacteraceae|Rubellimicrobium|Rubellimicrobium arenae	13
barcode17_120_filtered	148	0.000374	1367462	1367462||Bacillota|Clostridia|Eubacteriales|Clostridiaceae|Clostridium|Clostridium swellfunianum	10
barcode17_120_filtered	150	0.000384	35825	35825||Bacillota|Clostridia|Eubacteriales|Oscillospiraceae|Pseudobacteroides|Pseudobacteroides cellulosolvens	3
barcode17_120_filtered	153	0.000428	1658620	1658620||Rhodothermota|Rhodothermia|Rhodothermales|Rubricoccaceae|Rubrivirga|Rubrivirga profundi	11
barcode17_120_filtered	155	0.000930	1244894;1538021;1550728	1244894||Pseudomonadota|Alphaproteobacteria|Sphingomonadales|Sphingomonadaceae|Sphingomonas|Sphingomonas fonticola;1538021||Pseudomonadota|Alphaproteobacteria|Sphingomonadales|Sphingomonadaceae|Novosphingobium|Novosphingobium tardum;1550728||Pseudomonadota|Alphaproteobacteria|Sphingomonadales|Blastomonadaceae|Blastomonas|Blastomonas fulva	8
barcode17_120_filtered	157	0.000655	29345	29345||Bacillota|Tissierellia|||Sedimentibacter|Sedimentibacter hydroxybenzoicus	4
barcode17_120_filtered	158	0.042789	875041;909926;933059;1445661;2030009;2185115;2305252;2494374;2709381;2909234	875041||Pseudomonadota|Alphaproteobacteria|Rhodobacterales|Paracoccaceae|Neogemmobacter|Neogemmobacter tilapiae;909926||Pseudomonadota|Alphaproteobacteria|Rhodobacterales|Paracoccaceae|Tabrizicola|Tabrizicola aquatica;933059||Pseudomonadota|Alphaproteobacteria|Rhodobacterales|Paracoccaceae|Gemmobacter|Gemmobacter aquatilis;1445661||Pseudomonadota|Alphaproteobacteria|Rhodobacterales|Paracoccaceae|Aliigemmobacter|Aliigemmobacter aestuarii;2030009||Pseudomonadota|Alphaproteobacteria|Rhodobacterales|Paracoccaceae|Pseudotabrizicola|Pseudotabrizicola formosa;2185115||Pseudomonadota|Alphaproteobacteria|Rhodobacterales|Paracoccaceae|Tabrizicola|Tabrizicola soli;2305252||Pseudomonadota|Alphaproteobacteria|Rhodobacterales|Paracoccaceae|Pseudotabrizicola|Pseudotabrizicola alkalilacus;2494374||Pseudomonadota|Alphaproteobacteria|Rhodobacterales|Paracoccaceae|Tabrizicola|Tabrizicola piscis;2709381||Pseudomonadota|Alphaproteobacteria|Rhodobacterales|Paracoccaceae|Pseudotabrizicola|Pseudotabrizicola algicola;2909234||Pseudomonadota|Alphaproteobacteria|Rhodobacterales|Paracoccaceae|Aliitabrizicola|Alitabrizicola rongguiensis	29
barcode17_120_filtered	159	0.012316	2496273	2496273||Bacillota|Clostridia|Caldicoprobacterales|Xylanivirgaceae|Xylanivirga|Xylanivirga thermophila	60
barcode17_120_filtered	163	0.000734	2780922	2780922||Bacillota|Clostridia|Eubacteriales|Oscillospiraceae|Solibaculum|Solibaculum mannosilyticum	7
barcode17_120_filtered	164	0.000385	111831	111831||Pseudomonadota|Alphaproteobacteria|Rhodospirillales|Rhodospirillaceae|Defluviicoccus|Defluviicoccus vanus	18
barcode17_120_filtered	166	0.000749	1297424	1297424||Bacillota|Clostridia|Eubacteriales|Oscillospiraceae|Anaerobacterium|Anaerobacterium chartisolvens	6
barcode17_120_filtered	167	0.001417	1462919;2755051	1462919||Bacillota|Clostridia|Lachnospirales|Lachnospiraceae|Mobilitalea|Mobilitalea sibirica;2755051||Bacillota|Clostridia|Lachnospirales|Lachnospiraceae|Variimorphobacter|Variimorphobacter saccharofermentans	14
barcode17_120_filtered	171	0.001369	758823	758823||Candidatus Melainabacteria|Vampirovibriophyceae|Vampirovibrionales||Vampirovibrio|Vampirovibrio chlorellavorus	65
barcode17_120_filtered	173	0.001968	1678841	1678841||Bacteroidota|Bacteroidia|Bacteroidales|Lentimicrobiaceae|Lentimicrobium|Lentimicrobium saccharophilum	87
barcode17_120_filtered	177	0.002673	642589	642589||Bacillota|Clostridia|Eubacteriales|Acutalibacteraceae|Caproiciproducens|Caproiciproducens galactitolivorans	4
barcode17_120_filtered	179	0.010064	2010828	2010828||Bacteroidota|Bacteroidia|Marinilabiliales|Prolixibacteraceae|Aquipluma|Aquipluma nitroreducens	448
barcode17_120_filtered	180	0.001379	121428;365341;1395957;2933566	121428||Pseudomonadota|Alphaproteobacteria|Sphingomonadales|Sphingobiaceae|Sphingobium|Sphingobium xenophagum;365341||Pseudomonadota|Alphaproteobacteria|Sphingomonadales|Sphingobiaceae|Sphingobium|Sphingobium aromaticiconvertens;1395957||Pseudomonadota|Alphaproteobacteria|Sphingomonadales|Sphingobiaceae|Sphingobium|Sphingobium endophyticum;2933566||Pseudomonadota|Alphaproteobacteria|Sphingomonadales|Sphingobiaceae|Sphingobium|Sphingobium agri	33
barcode17_120_filtered	181	0.042758	288966	288966||Bacillota|Clostridia|Lutisporales|Lutisporaceae|Lutispora|Lutispora thermophila	1871
barcode17_120_filtered	182	0.008793	913099	913099||Bacillota|Tissierellia|||Sedimentibacter|Sedimentibacter acidaminivorans	8
barcode17_120_filtered	184	0.001650	1944642	1944642||Bacillota|Clostridia|Eubacteriales|Oscillospiraceae|Marasmitruncus|Marasmitruncus massiliensis	50
barcode17_120_filtered	185	0.009138	130788	130788||Bacillota|Tissierellia|||Sedimentibacter|Sedimentibacter saalensis	278
barcode17_120_filtered	186	0.000831	1141888	1141888||Pseudomonadota|Alphaproteobacteria|Sphingomonadales|Sphingomonadaceae|Sphingomonas|Sphingomonas difficilis	7
barcode17_120_filtered	187	0.001262	1796619	1796619||Bacillota|Clostridia|Eubacteriales|Eubacteriaceae|Irregularibacter|Irregularibacter muris	10
barcode17_120_filtered	189	0.016113	2507161	2507161||Bacillota|Tissierellia|Tissierellales|Acidilutibacteraceae|Acidilutibacter|Acidilutibacter cellobiosedens	706
barcode17_120_filtered	190	0.000517	655338	655338||Bacillota|Clostridia|Eubacteriales|Clostridiaceae|Fervidicella|Fervidicella metallireducens	9
barcode17_120_filtered	192	0.000342	360412	360412||Chloroflexota|Anaerolineae|Anaerolineales|Anaerolineaceae|Longilinea|Longilinea arvoryzae	12
barcode17_120_filtered	194	0.001560	2763654	2763654||Bacillota|Clostridia|Christensenellales|Christensenellaceae|Luoshenia|Luoshenia tenuis	16
barcode17_120_filtered	195	0.001063	74312;74313	74312||Pseudomonadota|Alphaproteobacteria|Caulobacterales|Caulobacteraceae|Brevundimonas|Brevundimonas variabilis;74313||Pseudomonadota|Alphaproteobacteria|Caulobacterales|Caulobacteraceae|Brevundimonas|Brevundimonas subvibrioides	41
barcode17_120_filtered	196	0.000535	1473598	1473598||Acidobacteriota|Terriglobia|Bryobacterales|Bryobacteraceae|Paludibaculum|Paludibaculum fermentans	3
barcode17_120_filtered	197	0.000342	1639882	1639882||Gemmatimonadota|Longimicrobiia|Longimicrobiales|Longimicrobiaceae|Longimicrobium|Longimicrobium terrae	20
barcode17_120_filtered	198	0.000684	2884263	2884263||Actinomycetota|Acidimicrobiia|Acidimicrobiales|Iamiaceae|Dermatobacter|Dermatobacter hominis	28
barcode17_120_filtered	206	0.001390	1337094	1337094||Bacillota|Clostridia|Eubacteriales|Oscillospiraceae|Ercella|Ercella succinigenes	47
barcode17_120_filtered	208	0.001724	3133167	3133167||Bacillota|Clostridia|Eubacteriales|Oscillospiraceae|Faecousia|Faecousia intestinalis	17
barcode17_120_filtered	209	0.001027	1348470	1348470||Pseudomonadota|Alphaproteobacteria|Hyphomonadales|Hyphomonadaceae|Asprobacter|Asprobacter aquaticus	46
barcode18_120_filtered	2	0.007888	1076412	1076412||Bacillota|Negativicutes|Selenomonadales|Sporomusaceae|Pelosinus|Pelosinus defluvii	3
barcode18_120_filtered	3	0.042381	29355;48256;396504	29355||Bacillota|Clostridia|Eubacteriales|Oscillospiraceae|Ruminiclostridium|Ruminiclostridium cellobioparum;48256||Bacillota|Clostridia|Eubacteriales|Oscillospiraceae|Ruminiclostridium|Ruminiclostridium hungatei;396504||Bacillota|Clostridia|Eubacteriales|Oscillospiraceae|Ruminiclostridium|Ruminiclostridium sufflavum	22
barcode18_120_filtered	4	0.017352	1499;1521	1499||Bacillota|Clostridia|Eubacteriales|Oscillospiraceae|Ruminiclostridium|Ruminiclostridium josui;1521||Bacillota|Clostridia|Eubacteriales|Oscillospiraceae|Ruminiclostridium|Ruminiclostridium cellulolyticum	9
barcode18_120_filtered	5	0.000329	84032	84032||Bacillota|Clostridia|Eubacteriales|Clostridiaceae|Clostridium|Clostridium thermosuccinogenes	15
barcode18_120_filtered	9	0.000595	365349;380084	365349||Bacillota|Negativicutes|Selenomonadales|Sporomusaceae|Pelosinus|Pelosinus fermentans;380084||Bacillota|Negativicutes|Selenomonadales|Sporomusaceae|Pelosinus|Pelosinus propionicus	12
barcode18_120_filtered	10	0.001450	659425	659425||Bacillota|Clostridia|Eubacteriales|Oscillospiraceae|Thermoclostridium|Thermoclostridium caenicola	8
barcode18_120_filtered	12	0.001735	288965	288965||Bacillota|Clostridia|Eubacteriales|Oscillospiraceae|Acetivibrio|Acetivibrio clariflavus	57
barcode18_120_filtered	13	0.000665	1032527	1032527||Verrucomicrobiota|Pedosphaerae|Pedosphaerales|Pedosphaeraceae|Pedosphaera|Pedosphaera parvula	30
barcode18_120_filtered	14	0.013664	394284	394284||Bacillota|Negativicutes|Selenomonadales|Sporomusaceae|Psychrosinus|Psychrosinus fermentans	68
barcode18_120_filtered	16	0.005880	2763673	2763673||Bacillota|Clostridia|Eubacteriales|Oscillospiraceae|Yanshouia|Yanshouia hominis	249
barcode18_120_filtered	18	0.003382	342666	342666||Bacillota|Clostridia|Eubacteriales|Gracilibacteraceae|Gracilibacter|Gracilibacter thermotolerans	19
barcode18_120_filtered	19	0.002160	209080	209080||Bacillota|Negativicutes|Selenomonadales|Sporomusaceae|Propionispora|Propionispora hippei	8
barcode18_120_filtered	20	0.004035	2590199;2918171;2925406	2590199||Myxococcota|Myxococcia|Myxococcales|Anaeromyxobacteraceae|Anaeromyxobacter|Anaeromyxobacter diazotrophicus;2918171||Myxococcota|Myxococcia|Myxococcales|Anaeromyxobacteraceae|Anaeromyxobacter|Anaeromyxobacter paludicola;2925406||Myxococcota|Myxococcia|Myxococcales|Anaeromyxobacteraceae|Anaeromyxobacter|Anaeromyxobacter terrae	21
barcode18_120_filtered	21	0.000245	1514105	1514105||Bacillota|Erysipelotrichia|Erysipelotrichales|Erysipelotrichaceae|Erysipelothrix|Erysipelothrix larvae	6
barcode18_120_filtered	22	0.005645	3046382;3046383	3046382||Bacillota|Clostridia|Eubacteriales|Aristaeellaceae|Aristaeella|Aristaeella hokkaidonensis;3046383||Bacillota|Clostridia|Eubacteriales|Aristaeellaceae|Aristaeella|Aristaeella lactis	6
barcode18_120_filtered	23	0.001772	364039;413882;1547922;2742824;2824118;2944811;3119538	364039||Pseudomonadota|Betaproteobacteria|Burkholderiales|Sphaerotilaceae|Azohydromonas|Azohydromonas australica;413882||Pseudomonadota|Betaproteobacteria|Burkholderiales|Sphaerotilaceae|Caldimonas|Caldimonas brevitalea;1547922||Pseudomonadota|Betaproteobacteria|Burkholderiales|Sphaerotilaceae|Piscinibacter|Piscinibacter sakaiensis;2742824||Pseudomonadota|Betaproteobacteria|Burkholderiales|Sphaerotilaceae|Piscinibacter|Piscinibacter koreensis;2824118||Pseudomonadota|Betaproteobacteria|Burkholderiales|Sphaerotilaceae|Ideonella|Ideonella alba;2944811||Pseudomonadota|Betaproteobacteria|Burkholderiales|Sphaerotilaceae|Caldimonas|Caldimonas mangrovi;3119538||Pseudomonadota|Betaproteobacteria|Burkholderiales|Sphaerotilaceae|Aquincola|Aquincola agrisoli	1
barcode18_120_filtered	24	0.000856	47679;112901;204936	47679||Bacillota|Negativicutes|Selenomonadales|Sporomusaceae|Sporomusa|Sporomusa sphaeroides;112901||Bacillota|Negativicutes|Selenomonadales|Sporomusaceae|Sporomusa|Sporomusa malonica;204936||Bacillota|Negativicutes|Selenomonadales|Sporomusaceae|Sporomusa|Sporomusa aerivorans	1
barcode18_120_filtered	26	0.000271	1470354	1470354||Bacillota|Clostridia|Eubacteriales||Candidatus Soleaferrea|Candidatus Soleaferrea massiliensis	5
barcode18_120_filtered	27	0.000315	2066483	2066483|||Candidatus Babeliae|Candidatus Babeliales|Candidatus Chromulinivoraceae|Candidatus Chromulinivorax|Candidatus Chromulinivorax destructor	6
barcode18_120_filtered	29	0.007576	258515	258515||Bacillota|Clostridia|Eubacteriales|Oscillospiraceae|Acetanaerobacterium|Acetanaerobacterium elongatum	333
barcode18_120_filtered	31	0.000463	192843;758826;2527691;2596921;2793270;3386187	192843||Pseudomonadota|Betaproteobacteria|Burkholderiales|Comamonadaceae|Rhodoferax|Rhodoferax ferrireducens;758826||Pseudomonadota|Betaproteobacteria|Burkholderiales|Comamonadaceae|Acidovorax|Acidovorax radicis;2527691||Pseudomonadota|Betaproteobacteria|Burkholderiales|Comamonadaceae|Rhodoferax|Rhodoferax aquaticus;2596921||Pseudomonadota|Betaproteobacteria|Burkholderiales|Comamonadaceae|Caenimonas|Caenimonas sedimenti;2793270||Pseudomonadota|Betaproteobacteria|Burkholderiales|Comamonadaceae|Caenimonas|Caenimonas aquaedulcis;3386187||Pseudomonadota|Betaproteobacteria|Burkholderiales|Comamonadaceae|Candidatus Aalborgicola|Candidatus Aalborgicola defluviihabitans	3
barcode18_120_filtered	33	0.000887	673862	673862|||Candidatus Babeliae|Candidatus Babeliales|Candidatus Babeliaceae|Candidatus Babela|Candidatus Babela massiliensis	3
barcode18_120_filtered	34	0.000834	1860101;2954386;2976531	1860101||Pseudomonadota|Betaproteobacteria|Rhodocyclales|Rhodocyclaceae|Propionivibrio|Candidatus Propionivibrio aalborgensis;2954386||Pseudomonadota|Betaproteobacteria|||Candidatus Accumulibacter|Candidatus Accumulibacter necessarius;2976531||Pseudomonadota|Betaproteobacteria|Rhodocyclales|Rhodocyclaceae|Propionivibrio|Propionivibrio soli	22
barcode18_120_filtered	35	0.000359	3073143	3073143||Bacillota|Clostridia|Eubacteriales|Oscillospiraceae|Bengtsoniella|Bengtsoniella intestinalis	1
barcode18_120_filtered	36	0.005602	2725268	2725268||Mycoplasmatota|Mollicutes|Candidatus Izemoplasmatales|Hujiaoplasmataceae|Hujiaoplasma|Hujiaoplasma nucleasis	252
barcode18_120_filtered	37	0.000979	1379270;2732249	1379270||Gemmatimonadota|Gemmatimonadia|Gemmatimonadales|Gemmatimonadaceae|Gemmatimonas|Gemmatimonas phototrophica;2732249||Gemmatimonadota|Gemmatimonadia|Gemmatimonadales|Gemmatimonadaceae|Gemmatimonas|Gemmatimonas groenlandica	38
barcode18_120_filtered	40	0.015474	38402;225084;2683714	38402||Bacillota|Erysipelotrichia|Erysipelotrichales|Erysipelotrichaceae|Erysipelothrix|Erysipelothrix tonsillarum;225084||Bacillota|Erysipelotrichia|Erysipelotrichales|Erysipelotrichaceae|Erysipelothrix|Erysipelothrix inopinata;2683714||Bacillota|Erysipelotrichia|Erysipelotrichales|Erysipelotrichaceae|Erysipelothrix|Erysipelothrix aquatica	11
barcode18_120_filtered	42	0.010848	1488331;1537567	1488331||Bacillota|Clostridia|Eubacteriales|Eubacteriales Family XII. Incertae Sedis|Fusibacter|Fusibacter bizertensis;1537567||Bacillota|Clostridia|Eubacteriales|Eubacteriales Family XII. Incertae Sedis|Fusibacter|Fusibacter fontis	23
barcode18_120_filtered	44	0.009131	270498;626937;1805714;1816678;2763033	270498||Bacillota|Clostridia|Christensenellales|Christensenellaceae|Christensenella|Christensenella hongkongensis;626937||Bacillota|Clostridia|Christensenellales|Christensenellaceae|Christensenella|Christensenella minuta;1805714||Bacillota|Clostridia|Christensenellales|Christensenellaceae|Christensenella|Christensenella massiliensis;1816678||Bacillota|Clostridia|Christensenellales|Christensenellaceae|Christensenella|Christensenella timonensis;2763033||Bacillota|Clostridia|Christensenellales|Christensenellaceae|Christensenella|Christensenella tenuis	11
barcode18_120_filtered	46	0.020708	1515;253314	1515||Bacillota|Clostridia|Eubacteriales|Oscillospiraceae|Acetivibrio|Acetivibrio thermocellus;253314||Bacillota|Clostridia|Eubacteriales|Oscillospiraceae|Acetivibrio|Acetivibrio straminisolvens	14
barcode18_120_filtered	47	0.018275	433293;1679721	433293||Bacillota|Clostridia|Lachnospirales|Lachnospiraceae|Anaerotaenia|Anaerotaenia torta;1679721||Bacillota|Clostridia|Lachnospirales|Lachnospiraceae|Herbinix|Herbinix luporum	21
barcode18_120_filtered	48	0.019227	1650661;1673721;1689270;2108523;2763052;2763053;2986526	1650661||Bacillota|Clostridia|Eubacteriales|Clostridiaceae|Clostridium|Clostridium phoceensis;1673721||Bacillota|Clostridia|Eubacteriales||Intestinimonas|Intestinimonas massiliensis (ex Afouda et al. 2020);1689270||Bacillota|Clostridia|Eubacteriales||Intestinimonas|Intestinimonas timonensis;2108523||Bacillota|Clostridia|Eubacteriales|Oscillospiraceae|Lawsonibacter|Lawsonibacter asaccharolyticus;2763052||Bacillota|Clostridia|Eubacteriales|Oscillospiraceae|Lawsonibacter|Lawsonibacter faecis;2763053||Bacillota|Clostridia|Eubacteriales|Oscillospiraceae|Lawsonibacter|Lawsonibacter hominis;2986526||Bacillota|Clostridia|Eubacteriales|Oscillospiraceae|Lawsonibacter|Lawsonibacter celer	10
barcode18_120_filtered	49	0.001169	33953;2818044	33953||Bacillota|Clostridia|Eubacteriales|Clostridiaceae|Clostridium|Clostridium aminobutyricum;2818044||Bacillota|Clostridia|Peptostreptococcales|Anaerovoracaceae|Sinanaerobacter|Sinanaerobacter chloroacetimidivorans	2
barcode18_120_filtered	50	0.000460	2576756	2576756||Bacillota|Clostridia|Eubacteriales|Acutalibacteraceae|Caproicibacter|Caproicibacter fermentans	6
barcode18_120_filtered	51	0.004886	2941519	2941519||Bacillota|Clostridia|Eubacteriales|Oscillospiraceae|Vermiculatibacterium|Vermiculatibacterium agrestimuris	1
barcode18_120_filtered	52	0.001263	2763047;2981773	2763047||Bacillota|Clostridia|Eubacteriales||Flintibacter|Flintibacter faecis;2981773||Bacillota|Clostridia|Eubacteriales|Oscillospiraceae|Muriventricola|Muriventricola aceti	17
barcode18_120_filtered	55	0.013805	351091;2763042	351091||Bacillota|Clostridia|Eubacteriales|Oscillospiraceae|Oscillibacter|Oscillibacter valericigenes;2763042||Bacillota|Clostridia|Eubacteriales|Oscillospiraceae|Dysosmobacter|Dysosmobacter segnis	4
barcode18_120_filtered	56	0.000580	1147123	1147123||Bacillota|Clostridia|Eubacteriales|Clostridiaceae|Caloramator|Caloramator quimbayensis	24
barcode18_120_filtered	57	0.000273	2714355;3376993	2714355||Bacillota|Clostridia|Eubacteriales|Oscillospiraceae|Vescimonas|Vescimonas coprocola;3376993||Bacillota|Clostridia|Eubacteriales|Oscillospiraceae|Vescimonas|Vescimonas sanitatis	3
barcode18_120_filtered	58	0.001901	398199;2804028	398199||Bacillota|Clostridia|Eubacteriales|Clostridiaceae|Proteiniclasticum|Proteiniclasticum ruminis;2804028||Bacillota|Clostridia|Eubacteriales|Clostridiaceae|Proteiniclasticum|Proteiniclasticum sediminis	9
barcode18_120_filtered	60	0.033772	1852363	1852363||Bacillota|Clostridia|Eubacteriales|Beduinellaceae|Beduinella|Beduinella massiliensis	10
barcode18_120_filtered	64	0.000322	2963406;2994971	2963406||Actinomycetota|Actinomycetes|Micrococcales|Microbacteriaceae|Microcella|Microcella humidisoli;2994971||Actinomycetota|Actinomycetes|Micrococcales|Microbacteriaceae|Microcella|Microcella daejeonensis	12
barcode18_120_filtered	65	0.000431	474960	474960||Bacillota|Clostridia|Eubacteriales|Oscillospiraceae|Hydrogenoanaerobacterium|Hydrogenoanaerobacterium saccharovorans	19
barcode18_120_filtered	66	0.000494	319644	319644||Bacillota|Clostridia|Eubacteriales|Oscillospiraceae|Saccharofermentans|Saccharofermentans acetigenes	10
barcode18_120_filtered	67	0.002165	985	985||Bacteroidota|Cytophagia|Cytophagales|Cytophagaceae|Cytophaga|Cytophaga hutchinsonii	77
barcode18_120_filtered	68	0.009166	1794912	1794912||Bacillota|Negativicutes||Acetonemataceae|Anaerosporomusa|Anaerosporomusa subterranea	391
barcode18_120_filtered	70	0.001964	1940525;2283627	1940525||Bacteroidota|Bacteroidia|Marinilabiliales|Marinifilaceae|Labilibaculum|Labilibaculum manganireducens;2283627||Bacteroidota|Bacteroidia|Marinilabiliales|Marinifilaceae|Ancylomarina|Ancylomarina euxinus	1
barcode18_120_filtered	73	0.006904	44749	44749||Bacillota|Clostridia|Eubacteriales|Oscillospiraceae|Sporobacter|Sporobacter termitidis	27
barcode18_120_filtered	75	0.000794	1855912	1855912||Acidobacteriota|Vicinamibacteria|Vicinamibacterales|Vicinamibacteraceae|Luteitalea|Luteitalea pratensis	36
barcode18_120_filtered	76	0.000785	1121298;1325933	1121298||Bacillota|Clostridia|Eubacteriales|Clostridiaceae|Clostridium|Clostridium amylolyticum;1325933||Bacillota|Clostridia|Eubacteriales|Clostridiaceae|Clostridium|Clostridium polynesiense	1
barcode18_120_filtered	82	0.124793	1096341	1096341||Bacillota|Clostridia|Eubacteriales|Clostridiaceae|Fonticella|Fonticella tunisiensis	50
barcode18_120_filtered	84	0.003634	2508949	2508949||Bacillota|Clostridia|Christensenellales|Christensenellaceae|Candidatus Borkfalkia|Candidatus Borkfalkia ceftriaxoniphila	12
barcode18_120_filtered	85	0.000692	1716543	1716543||Bacillota|Clostridia|Eubacteriales|Clostridiaceae|Clostridium|Clostridium thermarum	5
barcode18_120_filtered	86	0.010759	36849	36849||Bacillota|Clostridia|Eubacteriales|Clostridiaceae|Oxobacter|Oxobacter pfennigii	5
barcode18_120_filtered	88	0.001481	1511	1511||Bacillota|Clostridia|Peptostreptococcales|Filifactoraceae|Acetoanaerobium|Acetoanaerobium sticklandii	7
barcode18_120_filtered	95	0.001917	2014610	2014610||Gemmatimonadota|Gemmatimonadia|Gemmatimonadales|Gemmatimonadaceae|Roseisolibacter|Roseisolibacter agri	9
barcode18_120_filtered	96	0.001760	1332188	1332188||Candidatus Saccharimonadota|Candidatus Saccharimonadia|Candidatus Saccharimonadales|Candidatus Saccharimonadaceae|Candidatus Saccharimonas|Candidatus Saccharimonas aalborgensis	55
barcode18_120_filtered	97	0.013400	100176	100176||Bacillota|Clostridia|Eubacteriales|Oscillospiraceae|Papillibacter|Papillibacter cinnamivorans	10
barcode18_120_filtered	99	0.014307	2941510	2941510||Bacillota|Clostridia|Eubacteriales|Pumilibacteraceae|Pumilibacter|Pumilibacter muris	6
barcode18_120_filtered	100	0.000962	2038680	2038680||Bacillota|Clostridia|Eubacteriales|Oscillospiraceae|Paludihabitans|Paludihabitans psychrotolerans	32
barcode18_120_filtered	101	0.001036	2528036;2583234;2593021;2670345	2528036||Pseudomonadota|Alphaproteobacteria|Rhodobacterales|Paracoccaceae|Tabrizicola|Tabrizicola caldifontis;2583234||Pseudomonadota|Alphaproteobacteria|Rhodobacterales|Paracoccaceae|Paragemmobacter|Paragemmobacter kunshanensis;2593021||Pseudomonadota|Alphaproteobacteria|Rhodobacterales|Paracoccaceae|Tabrizicola|Tabrizicola flagellatus;2670345||Pseudomonadota|Alphaproteobacteria|Rhodobacterales|Paracoccaceae|Tabrizicola|Tabrizicola thermarum	3
barcode18_120_filtered	102	0.006955	320502	320502||Bacillota|Clostridia|Eubacteriales|Oscillospiraceae|Acetivibrio|Acetivibrio alkalicellulosi	2
barcode18_120_filtered	104	0.001149	2184016;2766473	2184016||Pseudomonadota|Alphaproteobacteria|Acetobacterales|Roseomonadaceae|Falsiroseomonas|Falsiroseomonas bella;2766473||Pseudomonadota|Alphaproteobacteria|Acetobacterales|Roseomonadaceae|Falsiroseomonas|Falsiroseomonas oryzae	4
barcode18_120_filtered	105	0.001526	118967	118967||Bacillota|Erysipelotrichia|Erysipelotrichales|Erysipelotrichaceae|Anaerorhabdus|Anaerorhabdus furcosa	11
barcode18_120_filtered	107	0.001034	1870986	1870986||Bacillota|Clostridia|Eubacteriales||Colidextribacter|Colidextribacter massiliensis	3
barcode18_120_filtered	109	0.001309	55583	55583||Bacillota|Clostridia|Eubacteriales|Desulfitobacteriaceae|Dehalobacter|Dehalobacter restrictus	1
barcode18_120_filtered	112	0.004198	29353;35830	29353||Bacillota|Clostridia|Eubacteriales|Oscillospiraceae|Acetivibrio|Acetivibrio aldrichii;35830||Bacillota|Clostridia|Eubacteriales|Oscillospiraceae|Acetivibrio|Acetivibrio cellulolyticus	22
barcode18_120_filtered	117	0.030308	879969	879969||Bacteroidota|Bacteroidia|Bacteroidales|Porphyromonadaceae|Macellibacteroides|Macellibacteroides fermentans	5
barcode18_120_filtered	118	0.000486	651663	651663||Pseudomonadota|Alphaproteobacteria|Sphingomonadales|Sphingopyxidaceae|Sphingopyxis|Sphingopyxis bauzanensis	8
barcode18_120_filtered	119	0.000429	2655001	2655001||Bacillota|Clostridia|Eubacteriales|Eubacteriaceae|Alkalibaculum|Alkalibaculum sporogenes	16
barcode18_120_filtered	121	0.000429	884684	884684||Bacillota|Clostridia|Eubacteriales|Oscillospiraceae|Mageeibacillus|Mageeibacillus indolicus	6
barcode18_120_filtered	123	0.004882	1495	1495||Bacillota|Clostridia|Eubacteriales|Clostridiaceae|Clostridium|Clostridium cylindrosporum	19
barcode18_120_filtered	125	0.003238	1439888;1981098;2672568;2675220	1439888||Pseudomonadota|Alphaproteobacteria|Sphingomonadales|Sphingosinicellaceae|Sandarakinorhabdus|Sandarakinorhabdus fusca;1981098||Pseudomonadota|Alphaproteobacteria|Sphingomonadales|Sphingosinicellaceae|Sandarakinorhabdus|Sandarakinorhabdus cyanobacteriorum;2672568||Pseudomonadota|Alphaproteobacteria|Sphingomonadales|Sphingosinicellaceae|Sandarakinorhabdus|Sandarakinorhabdus rubra;2675220||Pseudomonadota|Alphaproteobacteria|Sphingomonadales|Sphingosinicellaceae|Sandarakinorhabdus|Sandarakinorhabdus oryzae	6
barcode18_120_filtered	126	0.000346	2675059;2675060	2675059||Pseudomonadota|Gammaproteobacteria|Lysobacterales|Lysobacteraceae|Lysobacter|Lysobacter helvus;2675060||Pseudomonadota|Gammaproteobacteria|Lysobacterales|Lysobacteraceae|Lysobacter|Lysobacter xanthus	1
barcode18_120_filtered	127	0.000389	433286;1727145;2696063	433286||Bacillota|Clostridia|Lachnospirales|Lachnospiraceae|Anaerocolumna|Anaerocolumna cellulosilytica;1727145||Bacillota|Clostridia|Lachnospirales|Lachnospiraceae|Anaerocolumna|Anaerocolumna chitinilytica;2696063||Bacillota|Clostridia|Lachnospirales|Lachnospiraceae|Anaerocolumna|Anaerocolumna sedimenticola	1
barcode18_120_filtered	129	0.001348	1841868	1841868||Bacillota|Clostridia|Eubacteriales|Oscillospiraceae|Provencibacterium|Provencibacterium massiliense	7
barcode18_120_filtered	137	0.002082	1960156	1960156||Abditibacteriota|Abditibacteriia|Abditibacteriales|Abditibacteriaceae|Abditibacterium|Abditibacterium utsteinense	99
barcode18_120_filtered	138	0.000628	484882;2786951	484882||Pseudomonadota|Alphaproteobacteria|Acetobacterales|Roseomonadaceae|Falsiroseomonas|Falsiroseomonas stagni;2786951||Pseudomonadota|Alphaproteobacteria|Acetobacterales|Roseomonadaceae|Falsiroseomonas|Falsiroseomonas ponticola	8
barcode18_120_filtered	141	0.000322	912;340268	912||Pseudomonadota|Alphaproteobacteria|Hyphomicrobiales|Nitrobacteraceae|Nitrobacter|Nitrobacter hamburgensis;340268||Pseudomonadota|Alphaproteobacteria|Hyphomicrobiales|Nitrobacteraceae|Tardiphaga|Tardiphaga alba	1
barcode18_120_filtered	143	0.001481	433287	433287||Bacillota|Clostridia|Lachnospirales|Anaerotignaceae|Anaerotignum|Anaerotignum aminivorans	2
barcode18_120_filtered	145	0.000907	408174;665118;2917991	408174||Pseudomonadota|Alphaproteobacteria|Hyphomicrobiales|Devosiaceae|Devosia|Devosia insulae;665118||Pseudomonadota|Alphaproteobacteria|Hyphomicrobiales|Devosiaceae|Devosia|Devosia enhydra;2917991||Pseudomonadota|Alphaproteobacteria|Hyphomicrobiales|Devosiaceae|Devosia|Devosia lacusdianchii	17
barcode18_120_filtered	146	0.004421	52692	52692||Bacillota|Clostridia|Eubacteriales|Eubacteriaceae|Acetobacterium|Acetobacterium malicum	5
barcode18_120_filtered	147	0.004280	295419;687525;1123067;2585369;2817372	295419||Pseudomonadota|Alphaproteobacteria|Rhodobacterales|Roseobacteraceae|Rubellimicrobium|Rubellimicrobium thermophilum;687525||Pseudomonadota|Alphaproteobacteria|Rhodobacterales|Roseobacteraceae|Rubellimicrobium|Rubellimicrobium roseum;1123067||Pseudomonadota|Alphaproteobacteria|Rhodobacterales|Roseobacteraceae|Rubellimicrobium|Rubellimicrobium mesophilum;2585369||Pseudomonadota|Alphaproteobacteria|Rhodobacterales|Roseobacteraceae|Rubellimicrobium|Rubellimicrobium rubrum;2817372||Pseudomonadota|Alphaproteobacteria|Rhodobacterales|Roseobacteraceae|Rubellimicrobium|Rubellimicrobium arenae	5
barcode18_120_filtered	148	0.000305	1367462	1367462||Bacillota|Clostridia|Eubacteriales|Clostridiaceae|Clostridium|Clostridium swellfunianum	11
barcode18_120_filtered	150	0.000656	35825	35825||Bacillota|Clostridia|Eubacteriales|Oscillospiraceae|Pseudobacteroides|Pseudobacteroides cellulosolvens	5
barcode18_120_filtered	153	0.000537	1658620	1658620||Rhodothermota|Rhodothermia|Rhodothermales|Rubricoccaceae|Rubrivirga|Rubrivirga profundi	13
barcode18_120_filtered	155	0.000477	1244894;1538021;1550728	1244894||Pseudomonadota|Alphaproteobacteria|Sphingomonadales|Sphingomonadaceae|Sphingomonas|Sphingomonas fonticola;1538021||Pseudomonadota|Alphaproteobacteria|Sphingomonadales|Sphingomonadaceae|Novosphingobium|Novosphingobium tardum;1550728||Pseudomonadota|Alphaproteobacteria|Sphingomonadales|Blastomonadaceae|Blastomonas|Blastomonas fulva	8
barcode18_120_filtered	157	0.000875	29345	29345||Bacillota|Tissierellia|||Sedimentibacter|Sedimentibacter hydroxybenzoicus	8
barcode18_120_filtered	158	0.041070	875041;909926;933059;1445661;2030009;2185115;2305252;2494374;2709381;2909234	875041||Pseudomonadota|Alphaproteobacteria|Rhodobacterales|Paracoccaceae|Neogemmobacter|Neogemmobacter tilapiae;909926||Pseudomonadota|Alphaproteobacteria|Rhodobacterales|Paracoccaceae|Tabrizicola|Tabrizicola aquatica;933059||Pseudomonadota|Alphaproteobacteria|Rhodobacterales|Paracoccaceae|Gemmobacter|Gemmobacter aquatilis;1445661||Pseudomonadota|Alphaproteobacteria|Rhodobacterales|Paracoccaceae|Aliigemmobacter|Aliigemmobacter aestuarii;2030009||Pseudomonadota|Alphaproteobacteria|Rhodobacterales|Paracoccaceae|Pseudotabrizicola|Pseudotabrizicola formosa;2185115||Pseudomonadota|Alphaproteobacteria|Rhodobacterales|Paracoccaceae|Tabrizicola|Tabrizicola soli;2305252||Pseudomonadota|Alphaproteobacteria|Rhodobacterales|Paracoccaceae|Pseudotabrizicola|Pseudotabrizicola alkalilacus;2494374||Pseudomonadota|Alphaproteobacteria|Rhodobacterales|Paracoccaceae|Tabrizicola|Tabrizicola piscis;2709381||Pseudomonadota|Alphaproteobacteria|Rhodobacterales|Paracoccaceae|Pseudotabrizicola|Pseudotabrizicola algicola;2909234||Pseudomonadota|Alphaproteobacteria|Rhodobacterales|Paracoccaceae|Aliitabrizicola|Alitabrizicola rongguiensis	35
barcode18_120_filtered	159	0.027888	2496273	2496273||Bacillota|Clostridia|Caldicoprobacterales|Xylanivirgaceae|Xylanivirga|Xylanivirga thermophila	123
barcode18_120_filtered	163	0.000671	2780922	2780922||Bacillota|Clostridia|Eubacteriales|Oscillospiraceae|Solibaculum|Solibaculum mannosilyticum	1
barcode18_120_filtered	164	0.000300	111831	111831||Pseudomonadota|Alphaproteobacteria|Rhodospirillales|Rhodospirillaceae|Defluviicoccus|Defluviicoccus vanus	14
barcode18_120_filtered	166	0.000838	1297424	1297424||Bacillota|Clostridia|Eubacteriales|Oscillospiraceae|Anaerobacterium|Anaerobacterium chartisolvens	4
barcode18_120_filtered	167	0.001884	1462919;2755051	1462919||Bacillota|Clostridia|Lachnospirales|Lachnospiraceae|Mobilitalea|Mobilitalea sibirica;2755051||Bacillota|Clostridia|Lachnospirales|Lachnospiraceae|Variimorphobacter|Variimorphobacter saccharofermentans	21
barcode18_120_filtered	168	0.000279	3036359	3036359||Bacteroidota|Sphingobacteriia|Sphingobacteriales|Aurantibacillaceae|Aurantibacillus|Aurantibacillus circumpalustris	12
barcode18_120_filtered	171	0.002168	758823	758823||Candidatus Melainabacteria|Vampirovibriophyceae|Vampirovibrionales||Vampirovibrio|Vampirovibrio chlorellavorus	103
barcode18_120_filtered	173	0.001803	1678841	1678841||Bacteroidota|Bacteroidia|Bacteroidales|Lentimicrobiaceae|Lentimicrobium|Lentimicrobium saccharophilum	83
barcode18_120_filtered	177	0.003648	642589	642589||Bacillota|Clostridia|Eubacteriales|Acutalibacteraceae|Caproiciproducens|Caproiciproducens galactitolivorans	13
barcode18_120_filtered	179	0.014495	2010828	2010828||Bacteroidota|Bacteroidia|Marinilabiliales|Prolixibacteraceae|Aquipluma|Aquipluma nitroreducens	657
barcode18_120_filtered	180	0.000581	121428;365341;1395957;2933566	121428||Pseudomonadota|Alphaproteobacteria|Sphingomonadales|Sphingobiaceae|Sphingobium|Sphingobium xenophagum;365341||Pseudomonadota|Alphaproteobacteria|Sphingomonadales|Sphingobiaceae|Sphingobium|Sphingobium aromaticiconvertens;1395957||Pseudomonadota|Alphaproteobacteria|Sphingomonadales|Sphingobiaceae|Sphingobium|Sphingobium endophyticum;2933566||Pseudomonadota|Alphaproteobacteria|Sphingomonadales|Sphingobiaceae|Sphingobium|Sphingobium agri	16
barcode18_120_filtered	181	0.067152	288966	288966||Bacillota|Clostridia|Lutisporales|Lutisporaceae|Lutispora|Lutispora thermophila	2954
barcode18_120_filtered	182	0.012294	913099	913099||Bacillota|Tissierellia|||Sedimentibacter|Sedimentibacter acidaminivorans	13
barcode18_120_filtered	184	0.001133	1944642	1944642||Bacillota|Clostridia|Eubacteriales|Oscillospiraceae|Marasmitruncus|Marasmitruncus massiliensis	38
barcode18_120_filtered	185	0.010314	130788	130788||Bacillota|Tissierellia|||Sedimentibacter|Sedimentibacter saalensis	308
barcode18_120_filtered	186	0.000408	1141888	1141888||Pseudomonadota|Alphaproteobacteria|Sphingomonadales|Sphingomonadaceae|Sphingomonas|Sphingomonas difficilis	3
barcode18_120_filtered	187	0.000515	1796619	1796619||Bacillota|Clostridia|Eubacteriales|Eubacteriaceae|Irregularibacter|Irregularibacter muris	2
barcode18_120_filtered	189	0.010839	2507161	2507161||Bacillota|Tissierellia|Tissierellales|Acidilutibacteraceae|Acidilutibacter|Acidilutibacter cellobiosedens	482
barcode18_120_filtered	190	0.000622	655338	655338||Bacillota|Clostridia|Eubacteriales|Clostridiaceae|Fervidicella|Fervidicella metallireducens	14
barcode18_120_filtered	192	0.000236	360412	360412||Chloroflexota|Anaerolineae|Anaerolineales|Anaerolineaceae|Longilinea|Longilinea arvoryzae	10
barcode18_120_filtered	194	0.001415	2763654	2763654||Bacillota|Clostridia|Christensenellales|Christensenellaceae|Luoshenia|Luoshenia tenuis	17
barcode18_120_filtered	195	0.000944	74312;74313	74312||Pseudomonadota|Alphaproteobacteria|Caulobacterales|Caulobacteraceae|Brevundimonas|Brevundimonas variabilis;74313||Pseudomonadota|Alphaproteobacteria|Caulobacterales|Caulobacteraceae|Brevundimonas|Brevundimonas subvibrioides	27
barcode18_120_filtered	196	0.000429	1473598	1473598||Acidobacteriota|Terriglobia|Bryobacterales|Bryobacteraceae|Paludibaculum|Paludibaculum fermentans	1
barcode18_120_filtered	197	0.000386	1639882	1639882||Gemmatimonadota|Longimicrobiia|Longimicrobiales|Longimicrobiaceae|Longimicrobium|Longimicrobium terrae	23
barcode18_120_filtered	198	0.000365	2884263	2884263||Actinomycetota|Acidimicrobiia|Acidimicrobiales|Iamiaceae|Dermatobacter|Dermatobacter hominis	17
barcode18_120_filtered	206	0.000880	1337094	1337094||Bacillota|Clostridia|Eubacteriales|Oscillospiraceae|Ercella|Ercella succinigenes	31
barcode18_120_filtered	208	0.001193	3133167	3133167||Bacillota|Clostridia|Eubacteriales|Oscillospiraceae|Faecousia|Faecousia intestinalis	22
barcode18_120_filtered	209	0.000687	1348470	1348470||Pseudomonadota|Alphaproteobacteria|Hyphomonadales|Hyphomonadaceae|Asprobacter|Asprobacter aquaticus	29
barcode18_120_filtered	210	0.000279	2820301	2820301||Bacillota|Clostridia|Eubacteriales|Acutalibacteraceae|Caproiciproducens|Caproiciproducens faecalis	11
barcode18_120_filtered	212	0.000241	2307010	2307010||Bacillota|Clostridia|Lachnospirales|Lachnospiraceae|Candidatus Galacturonatibacter|Candidatus Galacturonatibacter soehngenii	150
